iso_o,iso_d,year,FLOW,SOURCE_TF,XPTOT_o,IPTOT_o,XPTOT_d,IPTOT_d
AFG,PRT,1962,0.0,DOTS_IP,2.1035724e+07,4.1428588e+07,1.5024293e+08,2.0888749e+08
AGO,PRT,1962,1.0678576e+07,DOTS_IP,5.2750024e+07,4.825002e+07,1.5024293e+08,2.0888749e+08
ALB,PRT,1962,0.0,DOTS_IP,1.2714291e+06,3.6892872e+06,1.5024293e+08,2.0888749e+08
ANT,PRT,1962,3.32143e+06,DOTS_IP,2.3989294e+08,2.8293584e+08,1.5024293e+08,2.0888749e+08
ARE,PRT,1962,0.0,DOTS_IP,5.9740285e+06,6.071431e+07,1.5024293e+08,2.0888749e+08
ARG,PRT,1962,214285.81,DOTS_IP,4.8916128e+08,4.8110736e+08,1.5024293e+08,2.0888749e+08
ATG,PRT,1962,0.0,DOTS_IP,1.071429e+06,4.642859e+06,1.5024293e+08,2.0888749e+08
AUS,PRT,1962,642857.44,DOTS_IP,8.282861e+08,8.707682e+08,1.5024293e+08,2.0888749e+08
AUT,PRT,1962,1.5000006e+06,DOTS_IP,4.5046448e+08,5.5160736e+08,1.5024293e+08,2.0888749e+08
BDI,PRT,1962,0.0,DOTS_IP,3.2142872e+06,6.7857175e+06,1.5024293e+08,2.0888749e+08
BEL,PRT,1962,8.321432e+06,DOTS_IP,1.5406077e+09,1.6196436e+09,1.5024293e+08,2.0888749e+08
BEN,PRT,1962,0.0,DOTS_IP,4.1785732e+06,8.500004e+06,1.5024293e+08,2.0888749e+08
BFA,PRT,1962,0.0,DOTS_IP,3.892859e+06,1.2392863e+07,1.5024293e+08,2.0888749e+08
BGD,PRT,1962,0.0,DOTS_IP,,,1.5024293e+08,2.0888749e+08
BGR,PRT,1962,0.0,DOTS_IP,2.747254e+08,2.808304e+08,1.5024293e+08,2.0888749e+08
BHR,PRT,1962,392857.3,DOTS_IP,7.553574e+07,7.178574e+07,1.5024293e+08,2.0888749e+08
BHS,PRT,1962,0.0,DOTS_IP,5.9321455e+06,3.9882484e+07,1.5024293e+08,2.0888749e+08
BLZ,PRT,1962,0.0,DOTS_IP,3.289287e+06,1.3178577e+07,1.5024293e+08,2.0888749e+08
BMU,PRT,1962,0.0,DOTS_IP,9.250004e+06,2.5633128e+07,1.5024293e+08,2.0888749e+08
BOL,PRT,1962,0.0,DOTS_IP,2.714287e+07,3.49643e+07,1.5024293e+08,2.0888749e+08
BRA,PRT,1962,1.6071436e+06,DOTS_IP,4.9295306e+08,5.752217e+08,1.5024293e+08,2.0888749e+08
BRB,PRT,1962,0.0,DOTS_IP,1.0474755e+07,1.842858e+07,1.5024293e+08,2.0888749e+08
BRN,PRT,1962,0.0,DOTS_IP,2.3214296e+07,5.714288e+06,1.5024293e+08,2.0888749e+08
BWA,PRT,1962,0.0,DOTS_IP,3.3295015e+06,3.8850018e+06,1.5024293e+08,2.0888749e+08
CAF,PRT,1962,0.0,DOTS_IP,5.2677415e+06,8.874575e+06,1.5024293e+08,2.0888749e+08
CAN,PRT,1962,1.3571435e+06,DOTS_IP,2.276552e+09,2.3544653e+09,1.5024293e+08,2.0888749e+08
CHE,PRT,1962,7.4285745e+06,DOTS_IP,7.942861e+08,1.0768161e+09,1.5024293e+08,2.0888749e+08
CHL,PRT,1962,71428.6,DOTS_IP,2.1164294e+08,1.8260722e+08,1.5024293e+08,2.0888749e+08
CHN,PRT,1962,35714.3,DOTS_IP,6.832967e+08,4.9034662e+08,1.5024293e+08,2.0888749e+08
CIV,PRT,1962,0.0,DOTS_IP,6.896432e+07,5.578574e+07,1.5024293e+08,2.0888749e+08
CMR,PRT,1962,0.0,DOTS_IP,4.9035736e+07,3.635716e+07,1.5024293e+08,2.0888749e+08
COD,PRT,1962,107142.91,DOTS_IP,1.450072e+08,7.578575e+07,1.5024293e+08,2.0888749e+08
COG,PRT,1962,0.0,DOTS_IP,1.2607148e+07,2.4285724e+07,1.5024293e+08,2.0888749e+08
COL,PRT,1962,0.0,DOTS_IP,1.8415008e+08,1.9121437e+08,1.5024293e+08,2.0888749e+08
COM,PRT,1962,0.0,DOTS_IP,905686.1,1.5741008e+06,1.5024293e+08,2.0888749e+08
CPV,PRT,1962,178571.5,DOTS_IP,178571.5,2.1071438e+06,1.5024293e+08,2.0888749e+08
CRI,PRT,1962,0.0,DOTS_IP,3.3675016e+07,3.9964304e+07,1.5024293e+08,2.0888749e+08
CUB,PRT,1962,0.0,DOTS_IP,1.860715e+08,2.7107155e+08,1.5024293e+08,2.0888749e+08
CYP,PRT,1962,0.0,DOTS_IP,2.1089296e+07,4.450002e+07,1.5024293e+08,2.0888749e+08
CZSK,PRT,1962,,DOTS_IP,6.607564e+08,6.231184e+08,1.5024293e+08,2.0888749e+08
DJI,PRT,1962,0.0,DOTS_IP,464285.9,1.3214292e+07,1.5024293e+08,2.0888749e+08
DMA,PRT,1962,0.0,DOTS_IP,1.60104e+06,2.647494e+06,1.5024293e+08,2.0888749e+08
DNK,PRT,1962,1.178572e+06,DOTS_IP,5.912145e+08,7.591432e+08,1.5024293e+08,2.0888749e+08
DOM,PRT,1962,0.0,DOTS_IP,7.578574e+07,4.8348108e+07,1.5024293e+08,2.0888749e+08
DZA,PRT,1962,750000.3,DOTS_IP,2.8991296e+08,2.550958e+08,1.5024293e+08,2.0888749e+08
ECU,PRT,1962,0.0,DOTS_IP,5.6125024e+07,3.7085732e+07,1.5024293e+08,2.0888749e+08
EDEU,PRT,1962,0.0,DOTS_IP,1.2193934e+08,1.1072862e+08,1.5024293e+08,2.0888749e+08
EGY,PRT,1962,285714.4,DOTS_IP,1.4785722e+08,2.7110726e+08,1.5024293e+08,2.0888749e+08
ESP,PRT,1962,2.4642868e+06,DOTS_IP,3.2239693e+08,5.5457165e+08,1.5024293e+08,2.0888749e+08
ETH,PRT,1962,0.0,DOTS_IP,2.8571442e+07,4.092437e+07,1.5024293e+08,2.0888749e+08
FIN,PRT,1962,285714.4,DOTS_IP,3.9389302e+08,4.3850022e+08,1.5024293e+08,2.0888749e+08
FJI,PRT,1962,0.0,DOTS_IP,1.4107149e+07,1.5464293e+07,1.5024293e+08,2.0888749e+08
FLK,PRT,1962,0.0,DOTS_IP,1.428572e+06,428571.62,1.5024293e+08,2.0888749e+08
FRA,PRT,1962,1.967858e+07,DOTS_IP,2.6233582e+09,2.6569298e+09,1.5024293e+08,2.0888749e+08
FRO,PRT,1962,0.0,DOTS_IP,2.82143e+06,4.9285735e+06,1.5024293e+08,2.0888749e+08
GAB,PRT,1962,0.0,DOTS_IP,2.582144e+07,1.3857149e+07,1.5024293e+08,2.0888749e+08
GBR,PRT,1962,3.1000014e+07,DOTS_IP,3.9592876e+09,4.4772874e+09,1.5024293e+08,2.0888749e+08
GHA,PRT,1962,0.0,DOTS_IP,1.1521434e+08,1.19000056e+08,1.5024293e+08,2.0888749e+08
GIB,PRT,1962,0.0,DOTS_IP,964286.1,1.5985721e+07,1.5024293e+08,2.0888749e+08
GIN,PRT,1962,2.6785725e+06,DOTS_IP,1.7142864e+07,2.3571438e+07,1.5024293e+08,2.0888749e+08
GLP,PRT,1962,0.0,DOTS_IP,1.6022734e+07,2.0544336e+07,1.5024293e+08,2.0888749e+08
GMB,PRT,1962,0.0,DOTS_IP,3.5680088e+06,2.8928585e+06,1.5024293e+08,2.0888749e+08
GNB,PRT,1962,0.0,DOTS_IP,2.7566478e+06,4.2558945e+06,1.5024293e+08,2.0888749e+08
GNQ,PRT,1962,,,8.928575e+06,8.571432e+06,1.5024293e+08,2.0888749e+08
GRC,PRT,1962,1.2142862e+06,DOTS_IP,8.867861e+07,2.487144e+08,1.5024293e+08,2.0888749e+08
GRD,PRT,1962,0.0,DOTS_IP,1.2639541e+06,3.1914515e+06,1.5024293e+08,2.0888749e+08
GRL,PRT,1962,0.0,DOTS_IP,3.1785728e+06,9.21429e+06,1.5024293e+08,2.0888749e+08
GTM,PRT,1962,142857.2,DOTS_XP,5.2864308e+07,4.8964308e+07,1.5024293e+08,2.0888749e+08
GUF,PRT,1962,0.0,DOTS_IP,250000.11,3.07143e+06,1.5024293e+08,2.0888749e+08
GUY,PRT,1962,0.0,DOTS_IP,3.2900014e+07,2.6308264e+07,1.5024293e+08,2.0888749e+08
HKG,PRT,1962,35714.3,DOTS_IP,2.5553584e+08,4.1307165e+08,1.5024293e+08,2.0888749e+08
HND,PRT,1962,0.0,DOTS_IP,2.8571442e+07,2.8785728e+07,1.5024293e+08,2.0888749e+08
HTI,PRT,1962,20714.295,DOTS_XP,1.6750007e+07,1.3480525e+07,1.5024293e+08,2.0888749e+08
HUN,PRT,1962,0.0,DOTS_IP,2.647012e+08,2.7488202e+08,1.5024293e+08,2.0888749e+08
IDN,PRT,1962,71428.6,DOTS_IP,2.4342867e+08,2.3110726e+08,1.5024293e+08,2.0888749e+08
IND,PRT,1962,214285.81,DOTS_IP,5.0493523e+08,8.254289e+08,1.5024293e+08,2.0888749e+08
IRL,PRT,1962,71428.6,DOTS_IP,1.7730008e+08,2.726787e+08,1.5024293e+08,2.0888749e+08
IRN,PRT,1962,857143.25,DOTS_IP,3.5929693e+08,1.8592866e+08,1.5024293e+08,2.0888749e+08
IRQ,PRT,1962,8.0000035e+06,DOTS_IP,2.8052512e+08,1.2717862e+08,1.5024293e+08,2.0888749e+08
ISL,PRT,1962,464285.9,DOTS_IP,2.9928584e+07,3.1785728e+07,1.5024293e+08,2.0888749e+08
ISR,PRT,1962,71428.6,DOTS_IP,9.921433e+07,2.267501e+08,1.5024293e+08,2.0888749e+08
ITA,PRT,1962,9.428576e+06,DOTS_IP,1.6643935e+09,2.1398938e+09,1.5024293e+08,2.0888749e+08
JAM,PRT,1962,0.0,DOTS_IP,7.784646e+07,7.9607176e+07,1.5024293e+08,2.0888749e+08
JOR,PRT,1962,0.0,DOTS_IP,4.8928595e+06,4.5214304e+07,1.5024293e+08,2.0888749e+08
JPN,PRT,1962,392857.3,DOTS_IP,1.6871078e+09,1.8947508e+09,1.5024293e+08,2.0888749e+08
KEN,PRT,1962,35714.3,DOTS_XP,4.465002e+07,9.025004e+07,1.5024293e+08,2.0888749e+08
KHM,PRT,1962,0.0,DOTS_IP,1.942858e+07,3.6535732e+07,1.5024293e+08,2.0888749e+08
KIR,PRT,1962,0.0,DOTS_IP,436071.62,,1.5024293e+08,2.0888749e+08
KNA,PRT,1962,0.0,DOTS_IP,,2.500001e+06,1.5024293e+08,2.0888749e+08
KOR,PRT,1962,0.0,DOTS_IP,1.9957152e+07,1.702793e+08,1.5024293e+08,2.0888749e+08
KWT,PRT,1962,71428.6,DOTS_IP,5.1027165e+08,8.26429e+07,1.5024293e+08,2.0888749e+08
LAO,PRT,1962,0.0,DOTS_IP,175357.22,1.0496076e+07,1.5024293e+08,2.0888749e+08
LBN,PRT,1962,0.0,DOTS_IP,4.5035732e+07,1.1407862e+08,1.5024293e+08,2.0888749e+08
LBR,PRT,1962,0.0,DOTS_IP,3.635716e+07,7.0571464e+07,1.5024293e+08,2.0888749e+08
LBY,PRT,1962,0.0,DOTS_IP,5.319288e+07,7.628542e+07,1.5024293e+08,2.0888749e+08
LCA,PRT,1962,0.0,DOTS_IP,1.5920792e+06,3.4887445e+06,1.5024293e+08,2.0888749e+08
LKA,PRT,1962,71428.6,DOTS_IP,1.323572e+08,1.24000056e+08,1.5024293e+08,2.0888749e+08
LSO,PRT,1962,,,1.7857151e+06,7.1428605e+06,1.5024293e+08,2.0888749e+08
LUX,PRT,1962,407143.03,COW,,,1.5024293e+08,2.0888749e+08
MAC,PRT,1962,35714.3,DOTS_IP,6.8214315e+06,1.346072e+07,1.5024293e+08,2.0888749e+08
MAR,PRT,1962,1.5000006e+06,DOTS_IP,1.4112578e+08,1.5246435e+08,1.5024293e+08,2.0888749e+08
MDG,PRT,1962,107142.91,DOTS_IP,3.37143e+07,4.3464304e+07,1.5024293e+08,2.0888749e+08
MDV,PRT,1962,0.0,DOTS_IP,743775.3,1.1667862e+06,1.5024293e+08,2.0888749e+08
MEX,PRT,1962,1.2857149e+06,DOTS_IP,3.7249302e+08,4.1921446e+08,1.5024293e+08,2.0888749e+08
MLI,PRT,1962,0.0,DOTS_IP,3.6071445e+06,1.6428579e+07,1.5024293e+08,2.0888749e+08
MLT,PRT,1962,0.0,DOTS_IP,4.3214305e+06,2.7760726e+07,1.5024293e+08,2.0888749e+08
MMR,PRT,1962,0.0,DOTS_IP,8.971433e+07,7.7071464e+07,1.5024293e+08,2.0888749e+08
MNG,PRT,1962,0.0,DOTS_IP,,,1.5024293e+08,2.0888749e+08
MOZ,PRT,1962,1.1821434e+07,DOTS_IP,3.0643228e+07,4.6642876e+07,1.5024293e+08,2.0888749e+08
MRT,PRT,1962,0.0,DOTS_IP,1.071429e+06,1.2750006e+07,1.5024293e+08,2.0888749e+08
MTQ,PRT,1962,0.0,DOTS_IP,1.5785722e+07,2.032732e+07,1.5024293e+08,2.0888749e+08
MUS,PRT,1962,0.0,DOTS_IP,2.1571438e+07,2.3321438e+07,1.5024293e+08,2.0888749e+08
MWI,PRT,1962,0.0,DOTS_IP,1.0175e+07,1.4285721e+07,1.5024293e+08,2.0888749e+08
MYS,PRT,1962,0.0,DOTS_IP,3.8033232e+08,3.5653408e+08,1.5024293e+08,2.0888749e+08
NAM,PRT,1962,0.0,DOTS_IP,,,1.5024293e+08,2.0888749e+08
NCL,PRT,1962,0.0,DOTS_IP,1.2714291e+07,1.4653392e+07,1.5024293e+08,2.0888749e+08
NER,PRT,1962,0.0,DOTS_IP,5.607145e+06,9.750004e+06,1.5024293e+08,2.0888749e+08
NGA,PRT,1962,285714.4,DOTS_IP,1.7380722e+08,2.0264294e+08,1.5024293e+08,2.0888749e+08
NIC,PRT,1962,607143.1,DOTS_XP,3.2285728e+07,3.3171444e+07,1.5024293e+08,2.0888749e+08
NLD,PRT,1962,6.035717e+06,DOTS_IP,1.6271793e+09,2.0787046e+09,1.5024293e+08,2.0888749e+08
NOR,PRT,1962,1.535715e+06,DOTS_IP,3.466073e+08,5.8935744e+08,1.5024293e+08,2.0888749e+08
NPL,PRT,1962,0.0,DOTS_IP,2.142858e+06,,1.5024293e+08,2.0888749e+08
NRU,PRT,1962,0.0,DOTS_IP,,,1.5024293e+08,2.0888749e+08
NZL,PRT,1962,785714.6,DOTS_IP,3.2948765e+08,2.632537e+08,1.5024293e+08,2.0888749e+08
OMN,PRT,1962,0.0,DOTS_IP,1.178572e+06,4.285716e+06,1.5024293e+08,2.0888749e+08
PAK,PRT,1962,1.03571475e+06,DOTS_IP,1.4946435e+08,2.6003582e+08,1.5024293e+08,2.0888749e+08
PAN,PRT,1962,0.0,DOTS_IP,3.9325016e+07,8.517861e+07,1.5024293e+08,2.0888749e+08
PER,PRT,1962,35714.3,DOTS_IP,2.3020011e+08,1.9167866e+08,1.5024293e+08,2.0888749e+08
PHL,PRT,1962,0.0,DOTS_IP,2.4001797e+08,2.309644e+08,1.5024293e+08,2.0888749e+08
PNG,PRT,1962,0.0,DOTS_IP,1.1914291e+07,2.398112e+07,1.5024293e+08,2.0888749e+08
POL,PRT,1962,,DOTS_IP,5.879467e+08,6.732145e+08,1.5024293e+08,2.0888749e+08
PRK,PRT,1962,0.0,DOTS_IP,653571.7,,1.5024293e+08,2.0888749e+08
PRT,AFG,1962,0.0,DOTS_IP,1.5024293e+08,2.0888749e+08,2.1035724e+07,4.1428588e+07
PRT,AGO,1962,2.0035724e+07,DOTS_IP,1.5024293e+08,2.0888749e+08,5.2750024e+07,4.825002e+07
PRT,ALB,1962,0.0,DOTS_IP,1.5024293e+08,2.0888749e+08,1.2714291e+06,3.6892872e+06
PRT,ANT,1962,78571.46,DOTS_IP,1.5024293e+08,2.0888749e+08,2.3989294e+08,2.8293584e+08
PRT,ARE,1962,0.0,DOTS_IP,1.5024293e+08,2.0888749e+08,5.9740285e+06,6.071431e+07
PRT,ARG,1962,678571.75,DOTS_IP,1.5024293e+08,2.0888749e+08,4.8916128e+08,4.8110736e+08
PRT,ATG,1962,0.0,DOTS_IP,1.5024293e+08,2.0888749e+08,1.071429e+06,4.642859e+06
PRT,AUS,1962,1.1392862e+06,DOTS_IP,1.5024293e+08,2.0888749e+08,8.282861e+08,8.707682e+08
PRT,AUT,1962,1.1071434e+06,DOTS_IP,1.5024293e+08,2.0888749e+08,4.5046448e+08,5.5160736e+08
PRT,BDI,1962,0.0,DOTS_IP,1.5024293e+08,2.0888749e+08,3.2142872e+06,6.7857175e+06
PRT,BEL,1962,4.1785732e+06,DOTS_IP,1.5024293e+08,2.0888749e+08,1.5406077e+09,1.6196436e+09
PRT,BEN,1962,0.0,DOTS_IP,1.5024293e+08,2.0888749e+08,4.1785732e+06,8.500004e+06
PRT,BFA,1962,0.0,DOTS_IP,1.5024293e+08,2.0888749e+08,3.892859e+06,1.2392863e+07
PRT,BGD,1962,0.0,DOTS_IP,1.5024293e+08,2.0888749e+08,,
PRT,BGR,1962,0.0,DOTS_IP,1.5024293e+08,2.0888749e+08,2.747254e+08,2.808304e+08
PRT,BHR,1962,0.0,DOTS_IP,1.5024293e+08,2.0888749e+08,7.553574e+07,7.178574e+07
PRT,BHS,1962,0.0,DOTS_IP,1.5024293e+08,2.0888749e+08,5.9321455e+06,3.9882484e+07
PRT,BLZ,1962,0.0,DOTS_IP,1.5024293e+08,2.0888749e+08,3.289287e+06,1.3178577e+07
PRT,BMU,1962,71428.6,DOTS_IP,1.5024293e+08,2.0888749e+08,9.250004e+06,2.5633128e+07
PRT,BOL,1962,71428.6,DOTS_IP,1.5024293e+08,2.0888749e+08,2.714287e+07,3.49643e+07
PRT,BRA,1962,1.3357149e+06,DOTS_IP,1.5024293e+08,2.0888749e+08,4.9295306e+08,5.752217e+08
PRT,BRB,1962,35714.3,DOTS_IP,1.5024293e+08,2.0888749e+08,1.0474755e+07,1.842858e+07
PRT,BRN,1962,0.0,DOTS_IP,1.5024293e+08,2.0888749e+08,2.3214296e+07,5.714288e+06
PRT,BWA,1962,0.0,DOTS_IP,1.5024293e+08,2.0888749e+08,3.3295015e+06,3.8850018e+06
PRT,CAF,1962,,DOTS_IP,1.5024293e+08,2.0888749e+08,5.2677415e+06,8.874575e+06
PRT,CAN,1962,2.2142868e+06,DOTS_IP,1.5024293e+08,2.0888749e+08,2.276552e+09,2.3544653e+09
PRT,CHE,1962,2.4285725e+06,DOTS_IP,1.5024293e+08,2.0888749e+08,7.942861e+08,1.0768161e+09
PRT,CHL,1962,35714.3,DOTS_IP,1.5024293e+08,2.0888749e+08,2.1164294e+08,1.8260722e+08
PRT,CHN,1962,35714.3,DOTS_XP,1.5024293e+08,2.0888749e+08,6.832967e+08,4.9034662e+08
PRT,CIV,1962,35714.3,DOTS_IP,1.5024293e+08,2.0888749e+08,6.896432e+07,5.578574e+07
PRT,CMR,1962,285714.4,DOTS_XP,1.5024293e+08,2.0888749e+08,4.9035736e+07,3.635716e+07
PRT,COD,1962,500000.22,DOTS_XP,1.5024293e+08,2.0888749e+08,1.450072e+08,7.578575e+07
PRT,COG,1962,250000.11,DOTS_IP,1.5024293e+08,2.0888749e+08,1.2607148e+07,2.4285724e+07
PRT,COL,1962,107142.91,DOTS_IP,1.5024293e+08,2.0888749e+08,1.8415008e+08,1.9121437e+08
PRT,COM,1962,0.0,DOTS_IP,1.5024293e+08,2.0888749e+08,905686.1,1.5741008e+06
PRT,CPV,1962,785714.6,DOTS_XP,1.5024293e+08,2.0888749e+08,178571.5,2.1071438e+06
PRT,CRI,1962,0.0,DOTS_IP,1.5024293e+08,2.0888749e+08,3.3675016e+07,3.9964304e+07
PRT,CUB,1962,0.0,DOTS_IP,1.5024293e+08,2.0888749e+08,1.860715e+08,2.7107155e+08
PRT,CYP,1962,500000.22,DOTS_IP,1.5024293e+08,2.0888749e+08,2.1089296e+07,4.450002e+07
PRT,CZSK,1962,0.0,DOTS_IP,1.5024293e+08,2.0888749e+08,6.607564e+08,6.231184e+08
PRT,DJI,1962,0.0,DOTS_IP,1.5024293e+08,2.0888749e+08,464285.9,1.3214292e+07
PRT,DMA,1962,0.0,DOTS_IP,1.5024293e+08,2.0888749e+08,1.60104e+06,2.647494e+06
PRT,DNK,1962,3.678573e+06,DOTS_IP,1.5024293e+08,2.0888749e+08,5.912145e+08,7.591432e+08
PRT,DOM,1962,39285.73,DOTS_IP,1.5024293e+08,2.0888749e+08,7.578574e+07,4.8348108e+07
PRT,DZA,1962,785714.6,DOTS_XP,1.5024293e+08,2.0888749e+08,2.8991296e+08,2.550958e+08
PRT,ECU,1962,117857.195,DOTS_IP,1.5024293e+08,2.0888749e+08,5.6125024e+07,3.7085732e+07
PRT,EDEU,1962,0.0,DOTS_IP,1.5024293e+08,2.0888749e+08,1.2193934e+08,1.1072862e+08
PRT,EGY,1962,107142.91,DOTS_XP,1.5024293e+08,2.0888749e+08,1.4785722e+08,2.7110726e+08
PRT,ESP,1962,3.082941e+06,ESP TENA JUNGUITO,1.5024293e+08,2.0888749e+08,3.2239693e+08,5.5457165e+08
PRT,ETH,1962,35714.3,DOTS_IP,1.5024293e+08,2.0888749e+08,2.8571442e+07,4.092437e+07
PRT,FIN,1962,892857.56,DOTS_IP,1.5024293e+08,2.0888749e+08,3.9389302e+08,4.3850022e+08
PRT,FJI,1962,0.0,DOTS_IP,1.5024293e+08,2.0888749e+08,1.4107149e+07,1.5464293e+07
PRT,FRA,1962,6.64286e+06,DOTS_IP,1.5024293e+08,2.0888749e+08,2.6233582e+09,2.6569298e+09
PRT,FRO,1962,0.0,DOTS_IP,1.5024293e+08,2.0888749e+08,2.82143e+06,4.9285735e+06
PRT,GAB,1962,107142.91,DOTS_IP,1.5024293e+08,2.0888749e+08,2.582144e+07,1.3857149e+07
PRT,GBR,1962,2.4964296e+07,DOTS_IP,1.5024293e+08,2.0888749e+08,3.9592876e+09,4.4772874e+09
PRT,GHA,1962,0.0,DOTS_IP,1.5024293e+08,2.0888749e+08,1.1521434e+08,1.19000056e+08
PRT,GIB,1962,0.0,DOTS_IP,1.5024293e+08,2.0888749e+08,964286.1,1.5985721e+07
PRT,GIN,1962,1.7857151e+06,DOTS_XP,1.5024293e+08,2.0888749e+08,1.7142864e+07,2.3571438e+07
PRT,GLP,1962,0.0,DOTS_IP,1.5024293e+08,2.0888749e+08,1.6022734e+07,2.0544336e+07
PRT,GMB,1962,0.0,DOTS_IP,1.5024293e+08,2.0888749e+08,3.5680088e+06,2.8928585e+06
PRT,GNB,1962,,DOTS_IP,1.5024293e+08,2.0888749e+08,2.7566478e+06,4.2558945e+06
PRT,GNQ,1962,0.0,DOTS_IP,1.5024293e+08,2.0888749e+08,8.928575e+06,8.571432e+06
PRT,GRC,1962,571428.8,DOTS_IP,1.5024293e+08,2.0888749e+08,8.867861e+07,2.487144e+08
PRT,GRD,1962,0.0,DOTS_IP,1.5024293e+08,2.0888749e+08,1.2639541e+06,3.1914515e+06
PRT,GRL,1962,0.0,DOTS_IP,1.5024293e+08,2.0888749e+08,3.1785728e+06,9.21429e+06
PRT,GTM,1962,35714.3,DOTS_IP,1.5024293e+08,2.0888749e+08,5.2864308e+07,4.8964308e+07
PRT,GUF,1962,0.0,DOTS_IP,1.5024293e+08,2.0888749e+08,250000.11,3.07143e+06
PRT,GUY,1962,0.0,DOTS_IP,1.5024293e+08,2.0888749e+08,3.2900014e+07,2.6308264e+07
PRT,HKG,1962,178571.5,DOTS_IP,1.5024293e+08,2.0888749e+08,2.5553584e+08,4.1307165e+08
PRT,HND,1962,35714.3,DOTS_IP,1.5024293e+08,2.0888749e+08,2.8571442e+07,2.8785728e+07
PRT,HTI,1962,7142.8604,DOTS_IP,1.5024293e+08,2.0888749e+08,1.6750007e+07,1.3480525e+07
PRT,HUN,1962,0.0,DOTS_IP,1.5024293e+08,2.0888749e+08,2.647012e+08,2.7488202e+08
PRT,IDN,1962,214285.81,DOTS_XP,1.5024293e+08,2.0888749e+08,2.4342867e+08,2.3110726e+08
PRT,IND,1962,250000.11,DOTS_IP,1.5024293e+08,2.0888749e+08,5.0493523e+08,8.254289e+08
PRT,IRL,1962,428571.62,DOTS_IP,1.5024293e+08,2.0888749e+08,1.7730008e+08,2.726787e+08
PRT,IRN,1962,142857.2,DOTS_IP,1.5024293e+08,2.0888749e+08,3.5929693e+08,1.8592866e+08
PRT,IRQ,1962,464285.9,DOTS_IP,1.5024293e+08,2.0888749e+08,2.8052512e+08,1.2717862e+08
PRT,ISL,1962,71428.6,DOTS_IP,1.5024293e+08,2.0888749e+08,2.9928584e+07,3.1785728e+07
PRT,ISR,1962,1.535715e+06,DOTS_IP,1.5024293e+08,2.0888749e+08,9.921433e+07,2.267501e+08
PRT,ITA,1962,6.6785745e+06,DOTS_IP,1.5024293e+08,2.0888749e+08,1.6643935e+09,2.1398938e+09
PRT,JAM,1962,0.0,DOTS_IP,1.5024293e+08,2.0888749e+08,7.784646e+07,7.9607176e+07
PRT,JOR,1962,178571.5,DOTS_IP,1.5024293e+08,2.0888749e+08,4.8928595e+06,4.5214304e+07
PRT,JPN,1962,1.6428579e+06,DOTS_IP,1.5024293e+08,2.0888749e+08,1.6871078e+09,1.8947508e+09
PRT,KEN,1962,107142.91,DOTS_IP,1.5024293e+08,2.0888749e+08,4.465002e+07,9.025004e+07
PRT,KHM,1962,0.0,DOTS_IP,1.5024293e+08,2.0888749e+08,1.942858e+07,3.6535732e+07
PRT,KIR,1962,0.0,DOTS_IP,1.5024293e+08,2.0888749e+08,436071.62,
PRT,KNA,1962,0.0,DOTS_IP,1.5024293e+08,2.0888749e+08,,2.500001e+06
PRT,KOR,1962,0.0,DOTS_IP,1.5024293e+08,2.0888749e+08,1.9957152e+07,1.702793e+08
PRT,KWT,1962,71428.6,DOTS_XP,1.5024293e+08,2.0888749e+08,5.1027165e+08,8.26429e+07
PRT,LAO,1962,0.0,DOTS_IP,1.5024293e+08,2.0888749e+08,175357.22,1.0496076e+07
PRT,LBN,1962,392857.3,DOTS_XP,1.5024293e+08,2.0888749e+08,4.5035732e+07,1.1407862e+08
PRT,LBR,1962,0.0,DOTS_IP,1.5024293e+08,2.0888749e+08,3.635716e+07,7.0571464e+07
PRT,LBY,1962,178571.5,DOTS_IP,1.5024293e+08,2.0888749e+08,5.319288e+07,7.628542e+07
PRT,LCA,1962,0.0,DOTS_IP,1.5024293e+08,2.0888749e+08,1.5920792e+06,3.4887445e+06
PRT,LKA,1962,71428.6,DOTS_XP,1.5024293e+08,2.0888749e+08,1.323572e+08,1.24000056e+08
PRT,LSO,1962,0.0,DOTS_IP,1.5024293e+08,2.0888749e+08,1.7857151e+06,7.1428605e+06
PRT,LUX,1962,203571.52,COW,1.5024293e+08,2.0888749e+08,,
PRT,MAC,1962,142857.2,DOTS_XP,1.5024293e+08,2.0888749e+08,6.8214315e+06,1.346072e+07
PRT,MAR,1962,964286.1,DOTS_IP,1.5024293e+08,2.0888749e+08,1.4112578e+08,1.5246435e+08
PRT,MDG,1962,71428.6,DOTS_XP,1.5024293e+08,2.0888749e+08,3.37143e+07,4.3464304e+07
PRT,MDV,1962,0.0,DOTS_IP,1.5024293e+08,2.0888749e+08,743775.3,1.1667862e+06
PRT,MEX,1962,428571.62,DOTS_IP,1.5024293e+08,2.0888749e+08,3.7249302e+08,4.1921446e+08
PRT,MLI,1962,0.0,DOTS_IP,1.5024293e+08,2.0888749e+08,3.6071445e+06,1.6428579e+07
PRT,MLT,1962,0.0,DOTS_IP,1.5024293e+08,2.0888749e+08,4.3214305e+06,2.7760726e+07
PRT,MMR,1962,0.0,DOTS_IP,1.5024293e+08,2.0888749e+08,8.971433e+07,7.7071464e+07
PRT,MNG,1962,0.0,DOTS_IP,1.5024293e+08,2.0888749e+08,,
PRT,MOZ,1962,1.4107149e+07,DOTS_IP,1.5024293e+08,2.0888749e+08,3.0643228e+07,4.6642876e+07
PRT,MRT,1962,0.0,DOTS_IP,1.5024293e+08,2.0888749e+08,1.071429e+06,1.2750006e+07
PRT,MTQ,1962,0.0,DOTS_IP,1.5024293e+08,2.0888749e+08,1.5785722e+07,2.032732e+07
PRT,MUS,1962,0.0,DOTS_IP,1.5024293e+08,2.0888749e+08,2.1571438e+07,2.3321438e+07
PRT,MWI,1962,0.0,DOTS_IP,1.5024293e+08,2.0888749e+08,1.0175e+07,1.4285721e+07
PRT,MYS,1962,0.0,DOTS_IP,1.5024293e+08,2.0888749e+08,3.8033232e+08,3.5653408e+08
PRT,NAM,1962,0.0,DOTS_IP,1.5024293e+08,2.0888749e+08,,
PRT,NCL,1962,0.0,DOTS_IP,1.5024293e+08,2.0888749e+08,1.2714291e+07,1.4653392e+07
PRT,NER,1962,0.0,DOTS_IP,1.5024293e+08,2.0888749e+08,5.607145e+06,9.750004e+06
PRT,NGA,1962,285714.4,DOTS_IP,1.5024293e+08,2.0888749e+08,1.7380722e+08,2.0264294e+08
PRT,NIC,1962,0.0,DOTS_IP,1.5024293e+08,2.0888749e+08,3.2285728e+07,3.3171444e+07
PRT,NLD,1962,3.0357155e+06,DOTS_IP,1.5024293e+08,2.0888749e+08,1.6271793e+09,2.0787046e+09
PRT,NOR,1962,1.5714292e+06,DOTS_IP,1.5024293e+08,2.0888749e+08,3.466073e+08,5.8935744e+08
PRT,NRU,1962,0.0,DOTS_IP,1.5024293e+08,2.0888749e+08,,
PRT,NZL,1962,285714.4,DOTS_XP,1.5024293e+08,2.0888749e+08,3.2948765e+08,2.632537e+08
PRT,OMN,1962,0.0,DOTS_IP,1.5024293e+08,2.0888749e+08,1.178572e+06,4.285716e+06
PRT,PAK,1962,107142.91,DOTS_IP,1.5024293e+08,2.0888749e+08,1.4946435e+08,2.6003582e+08
PRT,PAN,1962,39285.73,DOTS_IP,1.5024293e+08,2.0888749e+08,3.9325016e+07,8.517861e+07
PRT,PER,1962,142857.2,DOTS_IP,1.5024293e+08,2.0888749e+08,2.3020011e+08,1.9167866e+08
PRT,PHL,1962,285714.4,DOTS_IP,1.5024293e+08,2.0888749e+08,2.4001797e+08,2.309644e+08
PRT,PNG,1962,0.0,DOTS_IP,1.5024293e+08,2.0888749e+08,1.1914291e+07,2.398112e+07
PRT,POL,1962,0.0,DOTS_IP,1.5024293e+08,2.0888749e+08,5.879467e+08,6.732145e+08
PRT,PRK,1962,0.0,DOTS_IP,1.5024293e+08,2.0888749e+08,653571.7,
PRT,PRY,1962,0.0,DOTS_IP,1.5024293e+08,2.0888749e+08,1.5250006e+07,1.3632149e+07
PRT,PYF,1962,0.0,DOTS_IP,1.5024293e+08,2.0888749e+08,3.8672542e+06,8.85649e+06
PRT,QAT,1962,0.0,DOTS_IP,1.5024293e+08,2.0888749e+08,4.6785736e+07,1.3214292e+07
PRT,REU,1962,0.0,DOTS_IP,1.5024293e+08,2.0888749e+08,5.899986e+06,1.1303725e+07
PRT,ROM,1962,653571.7,DOTS_IP,1.5024293e+08,2.0888749e+08,2.9043226e+08,3.687859e+08
PRT,RWA,1962,0.0,DOTS_IP,1.5024293e+08,2.0888749e+08,2.142858e+06,3.9285732e+06
PRT,SAU,1962,71428.6,DOTS_XP,1.5024293e+08,2.0888749e+08,3.3767693e+08,9.007147e+07
PRT,SDN,1962,0.0,DOTS_IP,1.5024293e+08,2.0888749e+08,8.092861e+07,9.153575e+07
PRT,SEN,1962,,DOTS_IP,1.5024293e+08,2.0888749e+08,5.303574e+07,6.0551976e+07
PRT,SGP,1962,0.0,DOTS_IP,1.5024293e+08,2.0888749e+08,3.9865018e+08,4.709859e+08
PRT,SHN,1962,0.0,DOTS_IP,1.5024293e+08,2.0888749e+08,,
PRT,SLB,1962,0.0,DOTS_IP,1.5024293e+08,2.0888749e+08,1.3012006e+06,2.0460795e+06
PRT,SLE,1962,142857.2,DOTS_IP,1.5024293e+08,2.0888749e+08,3.253573e+07,2.9821442e+07
PRT,SLV,1962,0.0,DOTS_IP,1.5024293e+08,2.0888749e+08,4.9900024e+07,4.450002e+07
PRT,SOM,1962,0.0,DOTS_IP,1.5024293e+08,2.0888749e+08,,
PRT,STP,1962,596428.8,DOTS_XP,1.5024293e+08,2.0888749e+08,2.142858e+06,1.7857151e+06
PRT,SUR,1962,0.0,DOTS_IP,1.5024293e+08,2.0888749e+08,2.0492866e+07,1.9506188e+07
PRT,SWE,1962,3.8571445e+06,DOTS_IP,1.5024293e+08,2.0888749e+08,1.04751725e+09,1.1016077e+09
PRT,SWZ,1962,0.0,DOTS_IP,1.5024293e+08,2.0888749e+08,7.6150035e+06,7.8571465e+06
PRT,SYC,1962,0.0,DOTS_IP,1.5024293e+08,2.0888749e+08,417000.2,719250.3
PRT,SYR,1962,250000.11,DOTS_IP,1.5024293e+08,2.0888749e+08,7.107146e+07,8.342861e+07
PRT,TCD,1962,107142.91,DOTS_IP,1.5024293e+08,2.0888749e+08,5.908681e+06,1.0393683e+07
PRT,TGO,1962,35714.3,DOTS_IP,1.5024293e+08,2.0888749e+08,7.5357175e+06,9.678576e+06
PRT,THA,1962,71428.6,DOTS_IP,1.5024293e+08,2.0888749e+08,1.635715e+08,1.9289293e+08
PRT,TON,1962,0.0,DOTS_IP,1.5024293e+08,2.0888749e+08,666400.3,984000.44
PRT,TTO,1962,142857.2,DOTS_IP,1.5024293e+08,2.0888749e+08,1.23500056e+08,1.2614291e+08
PRT,TUN,1962,214285.81,DOTS_IP,1.5024293e+08,2.0888749e+08,6.334931e+07,7.6857176e+07
PRT,TUR,1962,250000.11,DOTS_IP,1.5024293e+08,2.0888749e+08,1.40869e+08,2.3564848e+08
PRT,TUV,1962,0.0,DOTS_IP,1.5024293e+08,2.0888749e+08,,
PRT,TZA,1962,71428.6,DOTS_IP,1.5024293e+08,2.0888749e+08,5.264288e+07,4.0392876e+07
PRT,UGA,1962,35714.3,DOTS_IP,1.5024293e+08,2.0888749e+08,4.7857164e+07,3.3949336e+07
PRT,URY,1962,71428.6,DOTS_IP,1.5024293e+08,2.0888749e+08,5.4750024e+07,8.21429e+07
PRT,USA,1962,2.0714294e+07,DOTS_IP,1.5024293e+08,2.0888749e+08,7.7192893e+09,6.2578243e+09
PRT,USSR,1962,0.0,DOTS_IP,1.5024293e+08,2.0888749e+08,5.3571456e+09,4.931975e+09
PRT,VCT,1962,0.0,DOTS_IP,1.5024293e+08,2.0888749e+08,1.270622e+06,2.599369e+06
PRT,VEN,1962,928571.8,DOTS_IP,1.5024293e+08,2.0888749e+08,1.02460045e+09,3.8910733e+08
PRT,VNM,1962,617857.44,DOTS_IP,1.5024293e+08,2.0888749e+08,2.2180724e+07,1.1772927e+08
PRT,VUT,1962,0.0,DOTS_IP,1.5024293e+08,2.0888749e+08,1.7178579e+06,1.9285722e+06
PRT,WDEU,1962,1.3928578e+07,DOTS_IP,1.5024293e+08,2.0888749e+08,4.727145e+09,4.3714304e+09
PRT,WSM,1962,0.0,DOTS_IP,1.5024293e+08,2.0888749e+08,2.787362e+06,2.841987e+06
PRT,YAR,1962,71428.6,COW,1.5024293e+08,2.0888749e+08,,
PRT,YUG,1962,0.0,DOTS_IP,1.5024293e+08,2.0888749e+08,2.4535725e+08,3.09643e+08
PRT,ZAF,1962,1.00000044e+06,DOTS_XP,1.5024293e+08,2.0888749e+08,4.8417165e+08,4.4357165e+08
PRT,ZMB,1962,0.0,DOTS_IP,1.5024293e+08,2.0888749e+08,1.1964291e+08,6.2500028e+07
PRT,ZWE,1962,0.0,DOTS_IP,1.5024293e+08,2.0888749e+08,7.2857176e+07,1.43e+08
PRY,PRT,1962,0.0,DOTS_IP,1.5250006e+07,1.3632149e+07,1.5024293e+08,2.0888749e+08
PYF,PRT,1962,,,3.8672542e+06,8.85649e+06,1.5024293e+08,2.0888749e+08
QAT,PRT,1962,0.0,DOTS_IP,4.6785736e+07,1.3214292e+07,1.5024293e+08,2.0888749e+08
REU,PRT,1962,0.0,DOTS_IP,5.899986e+06,1.1303725e+07,1.5024293e+08,2.0888749e+08
ROM,PRT,1962,403571.6,DOTS_XP,2.9043226e+08,3.687859e+08,1.5024293e+08,2.0888749e+08
RWA,PRT,1962,0.0,DOTS_IP,2.142858e+06,3.9285732e+06,1.5024293e+08,2.0888749e+08
SAU,PRT,1962,0.0,DOTS_IP,3.3767693e+08,9.007147e+07,1.5024293e+08,2.0888749e+08
SDN,PRT,1962,0.0,DOTS_IP,8.092861e+07,9.153575e+07,1.5024293e+08,2.0888749e+08
SEN,PRT,1962,0.0,DOTS_IP,5.303574e+07,6.0551976e+07,1.5024293e+08,2.0888749e+08
SGP,PRT,1962,0.0,DOTS_IP,3.9865018e+08,4.709859e+08,1.5024293e+08,2.0888749e+08
SHN,PRT,1962,0.0,DOTS_IP,,,1.5024293e+08,2.0888749e+08
SLB,PRT,1962,0.0,DOTS_IP,1.3012006e+06,2.0460795e+06,1.5024293e+08,2.0888749e+08
SLE,PRT,1962,0.0,DOTS_IP,3.253573e+07,2.9821442e+07,1.5024293e+08,2.0888749e+08
SLV,PRT,1962,71428.6,DOTS_XP,4.9900024e+07,4.450002e+07,1.5024293e+08,2.0888749e+08
SOM,PRT,1962,0.0,DOTS_IP,,,1.5024293e+08,2.0888749e+08
SPM,PRT,1962,0.0,DOTS_IP,285714.4,1.00000044e+06,1.5024293e+08,2.0888749e+08
STP,PRT,1962,857143.25,DOTS_IP,2.142858e+06,1.7857151e+06,1.5024293e+08,2.0888749e+08
SUR,PRT,1962,0.0,DOTS_IP,2.0492866e+07,1.9506188e+07,1.5024293e+08,2.0888749e+08
SWE,PRT,1962,5.928574e+06,DOTS_IP,1.04751725e+09,1.1016077e+09,1.5024293e+08,2.0888749e+08
SWZ,PRT,1962,,,7.6150035e+06,7.8571465e+06,1.5024293e+08,2.0888749e+08
SYC,PRT,1962,0.0,DOTS_IP,417000.2,719250.3,1.5024293e+08,2.0888749e+08
SYR,PRT,1962,2.0357151e+06,DOTS_IP,7.107146e+07,8.342861e+07,1.5024293e+08,2.0888749e+08
TCD,PRT,1962,321428.72,DOTS_XP,5.908681e+06,1.0393683e+07,1.5024293e+08,2.0888749e+08
TGO,PRT,1962,0.0,DOTS_IP,7.5357175e+06,9.678576e+06,1.5024293e+08,2.0888749e+08
THA,PRT,1962,500000.22,DOTS_IP,1.635715e+08,1.9289293e+08,1.5024293e+08,2.0888749e+08
TON,PRT,1962,0.0,DOTS_IP,666400.3,984000.44,1.5024293e+08,2.0888749e+08
TTO,PRT,1962,,DOTS_IP,1.23500056e+08,1.2614291e+08,1.5024293e+08,2.0888749e+08
TUN,PRT,1962,0.0,DOTS_IP,6.334931e+07,7.6857176e+07,1.5024293e+08,2.0888749e+08
TUR,PRT,1962,1.178572e+06,DOTS_IP,1.40869e+08,2.3564848e+08,1.5024293e+08,2.0888749e+08
TUV,PRT,1962,0.0,DOTS_IP,,,1.5024293e+08,2.0888749e+08
TWN,PRT,1962,,,,,1.5024293e+08,2.0888749e+08
TZA,PRT,1962,0.0,DOTS_IP,5.264288e+07,4.0392876e+07,1.5024293e+08,2.0888749e+08
UGA,PRT,1962,0.0,DOTS_IP,4.7857164e+07,3.3949336e+07,1.5024293e+08,2.0888749e+08
URY,PRT,1962,35714.3,DOTS_IP,5.4750024e+07,8.21429e+07,1.5024293e+08,2.0888749e+08
USA,PRT,1962,1.8535722e+07,DOTS_IP,7.7192893e+09,6.2578243e+09,1.5024293e+08,2.0888749e+08
USSR,PRT,1962,0.0,DOTS_IP,5.3571456e+09,4.931975e+09,1.5024293e+08,2.0888749e+08
VCT,PRT,1962,0.0,DOTS_IP,1.270622e+06,2.599369e+06,1.5024293e+08,2.0888749e+08
VEN,PRT,1962,1.4642864e+06,DOTS_IP,1.02460045e+09,3.8910733e+08,1.5024293e+08,2.0888749e+08
VNM,PRT,1962,8571.43,DOTS_XP,2.2180724e+07,1.1772927e+08,1.5024293e+08,2.0888749e+08
VUT,PRT,1962,0.0,DOTS_IP,1.7178579e+06,1.9285722e+06,1.5024293e+08,2.0888749e+08
WDEU,PRT,1962,3.3285728e+07,DOTS_IP,4.727145e+09,4.3714304e+09,1.5024293e+08,2.0888749e+08
WSM,PRT,1962,0.0,DOTS_IP,2.787362e+06,2.841987e+06,1.5024293e+08,2.0888749e+08
YAR,PRT,1962,178571.5,COW,,,1.5024293e+08,2.0888749e+08
YUG,PRT,1962,0.0,DOTS_IP,2.4535725e+08,3.09643e+08,1.5024293e+08,2.0888749e+08
ZAF,PRT,1962,821428.94,DOTS_IP,4.8417165e+08,4.4357165e+08,1.5024293e+08,2.0888749e+08
ZMB,PRT,1962,0.0,DOTS_IP,1.1964291e+08,6.2500028e+07,1.5024293e+08,2.0888749e+08
ZWE,PRT,1962,0.0,DOTS_IP,7.2857176e+07,1.43e+08,1.5024293e+08,2.0888749e+08
AFG,PRT,1963,0.0,DOTS_IP,2.6714298e+07,4.4642876e+07,1.681165e+08,2.3586699e+08
AGO,PRT,1963,1.3392863e+07,DOTS_IP,5.853574e+07,5.2357164e+07,1.681165e+08,2.3586699e+08
ALB,PRT,1963,0.0,DOTS_IP,2.357144e+06,3.5428585e+06,1.681165e+08,2.3586699e+08
ANT,PRT,1963,2.8214298e+06,DOTS_IP,2.3007154e+08,2.7327155e+08,1.681165e+08,2.3586699e+08
ARE,PRT,1963,0.0,DOTS_IP,1.7175332e+07,6.4285744e+07,1.681165e+08,2.3586699e+08
ARG,PRT,1963,1.7500008e+06,DOTS_IP,5.3371094e+08,3.46643e+08,1.681165e+08,2.3586699e+08
ATG,PRT,1963,0.0,DOTS_IP,1.428572e+06,4.642859e+06,1.681165e+08,2.3586699e+08
AUS,PRT,1963,821428.94,DOTS_IP,9.8857184e+08,9.576289e+08,1.681165e+08,2.3586699e+08
AUT,PRT,1963,2.0000009e+06,DOTS_IP,4.722502e+08,5.94786e+08,1.681165e+08,2.3586699e+08
BDI,PRT,1963,0.0,DOTS_IP,3.2142872e+06,6.54286e+06,1.681165e+08,2.3586699e+08
BEL,PRT,1963,8.464289e+06,DOTS_IP,1.7229651e+09,1.8145723e+09,1.681165e+08,2.3586699e+08
BEN,PRT,1963,0.0,DOTS_IP,5.000002e+06,1.1821434e+07,1.681165e+08,2.3586699e+08
BFA,PRT,1963,0.0,DOTS_IP,3.5000015e+06,1.3071434e+07,1.681165e+08,2.3586699e+08
BGD,PRT,1963,0.0,DOTS_IP,,,1.681165e+08,2.3586699e+08
BGR,PRT,1963,0.0,DOTS_IP,2.9914544e+08,3.357755e+08,1.681165e+08,2.3586699e+08
BHR,PRT,1963,,DOTS_IP,7.346432e+07,6.64286e+07,1.681165e+08,2.3586699e+08
BHS,PRT,1963,0.0,DOTS_IP,4.539288e+06,3.986109e+07,1.681165e+08,2.3586699e+08
BLZ,PRT,1963,0.0,DOTS_IP,6.6071455e+06,8.0000035e+06,1.681165e+08,2.3586699e+08
BMU,PRT,1963,0.0,DOTS_IP,1.3750006e+07,2.9750014e+07,1.681165e+08,2.3586699e+08
BOL,PRT,1963,0.0,DOTS_IP,3.0821442e+07,3.7071444e+07,1.681165e+08,2.3586699e+08
BRA,PRT,1963,1.2142862e+06,DOTS_IP,5.164906e+08,5.79661e+08,1.681165e+08,2.3586699e+08
BRB,PRT,1963,0.0,DOTS_IP,1.4524149e+07,2.0571438e+07,1.681165e+08,2.3586699e+08
BRN,PRT,1963,0.0,DOTS_IP,2.142858e+07,7.5000035e+06,1.681165e+08,2.3586699e+08
BWA,PRT,1963,0.0,DOTS_IP,4.0340018e+06,4.1390018e+06,1.681165e+08,2.3586699e+08
CAF,PRT,1963,0.0,DOTS_IP,7.8571465e+06,9.428576e+06,1.681165e+08,2.3586699e+08
CAN,PRT,1963,1.8571436e+06,DOTS_IP,2.428359e+09,2.431644e+09,1.681165e+08,2.3586699e+08
CHE,PRT,1963,8.2500035e+06,DOTS_IP,8.633932e+08,1.1657431e+09,1.681165e+08,2.3586699e+08
CHL,PRT,1963,250000.11,DOTS_IP,2.1681795e+08,2.2792867e+08,1.681165e+08,2.3586699e+08
CHN,PRT,1963,71428.6,DOTS_IP,7.253682e+08,5.1791094e+08,1.681165e+08,2.3586699e+08
CIV,PRT,1963,35714.3,DOTS_IP,8.221432e+07,6.06786e+07,1.681165e+08,2.3586699e+08
CMR,PRT,1963,0.0,DOTS_IP,5.364288e+07,3.8535732e+07,1.681165e+08,2.3586699e+08
COD,PRT,1963,35714.3,DOTS_IP,1.390465e+08,8.46429e+07,1.681165e+08,2.3586699e+08
COG,PRT,1963,0.0,DOTS_IP,1.485715e+07,2.1857152e+07,1.681165e+08,2.3586699e+08
COL,PRT,1963,0.0,DOTS_IP,1.835858e+08,1.785715e+08,1.681165e+08,2.3586699e+08
COM,PRT,1963,0.0,DOTS_IP,1.679715e+06,1.931458e+06,1.681165e+08,2.3586699e+08
CPV,PRT,1963,214285.81,DOTS_IP,250000.11,2.1071438e+06,1.681165e+08,2.3586699e+08
CRI,PRT,1963,0.0,DOTS_IP,3.3039658e+07,4.3892876e+07,1.681165e+08,2.3586699e+08
CUB,PRT,1963,0.0,DOTS_IP,1.942858e+08,3.09643e+08,1.681165e+08,2.3586699e+08
CYP,PRT,1963,0.0,DOTS_IP,2.197858e+07,4.675002e+07,1.681165e+08,2.3586699e+08
CZSK,PRT,1963,392857.3,DOTS_IP,7.4021446e+08,6.5239245e+08,1.681165e+08,2.3586699e+08
DJI,PRT,1963,0.0,DOTS_IP,259740.38,1.7142864e+07,1.681165e+08,2.3586699e+08
DMA,PRT,1963,0.0,DOTS_IP,1.6295792e+06,2.4841618e+06,1.681165e+08,2.3586699e+08
DNK,PRT,1963,1.2500005e+06,DOTS_IP,6.7842886e+08,7.591789e+08,1.681165e+08,2.3586699e+08
DOM,PRT,1963,35714.3,DOTS_IP,6.759289e+07,6.2521456e+07,1.681165e+08,2.3586699e+08
DZA,PRT,1963,1.428572e+06,DOTS_IP,2.6338227e+08,2.4881438e+08,1.681165e+08,2.3586699e+08
ECU,PRT,1963,0.0,DOTS_IP,7.034289e+07,4.977502e+07,1.681165e+08,2.3586699e+08
EDEU,PRT,1963,0.0,DOTS_IP,1.4762934e+08,1.16789336e+08,1.681165e+08,2.3586699e+08
EGY,PRT,1963,321428.72,DOTS_IP,1.862858e+08,3.2725014e+08,1.681165e+08,2.3586699e+08
ESP,PRT,1963,3.781356e+06,ESP TENA JUNGUITO,3.268448e+08,6.916074e+08,1.681165e+08,2.3586699e+08
ETH,PRT,1963,0.0,DOTS_IP,3.2107158e+07,3.957145e+07,1.681165e+08,2.3586699e+08
FIN,PRT,1963,500000.22,DOTS_IP,4.102859e+08,4.293216e+08,1.681165e+08,2.3586699e+08
FJI,PRT,1963,0.0,DOTS_IP,1.9750008e+07,1.8142866e+07,1.681165e+08,2.3586699e+08
FLK,PRT,1963,0.0,DOTS_IP,1.178572e+06,500000.22,1.681165e+08,2.3586699e+08
FRA,PRT,1963,1.8821436e+07,DOTS_IP,2.880287e+09,3.0876086e+09,1.681165e+08,2.3586699e+08
FRO,PRT,1963,0.0,DOTS_IP,2.857144e+06,7.071432e+06,1.681165e+08,2.3586699e+08
GAB,PRT,1963,0.0,DOTS_IP,3.014287e+07,1.717858e+07,1.681165e+08,2.3586699e+08
GBR,PRT,1963,3.2107158e+07,DOTS_IP,4.2626806e+09,4.8304307e+09,1.681165e+08,2.3586699e+08
GHA,PRT,1963,0.0,DOTS_IP,1.0878576e+08,1.3007149e+08,1.681165e+08,2.3586699e+08
GIB,PRT,1963,0.0,DOTS_IP,571428.8,1.8964294e+07,1.681165e+08,2.3586699e+08
GIN,PRT,1963,2.5714298e+06,DOTS_IP,1.9642866e+07,1.6428579e+07,1.681165e+08,2.3586699e+08
GLP,PRT,1963,0.0,DOTS_IP,1.4785721e+07,2.475001e+07,1.681165e+08,2.3586699e+08
GMB,PRT,1963,0.0,DOTS_IP,3.0975012e+06,4.1817875e+06,1.681165e+08,2.3586699e+08
GNB,PRT,1963,0.0,DOTS_IP,2.4296902e+06,5.058395e+06,1.681165e+08,2.3586699e+08
GNQ,PRT,1963,,,1.0000004e+07,6.4285745e+06,1.681165e+08,2.3586699e+08
GRC,PRT,1963,428571.62,DOTS_IP,1.03642904e+08,2.9012902e+08,1.681165e+08,2.3586699e+08
GRD,PRT,1963,0.0,DOTS_IP,1.6364542e+06,3.1299942e+06,1.681165e+08,2.3586699e+08
GRL,PRT,1963,0.0,DOTS_IP,3.8928588e+06,9.392861e+06,1.681165e+08,2.3586699e+08
GTM,PRT,1963,357143.0,DOTS_IP,6.4860744e+07,5.8928596e+07,1.681165e+08,2.3586699e+08
GUF,PRT,1963,0.0,DOTS_IP,964286.1,4.0000018e+06,1.681165e+08,2.3586699e+08
GUY,PRT,1963,0.0,DOTS_IP,4.0467876e+07,2.4689548e+07,1.681165e+08,2.3586699e+08
HKG,PRT,1963,71428.6,DOTS_IP,2.899287e+08,4.6389306e+08,1.681165e+08,2.3586699e+08
HND,PRT,1963,0.0,DOTS_IP,2.964287e+07,3.428573e+07,1.681165e+08,2.3586699e+08
HTI,PRT,1963,0.0,DOTS_IP,1.763215e+07,1.2750006e+07,1.681165e+08,2.3586699e+08
HUN,PRT,1963,,DOTS_IP,2.9416653e+08,3.1695408e+08,1.681165e+08,2.3586699e+08
IDN,PRT,1963,71428.6,DOTS_IP,2.4864296e+08,1.9338742e+08,1.681165e+08,2.3586699e+08
IND,PRT,1963,107142.91,DOTS_IP,5.6296454e+08,8.710003e+08,1.681165e+08,2.3586699e+08
IRL,PRT,1963,107142.91,DOTS_IP,1.9761437e+08,3.04393e+08,1.681165e+08,2.3586699e+08
IRN,PRT,1963,928571.8,DOTS_IP,4.0254947e+08,1.8571437e+08,1.681165e+08,2.3586699e+08
IRQ,PRT,1963,8.535718e+06,DOTS_IP,3.2803942e+08,1.1135719e+08,1.681165e+08,2.3586699e+08
ISL,PRT,1963,500000.22,DOTS_IP,3.34643e+07,3.8964304e+07,1.681165e+08,2.3586699e+08
ISR,PRT,1963,142857.2,DOTS_IP,1.246072e+08,2.4067869e+08,1.681165e+08,2.3586699e+08
ITA,PRT,1963,9.321433e+06,DOTS_IP,1.7996794e+09,2.657394e+09,1.681165e+08,2.3586699e+08
JAM,PRT,1963,0.0,DOTS_IP,9.844362e+07,8.046432e+07,1.681165e+08,2.3586699e+08
JOR,PRT,1963,0.0,DOTS_IP,5.464288e+06,5.2933464e+07,1.681165e+08,2.3586699e+08
JPN,PRT,1963,2.357144e+06,DOTS_IP,1.8684294e+09,2.2740723e+09,1.681165e+08,2.3586699e+08
KEN,PRT,1963,0.0,DOTS_IP,7.075003e+07,9.582147e+07,1.681165e+08,2.3586699e+08
KHM,PRT,1963,0.0,DOTS_IP,3.1321442e+07,3.7785732e+07,1.681165e+08,2.3586699e+08
KIR,PRT,1963,0.0,DOTS_IP,333928.72,,1.681165e+08,2.3586699e+08
KNA,PRT,1963,0.0,DOTS_IP,,2.500001e+06,1.681165e+08,2.3586699e+08
KOR,PRT,1963,0.0,DOTS_IP,3.0857156e+07,1.9942866e+08,1.681165e+08,2.3586699e+08
KWT,PRT,1963,250000.11,DOTS_IP,5.2787523e+08,1.1564291e+08,1.681165e+08,2.3586699e+08
LAO,PRT,1963,0.0,DOTS_IP,210714.38,1.0708122e+07,1.681165e+08,2.3586699e+08
LBN,PRT,1963,0.0,DOTS_IP,4.6482164e+07,1.456475e+08,1.681165e+08,2.3586699e+08
LBR,PRT,1963,0.0,DOTS_IP,3.9285732e+07,7.892861e+07,1.681165e+08,2.3586699e+08
LBY,PRT,1963,642857.44,DOTS_XP,1.33964344e+08,8.517861e+07,1.681165e+08,2.3586699e+08
LCA,PRT,1963,0.0,DOTS_IP,1.6570792e+06,3.4710338e+06,1.681165e+08,2.3586699e+08
LKA,PRT,1963,107142.91,DOTS_IP,1.2792862e+08,1.1307148e+08,1.681165e+08,2.3586699e+08
LSO,PRT,1963,,,1.7857151e+06,7.8571465e+06,1.681165e+08,2.3586699e+08
LUX,PRT,1963,410714.47,COW,,,1.681165e+08,2.3586699e+08
MAC,PRT,1963,107142.91,DOTS_IP,7.5000035e+06,1.4967864e+07,1.681165e+08,2.3586699e+08
MAR,PRT,1963,1.6428579e+06,DOTS_IP,1.5680363e+08,1.5700006e+08,1.681165e+08,2.3586699e+08
MDG,PRT,1963,71428.6,DOTS_IP,3.436073e+07,4.5535736e+07,1.681165e+08,2.3586699e+08
MDV,PRT,1963,0.0,DOTS_IP,644625.3,680296.75,1.681165e+08,2.3586699e+08
MEX,PRT,1963,1.428572e+06,DOTS_IP,3.9826554e+08,4.466272e+08,1.681165e+08,2.3586699e+08
MLI,PRT,1963,0.0,DOTS_IP,4.250002e+06,1.2178577e+07,1.681165e+08,2.3586699e+08
MLT,PRT,1963,0.0,DOTS_IP,7.3214315e+06,2.9346442e+07,1.681165e+08,2.3586699e+08
MMR,PRT,1963,0.0,DOTS_IP,9.18929e+07,8.246432e+07,1.681165e+08,2.3586699e+08
MNG,PRT,1963,0.0,DOTS_IP,,,1.681165e+08,2.3586699e+08
MOZ,PRT,1963,1.4892864e+07,DOTS_IP,3.6035732e+07,4.9321452e+07,1.681165e+08,2.3586699e+08
MRT,PRT,1963,0.0,DOTS_IP,5.5000025e+06,1.0678576e+07,1.681165e+08,2.3586699e+08
MTQ,PRT,1963,0.0,DOTS_IP,1.560715e+07,2.6107154e+07,1.681165e+08,2.3586699e+08
MUS,PRT,1963,0.0,DOTS_IP,4.0428588e+07,2.432144e+07,1.681165e+08,2.3586699e+08
MWI,PRT,1963,0.0,DOTS_IP,1.0816e+07,1.4285721e+07,1.681165e+08,2.3586699e+08
MYS,PRT,1963,0.0,DOTS_IP,3.885002e+08,3.72518e+08,1.681165e+08,2.3586699e+08
NAM,PRT,1963,0.0,DOTS_IP,,,1.681165e+08,2.3586699e+08
NCL,PRT,1963,0.0,DOTS_IP,1.6428579e+07,1.3750006e+07,1.681165e+08,2.3586699e+08
NER,PRT,1963,0.0,DOTS_IP,7.8928605e+06,8.035718e+06,1.681165e+08,2.3586699e+08
NGA,PRT,1963,2.142858e+06,DOTS_IP,1.8960723e+08,2.0717866e+08,1.681165e+08,2.3586699e+08
NIC,PRT,1963,214285.81,DOTS_XP,3.8071444e+07,3.9567876e+07,1.681165e+08,2.3586699e+08
NLD,PRT,1963,8.571432e+06,DOTS_IP,1.791269e+09,2.2798858e+09,1.681165e+08,2.3586699e+08
NOR,PRT,1963,2.1785725e+06,DOTS_IP,3.8253587e+08,6.485717e+08,1.681165e+08,2.3586699e+08
NPL,PRT,1963,0.0,DOTS_IP,1.3571435e+07,2.8214298e+07,1.681165e+08,2.3586699e+08
NRU,PRT,1963,0.0,DOTS_IP,,,1.681165e+08,2.3586699e+08
NZL,PRT,1963,821428.94,DOTS_IP,3.6975123e+08,3.2010013e+08,1.681165e+08,2.3586699e+08
OMN,PRT,1963,0.0,DOTS_IP,1.1071434e+06,4.3571445e+06,1.681165e+08,2.3586699e+08
PAK,PRT,1963,1.7857151e+06,DOTS_IP,1.6410722e+08,3.144287e+08,1.681165e+08,2.3586699e+08
PAN,PRT,1963,0.0,DOTS_IP,4.743681e+07,1.0443255e+08,1.681165e+08,2.3586699e+08
PER,PRT,1963,214285.81,DOTS_IP,2.5300011e+08,1.9889294e+08,1.681165e+08,2.3586699e+08
PHL,PRT,1963,107142.91,DOTS_IP,2.8521085e+08,2.7358778e+08,1.681165e+08,2.3586699e+08
PNG,PRT,1963,0.0,DOTS_IP,1.4667864e+07,2.841837e+07,1.681165e+08,2.3586699e+08
POL,PRT,1963,392857.3,DOTS_IP,6.321431e+08,7.0678605e+08,1.681165e+08,2.3586699e+08
PRK,PRT,1963,0.0,DOTS_IP,2.3964298e+06,,1.681165e+08,2.3586699e+08
PRT,AFG,1963,0.0,DOTS_IP,1.681165e+08,2.3586699e+08,2.6714298e+07,4.4642876e+07
PRT,AGO,1963,2.250001e+07,DOTS_IP,1.681165e+08,2.3586699e+08,5.853574e+07,5.2357164e+07
PRT,ALB,1963,0.0,DOTS_IP,1.681165e+08,2.3586699e+08,2.357144e+06,3.5428585e+06
PRT,ANT,1963,117857.2,DOTS_IP,1.681165e+08,2.3586699e+08,2.3007154e+08,2.7327155e+08
PRT,ARE,1963,0.0,DOTS_IP,1.681165e+08,2.3586699e+08,1.7175332e+07,6.4285744e+07
PRT,ARG,1963,678571.75,DOTS_IP,1.681165e+08,2.3586699e+08,5.3371094e+08,3.46643e+08
PRT,ATG,1963,0.0,DOTS_IP,1.681165e+08,2.3586699e+08,1.428572e+06,4.642859e+06
PRT,AUS,1963,1.3357149e+06,DOTS_IP,1.681165e+08,2.3586699e+08,9.8857184e+08,9.576289e+08
PRT,AUT,1963,1.3928578e+06,DOTS_IP,1.681165e+08,2.3586699e+08,4.722502e+08,5.94786e+08
PRT,BDI,1963,0.0,DOTS_IP,1.681165e+08,2.3586699e+08,3.2142872e+06,6.54286e+06
PRT,BEL,1963,4.607145e+06,DOTS_IP,1.681165e+08,2.3586699e+08,1.7229651e+09,1.8145723e+09
PRT,BEN,1963,,DOTS_IP,1.681165e+08,2.3586699e+08,5.000002e+06,1.1821434e+07
PRT,BFA,1963,0.0,DOTS_IP,1.681165e+08,2.3586699e+08,3.5000015e+06,1.3071434e+07
PRT,BGD,1963,0.0,DOTS_IP,1.681165e+08,2.3586699e+08,,
PRT,BGR,1963,0.0,DOTS_IP,1.681165e+08,2.3586699e+08,2.9914544e+08,3.357755e+08
PRT,BHR,1963,0.0,DOTS_IP,1.681165e+08,2.3586699e+08,7.346432e+07,6.64286e+07
PRT,BHS,1963,0.0,DOTS_IP,1.681165e+08,2.3586699e+08,4.539288e+06,3.986109e+07
PRT,BLZ,1963,0.0,DOTS_IP,1.681165e+08,2.3586699e+08,6.6071455e+06,8.0000035e+06
PRT,BMU,1963,35714.3,DOTS_IP,1.681165e+08,2.3586699e+08,1.3750006e+07,2.9750014e+07
PRT,BOL,1963,0.0,DOTS_IP,1.681165e+08,2.3586699e+08,3.0821442e+07,3.7071444e+07
PRT,BRA,1963,1.2571434e+06,DOTS_IP,1.681165e+08,2.3586699e+08,5.164906e+08,5.79661e+08
PRT,BRB,1963,35714.3,DOTS_IP,1.681165e+08,2.3586699e+08,1.4524149e+07,2.0571438e+07
PRT,BRN,1963,0.0,DOTS_IP,1.681165e+08,2.3586699e+08,2.142858e+07,7.5000035e+06
PRT,BWA,1963,0.0,DOTS_IP,1.681165e+08,2.3586699e+08,4.0340018e+06,4.1390018e+06
PRT,CAF,1963,142857.2,DOTS_IP,1.681165e+08,2.3586699e+08,7.8571465e+06,9.428576e+06
PRT,CAN,1963,2.7857155e+06,DOTS_IP,1.681165e+08,2.3586699e+08,2.428359e+09,2.431644e+09
PRT,CHE,1963,3.0000012e+06,DOTS_IP,1.681165e+08,2.3586699e+08,8.633932e+08,1.1657431e+09
PRT,CHL,1963,285714.4,DOTS_IP,1.681165e+08,2.3586699e+08,2.1681795e+08,2.2792867e+08
PRT,CHN,1963,71428.6,DOTS_XP,1.681165e+08,2.3586699e+08,7.253682e+08,5.1791094e+08
PRT,CIV,1963,35714.3,DOTS_IP,1.681165e+08,2.3586699e+08,8.221432e+07,6.06786e+07
PRT,CMR,1963,142857.2,DOTS_IP,1.681165e+08,2.3586699e+08,5.364288e+07,3.8535732e+07
PRT,COD,1963,785714.6,DOTS_IP,1.681165e+08,2.3586699e+08,1.390465e+08,8.46429e+07
PRT,COG,1963,142857.2,DOTS_IP,1.681165e+08,2.3586699e+08,1.485715e+07,2.1857152e+07
PRT,COL,1963,142857.2,DOTS_IP,1.681165e+08,2.3586699e+08,1.835858e+08,1.785715e+08
PRT,COM,1963,0.0,DOTS_IP,1.681165e+08,2.3586699e+08,1.679715e+06,1.931458e+06
PRT,CPV,1963,892857.56,DOTS_XP,1.681165e+08,2.3586699e+08,250000.11,2.1071438e+06
PRT,CRI,1963,0.0,DOTS_IP,1.681165e+08,2.3586699e+08,3.3039658e+07,4.3892876e+07
PRT,CUB,1963,0.0,DOTS_IP,1.681165e+08,2.3586699e+08,1.942858e+08,3.09643e+08
PRT,CYP,1963,464285.9,DOTS_IP,1.681165e+08,2.3586699e+08,2.197858e+07,4.675002e+07
PRT,CZSK,1963,642857.44,DOTS_XP,1.681165e+08,2.3586699e+08,7.4021446e+08,6.5239245e+08
PRT,DJI,1963,0.0,DOTS_IP,1.681165e+08,2.3586699e+08,259740.38,1.7142864e+07
PRT,DMA,1963,0.0,DOTS_IP,1.681165e+08,2.3586699e+08,1.6295792e+06,2.4841618e+06
PRT,DNK,1963,3.5357158e+06,DOTS_IP,1.681165e+08,2.3586699e+08,6.7842886e+08,7.591789e+08
PRT,DOM,1963,107142.91,DOTS_IP,1.681165e+08,2.3586699e+08,6.759289e+07,6.2521456e+07
PRT,DZA,1963,428571.62,DOTS_XP,1.681165e+08,2.3586699e+08,2.6338227e+08,2.4881438e+08
PRT,ECU,1963,117857.195,DOTS_IP,1.681165e+08,2.3586699e+08,7.034289e+07,4.977502e+07
PRT,EDEU,1963,0.0,DOTS_IP,1.681165e+08,2.3586699e+08,1.4762934e+08,1.16789336e+08
PRT,EGY,1963,321428.72,DOTS_XP,1.681165e+08,2.3586699e+08,1.862858e+08,3.2725014e+08
PRT,ESP,1963,3.9090685e+06,ESP TENA JUNGUITO,1.681165e+08,2.3586699e+08,3.268448e+08,6.916074e+08
PRT,ETH,1963,0.0,DOTS_IP,1.681165e+08,2.3586699e+08,3.2107158e+07,3.957145e+07
PRT,FIN,1963,821428.94,DOTS_IP,1.681165e+08,2.3586699e+08,4.102859e+08,4.293216e+08
PRT,FJI,1963,0.0,DOTS_IP,1.681165e+08,2.3586699e+08,1.9750008e+07,1.8142866e+07
PRT,FRA,1963,7.964289e+06,DOTS_IP,1.681165e+08,2.3586699e+08,2.880287e+09,3.0876086e+09
PRT,FRO,1963,0.0,DOTS_IP,1.681165e+08,2.3586699e+08,2.857144e+06,7.071432e+06
PRT,GAB,1963,107142.91,DOTS_IP,1.681165e+08,2.3586699e+08,3.014287e+07,1.717858e+07
PRT,GBR,1963,2.2571438e+07,DOTS_IP,1.681165e+08,2.3586699e+08,4.2626806e+09,4.8304307e+09
PRT,GHA,1963,0.0,DOTS_IP,1.681165e+08,2.3586699e+08,1.0878576e+08,1.3007149e+08
PRT,GIB,1963,0.0,DOTS_IP,1.681165e+08,2.3586699e+08,571428.8,1.8964294e+07
PRT,GIN,1963,1.9642866e+06,DOTS_XP,1.681165e+08,2.3586699e+08,1.9642866e+07,1.6428579e+07
PRT,GLP,1963,0.0,DOTS_IP,1.681165e+08,2.3586699e+08,1.4785721e+07,2.475001e+07
PRT,GMB,1963,18928.58,DOTS_IP,1.681165e+08,2.3586699e+08,3.0975012e+06,4.1817875e+06
PRT,GNB,1963,,DOTS_IP,1.681165e+08,2.3586699e+08,2.4296902e+06,5.058395e+06
PRT,GNQ,1963,0.0,DOTS_IP,1.681165e+08,2.3586699e+08,1.0000004e+07,6.4285745e+06
PRT,GRC,1963,714286.0,DOTS_IP,1.681165e+08,2.3586699e+08,1.03642904e+08,2.9012902e+08
PRT,GRD,1963,0.0,DOTS_IP,1.681165e+08,2.3586699e+08,1.6364542e+06,3.1299942e+06
PRT,GRL,1963,0.0,DOTS_IP,1.681165e+08,2.3586699e+08,3.8928588e+06,9.392861e+06
PRT,GTM,1963,35714.3,DOTS_IP,1.681165e+08,2.3586699e+08,6.4860744e+07,5.8928596e+07
PRT,GUF,1963,0.0,DOTS_IP,1.681165e+08,2.3586699e+08,964286.1,4.0000018e+06
PRT,GUY,1963,0.0,DOTS_IP,1.681165e+08,2.3586699e+08,4.0467876e+07,2.4689548e+07
PRT,HKG,1963,142857.2,DOTS_IP,1.681165e+08,2.3586699e+08,2.899287e+08,4.6389306e+08
PRT,HND,1963,35714.3,DOTS_IP,1.681165e+08,2.3586699e+08,2.964287e+07,3.428573e+07
PRT,HTI,1963,0.0,DOTS_IP,1.681165e+08,2.3586699e+08,1.763215e+07,1.2750006e+07
PRT,HUN,1963,0.0,DOTS_IP,1.681165e+08,2.3586699e+08,2.9416653e+08,3.1695408e+08
PRT,IDN,1963,571428.8,DOTS_XP,1.681165e+08,2.3586699e+08,2.4864296e+08,1.9338742e+08
PRT,IND,1963,107142.91,DOTS_IP,1.681165e+08,2.3586699e+08,5.6296454e+08,8.710003e+08
PRT,IRL,1963,678571.75,DOTS_IP,1.681165e+08,2.3586699e+08,1.9761437e+08,3.04393e+08
PRT,IRN,1963,142857.2,DOTS_IP,1.681165e+08,2.3586699e+08,4.0254947e+08,1.8571437e+08
PRT,IRQ,1963,464285.9,DOTS_IP,1.681165e+08,2.3586699e+08,3.2803942e+08,1.1135719e+08
PRT,ISL,1963,35714.3,DOTS_IP,1.681165e+08,2.3586699e+08,3.34643e+07,3.8964304e+07
PRT,ISR,1963,1.7500008e+06,DOTS_IP,1.681165e+08,2.3586699e+08,1.246072e+08,2.4067869e+08
PRT,ITA,1963,1.2357148e+07,DOTS_IP,1.681165e+08,2.3586699e+08,1.7996794e+09,2.657394e+09
PRT,JAM,1963,0.0,DOTS_IP,1.681165e+08,2.3586699e+08,9.844362e+07,8.046432e+07
PRT,JOR,1963,142857.2,DOTS_IP,1.681165e+08,2.3586699e+08,5.464288e+06,5.2933464e+07
PRT,JPN,1963,2.0714295e+06,DOTS_IP,1.681165e+08,2.3586699e+08,1.8684294e+09,2.2740723e+09
PRT,KEN,1963,178571.5,DOTS_IP,1.681165e+08,2.3586699e+08,7.075003e+07,9.582147e+07
PRT,KHM,1963,0.0,DOTS_IP,1.681165e+08,2.3586699e+08,3.1321442e+07,3.7785732e+07
PRT,KIR,1963,0.0,DOTS_IP,1.681165e+08,2.3586699e+08,333928.72,
PRT,KNA,1963,0.0,DOTS_IP,1.681165e+08,2.3586699e+08,,2.500001e+06
PRT,KOR,1963,178571.5,DOTS_XP,1.681165e+08,2.3586699e+08,3.0857156e+07,1.9942866e+08
PRT,KWT,1963,107142.91,DOTS_XP,1.681165e+08,2.3586699e+08,5.2787523e+08,1.1564291e+08
PRT,LAO,1963,0.0,DOTS_IP,1.681165e+08,2.3586699e+08,210714.38,1.0708122e+07
PRT,LBN,1963,500000.22,DOTS_IP,1.681165e+08,2.3586699e+08,4.6482164e+07,1.456475e+08
PRT,LBR,1963,0.0,DOTS_IP,1.681165e+08,2.3586699e+08,3.9285732e+07,7.892861e+07
PRT,LBY,1963,142857.2,DOTS_IP,1.681165e+08,2.3586699e+08,1.33964344e+08,8.517861e+07
PRT,LCA,1963,0.0,DOTS_IP,1.681165e+08,2.3586699e+08,1.6570792e+06,3.4710338e+06
PRT,LKA,1963,35714.3,DOTS_XP,1.681165e+08,2.3586699e+08,1.2792862e+08,1.1307148e+08
PRT,LSO,1963,0.0,DOTS_IP,1.681165e+08,2.3586699e+08,1.7857151e+06,7.8571465e+06
PRT,LUX,1963,221428.67,COW,1.681165e+08,2.3586699e+08,,
PRT,MAC,1963,178571.5,DOTS_IP,1.681165e+08,2.3586699e+08,7.5000035e+06,1.4967864e+07
PRT,MAR,1963,1.071429e+06,DOTS_IP,1.681165e+08,2.3586699e+08,1.5680363e+08,1.5700006e+08
PRT,MDG,1963,35714.3,DOTS_IP,1.681165e+08,2.3586699e+08,3.436073e+07,4.5535736e+07
PRT,MDV,1963,0.0,DOTS_IP,1.681165e+08,2.3586699e+08,644625.3,680296.75
PRT,MEX,1963,464285.9,DOTS_IP,1.681165e+08,2.3586699e+08,3.9826554e+08,4.466272e+08
PRT,MLI,1963,0.0,DOTS_IP,1.681165e+08,2.3586699e+08,4.250002e+06,1.2178577e+07
PRT,MLT,1963,0.0,DOTS_IP,1.681165e+08,2.3586699e+08,7.3214315e+06,2.9346442e+07
PRT,MMR,1963,142857.2,DOTS_XP,1.681165e+08,2.3586699e+08,9.18929e+07,8.246432e+07
PRT,MNG,1963,0.0,DOTS_IP,1.681165e+08,2.3586699e+08,,
PRT,MOZ,1963,1.585715e+07,DOTS_IP,1.681165e+08,2.3586699e+08,3.6035732e+07,4.9321452e+07
PRT,MRT,1963,0.0,DOTS_IP,1.681165e+08,2.3586699e+08,5.5000025e+06,1.0678576e+07
PRT,MTQ,1963,0.0,DOTS_IP,1.681165e+08,2.3586699e+08,1.560715e+07,2.6107154e+07
PRT,MUS,1963,0.0,DOTS_IP,1.681165e+08,2.3586699e+08,4.0428588e+07,2.432144e+07
PRT,MWI,1963,0.0,DOTS_IP,1.681165e+08,2.3586699e+08,1.0816e+07,1.4285721e+07
PRT,MYS,1963,0.0,DOTS_IP,1.681165e+08,2.3586699e+08,3.885002e+08,3.72518e+08
PRT,NAM,1963,0.0,DOTS_IP,1.681165e+08,2.3586699e+08,,
PRT,NCL,1963,0.0,DOTS_IP,1.681165e+08,2.3586699e+08,1.6428579e+07,1.3750006e+07
PRT,NER,1963,0.0,DOTS_IP,1.681165e+08,2.3586699e+08,7.8928605e+06,8.035718e+06
PRT,NGA,1963,285714.4,DOTS_IP,1.681165e+08,2.3586699e+08,1.8960723e+08,2.0717866e+08
PRT,NIC,1963,142857.2,DOTS_IP,1.681165e+08,2.3586699e+08,3.8071444e+07,3.9567876e+07
PRT,NLD,1963,3.8214302e+06,DOTS_IP,1.681165e+08,2.3586699e+08,1.791269e+09,2.2798858e+09
PRT,NOR,1963,1.5714292e+06,DOTS_IP,1.681165e+08,2.3586699e+08,3.8253587e+08,6.485717e+08
PRT,NRU,1963,0.0,DOTS_IP,1.681165e+08,2.3586699e+08,,
PRT,NZL,1963,285714.4,DOTS_XP,1.681165e+08,2.3586699e+08,3.6975123e+08,3.2010013e+08
PRT,OMN,1963,0.0,DOTS_IP,1.681165e+08,2.3586699e+08,1.1071434e+06,4.3571445e+06
PRT,PAK,1963,71428.6,DOTS_IP,1.681165e+08,2.3586699e+08,1.6410722e+08,3.144287e+08
PRT,PAN,1963,39285.73,DOTS_IP,1.681165e+08,2.3586699e+08,4.743681e+07,1.0443255e+08
PRT,PER,1963,178571.5,DOTS_IP,1.681165e+08,2.3586699e+08,2.5300011e+08,1.9889294e+08
PRT,PHL,1963,250000.11,DOTS_IP,1.681165e+08,2.3586699e+08,2.8521085e+08,2.7358778e+08
PRT,PNG,1963,0.0,DOTS_IP,1.681165e+08,2.3586699e+08,1.4667864e+07,2.841837e+07
PRT,POL,1963,357143.0,DOTS_XP,1.681165e+08,2.3586699e+08,6.321431e+08,7.0678605e+08
PRT,PRK,1963,0.0,DOTS_IP,1.681165e+08,2.3586699e+08,2.3964298e+06,
PRT,PRY,1963,0.0,DOTS_IP,1.681165e+08,2.3586699e+08,1.7175008e+07,1.4321435e+07
PRT,PYF,1963,0.0,DOTS_IP,1.681165e+08,2.3586699e+08,3.6563855e+06,1.1514232e+07
PRT,QAT,1963,0.0,DOTS_IP,1.681165e+08,2.3586699e+08,4.857145e+07,1.4285721e+07
PRT,REU,1963,0.0,DOTS_IP,1.681165e+08,2.3586699e+08,6.8027795e+06,1.2454642e+07
PRT,ROM,1963,642857.44,DOTS_IP,1.681165e+08,2.3586699e+08,3.245073e+08,3.9986803e+08
PRT,RWA,1963,0.0,DOTS_IP,1.681165e+08,2.3586699e+08,1.428572e+06,4.285716e+06
PRT,SAU,1963,0.0,DOTS_IP,1.681165e+08,2.3586699e+08,4.168227e+08,9.7392904e+07
PRT,SDN,1963,35714.3,DOTS_IP,1.681165e+08,2.3586699e+08,8.067861e+07,1.01428616e+08
PRT,SEN,1963,107142.91,DOTS_XP,1.681165e+08,2.3586699e+08,5.0398596e+07,6.126626e+07
PRT,SGP,1963,0.0,DOTS_IP,1.681165e+08,2.3586699e+08,4.0541805e+08,4.9933594e+08
PRT,SHN,1963,0.0,DOTS_IP,1.681165e+08,2.3586699e+08,,
PRT,SLB,1963,0.0,DOTS_IP,1.681165e+08,2.3586699e+08,1.4852006e+06,2.0989795e+06
PRT,SLE,1963,0.0,DOTS_IP,1.681165e+08,2.3586699e+08,3.24618e+07,2.964287e+07
PRT,SLV,1963,0.0,DOTS_IP,1.681165e+08,2.3586699e+08,5.5000024e+07,5.410717e+07
PRT,SOM,1963,0.0,DOTS_IP,1.681165e+08,2.3586699e+08,,
PRT,STP,1963,607143.1,DOTS_XP,1.681165e+08,2.3586699e+08,2.142858e+06,1.7857151e+06
PRT,SUR,1963,35714.3,DOTS_IP,1.681165e+08,2.3586699e+08,1.925358e+07,2.100001e+07
PRT,SWE,1963,4.607145e+06,DOTS_IP,1.681165e+08,2.3586699e+08,1.1397862e+09,1.2008219e+09
PRT,SWZ,1963,0.0,DOTS_IP,1.681165e+08,2.3586699e+08,1.1055005e+07,9.285718e+06
PRT,SYC,1963,0.0,DOTS_IP,1.681165e+08,2.3586699e+08,515250.22,821250.4
PRT,SYR,1963,321428.72,DOTS_IP,1.681165e+08,2.3586699e+08,8.92429e+07,8.1571464e+07
PRT,TCD,1963,71428.6,DOTS_IP,1.681165e+08,2.3586699e+08,8.1077895e+06,1.0395147e+07
PRT,TGO,1963,0.0,DOTS_IP,1.681165e+08,2.3586699e+08,8.067861e+06,1.0250005e+07
PRT,THA,1963,35714.3,DOTS_IP,1.681165e+08,2.3586699e+08,1.6500008e+08,2.1121438e+08
PRT,TON,1963,0.0,DOTS_IP,1.681165e+08,2.3586699e+08,766400.3,974400.44
PRT,TTO,1963,107142.91,DOTS_IP,1.681165e+08,2.3586699e+08,1.3332149e+08,1.3407149e+08
PRT,TUN,1963,285714.4,DOTS_IP,1.681165e+08,2.3586699e+08,6.609289e+07,7.917861e+07
PRT,TUR,1963,321428.72,DOTS_IP,1.681165e+08,2.3586699e+08,1.4002328e+08,2.5796446e+08
PRT,TUV,1963,0.0,DOTS_IP,1.681165e+08,2.3586699e+08,,
PRT,TZA,1963,35714.3,DOTS_IP,1.681165e+08,2.3586699e+08,6.4107172e+07,4.0392876e+07
PRT,UGA,1963,35714.3,DOTS_IP,1.681165e+08,2.3586699e+08,6.2857172e+07,4.0849304e+07
PRT,URY,1963,35714.3,DOTS_IP,1.681165e+08,2.3586699e+08,6.265074e+07,6.31786e+07
PRT,USA,1963,2.0000008e+07,DOTS_IP,1.681165e+08,2.3586699e+08,8.311432e+09,6.5631816e+09
PRT,USSR,1963,0.0,DOTS_IP,1.681165e+08,2.3586699e+08,5.5272136e+09,5.4421796e+09
PRT,VCT,1963,0.0,DOTS_IP,1.681165e+08,2.3586699e+08,1.316872e+06,2.6658262e+06
PRT,VEN,1963,1.071429e+06,DOTS_IP,1.681165e+08,2.3586699e+08,1.01515757e+09,3.411073e+08
PRT,VNM,1963,908214.7,DOTS_IP,1.681165e+08,2.3586699e+08,2.9428584e+07,1.1303609e+08
PRT,VUT,1963,0.0,DOTS_IP,1.681165e+08,2.3586699e+08,2.6464298e+06,1.9642866e+06
PRT,WDEU,1963,1.7142864e+07,DOTS_IP,1.681165e+08,2.3586699e+08,5.208931e+09,4.6260736e+09
PRT,WSM,1963,0.0,DOTS_IP,1.681165e+08,2.3586699e+08,2.5807832e+06,2.9864978e+06
PRT,YAR,1963,107142.91,COW,1.681165e+08,2.3586699e+08,,
PRT,YUG,1963,107142.91,DOTS_IP,1.681165e+08,2.3586699e+08,2.8053584e+08,3.70143e+08
PRT,ZAF,1963,1.2142862e+06,DOTS_XP,1.681165e+08,2.3586699e+08,5.0663235e+08,5.743055e+08
PRT,ZMB,1963,0.0,DOTS_IP,1.681165e+08,2.3586699e+08,1.2892863e+08,5.8571456e+07
PRT,ZWE,1963,0.0,DOTS_IP,1.681165e+08,2.3586699e+08,7.500003e+07,1.35e+08
PRY,PRT,1963,0.0,DOTS_IP,1.7175008e+07,1.4321435e+07,1.681165e+08,2.3586699e+08
PYF,PRT,1963,,,3.6563855e+06,1.1514232e+07,1.681165e+08,2.3586699e+08
QAT,PRT,1963,0.0,DOTS_IP,4.857145e+07,1.4285721e+07,1.681165e+08,2.3586699e+08
REU,PRT,1963,0.0,DOTS_IP,6.8027795e+06,1.2454642e+07,1.681165e+08,2.3586699e+08
ROM,PRT,1963,464285.9,DOTS_IP,3.245073e+08,3.9986803e+08,1.681165e+08,2.3586699e+08
RWA,PRT,1963,0.0,DOTS_IP,1.428572e+06,4.285716e+06,1.681165e+08,2.3586699e+08
SAU,PRT,1963,0.0,DOTS_IP,4.168227e+08,9.7392904e+07,1.681165e+08,2.3586699e+08
SDN,PRT,1963,178571.5,DOTS_XP,8.067861e+07,1.01428616e+08,1.681165e+08,2.3586699e+08
SEN,PRT,1963,35714.3,DOTS_IP,5.0398596e+07,6.126626e+07,1.681165e+08,2.3586699e+08
SGP,PRT,1963,0.0,DOTS_IP,4.0541805e+08,4.9933594e+08,1.681165e+08,2.3586699e+08
SHN,PRT,1963,0.0,DOTS_IP,,,1.681165e+08,2.3586699e+08
SLB,PRT,1963,0.0,DOTS_IP,1.4852006e+06,2.0989795e+06,1.681165e+08,2.3586699e+08
SLE,PRT,1963,0.0,DOTS_IP,3.24618e+07,2.964287e+07,1.681165e+08,2.3586699e+08
SLV,PRT,1963,0.0,DOTS_IP,5.5000024e+07,5.410717e+07,1.681165e+08,2.3586699e+08
SOM,PRT,1963,0.0,DOTS_IP,,,1.681165e+08,2.3586699e+08
SPM,PRT,1963,0.0,DOTS_IP,321428.72,1.3571435e+06,1.681165e+08,2.3586699e+08
STP,PRT,1963,821428.94,DOTS_IP,2.142858e+06,1.7857151e+06,1.681165e+08,2.3586699e+08
SUR,PRT,1963,0.0,DOTS_IP,1.925358e+07,2.100001e+07,1.681165e+08,2.3586699e+08
SWE,PRT,1963,5.214288e+06,DOTS_IP,1.1397862e+09,1.2008219e+09,1.681165e+08,2.3586699e+08
SWZ,PRT,1963,,,1.1055005e+07,9.285718e+06,1.681165e+08,2.3586699e+08
SYC,PRT,1963,0.0,DOTS_IP,515250.22,821250.4,1.681165e+08,2.3586699e+08
SYR,PRT,1963,1.5000006e+06,DOTS_IP,8.92429e+07,8.1571464e+07,1.681165e+08,2.3586699e+08
TCD,PRT,1963,0.0,DOTS_IP,8.1077895e+06,1.0395147e+07,1.681165e+08,2.3586699e+08
TGO,PRT,1963,0.0,DOTS_IP,8.067861e+06,1.0250005e+07,1.681165e+08,2.3586699e+08
THA,PRT,1963,392857.3,DOTS_IP,1.6500008e+08,2.1121438e+08,1.681165e+08,2.3586699e+08
TON,PRT,1963,0.0,DOTS_IP,766400.3,974400.44,1.681165e+08,2.3586699e+08
TTO,PRT,1963,142857.2,DOTS_XP,1.3332149e+08,1.3407149e+08,1.681165e+08,2.3586699e+08
TUN,PRT,1963,428571.62,DOTS_IP,6.609289e+07,7.917861e+07,1.681165e+08,2.3586699e+08
TUR,PRT,1963,2.4285725e+06,DOTS_IP,1.4002328e+08,2.5796446e+08,1.681165e+08,2.3586699e+08
TUV,PRT,1963,0.0,DOTS_IP,,,1.681165e+08,2.3586699e+08
TWN,PRT,1963,,,,,1.681165e+08,2.3586699e+08
TZA,PRT,1963,0.0,DOTS_IP,6.4107172e+07,4.0392876e+07,1.681165e+08,2.3586699e+08
UGA,PRT,1963,0.0,DOTS_IP,6.2857172e+07,4.0849304e+07,1.681165e+08,2.3586699e+08
URY,PRT,1963,178571.5,DOTS_IP,6.265074e+07,6.31786e+07,1.681165e+08,2.3586699e+08
USA,PRT,1963,2.075001e+07,DOTS_IP,8.311432e+09,6.5631816e+09,1.681165e+08,2.3586699e+08
USSR,PRT,1963,,DOTS_IP,5.5272136e+09,5.4421796e+09,1.681165e+08,2.3586699e+08
VCT,PRT,1963,0.0,DOTS_IP,1.316872e+06,2.6658262e+06,1.681165e+08,2.3586699e+08
VEN,PRT,1963,535714.5,DOTS_IP,1.01515757e+09,3.411073e+08,1.681165e+08,2.3586699e+08
VNM,PRT,1963,607143.1,DOTS_IP,2.9428584e+07,1.1303609e+08,1.681165e+08,2.3586699e+08
VUT,PRT,1963,0.0,DOTS_IP,2.6464298e+06,1.9642866e+06,1.681165e+08,2.3586699e+08
WDEU,PRT,1963,3.54643e+07,DOTS_IP,5.208931e+09,4.6260736e+09,1.681165e+08,2.3586699e+08
WSM,PRT,1963,0.0,DOTS_IP,2.5807832e+06,2.9864978e+06,1.681165e+08,2.3586699e+08
YAR,PRT,1963,71428.6,COW,,,1.681165e+08,2.3586699e+08
YUG,PRT,1963,0.0,DOTS_IP,2.8053584e+08,3.70143e+08,1.681165e+08,2.3586699e+08
ZAF,PRT,1963,1.4642864e+06,DOTS_IP,5.0663235e+08,5.743055e+08,1.681165e+08,2.3586699e+08
ZMB,PRT,1963,0.0,DOTS_IP,1.2892863e+08,5.8571456e+07,1.681165e+08,2.3586699e+08
ZWE,PRT,1963,0.0,DOTS_IP,7.500003e+07,1.35e+08,1.681165e+08,2.3586699e+08
AFG,PRT,1964,0.0,DOTS_IP,2.532144e+07,5.0464308e+07,1.9287222e+08,2.7085725e+08
AGO,PRT,1964,2.3071438e+07,DOTS_IP,7.9571464e+07,5.8500024e+07,1.9287222e+08,2.7085725e+08
ALB,PRT,1964,0.0,DOTS_IP,2.7928585e+06,6.5714315e+06,1.9287222e+08,2.7085725e+08
ANT,PRT,1964,2.607144e+06,DOTS_IP,2.2423403e+08,2.5975011e+08,1.9287222e+08,2.7085725e+08
ARE,PRT,1964,0.0,DOTS_IP,3.14393e+07,7.321432e+07,1.9287222e+08,2.7085725e+08
ARG,PRT,1964,1.3214291e+06,DOTS_IP,5.395056e+08,3.7739302e+08,1.9287222e+08,2.7085725e+08
ATG,PRT,1964,0.0,DOTS_IP,1.071429e+06,4.642859e+06,1.9287222e+08,2.7085725e+08
AUS,PRT,1964,1.2142862e+06,DOTS_IP,1.06185754e+09,1.1464362e+09,1.9287222e+08,2.7085725e+08
AUT,PRT,1964,2.500001e+06,DOTS_IP,5.138931e+08,6.611789e+08,1.9287222e+08,2.7085725e+08
BDI,PRT,1964,0.0,DOTS_IP,1.2392862e+07,6.071431e+06,1.9287222e+08,2.7085725e+08
BEL,PRT,1964,8.857147e+06,DOTS_IP,1.987358e+09,2.1190396e+09,1.9287222e+08,2.7085725e+08
BEN,PRT,1964,0.0,DOTS_IP,5.821431e+06,1.1035719e+07,1.9287222e+08,2.7085725e+08
BFA,PRT,1964,0.0,DOTS_IP,3.5714302e+06,1.4169792e+07,1.9287222e+08,2.7085725e+08
BGD,PRT,1964,0.0,DOTS_IP,,,1.9287222e+08,2.7085725e+08
BGR,PRT,1964,0.0,DOTS_IP,3.357755e+08,3.663005e+08,1.9287222e+08,2.7085725e+08
BHR,PRT,1964,1.7857151e+06,DOTS_IP,6.278574e+07,6.114289e+07,1.9287222e+08,2.7085725e+08
BHS,PRT,1964,0.0,DOTS_IP,1.0446433e+07,5.2861096e+07,1.9287222e+08,2.7085725e+08
BLZ,PRT,1964,0.0,DOTS_IP,7.821432e+06,8.50877e+06,1.9287222e+08,2.7085725e+08
BMU,PRT,1964,0.0,DOTS_IP,1.3142863e+07,3.1035728e+07,1.9287222e+08,2.7085725e+08
BOL,PRT,1964,0.0,DOTS_IP,4.0678588e+07,3.6750016e+07,1.9287222e+08,2.7085725e+08
BRA,PRT,1964,1.892858e+06,DOTS_IP,5.6960595e+08,4.953145e+08,1.9287222e+08,2.7085725e+08
BRB,PRT,1964,0.0,DOTS_IP,1.2561863e+07,2.2464296e+07,1.9287222e+08,2.7085725e+08
BRN,PRT,1964,0.0,DOTS_IP,2.1785724e+07,1.1071433e+07,1.9287222e+08,2.7085725e+08
BWA,PRT,1964,0.0,DOTS_IP,4.222002e+06,4.664502e+06,1.9287222e+08,2.7085725e+08
CAF,PRT,1964,0.0,DOTS_IP,1.0321433e+07,1.0535719e+07,1.9287222e+08,2.7085725e+08
CAN,PRT,1964,1.428572e+06,DOTS_IP,2.871537e+09,2.7960727e+09,1.9287222e+08,2.7085725e+08
CHE,PRT,1964,9.785719e+06,DOTS_IP,9.4485754e+08,1.3154054e+09,1.9287222e+08,2.7085725e+08
CHL,PRT,1964,35714.3,DOTS_IP,2.5032154e+08,2.1732152e+08,1.9287222e+08,2.7085725e+08
CHN,PRT,1964,71428.6,DOTS_IP,8.037075e+08,6.107574e+08,1.9287222e+08,2.7085725e+08
CIV,PRT,1964,0.0,DOTS_IP,1.22920056e+08,8.7321464e+07,1.9287222e+08,2.7085725e+08
CMR,PRT,1964,0.0,DOTS_IP,6.1821456e+07,4.169807e+07,1.9287222e+08,2.7085725e+08
COD,PRT,1964,0.0,DOTS_IP,1.5452149e+08,1.02928616e+08,1.9287222e+08,2.7085725e+08
COG,PRT,1964,0.0,DOTS_IP,1.6928578e+07,2.300001e+07,1.9287222e+08,2.7085725e+08
COL,PRT,1964,0.0,DOTS_IP,2.0843938e+08,2.0903579e+08,1.9287222e+08,2.7085725e+08
COM,PRT,1964,0.0,DOTS_IP,1.4265292e+06,2.1803045e+06,1.9287222e+08,2.7085725e+08
CPV,PRT,1964,250000.11,DOTS_IP,250000.11,2.5357152e+06,1.9287222e+08,2.7085725e+08
CRI,PRT,1964,0.0,DOTS_IP,4.3986804e+07,4.914288e+07,1.9287222e+08,2.7085725e+08
CUB,PRT,1964,0.0,DOTS_IP,2.5500011e+08,3.6392874e+08,1.9287222e+08,2.7085725e+08
CYP,PRT,1964,0.0,DOTS_IP,2.1357152e+07,3.739287e+07,1.9287222e+08,2.7085725e+08
CZSK,PRT,1964,714286.0,DOTS_IP,7.8006445e+08,7.3789875e+08,1.9287222e+08,2.7085725e+08
DJI,PRT,1964,0.0,DOTS_IP,464285.9,1.4642864e+07,1.9287222e+08,2.7085725e+08
DMA,PRT,1964,0.0,DOTS_IP,1.8006222e+06,3.1170762e+06,1.9287222e+08,2.7085725e+08
DNK,PRT,1964,1.892858e+06,DOTS_IP,7.540003e+08,9.321076e+08,1.9287222e+08,2.7085725e+08
DOM,PRT,1964,1.1428576e+06,DOTS_IP,7.1896456e+07,7.01786e+07,1.9287222e+08,2.7085725e+08
DZA,PRT,1964,607143.1,DOTS_IP,2.817937e+08,2.5063971e+08,1.9287222e+08,2.7085725e+08
ECU,PRT,1964,0.0,DOTS_IP,8.0067896e+07,6.053574e+07,1.9287222e+08,2.7085725e+08
EDEU,PRT,1964,535714.5,DOTS_IP,1.7736936e+08,1.6311078e+08,1.9287222e+08,2.7085725e+08
EGY,PRT,1964,428571.62,DOTS_IP,1.9264294e+08,3.4039302e+08,1.9287222e+08,2.7085725e+08
ESP,PRT,1964,6.306058e+06,ESP TENA JUNGUITO,3.9174154e+08,8.0050035e+08,1.9287222e+08,2.7085725e+08
ETH,PRT,1964,0.0,DOTS_IP,3.7464304e+07,4.3714304e+07,1.9287222e+08,2.7085725e+08
FIN,PRT,1964,571428.8,DOTS_IP,4.6050022e+08,5.348931e+08,1.9287222e+08,2.7085725e+08
FJI,PRT,1964,0.0,DOTS_IP,2.225001e+07,2.432144e+07,1.9287222e+08,2.7085725e+08
FLK,PRT,1964,0.0,DOTS_IP,1.6428579e+06,1.071429e+06,1.9287222e+08,2.7085725e+08
FRA,PRT,1964,1.9357152e+07,DOTS_IP,3.203573e+09,3.5751803e+09,1.9287222e+08,2.7085725e+08
FRO,PRT,1964,0.0,DOTS_IP,7.0357175e+06,8.2500035e+06,1.9287222e+08,2.7085725e+08
GAB,PRT,1964,0.0,DOTS_IP,3.8964304e+07,1.9821438e+07,1.9287222e+08,2.7085725e+08
GBR,PRT,1964,3.685716e+07,DOTS_IP,4.468859e+09,5.621788e+09,1.9287222e+08,2.7085725e+08
GHA,PRT,1964,0.0,DOTS_IP,1.1471434e+08,1.21500056e+08,1.9287222e+08,2.7085725e+08
GIB,PRT,1964,0.0,DOTS_IP,1.0035719e+06,1.8514294e+07,1.9287222e+08,2.7085725e+08
GIN,PRT,1964,0.0,DOTS_IP,1.535715e+07,1.7500008e+07,1.9287222e+08,2.7085725e+08
GLP,PRT,1964,0.0,DOTS_IP,1.4107149e+07,2.8357156e+07,1.9287222e+08,2.7085725e+08
GMB,PRT,1964,0.0,DOTS_IP,3.6071445e+06,4.335716e+06,1.9287222e+08,2.7085725e+08
GNB,PRT,1964,2.357144e+06,DOTS_IP,3.3678588e+06,5.3627525e+06,1.9287222e+08,2.7085725e+08
GNQ,PRT,1964,,,1.1785719e+07,8.2142895e+06,1.9287222e+08,2.7085725e+08
GRC,PRT,1964,1.3571435e+06,DOTS_IP,1.1025005e+08,3.565649e+08,1.9287222e+08,2.7085725e+08
GRD,PRT,1964,0.0,DOTS_IP,1.5043721e+06,3.6818588e+06,1.9287222e+08,2.7085725e+08
GRL,PRT,1964,0.0,DOTS_IP,3.8571445e+06,1.021429e+07,1.9287222e+08,2.7085725e+08
GTM,PRT,1964,285714.4,DOTS_IP,7.211431e+07,7.196432e+07,1.9287222e+08,2.7085725e+08
GUF,PRT,1964,0.0,DOTS_IP,1.2892862e+06,5.714288e+06,1.9287222e+08,2.7085725e+08
GUY,PRT,1964,0.0,DOTS_IP,4.160002e+07,3.1285728e+07,1.9287222e+08,2.7085725e+08
HKG,PRT,1964,107142.91,DOTS_IP,3.286123e+08,5.235522e+08,1.9287222e+08,2.7085725e+08
HND,PRT,1964,0.0,DOTS_IP,3.8343588e+07,3.6571444e+07,1.9287222e+08,2.7085725e+08
HTI,PRT,1964,0.0,DOTS_IP,1.9107152e+07,1.3769486e+07,1.9287222e+08,2.7085725e+08
HUN,PRT,1964,35714.3,DOTS_IP,3.2938365e+08,3.6252915e+08,1.9287222e+08,2.7085725e+08
IDN,PRT,1964,71428.6,DOTS_IP,2.5864298e+08,2.4282155e+08,1.9287222e+08,2.7085725e+08
IND,PRT,1964,35714.3,DOTS_IP,6.041788e+08,9.552764e+08,1.9287222e+08,2.7085725e+08
IRL,PRT,1964,142857.2,DOTS_IP,2.288751e+08,3.456073e+08,1.9287222e+08,2.7085725e+08
IRN,PRT,1964,892857.56,DOTS_IP,4.3471446e+08,2.4332848e+08,1.9287222e+08,2.7085725e+08
IRQ,PRT,1964,7.250003e+06,DOTS_IP,3.3632515e+08,1.4389293e+08,1.9287222e+08,2.7085725e+08
ISL,PRT,1964,1.178572e+06,DOTS_IP,3.9642876e+07,4.667859e+07,1.9287222e+08,2.7085725e+08
ISR,PRT,1964,285714.4,DOTS_IP,1.3117863e+08,2.9757155e+08,1.9287222e+08,2.7085725e+08
ITA,PRT,1964,1.2071434e+07,DOTS_IP,2.1101439e+09,2.561144e+09,1.9287222e+08,2.7085725e+08
JAM,PRT,1964,0.0,DOTS_IP,1.0219147e+08,1.0060718e+08,1.9287222e+08,2.7085725e+08
JOR,PRT,1964,0.0,DOTS_IP,1.0000004e+07,5.3428596e+07,1.9287222e+08,2.7085725e+08
JPN,PRT,1964,535714.5,DOTS_IP,2.2644296e+09,2.6907868e+09,1.9287222e+08,2.7085725e+08
KEN,PRT,1964,0.0,DOTS_IP,7.945003e+07,9.373381e+07,1.9287222e+08,2.7085725e+08
KHM,PRT,1964,0.0,DOTS_IP,2.657144e+07,2.8357156e+07,1.9287222e+08,2.7085725e+08
KIR,PRT,1964,0.0,DOTS_IP,954643.25,,1.9287222e+08,2.7085725e+08
KNA,PRT,1964,0.0,DOTS_IP,,2.857144e+06,1.9287222e+08,2.7085725e+08
KOR,PRT,1964,0.0,DOTS_IP,4.1535732e+07,1.5049032e+08,1.9287222e+08,2.7085725e+08
KWT,PRT,1964,35714.3,DOTS_IP,5.398717e+08,1.1517862e+08,1.9287222e+08,2.7085725e+08
LAO,PRT,1964,0.0,DOTS_IP,175000.08,8.607147e+06,1.9287222e+08,2.7085725e+08
LBN,PRT,1964,35714.3,DOTS_IP,6.741431e+07,1.6764877e+08,1.9287222e+08,2.7085725e+08
LBR,PRT,1964,0.0,DOTS_IP,6.6035744e+07,6.907146e+07,1.9287222e+08,2.7085725e+08
LBY,PRT,1964,0.0,DOTS_IP,2.6228584e+08,1.0435719e+08,1.9287222e+08,2.7085725e+08
LCA,PRT,1964,0.0,DOTS_IP,2.0477045e+06,4.2545735e+06,1.9287222e+08,2.7085725e+08
LKA,PRT,1964,142857.2,DOTS_IP,1.3725006e+08,1.471072e+08,1.9287222e+08,2.7085725e+08
LSO,PRT,1964,,,2.142858e+06,8.571432e+06,1.9287222e+08,2.7085725e+08
LUX,PRT,1964,435714.47,COW,,,1.9287222e+08,2.7085725e+08
MAC,PRT,1964,250000.11,DOTS_IP,7.571432e+06,1.717858e+07,1.9287222e+08,2.7085725e+08
MAR,PRT,1964,1.6785721e+06,DOTS_IP,1.7270722e+08,1.6545397e+08,1.9287222e+08,2.7085725e+08
MDG,PRT,1964,71428.6,DOTS_IP,3.804287e+07,4.8285736e+07,1.9287222e+08,2.7085725e+08
MDV,PRT,1964,0.0,DOTS_IP,763800.3,789443.2,1.9287222e+08,2.7085725e+08
MEX,PRT,1964,642857.44,DOTS_IP,4.0901517e+08,5.682649e+08,1.9287222e+08,2.7085725e+08
MLI,PRT,1964,0.0,DOTS_IP,5.8571455e+06,1.2964291e+07,1.9287222e+08,2.7085725e+08
MLT,PRT,1964,178571.5,DOTS_XP,6.89286e+06,3.3300014e+07,1.9287222e+08,2.7085725e+08
MMR,PRT,1964,107142.91,DOTS_XP,8.300397e+07,9.453575e+07,1.9287222e+08,2.7085725e+08
MNG,PRT,1964,0.0,DOTS_IP,,,1.9287222e+08,2.7085725e+08
MOZ,PRT,1964,1.3142863e+07,DOTS_IP,4.2881836e+07,5.749022e+07,1.9287222e+08,2.7085725e+08
MRT,PRT,1964,0.0,DOTS_IP,2.067858e+07,5.821431e+06,1.9287222e+08,2.7085725e+08
MTQ,PRT,1964,0.0,DOTS_IP,1.3392864e+07,2.7857156e+07,1.9287222e+08,2.7085725e+08
MUS,PRT,1964,0.0,DOTS_IP,2.8785726e+07,2.8500012e+07,1.9287222e+08,2.7085725e+08
MWI,PRT,1964,107142.91,DOTS_XP,1.2892863e+07,1.6225007e+07,1.9287222e+08,2.7085725e+08
MYS,PRT,1964,0.0,DOTS_IP,3.9456803e+08,3.73918e+08,1.9287222e+08,2.7085725e+08
NAM,PRT,1964,0.0,DOTS_IP,,,1.9287222e+08,2.7085725e+08
NCL,PRT,1964,0.0,DOTS_IP,2.225001e+07,1.9464294e+07,1.9287222e+08,2.7085725e+08
NER,PRT,1964,0.0,DOTS_IP,9.285718e+06,1.1607148e+07,1.9287222e+08,2.7085725e+08
NGA,PRT,1964,1.5000006e+06,DOTS_IP,2.1467867e+08,2.5389296e+08,1.9287222e+08,2.7085725e+08
NIC,PRT,1964,1.6071436e+06,DOTS_IP,4.6110736e+07,4.8939308e+07,1.9287222e+08,2.7085725e+08
NLD,PRT,1964,8.1428605e+06,DOTS_IP,2.0599653e+09,2.7465948e+09,1.9287222e+08,2.7085725e+08
NOR,PRT,1964,1.6428579e+06,DOTS_IP,4.5935738e+08,7.0707174e+08,1.9287222e+08,2.7085725e+08
NPL,PRT,1964,0.0,DOTS_IP,1.5492293e+07,3.513773e+07,1.9287222e+08,2.7085725e+08
NRU,PRT,1964,0.0,DOTS_IP,,,1.9287222e+08,2.7085725e+08
NZL,PRT,1964,1.6428579e+06,DOTS_IP,4.1410374e+08,3.4139302e+08,1.9287222e+08,2.7085725e+08
OMN,PRT,1964,0.0,DOTS_IP,1.4772734e+07,5.214288e+06,1.9287222e+08,2.7085725e+08
PAK,PRT,1964,1.5714292e+06,DOTS_IP,1.7460722e+08,3.513573e+08,1.9287222e+08,2.7085725e+08
PAN,PRT,1964,0.0,DOTS_IP,4.8293948e+07,1.1729541e+08,1.9287222e+08,2.7085725e+08
PER,PRT,1964,214285.81,DOTS_IP,2.8492512e+08,2.0671438e+08,1.9287222e+08,2.7085725e+08
PHL,PRT,1964,0.0,DOTS_IP,3.0342512e+08,3.1266573e+08,1.9287222e+08,2.7085725e+08
PNG,PRT,1964,0.0,DOTS_IP,1.5500007e+07,3.4195372e+07,1.9287222e+08,2.7085725e+08
POL,PRT,1964,1.5000006e+06,DOTS_IP,7.4875034e+08,7.400003e+08,1.9287222e+08,2.7085725e+08
PRK,PRT,1964,0.0,DOTS_IP,1.0057147e+07,,1.9287222e+08,2.7085725e+08
PRT,AFG,1964,0.0,DOTS_IP,1.9287222e+08,2.7085725e+08,2.532144e+07,5.0464308e+07
PRT,AGO,1964,2.864287e+07,DOTS_IP,1.9287222e+08,2.7085725e+08,7.9571464e+07,5.8500024e+07
PRT,ALB,1964,0.0,DOTS_IP,1.9287222e+08,2.7085725e+08,2.7928585e+06,6.5714315e+06
PRT,ANT,1964,117857.2,DOTS_IP,1.9287222e+08,2.7085725e+08,2.2423403e+08,2.5975011e+08
PRT,ARE,1964,0.0,DOTS_IP,1.9287222e+08,2.7085725e+08,3.14393e+07,7.321432e+07
PRT,ARG,1964,750000.3,DOTS_IP,1.9287222e+08,2.7085725e+08,5.395056e+08,3.7739302e+08
PRT,ATG,1964,0.0,DOTS_IP,1.9287222e+08,2.7085725e+08,1.071429e+06,4.642859e+06
PRT,AUS,1964,1.3357149e+06,DOTS_IP,1.9287222e+08,2.7085725e+08,1.06185754e+09,1.1464362e+09
PRT,AUT,1964,1.9285722e+06,DOTS_IP,1.9287222e+08,2.7085725e+08,5.138931e+08,6.611789e+08
PRT,BDI,1964,0.0,DOTS_IP,1.9287222e+08,2.7085725e+08,1.2392862e+07,6.071431e+06
PRT,BEL,1964,5.6071455e+06,DOTS_IP,1.9287222e+08,2.7085725e+08,1.987358e+09,2.1190396e+09
PRT,BEN,1964,0.0,DOTS_IP,1.9287222e+08,2.7085725e+08,5.821431e+06,1.1035719e+07
PRT,BFA,1964,0.0,DOTS_IP,1.9287222e+08,2.7085725e+08,3.5714302e+06,1.4169792e+07
PRT,BGD,1964,0.0,DOTS_IP,1.9287222e+08,2.7085725e+08,,
PRT,BGR,1964,285714.4,DOTS_XP,1.9287222e+08,2.7085725e+08,3.357755e+08,3.663005e+08
PRT,BHR,1964,0.0,DOTS_IP,1.9287222e+08,2.7085725e+08,6.278574e+07,6.114289e+07
PRT,BHS,1964,0.0,DOTS_IP,1.9287222e+08,2.7085725e+08,1.0446433e+07,5.2861096e+07
PRT,BLZ,1964,0.0,DOTS_IP,1.9287222e+08,2.7085725e+08,7.821432e+06,8.50877e+06
PRT,BMU,1964,71428.6,DOTS_IP,1.9287222e+08,2.7085725e+08,1.3142863e+07,3.1035728e+07
PRT,BOL,1964,71428.6,DOTS_IP,1.9287222e+08,2.7085725e+08,4.0678588e+07,3.6750016e+07
PRT,BRA,1964,589286.0,DOTS_IP,1.9287222e+08,2.7085725e+08,5.6960595e+08,4.953145e+08
PRT,BRB,1964,0.0,DOTS_IP,1.9287222e+08,2.7085725e+08,1.2561863e+07,2.2464296e+07
PRT,BRN,1964,0.0,DOTS_IP,1.9287222e+08,2.7085725e+08,2.1785724e+07,1.1071433e+07
PRT,BWA,1964,0.0,DOTS_IP,1.9287222e+08,2.7085725e+08,4.222002e+06,4.664502e+06
PRT,CAF,1964,107142.91,DOTS_IP,1.9287222e+08,2.7085725e+08,1.0321433e+07,1.0535719e+07
PRT,CAN,1964,3.4642872e+06,DOTS_IP,1.9287222e+08,2.7085725e+08,2.871537e+09,2.7960727e+09
PRT,CHE,1964,3.7500018e+06,DOTS_IP,1.9287222e+08,2.7085725e+08,9.4485754e+08,1.3154054e+09
PRT,CHL,1964,71428.6,DOTS_IP,1.9287222e+08,2.7085725e+08,2.5032154e+08,2.1732152e+08
PRT,CHN,1964,71428.6,DOTS_XP,1.9287222e+08,2.7085725e+08,8.037075e+08,6.107574e+08
PRT,CIV,1964,0.0,DOTS_IP,1.9287222e+08,2.7085725e+08,1.22920056e+08,8.7321464e+07
PRT,CMR,1964,,DOTS_IP,1.9287222e+08,2.7085725e+08,6.1821456e+07,4.169807e+07
PRT,COD,1964,928571.8,DOTS_IP,1.9287222e+08,2.7085725e+08,1.5452149e+08,1.02928616e+08
PRT,COG,1964,142857.2,DOTS_IP,1.9287222e+08,2.7085725e+08,1.6928578e+07,2.300001e+07
PRT,COL,1964,107142.91,DOTS_IP,1.9287222e+08,2.7085725e+08,2.0843938e+08,2.0903579e+08
PRT,COM,1964,0.0,DOTS_IP,1.9287222e+08,2.7085725e+08,1.4265292e+06,2.1803045e+06
PRT,CPV,1964,1.1428576e+06,DOTS_XP,1.9287222e+08,2.7085725e+08,250000.11,2.5357152e+06
PRT,CRI,1964,0.0,DOTS_IP,1.9287222e+08,2.7085725e+08,4.3986804e+07,4.914288e+07
PRT,CUB,1964,0.0,DOTS_IP,1.9287222e+08,2.7085725e+08,2.5500011e+08,3.6392874e+08
PRT,CYP,1964,678571.75,DOTS_IP,1.9287222e+08,2.7085725e+08,2.1357152e+07,3.739287e+07
PRT,CZSK,1964,642857.44,DOTS_XP,1.9287222e+08,2.7085725e+08,7.8006445e+08,7.3789875e+08
PRT,DJI,1964,0.0,DOTS_IP,1.9287222e+08,2.7085725e+08,464285.9,1.4642864e+07
PRT,DMA,1964,0.0,DOTS_IP,1.9287222e+08,2.7085725e+08,1.8006222e+06,3.1170762e+06
PRT,DNK,1964,4.500002e+06,DOTS_IP,1.9287222e+08,2.7085725e+08,7.540003e+08,9.321076e+08
PRT,DOM,1964,142857.2,DOTS_XP,1.9287222e+08,2.7085725e+08,7.1896456e+07,7.01786e+07
PRT,DZA,1964,71428.6,DOTS_IP,1.9287222e+08,2.7085725e+08,2.817937e+08,2.5063971e+08
PRT,ECU,1964,157142.92,DOTS_IP,1.9287222e+08,2.7085725e+08,8.0067896e+07,6.053574e+07
PRT,EDEU,1964,178571.5,DOTS_XP,1.9287222e+08,2.7085725e+08,1.7736936e+08,1.6311078e+08
PRT,EGY,1964,71428.6,DOTS_XP,1.9287222e+08,2.7085725e+08,1.9264294e+08,3.4039302e+08
PRT,ESP,1964,6.5714315e+06,DOTS_IP,1.9287222e+08,2.7085725e+08,3.9174154e+08,8.0050035e+08
PRT,ETH,1964,0.0,DOTS_IP,1.9287222e+08,2.7085725e+08,3.7464304e+07,4.3714304e+07
PRT,FIN,1964,1.1428576e+06,DOTS_IP,1.9287222e+08,2.7085725e+08,4.6050022e+08,5.348931e+08
PRT,FJI,1964,0.0,DOTS_IP,1.9287222e+08,2.7085725e+08,2.225001e+07,2.432144e+07
PRT,FRA,1964,9.821433e+06,DOTS_IP,1.9287222e+08,2.7085725e+08,3.203573e+09,3.5751803e+09
PRT,FRO,1964,0.0,DOTS_IP,1.9287222e+08,2.7085725e+08,7.0357175e+06,8.2500035e+06
PRT,GAB,1964,,DOTS_IP,1.9287222e+08,2.7085725e+08,3.8964304e+07,1.9821438e+07
PRT,GBR,1964,3.139287e+07,DOTS_IP,1.9287222e+08,2.7085725e+08,4.468859e+09,5.621788e+09
PRT,GHA,1964,0.0,DOTS_IP,1.9287222e+08,2.7085725e+08,1.1471434e+08,1.21500056e+08
PRT,GIB,1964,0.0,DOTS_IP,1.9287222e+08,2.7085725e+08,1.0035719e+06,1.8514294e+07
PRT,GIN,1964,0.0,DOTS_IP,1.9287222e+08,2.7085725e+08,1.535715e+07,1.7500008e+07
PRT,GLP,1964,0.0,DOTS_IP,1.9287222e+08,2.7085725e+08,1.4107149e+07,2.8357156e+07
PRT,GMB,1964,7857.15,DOTS_IP,1.9287222e+08,2.7085725e+08,3.6071445e+06,4.335716e+06
PRT,GNB,1964,2.500001e+06,DOTS_XP,1.9287222e+08,2.7085725e+08,3.3678588e+06,5.3627525e+06
PRT,GNQ,1964,0.0,DOTS_IP,1.9287222e+08,2.7085725e+08,1.1785719e+07,8.2142895e+06
PRT,GRC,1964,1.071429e+06,DOTS_IP,1.9287222e+08,2.7085725e+08,1.1025005e+08,3.565649e+08
PRT,GRD,1964,0.0,DOTS_IP,1.9287222e+08,2.7085725e+08,1.5043721e+06,3.6818588e+06
PRT,GRL,1964,0.0,DOTS_IP,1.9287222e+08,2.7085725e+08,3.8571445e+06,1.021429e+07
PRT,GTM,1964,35714.3,DOTS_IP,1.9287222e+08,2.7085725e+08,7.211431e+07,7.196432e+07
PRT,GUF,1964,0.0,DOTS_IP,1.9287222e+08,2.7085725e+08,1.2892862e+06,5.714288e+06
PRT,GUY,1964,107142.91,DOTS_IP,1.9287222e+08,2.7085725e+08,4.160002e+07,3.1285728e+07
PRT,HKG,1964,107142.91,DOTS_IP,1.9287222e+08,2.7085725e+08,3.286123e+08,5.235522e+08
PRT,HND,1964,35714.3,DOTS_IP,1.9287222e+08,2.7085725e+08,3.8343588e+07,3.6571444e+07
PRT,HTI,1964,0.0,DOTS_IP,1.9287222e+08,2.7085725e+08,1.9107152e+07,1.3769486e+07
PRT,HUN,1964,285714.4,DOTS_XP,1.9287222e+08,2.7085725e+08,3.2938365e+08,3.6252915e+08
PRT,IDN,1964,214285.81,DOTS_XP,1.9287222e+08,2.7085725e+08,2.5864298e+08,2.4282155e+08
PRT,IND,1964,107142.91,DOTS_IP,1.9287222e+08,2.7085725e+08,6.041788e+08,9.552764e+08
PRT,IRL,1964,750000.3,DOTS_IP,1.9287222e+08,2.7085725e+08,2.288751e+08,3.456073e+08
PRT,IRN,1964,107142.91,DOTS_IP,1.9287222e+08,2.7085725e+08,4.3471446e+08,2.4332848e+08
PRT,IRQ,1964,500000.22,DOTS_IP,1.9287222e+08,2.7085725e+08,3.3632515e+08,1.4389293e+08
PRT,ISL,1964,71428.6,DOTS_IP,1.9287222e+08,2.7085725e+08,3.9642876e+07,4.667859e+07
PRT,ISR,1964,1.6428579e+06,DOTS_IP,1.9287222e+08,2.7085725e+08,1.3117863e+08,2.9757155e+08
PRT,ITA,1964,5.071431e+06,DOTS_IP,1.9287222e+08,2.7085725e+08,2.1101439e+09,2.561144e+09
PRT,JAM,1964,0.0,DOTS_IP,1.9287222e+08,2.7085725e+08,1.0219147e+08,1.0060718e+08
PRT,JOR,1964,321428.72,DOTS_IP,1.9287222e+08,2.7085725e+08,1.0000004e+07,5.3428596e+07
PRT,JPN,1964,2.2142868e+06,DOTS_IP,1.9287222e+08,2.7085725e+08,2.2644296e+09,2.6907868e+09
PRT,KEN,1964,0.0,DOTS_IP,1.9287222e+08,2.7085725e+08,7.945003e+07,9.373381e+07
PRT,KHM,1964,0.0,DOTS_IP,1.9287222e+08,2.7085725e+08,2.657144e+07,2.8357156e+07
PRT,KIR,1964,0.0,DOTS_IP,1.9287222e+08,2.7085725e+08,954643.25,
PRT,KNA,1964,0.0,DOTS_IP,1.9287222e+08,2.7085725e+08,,2.857144e+06
PRT,KOR,1964,0.0,DOTS_IP,1.9287222e+08,2.7085725e+08,4.1535732e+07,1.5049032e+08
PRT,KWT,1964,71428.6,DOTS_XP,1.9287222e+08,2.7085725e+08,5.398717e+08,1.1517862e+08
PRT,LAO,1964,0.0,DOTS_IP,1.9287222e+08,2.7085725e+08,175000.08,8.607147e+06
PRT,LBN,1964,357143.0,DOTS_IP,1.9287222e+08,2.7085725e+08,6.741431e+07,1.6764877e+08
PRT,LBR,1964,0.0,DOTS_IP,1.9287222e+08,2.7085725e+08,6.6035744e+07,6.907146e+07
PRT,LBY,1964,0.0,DOTS_IP,1.9287222e+08,2.7085725e+08,2.6228584e+08,1.0435719e+08
PRT,LCA,1964,0.0,DOTS_IP,1.9287222e+08,2.7085725e+08,2.0477045e+06,4.2545735e+06
PRT,LKA,1964,142857.2,DOTS_XP,1.9287222e+08,2.7085725e+08,1.3725006e+08,1.471072e+08
PRT,LSO,1964,0.0,DOTS_IP,1.9287222e+08,2.7085725e+08,2.142858e+06,8.571432e+06
PRT,LUX,1964,275000.12,COW,1.9287222e+08,2.7085725e+08,,
PRT,MAC,1964,250000.11,DOTS_IP,1.9287222e+08,2.7085725e+08,7.571432e+06,1.717858e+07
PRT,MAR,1964,1.535715e+06,DOTS_IP,1.9287222e+08,2.7085725e+08,1.7270722e+08,1.6545397e+08
PRT,MDG,1964,35714.3,DOTS_IP,1.9287222e+08,2.7085725e+08,3.804287e+07,4.8285736e+07
PRT,MDV,1964,0.0,DOTS_IP,1.9287222e+08,2.7085725e+08,763800.3,789443.2
PRT,MEX,1964,428571.62,DOTS_IP,1.9287222e+08,2.7085725e+08,4.0901517e+08,5.682649e+08
PRT,MLI,1964,0.0,DOTS_IP,1.9287222e+08,2.7085725e+08,5.8571455e+06,1.2964291e+07
PRT,MLT,1964,7142.8604,DOTS_IP,1.9287222e+08,2.7085725e+08,6.89286e+06,3.3300014e+07
PRT,MMR,1964,214285.81,DOTS_IP,1.9287222e+08,2.7085725e+08,8.300397e+07,9.453575e+07
PRT,MNG,1964,0.0,DOTS_IP,1.9287222e+08,2.7085725e+08,,
PRT,MOZ,1964,1.7714294e+07,DOTS_IP,1.9287222e+08,2.7085725e+08,4.2881836e+07,5.749022e+07
PRT,MRT,1964,0.0,DOTS_IP,1.9287222e+08,2.7085725e+08,2.067858e+07,5.821431e+06
PRT,MTQ,1964,0.0,DOTS_IP,1.9287222e+08,2.7085725e+08,1.3392864e+07,2.7857156e+07
PRT,MUS,1964,0.0,DOTS_IP,1.9287222e+08,2.7085725e+08,2.8785726e+07,2.8500012e+07
PRT,MWI,1964,39285.73,DOTS_IP,1.9287222e+08,2.7085725e+08,1.2892863e+07,1.6225007e+07
PRT,MYS,1964,0.0,DOTS_IP,1.9287222e+08,2.7085725e+08,3.9456803e+08,3.73918e+08
PRT,NAM,1964,0.0,DOTS_IP,1.9287222e+08,2.7085725e+08,,
PRT,NCL,1964,0.0,DOTS_IP,1.9287222e+08,2.7085725e+08,2.225001e+07,1.9464294e+07
PRT,NER,1964,0.0,DOTS_IP,1.9287222e+08,2.7085725e+08,9.285718e+06,1.1607148e+07
PRT,NGA,1964,285714.4,DOTS_IP,1.9287222e+08,2.7085725e+08,2.1467867e+08,2.5389296e+08
PRT,NIC,1964,107142.91,DOTS_IP,1.9287222e+08,2.7085725e+08,4.6110736e+07,4.8939308e+07
PRT,NLD,1964,4.250002e+06,DOTS_IP,1.9287222e+08,2.7085725e+08,2.0599653e+09,2.7465948e+09
PRT,NOR,1964,1.8214294e+06,DOTS_IP,1.9287222e+08,2.7085725e+08,4.5935738e+08,7.0707174e+08
PRT,NRU,1964,0.0,DOTS_IP,1.9287222e+08,2.7085725e+08,,
PRT,NZL,1964,250000.11,DOTS_XP,1.9287222e+08,2.7085725e+08,4.1410374e+08,3.4139302e+08
PRT,OMN,1964,0.0,DOTS_IP,1.9287222e+08,2.7085725e+08,1.4772734e+07,5.214288e+06
PRT,PAK,1964,821428.94,DOTS_IP,1.9287222e+08,2.7085725e+08,1.7460722e+08,3.513573e+08
PRT,PAN,1964,39285.73,DOTS_IP,1.9287222e+08,2.7085725e+08,4.8293948e+07,1.1729541e+08
PRT,PER,1964,178571.5,DOTS_IP,1.9287222e+08,2.7085725e+08,2.8492512e+08,2.0671438e+08
PRT,PHL,1964,321428.72,DOTS_IP,1.9287222e+08,2.7085725e+08,3.0342512e+08,3.1266573e+08
PRT,PNG,1964,0.0,DOTS_IP,1.9287222e+08,2.7085725e+08,1.5500007e+07,3.4195372e+07
PRT,POL,1964,500000.22,DOTS_XP,1.9287222e+08,2.7085725e+08,7.4875034e+08,7.400003e+08
PRT,PRK,1964,0.0,DOTS_IP,1.9287222e+08,2.7085725e+08,1.0057147e+07,
PRT,PRY,1964,0.0,DOTS_IP,1.9287222e+08,2.7085725e+08,2.1167866e+07,1.8285722e+07
PRT,PYF,1964,0.0,DOTS_IP,1.9287222e+08,2.7085725e+08,3.9667208e+06,2.5427594e+07
PRT,QAT,1964,0.0,DOTS_IP,1.9287222e+08,2.7085725e+08,5.3928596e+07,1.785715e+07
PRT,REU,1964,0.0,DOTS_IP,1.9287222e+08,2.7085725e+08,6.6703985e+06,1.5889308e+07
PRT,ROM,1964,653571.7,DOTS_IP,1.9287222e+08,2.7085725e+08,3.5672515e+08,4.5798234e+08
PRT,RWA,1964,0.0,DOTS_IP,1.9287222e+08,2.7085725e+08,4.285716e+06,4.285716e+06
PRT,SAU,1964,214285.81,DOTS_XP,1.9287222e+08,2.7085725e+08,4.5273008e+08,1.31383176e+08
PRT,SDN,1964,357143.0,DOTS_IP,1.9287222e+08,2.7085725e+08,7.014289e+07,9.757147e+07
PRT,SEN,1964,0.0,DOTS_IP,1.9287222e+08,2.7085725e+08,5.3493236e+07,6.2773436e+07
PRT,SGP,1964,0.0,DOTS_IP,1.9287222e+08,2.7085725e+08,3.234005e+08,4.060002e+08
PRT,SHN,1964,0.0,DOTS_IP,1.9287222e+08,2.7085725e+08,,
PRT,SLB,1964,0.0,DOTS_IP,1.9287222e+08,2.7085725e+08,1.6240008e+06,2.4945832e+06
PRT,SLE,1964,0.0,DOTS_IP,1.9287222e+08,2.7085725e+08,3.80943e+07,3.560716e+07
PRT,SLV,1964,0.0,DOTS_IP,1.9287222e+08,2.7085725e+08,6.3607172e+07,6.81786e+07
PRT,SOM,1964,0.0,DOTS_IP,1.9287222e+08,2.7085725e+08,,
PRT,STP,1964,750000.3,DOTS_XP,1.9287222e+08,2.7085725e+08,2.142858e+06,1.7857151e+06
PRT,SUR,1964,35714.3,DOTS_IP,1.9287222e+08,2.7085725e+08,2.0982152e+07,2.8750012e+07
PRT,SWE,1964,6.8214315e+06,DOTS_IP,1.9287222e+08,2.7085725e+08,1.3087506e+09,1.3710006e+09
PRT,SWZ,1964,0.0,DOTS_IP,1.9287222e+08,2.7085725e+08,1.1345005e+07,9.642861e+06
PRT,SYC,1964,0.0,DOTS_IP,1.9287222e+08,2.7085725e+08,489000.22,884253.94
PRT,SYR,1964,357143.0,DOTS_IP,1.9287222e+08,2.7085725e+08,8.487504e+07,8.3857176e+07
PRT,TCD,1964,35714.3,DOTS_IP,1.9287222e+08,2.7085725e+08,9.467754e+06,1.2351184e+07
PRT,TGO,1964,0.0,DOTS_IP,1.9287222e+08,2.7085725e+08,1.2267862e+07,1.4750007e+07
PRT,THA,1964,71428.6,DOTS_IP,1.9287222e+08,2.7085725e+08,2.1186474e+08,2.3410726e+08
PRT,TON,1964,0.0,DOTS_IP,1.9287222e+08,2.7085725e+08,931200.44,1.5416006e+06
PRT,TTO,1964,107142.91,DOTS_IP,1.9287222e+08,2.7085725e+08,1.4464293e+08,1.5100006e+08
PRT,TUN,1964,0.0,DOTS_IP,1.9287222e+08,2.7085725e+08,6.0250028e+07,8.892861e+07
PRT,TUR,1964,357143.0,DOTS_IP,1.9287222e+08,2.7085725e+08,1.5092507e+08,2.2433192e+08
PRT,TUV,1964,0.0,DOTS_IP,1.9287222e+08,2.7085725e+08,,
PRT,TZA,1964,0.0,DOTS_IP,1.9287222e+08,2.7085725e+08,7.057146e+07,6.3100028e+07
PRT,UGA,1964,0.0,DOTS_IP,1.9287222e+08,2.7085725e+08,7.6071464e+07,4.6398948e+07
PRT,URY,1964,71428.6,DOTS_IP,1.9287222e+08,2.7085725e+08,6.4035744e+07,7.039289e+07
PRT,USA,1964,2.250001e+07,DOTS_IP,1.9287222e+08,2.7085725e+08,9.456076e+09,7.1712527e+09
PRT,USSR,1964,0.0,DOTS_IP,1.9287222e+08,2.7085725e+08,6.0104556e+09,6.0975636e+09
PRT,VCT,1964,0.0,DOTS_IP,1.9287222e+08,2.7085725e+08,1.347497e+06,3.3466585e+06
PRT,VEN,1964,1.03571475e+06,DOTS_IP,1.9287222e+08,2.7085725e+08,1.0222619e+09,4.5089306e+08
PRT,VNM,1964,1.3928578e+06,DOTS_XP,1.9287222e+08,2.7085725e+08,1.917858e+07,8.725004e+07
PRT,VUT,1964,0.0,DOTS_IP,1.9287222e+08,2.7085725e+08,3.27643e+06,2.4092868e+06
PRT,WDEU,1964,1.785715e+07,DOTS_IP,1.9287222e+08,2.7085725e+08,5.7771453e+09,5.227145e+09
PRT,WSM,1964,0.0,DOTS_IP,1.9287222e+08,2.7085725e+08,2.4285725e+06,3.3928588e+06
PRT,YAR,1964,0.0,COW,1.9287222e+08,2.7085725e+08,,
PRT,YUG,1964,0.0,DOTS_IP,1.9287222e+08,2.7085725e+08,3.16893e+08,4.6164307e+08
PRT,ZAF,1964,1.9642866e+06,DOTS_XP,1.9287222e+08,2.7085725e+08,5.985039e+08,7.5790944e+08
PRT,ZMB,1964,32142.871,DOTS_IP,1.9287222e+08,2.7085725e+08,1.6692864e+08,7.7552536e+07
PRT,ZWE,1964,357143.0,DOTS_XP,1.9287222e+08,2.7085725e+08,1.3745006e+08,1.2072506e+08
PRY,PRT,1964,0.0,DOTS_IP,2.1167866e+07,1.8285722e+07,1.9287222e+08,2.7085725e+08
PYF,PRT,1964,,,3.9667208e+06,2.5427594e+07,1.9287222e+08,2.7085725e+08
QAT,PRT,1964,0.0,DOTS_IP,5.3928596e+07,1.785715e+07,1.9287222e+08,2.7085725e+08
REU,PRT,1964,0.0,DOTS_IP,6.6703985e+06,1.5889308e+07,1.9287222e+08,2.7085725e+08
ROM,PRT,1964,642857.44,DOTS_IP,3.5672515e+08,4.5798234e+08,1.9287222e+08,2.7085725e+08
RWA,PRT,1964,0.0,DOTS_IP,4.285716e+06,4.285716e+06,1.9287222e+08,2.7085725e+08
SAU,PRT,1964,35714.3,DOTS_IP,4.5273008e+08,1.31383176e+08,1.9287222e+08,2.7085725e+08
SDN,PRT,1964,0.0,DOTS_IP,7.014289e+07,9.757147e+07,1.9287222e+08,2.7085725e+08
SEN,PRT,1964,0.0,DOTS_IP,5.3493236e+07,6.2773436e+07,1.9287222e+08,2.7085725e+08
SGP,PRT,1964,0.0,DOTS_IP,3.234005e+08,4.060002e+08,1.9287222e+08,2.7085725e+08
SHN,PRT,1964,0.0,DOTS_IP,,,1.9287222e+08,2.7085725e+08
SLB,PRT,1964,0.0,DOTS_IP,1.6240008e+06,2.4945832e+06,1.9287222e+08,2.7085725e+08
SLE,PRT,1964,0.0,DOTS_IP,3.80943e+07,3.560716e+07,1.9287222e+08,2.7085725e+08
SLV,PRT,1964,0.0,DOTS_IP,6.3607172e+07,6.81786e+07,1.9287222e+08,2.7085725e+08
SOM,PRT,1964,0.0,DOTS_IP,,,1.9287222e+08,2.7085725e+08
SPM,PRT,1964,0.0,DOTS_IP,678571.7,1.892858e+06,1.9287222e+08,2.7085725e+08
STP,PRT,1964,964286.1,DOTS_IP,2.142858e+06,1.7857151e+06,1.9287222e+08,2.7085725e+08
SUR,PRT,1964,0.0,DOTS_IP,2.0982152e+07,2.8750012e+07,1.9287222e+08,2.7085725e+08
SWE,PRT,1964,5.464288e+06,DOTS_IP,1.3087506e+09,1.3710006e+09,1.9287222e+08,2.7085725e+08
SWZ,PRT,1964,,,1.1345005e+07,9.642861e+06,1.9287222e+08,2.7085725e+08
SYC,PRT,1964,0.0,DOTS_IP,489000.22,884253.94,1.9287222e+08,2.7085725e+08
SYR,PRT,1964,107142.91,DOTS_IP,8.487504e+07,8.3857176e+07,1.9287222e+08,2.7085725e+08
TCD,PRT,1964,0.0,DOTS_IP,9.467754e+06,1.2351184e+07,1.9287222e+08,2.7085725e+08
TGO,PRT,1964,0.0,DOTS_IP,1.2267862e+07,1.4750007e+07,1.9287222e+08,2.7085725e+08
THA,PRT,1964,678571.75,DOTS_IP,2.1186474e+08,2.3410726e+08,1.9287222e+08,2.7085725e+08
TON,PRT,1964,0.0,DOTS_IP,931200.44,1.5416006e+06,1.9287222e+08,2.7085725e+08
TTO,PRT,1964,71428.6,DOTS_XP,1.4464293e+08,1.5100006e+08,1.9287222e+08,2.7085725e+08
TUN,PRT,1964,0.0,DOTS_IP,6.0250028e+07,8.892861e+07,1.9287222e+08,2.7085725e+08
TUR,PRT,1964,4.750002e+06,DOTS_IP,1.5092507e+08,2.2433192e+08,1.9287222e+08,2.7085725e+08
TUV,PRT,1964,0.0,DOTS_IP,,,1.9287222e+08,2.7085725e+08
TWN,PRT,1964,,,,,1.9287222e+08,2.7085725e+08
TZA,PRT,1964,0.0,DOTS_IP,7.057146e+07,6.3100028e+07,1.9287222e+08,2.7085725e+08
UGA,PRT,1964,0.0,DOTS_IP,7.6071464e+07,4.6398948e+07,1.9287222e+08,2.7085725e+08
URY,PRT,1964,642857.44,DOTS_IP,6.4035744e+07,7.039289e+07,1.9287222e+08,2.7085725e+08
USA,PRT,1964,2.8428584e+07,DOTS_IP,9.456076e+09,7.1712527e+09,1.9287222e+08,2.7085725e+08
USSR,PRT,1964,0.0,DOTS_IP,6.0104556e+09,6.0975636e+09,1.9287222e+08,2.7085725e+08
VCT,PRT,1964,0.0,DOTS_IP,1.347497e+06,3.3466585e+06,1.9287222e+08,2.7085725e+08
VEN,PRT,1964,571428.8,DOTS_IP,1.0222619e+09,4.5089306e+08,1.9287222e+08,2.7085725e+08
VNM,PRT,1964,0.0,DOTS_IP,1.917858e+07,8.725004e+07,1.9287222e+08,2.7085725e+08
VUT,PRT,1964,0.0,DOTS_IP,3.27643e+06,2.4092868e+06,1.9287222e+08,2.7085725e+08
WDEU,PRT,1964,4.1428588e+07,DOTS_IP,5.7771453e+09,5.227145e+09,1.9287222e+08,2.7085725e+08
WSM,PRT,1964,0.0,DOTS_IP,2.4285725e+06,3.3928588e+06,1.9287222e+08,2.7085725e+08
YAR,PRT,1964,107142.91,COW,,,1.9287222e+08,2.7085725e+08
YUG,PRT,1964,0.0,DOTS_IP,3.16893e+08,4.6164307e+08,1.9287222e+08,2.7085725e+08
ZAF,PRT,1964,1.7142865e+06,DOTS_IP,5.985039e+08,7.5790944e+08,1.9287222e+08,2.7085725e+08
ZMB,PRT,1964,313928.72,DOTS_XP,1.6692864e+08,7.7552536e+07,1.9287222e+08,2.7085725e+08
ZWE,PRT,1964,571428.8,DOTS_IP,1.3745006e+08,1.2072506e+08,1.9287222e+08,2.7085725e+08
AFG,PRT,1965,0.0,DOTS_IP,2.5035726e+07,4.6785736e+07,2.2026189e+08,3.2853587e+08
AGO,PRT,1965,2.557144e+07,DOTS_IP,7.683218e+07,6.953574e+07,2.2026189e+08,3.2853587e+08
ALB,PRT,1965,0.0,DOTS_IP,2.5964298e+06,8.528575e+06,2.2026189e+08,3.2853587e+08
ANT,PRT,1965,2.4285725e+06,DOTS_IP,2.236176e+08,2.7118762e+08,2.2026189e+08,3.2853587e+08
ARE,PRT,1965,0.0,DOTS_IP,6.7857176e+07,8.0357176e+07,2.2026189e+08,3.2853587e+08
ARG,PRT,1965,2.1071438e+06,DOTS_IP,5.650584e+08,4.2096448e+08,2.2026189e+08,3.2853587e+08
ATG,PRT,1965,0.0,DOTS_IP,1.428572e+06,6.7857175e+06,2.2026189e+08,3.2853587e+08
AUS,PRT,1965,1.071429e+06,DOTS_IP,1.0428576e+09,1.3032649e+09,2.2026189e+08,3.2853587e+08
AUT,PRT,1965,2.6785725e+06,DOTS_IP,5.698574e+08,7.479289e+08,2.2026189e+08,3.2853587e+08
BDI,PRT,1965,0.0,DOTS_IP,1.2142863e+07,6.4285745e+06,2.2026189e+08,3.2853587e+08
BEL,PRT,1965,1.1357148e+07,DOTS_IP,2.273894e+09,2.2929923e+09,2.2026189e+08,3.2853587e+08
BEN,PRT,1965,0.0,DOTS_IP,5.8571455e+06,1.2178577e+07,2.2026189e+08,3.2853587e+08
BFA,PRT,1965,0.0,DOTS_IP,5.214288e+06,1.3265577e+07,2.2026189e+08,3.2853587e+08
BGD,PRT,1965,0.0,DOTS_IP,,,2.2026189e+08,3.2853587e+08
BGR,PRT,1965,0.0,DOTS_IP,4.2735062e+08,4.2735062e+08,2.2026189e+08,3.2853587e+08
BHR,PRT,1965,2.1785725e+06,DOTS_IP,5.878574e+07,5.8392884e+07,2.2026189e+08,3.2853587e+08
BHS,PRT,1965,0.0,DOTS_IP,1.0655719e+07,6.2264316e+07,2.2026189e+08,3.2853587e+08
BLZ,PRT,1965,0.0,DOTS_IP,7.000003e+06,1.1273382e+07,2.2026189e+08,3.2853587e+08
BMU,PRT,1965,0.0,DOTS_IP,1.9535722e+07,3.639287e+07,2.2026189e+08,3.2853587e+08
BOL,PRT,1965,0.0,DOTS_IP,4.7107164e+07,4.789288e+07,2.2026189e+08,3.2853587e+08
BRA,PRT,1965,2.1785725e+06,DOTS_IP,6.2032525e+08,4.3061088e+08,2.2026189e+08,3.2853587e+08
BRB,PRT,1965,0.0,DOTS_IP,1.3389542e+07,2.3857154e+07,2.2026189e+08,3.2853587e+08
BRN,PRT,1965,0.0,DOTS_IP,2.3214296e+07,1.2857149e+07,2.2026189e+08,3.2853587e+08
BWA,PRT,1965,0.0,DOTS_IP,5.1195025e+06,8.2955035e+06,2.2026189e+08,3.2853587e+08
CAF,PRT,1965,0.0,DOTS_IP,9.321433e+06,9.71429e+06,2.2026189e+08,3.2853587e+08
CAN,PRT,1965,1.9642866e+06,DOTS_IP,3.0269402e+09,3.2548585e+09,2.2026189e+08,3.2853587e+08
CHE,PRT,1965,1.1464291e+07,DOTS_IP,1.0592147e+09,1.3450332e+09,2.2026189e+08,3.2853587e+08
CHL,PRT,1965,35714.3,DOTS_XP,2.919555e+08,2.1553582e+08,2.2026189e+08,3.2853587e+08
CHN,PRT,1965,71428.6,DOTS_IP,9.154147e+08,8.0225754e+08,2.2026189e+08,3.2853587e+08
CIV,PRT,1965,0.0,DOTS_IP,1.1275719e+08,8.425004e+07,2.2026189e+08,3.2853587e+08
CMR,PRT,1965,0.0,DOTS_IP,5.963217e+07,4.807145e+07,2.2026189e+08,3.2853587e+08
COD,PRT,1965,0.0,DOTS_IP,1.5176936e+08,1.1453577e+08,2.2026189e+08,3.2853587e+08
COG,PRT,1965,71428.6,DOTS_XP,1.6825008e+07,2.3071438e+07,2.2026189e+08,3.2853587e+08
COL,PRT,1965,0.0,DOTS_IP,2.2993618e+08,1.6146435e+08,2.2026189e+08,3.2853587e+08
COM,PRT,1965,0.0,DOTS_IP,1.3238078e+06,2.3481295e+06,2.2026189e+08,3.2853587e+08
CPV,PRT,1965,285714.4,DOTS_IP,321428.72,2.7142868e+06,2.2026189e+08,3.2853587e+08
CRI,PRT,1965,0.0,DOTS_IP,4.663002e+07,6.3607172e+07,2.2026189e+08,3.2853587e+08
CUB,PRT,1965,1.071429e+06,DOTS_IP,2.4500011e+08,3.0928586e+08,2.2026189e+08,3.2853587e+08
CYP,PRT,1965,0.0,DOTS_IP,2.6121084e+07,5.0964308e+07,2.2026189e+08,3.2853587e+08
CZSK,PRT,1965,1.071429e+06,DOTS_IP,8.1130854e+08,8.029445e+08,2.2026189e+08,3.2853587e+08
DJI,PRT,1965,0.0,DOTS_IP,857143.25,1.5000007e+07,2.2026189e+08,3.2853587e+08
DMA,PRT,1965,0.0,DOTS_IP,1.9816616e+06,3.5816445e+06,2.2026189e+08,3.2853587e+08
DNK,PRT,1965,3.2500015e+06,DOTS_IP,8.2607174e+08,1.0070004e+09,2.2026189e+08,3.2853587e+08
DOM,PRT,1965,107142.91,DOTS_IP,5.3260736e+07,4.453181e+07,2.2026189e+08,3.2853587e+08
DZA,PRT,1965,0.0,DOTS_IP,2.7413155e+08,2.387394e+08,2.2026189e+08,3.2853587e+08
ECU,PRT,1965,0.0,DOTS_IP,8.722504e+07,6.014938e+07,2.2026189e+08,3.2853587e+08
EDEU,PRT,1965,107142.91,DOTS_IP,1.8971222e+08,2.0005366e+08,2.2026189e+08,3.2853587e+08
EGY,PRT,1965,392857.3,DOTS_IP,2.1614296e+08,3.3332157e+08,2.2026189e+08,3.2853587e+08
ESP,PRT,1965,7.800945e+06,ESP TENA JUNGUITO,4.0381482e+08,1.0733219e+09,2.2026189e+08,3.2853587e+08
ETH,PRT,1965,0.0,DOTS_IP,4.225002e+07,5.3214308e+07,2.2026189e+08,3.2853587e+08
FIN,PRT,1965,1.00000044e+06,DOTS_IP,5.092145e+08,5.8639315e+08,2.2026189e+08,3.2853587e+08
FJI,PRT,1965,0.0,DOTS_IP,1.9000008e+07,2.5535726e+07,2.2026189e+08,3.2853587e+08
FLK,PRT,1965,0.0,DOTS_IP,1.3571435e+06,785714.6,2.2026189e+08,3.2853587e+08
FRA,PRT,1965,2.482144e+07,DOTS_IP,3.5819302e+09,3.673823e+09,2.2026189e+08,3.2853587e+08
FRO,PRT,1965,0.0,DOTS_IP,9.178575e+06,9.357147e+06,2.2026189e+08,3.2853587e+08
GAB,PRT,1965,0.0,DOTS_IP,4.1360732e+07,2.225001e+07,2.2026189e+08,3.2853587e+08
GBR,PRT,1965,4.282145e+07,DOTS_IP,4.791252e+09,5.694931e+09,2.2026189e+08,3.2853587e+08
GHA,PRT,1965,0.0,DOTS_IP,1.1346434e+08,1.6000006e+08,2.2026189e+08,3.2853587e+08
GIB,PRT,1965,0.0,DOTS_IP,1.178572e+06,1.0470005e+07,2.2026189e+08,3.2853587e+08
GIN,PRT,1965,0.0,DOTS_IP,1.9285722e+07,1.892858e+07,2.2026189e+08,3.2853587e+08
GLP,PRT,1965,0.0,DOTS_IP,1.4321792e+07,3.0571442e+07,2.2026189e+08,3.2853587e+08
GMB,PRT,1965,1.308572e+06,DOTS_XP,5.289645e+06,5.813217e+06,2.2026189e+08,3.2853587e+08
GNB,PRT,1965,1.5000006e+06,DOTS_IP,2.4285725e+06,4.857145e+06,2.2026189e+08,3.2853587e+08
GNQ,PRT,1965,,,9.642861e+06,9.285718e+06,2.2026189e+08,3.2853587e+08
GRC,PRT,1965,821428.94,DOTS_IP,1.1700005e+08,4.120385e+08,2.2026189e+08,3.2853587e+08
GRD,PRT,1965,0.0,DOTS_IP,2.2652045e+06,3.974359e+06,2.2026189e+08,3.2853587e+08
GRL,PRT,1965,0.0,DOTS_IP,4.8928595e+06,1.2107149e+07,2.2026189e+08,3.2853587e+08
GTM,PRT,1965,35714.3,DOTS_IP,7.3931816e+07,8.1857176e+07,2.2026189e+08,3.2853587e+08
GUF,PRT,1965,0.0,DOTS_IP,1.6500008e+06,7.178575e+06,2.2026189e+08,3.2853587e+08
GUY,PRT,1965,0.0,DOTS_IP,3.730716e+07,3.7285732e+07,2.2026189e+08,3.2853587e+08
HKG,PRT,1965,178571.5,DOTS_IP,3.71158e+08,5.396059e+08,2.2026189e+08,3.2853587e+08
HND,PRT,1965,0.0,DOTS_IP,5.5808956e+07,4.3892876e+07,2.2026189e+08,3.2853587e+08
HTI,PRT,1965,0.0,DOTS_IP,1.7642864e+07,1.336559e+07,2.2026189e+08,3.2853587e+08
HUN,PRT,1965,107142.91,DOTS_IP,3.6040086e+08,3.6243702e+08,2.2026189e+08,3.2853587e+08
IDN,PRT,1965,71428.6,DOTS_IP,2.703912e+08,2.4807154e+08,2.2026189e+08,3.2853587e+08
IND,PRT,1965,178571.5,DOTS_IP,5.8967885e+08,9.903219e+08,2.2026189e+08,3.2853587e+08
IRL,PRT,1965,285714.4,DOTS_IP,2.3656546e+08,3.7025018e+08,2.2026189e+08,3.2853587e+08
IRN,PRT,1965,1.03571475e+06,DOTS_IP,4.7844666e+08,3.0546442e+08,2.2026189e+08,3.2853587e+08
IRQ,PRT,1965,9.71429e+06,DOTS_IP,3.5110016e+08,1.555715e+08,2.2026189e+08,3.2853587e+08
ISL,PRT,1965,678571.75,DOTS_IP,4.6107164e+07,5.0030868e+07,2.2026189e+08,3.2853587e+08
ISR,PRT,1965,250000.11,DOTS_IP,1.5185722e+08,2.9760726e+08,2.2026189e+08,3.2853587e+08
ITA,PRT,1965,1.6892864e+07,DOTS_IP,2.5555725e+09,2.6061082e+09,2.2026189e+08,3.2853587e+08
JAM,PRT,1965,0.0,DOTS_IP,1.0182076e+08,1.0528576e+08,2.2026189e+08,3.2853587e+08
JOR,PRT,1965,0.0,DOTS_IP,9.607147e+06,6.009321e+07,2.2026189e+08,3.2853587e+08
JPN,PRT,1965,678571.75,DOTS_IP,2.8827868e+09,2.7762511e+09,2.2026189e+08,3.2853587e+08
KEN,PRT,1965,0.0,DOTS_IP,8.145003e+07,9.768186e+07,2.2026189e+08,3.2853587e+08
KHM,PRT,1965,0.0,DOTS_IP,3.1107156e+07,3.4678588e+07,2.2026189e+08,3.2853587e+08
KIR,PRT,1965,0.0,DOTS_IP,1.3482149e+06,,2.2026189e+08,3.2853587e+08
KNA,PRT,1965,0.0,DOTS_IP,,3.2142872e+06,2.2026189e+08,3.2853587e+08
KOR,PRT,1965,0.0,DOTS_IP,6.121431e+07,1.880293e+08,2.2026189e+08,3.2853587e+08
KWT,PRT,1965,285714.4,DOTS_IP,5.2173952e+08,1.1497148e+08,2.2026189e+08,3.2853587e+08
LAO,PRT,1965,0.0,DOTS_IP,357143.0,1.0308446e+07,2.2026189e+08,3.2853587e+08
LBN,PRT,1965,71428.6,DOTS_IP,5.471288e+07,1.8136989e+08,2.2026189e+08,3.2853587e+08
LBR,PRT,1965,0.0,DOTS_IP,7.850075e+07,7.338218e+07,2.2026189e+08,3.2853587e+08
LBY,PRT,1965,0.0,DOTS_IP,3.5389658e+08,1.3149259e+08,2.2026189e+08,3.2853587e+08
LCA,PRT,1965,0.0,DOTS_IP,2.3272868e+06,4.586252e+06,2.2026189e+08,3.2853587e+08
LKA,PRT,1965,142857.2,DOTS_IP,1.4575006e+08,1.1102375e+08,2.2026189e+08,3.2853587e+08
LSO,PRT,1965,,,2.350001e+06,8.750004e+06,2.2026189e+08,3.2853587e+08
LUX,PRT,1965,539285.94,COW,,,2.2026189e+08,3.2853587e+08
MAC,PRT,1965,357143.0,DOTS_IP,9.000004e+06,1.6760722e+07,2.2026189e+08,3.2853587e+08
MAR,PRT,1965,2.1071438e+06,DOTS_IP,1.7476936e+08,1.6096435e+08,2.2026189e+08,3.2853587e+08
MDG,PRT,1965,107142.91,DOTS_IP,3.7687156e+07,5.2178596e+07,2.2026189e+08,3.2853587e+08
MDV,PRT,1965,0.0,DOTS_IP,888225.4,647543.1,2.2026189e+08,3.2853587e+08
MEX,PRT,1965,1.03571475e+06,DOTS_IP,4.325341e+08,5.840726e+08,2.2026189e+08,3.2853587e+08
MLI,PRT,1965,0.0,DOTS_IP,5.535717e+06,1.5250007e+07,2.2026189e+08,3.2853587e+08
MLT,PRT,1965,71428.6,DOTS_XP,8.428575e+06,3.4103588e+07,2.2026189e+08,3.2853587e+08
MMR,PRT,1965,0.0,DOTS_IP,7.578574e+07,8.63929e+07,2.2026189e+08,3.2853587e+08
MNG,PRT,1965,0.0,DOTS_IP,,,2.2026189e+08,3.2853587e+08
MOZ,PRT,1965,1.6464293e+07,DOTS_IP,4.2185732e+07,6.6571456e+07,2.2026189e+08,3.2853587e+08
MRT,PRT,1965,0.0,DOTS_IP,2.6464298e+07,8.035718e+06,2.2026189e+08,3.2853587e+08
MTQ,PRT,1965,0.0,DOTS_IP,2.0036082e+07,3.24643e+07,2.2026189e+08,3.2853587e+08
MUS,PRT,1965,0.0,DOTS_IP,2.5428582e+07,2.6785726e+07,2.2026189e+08,3.2853587e+08
MWI,PRT,1965,0.0,DOTS_IP,1.3049648e+07,2.1535724e+07,2.2026189e+08,3.2853587e+08
MYS,PRT,1965,0.0,DOTS_IP,4.4135018e+08,3.9153232e+08,2.2026189e+08,3.2853587e+08
NAM,PRT,1965,0.0,DOTS_IP,,,2.2026189e+08,3.2853587e+08
NCL,PRT,1965,0.0,DOTS_IP,2.325001e+07,2.7107154e+07,2.2026189e+08,3.2853587e+08
NER,PRT,1965,0.0,DOTS_IP,9.000004e+06,1.328572e+07,2.2026189e+08,3.2853587e+08
NGA,PRT,1965,5.214288e+06,DOTS_IP,2.6782155e+08,2.7360726e+08,2.2026189e+08,3.2853587e+08
NIC,PRT,1965,2.2142868e+06,DOTS_IP,5.7767884e+07,5.7246452e+07,2.2026189e+08,3.2853587e+08
NLD,PRT,1965,8.285718e+06,DOTS_IP,2.2719793e+09,3.0276012e+09,2.2026189e+08,3.2853587e+08
NOR,PRT,1965,2.5357155e+06,DOTS_IP,5.1403594e+08,7.8682176e+08,2.2026189e+08,3.2853587e+08
NPL,PRT,1965,0.0,DOTS_IP,2.036733e+07,3.840966e+07,2.2026189e+08,3.2853587e+08
NRU,PRT,1965,0.0,DOTS_IP,,,2.2026189e+08,3.2853587e+08
NZL,PRT,1965,1.3214291e+06,DOTS_IP,3.9953267e+08,3.7572874e+08,2.2026189e+08,3.2853587e+08
OMN,PRT,1965,0.0,DOTS_IP,3.54643e+07,1.2142863e+07,2.2026189e+08,3.2853587e+08
PAK,PRT,1965,1.8571436e+06,DOTS_IP,1.8703579e+08,3.695359e+08,2.2026189e+08,3.2853587e+08
PAN,PRT,1965,0.0,DOTS_IP,5.5382524e+07,1.3679042e+08,2.2026189e+08,3.2853587e+08
PER,PRT,1965,428571.62,DOTS_IP,2.94133e+08,2.6032154e+08,2.2026189e+08,3.2853587e+08
PHL,PRT,1965,35714.3,DOTS_IP,3.0464298e+08,3.2665987e+08,2.2026189e+08,3.2853587e+08
PNG,PRT,1965,0.0,DOTS_IP,1.9035722e+07,4.3966804e+07,2.2026189e+08,3.2853587e+08
POL,PRT,1965,1.4642864e+06,DOTS_IP,7.956253e+08,8.357146e+08,2.2026189e+08,3.2853587e+08
PRK,PRT,1965,0.0,DOTS_IP,9.160718e+06,,2.2026189e+08,3.2853587e+08
PRT,AFG,1965,0.0,DOTS_IP,2.2026189e+08,3.2853587e+08,2.5035726e+07,4.6785736e+07
PRT,AGO,1965,3.3035728e+07,DOTS_IP,2.2026189e+08,3.2853587e+08,7.683218e+07,6.953574e+07
PRT,ALB,1965,0.0,DOTS_IP,2.2026189e+08,3.2853587e+08,2.5964298e+06,8.528575e+06
PRT,ANT,1965,117857.2,DOTS_IP,2.2026189e+08,3.2853587e+08,2.236176e+08,2.7118762e+08
PRT,ARE,1965,0.0,DOTS_IP,2.2026189e+08,3.2853587e+08,6.7857176e+07,8.0357176e+07
PRT,ARG,1965,607143.1,DOTS_IP,2.2026189e+08,3.2853587e+08,5.650584e+08,4.2096448e+08
PRT,ATG,1965,0.0,DOTS_IP,2.2026189e+08,3.2853587e+08,1.428572e+06,6.7857175e+06
PRT,AUS,1965,1.3750006e+06,DOTS_IP,2.2026189e+08,3.2853587e+08,1.0428576e+09,1.3032649e+09
PRT,AUT,1965,2.357144e+06,DOTS_IP,2.2026189e+08,3.2853587e+08,5.698574e+08,7.479289e+08
PRT,BDI,1965,0.0,DOTS_IP,2.2026189e+08,3.2853587e+08,1.2142863e+07,6.4285745e+06
PRT,BEL,1965,6.0000025e+06,DOTS_IP,2.2026189e+08,3.2853587e+08,2.273894e+09,2.2929923e+09
PRT,BEN,1965,0.0,DOTS_IP,2.2026189e+08,3.2853587e+08,5.8571455e+06,1.2178577e+07
PRT,BFA,1965,0.0,DOTS_IP,2.2026189e+08,3.2853587e+08,5.214288e+06,1.3265577e+07
PRT,BGD,1965,0.0,DOTS_IP,2.2026189e+08,3.2853587e+08,,
PRT,BGR,1965,0.0,DOTS_IP,2.2026189e+08,3.2853587e+08,4.2735062e+08,4.2735062e+08
PRT,BHR,1965,0.0,DOTS_IP,2.2026189e+08,3.2853587e+08,5.878574e+07,5.8392884e+07
PRT,BHS,1965,0.0,DOTS_IP,2.2026189e+08,3.2853587e+08,1.0655719e+07,6.2264316e+07
PRT,BLZ,1965,1428.57,DOTS_IP,2.2026189e+08,3.2853587e+08,7.000003e+06,1.1273382e+07
PRT,BMU,1965,71428.6,DOTS_IP,2.2026189e+08,3.2853587e+08,1.9535722e+07,3.639287e+07
PRT,BOL,1965,71428.6,DOTS_IP,2.2026189e+08,3.2853587e+08,4.7107164e+07,4.789288e+07
PRT,BRA,1965,1.021429e+06,DOTS_IP,2.2026189e+08,3.2853587e+08,6.2032525e+08,4.3061088e+08
PRT,BRB,1965,71428.6,DOTS_IP,2.2026189e+08,3.2853587e+08,1.3389542e+07,2.3857154e+07
PRT,BRN,1965,0.0,DOTS_IP,2.2026189e+08,3.2853587e+08,2.3214296e+07,1.2857149e+07
PRT,BWA,1965,0.0,DOTS_IP,2.2026189e+08,3.2853587e+08,5.1195025e+06,8.2955035e+06
PRT,CAF,1965,71428.6,DOTS_IP,2.2026189e+08,3.2853587e+08,9.321433e+06,9.71429e+06
PRT,CAN,1965,4.035716e+06,DOTS_IP,2.2026189e+08,3.2853587e+08,3.0269402e+09,3.2548585e+09
PRT,CHE,1965,4.0000018e+06,DOTS_IP,2.2026189e+08,3.2853587e+08,1.0592147e+09,1.3450332e+09
PRT,CHL,1965,35714.3,DOTS_IP,2.2026189e+08,3.2853587e+08,2.919555e+08,2.1553582e+08
PRT,CHN,1965,0.0,DOTS_IP,2.2026189e+08,3.2853587e+08,9.154147e+08,8.0225754e+08
PRT,CIV,1965,0.0,DOTS_IP,2.2026189e+08,3.2853587e+08,1.1275719e+08,8.425004e+07
PRT,CMR,1965,0.0,DOTS_IP,2.2026189e+08,3.2853587e+08,5.963217e+07,4.807145e+07
PRT,COD,1965,1.00000044e+06,DOTS_IP,2.2026189e+08,3.2853587e+08,1.5176936e+08,1.1453577e+08
PRT,COG,1965,71428.6,DOTS_IP,2.2026189e+08,3.2853587e+08,1.6825008e+07,2.3071438e+07
PRT,COL,1965,35714.3,DOTS_IP,2.2026189e+08,3.2853587e+08,2.2993618e+08,1.6146435e+08
PRT,COM,1965,0.0,DOTS_IP,2.2026189e+08,3.2853587e+08,1.3238078e+06,2.3481295e+06
PRT,CPV,1965,1.1428576e+06,DOTS_XP,2.2026189e+08,3.2853587e+08,321428.72,2.7142868e+06
PRT,CRI,1965,71428.6,DOTS_IP,2.2026189e+08,3.2853587e+08,4.663002e+07,6.3607172e+07
PRT,CUB,1965,392857.3,DOTS_XP,2.2026189e+08,3.2853587e+08,2.4500011e+08,3.0928586e+08
PRT,CYP,1965,678571.75,DOTS_IP,2.2026189e+08,3.2853587e+08,2.6121084e+07,5.0964308e+07
PRT,CZSK,1965,571428.8,DOTS_XP,2.2026189e+08,3.2853587e+08,8.1130854e+08,8.029445e+08
PRT,DJI,1965,0.0,DOTS_IP,2.2026189e+08,3.2853587e+08,857143.25,1.5000007e+07
PRT,DMA,1965,0.0,DOTS_IP,2.2026189e+08,3.2853587e+08,1.9816616e+06,3.5816445e+06
PRT,DNK,1965,4.4642875e+06,DOTS_IP,2.2026189e+08,3.2853587e+08,8.2607174e+08,1.0070004e+09
PRT,DOM,1965,46428.594,DOTS_IP,2.2026189e+08,3.2853587e+08,5.3260736e+07,4.453181e+07
PRT,DZA,1965,0.0,DOTS_IP,2.2026189e+08,3.2853587e+08,2.7413155e+08,2.387394e+08
PRT,ECU,1965,85714.32,DOTS_IP,2.2026189e+08,3.2853587e+08,8.722504e+07,6.014938e+07
PRT,EDEU,1965,214285.81,DOTS_XP,2.2026189e+08,3.2853587e+08,1.8971222e+08,2.0005366e+08
PRT,EGY,1965,0.0,DOTS_IP,2.2026189e+08,3.2853587e+08,2.1614296e+08,3.3332157e+08
PRT,ESP,1965,5.256261e+06,ESP TENA JUNGUITO,2.2026189e+08,3.2853587e+08,4.0381482e+08,1.0733219e+09
PRT,ETH,1965,0.0,DOTS_IP,2.2026189e+08,3.2853587e+08,4.225002e+07,5.3214308e+07
PRT,FIN,1965,1.2857149e+06,DOTS_IP,2.2026189e+08,3.2853587e+08,5.092145e+08,5.8639315e+08
PRT,FJI,1965,0.0,DOTS_IP,2.2026189e+08,3.2853587e+08,1.9000008e+07,2.5535726e+07
PRT,FRA,1965,1.0178576e+07,DOTS_IP,2.2026189e+08,3.2853587e+08,3.5819302e+09,3.673823e+09
PRT,FRO,1965,0.0,DOTS_IP,2.2026189e+08,3.2853587e+08,9.178575e+06,9.357147e+06
PRT,GAB,1965,0.0,DOTS_IP,2.2026189e+08,3.2853587e+08,4.1360732e+07,2.225001e+07
PRT,GBR,1965,4.1464304e+07,DOTS_IP,2.2026189e+08,3.2853587e+08,4.791252e+09,5.694931e+09
PRT,GHA,1965,0.0,DOTS_IP,2.2026189e+08,3.2853587e+08,1.1346434e+08,1.6000006e+08
PRT,GIB,1965,0.0,DOTS_IP,2.2026189e+08,3.2853587e+08,1.178572e+06,1.0470005e+07
PRT,GIN,1965,0.0,DOTS_IP,2.2026189e+08,3.2853587e+08,1.9285722e+07,1.892858e+07
PRT,GLP,1965,0.0,DOTS_IP,2.2026189e+08,3.2853587e+08,1.4321792e+07,3.0571442e+07
PRT,GMB,1965,5000.0024,DOTS_IP,2.2026189e+08,3.2853587e+08,5.289645e+06,5.813217e+06
PRT,GNB,1965,3.1785728e+06,DOTS_XP,2.2026189e+08,3.2853587e+08,2.4285725e+06,4.857145e+06
PRT,GNQ,1965,0.0,DOTS_IP,2.2026189e+08,3.2853587e+08,9.642861e+06,9.285718e+06
PRT,GRC,1965,1.178572e+06,DOTS_IP,2.2026189e+08,3.2853587e+08,1.1700005e+08,4.120385e+08
PRT,GRD,1965,0.0,DOTS_IP,2.2026189e+08,3.2853587e+08,2.2652045e+06,3.974359e+06
PRT,GRL,1965,0.0,DOTS_IP,2.2026189e+08,3.2853587e+08,4.8928595e+06,1.2107149e+07
PRT,GTM,1965,142857.2,DOTS_IP,2.2026189e+08,3.2853587e+08,7.3931816e+07,8.1857176e+07
PRT,GUF,1965,0.0,DOTS_IP,2.2026189e+08,3.2853587e+08,1.6500008e+06,7.178575e+06
PRT,GUY,1965,107142.91,DOTS_IP,2.2026189e+08,3.2853587e+08,3.730716e+07,3.7285732e+07
PRT,HKG,1965,178571.5,DOTS_IP,2.2026189e+08,3.2853587e+08,3.71158e+08,5.396059e+08
PRT,HND,1965,35714.3,DOTS_IP,2.2026189e+08,3.2853587e+08,5.5808956e+07,4.3892876e+07
PRT,HTI,1965,5357.145,DOTS_IP,2.2026189e+08,3.2853587e+08,1.7642864e+07,1.336559e+07
PRT,HUN,1965,321428.72,DOTS_XP,2.2026189e+08,3.2853587e+08,3.6040086e+08,3.6243702e+08
PRT,IDN,1965,35714.3,DOTS_XP,2.2026189e+08,3.2853587e+08,2.703912e+08,2.4807154e+08
PRT,IND,1965,178571.5,DOTS_IP,2.2026189e+08,3.2853587e+08,5.8967885e+08,9.903219e+08
PRT,IRL,1965,892857.56,DOTS_IP,2.2026189e+08,3.2853587e+08,2.3656546e+08,3.7025018e+08
PRT,IRN,1965,178571.5,DOTS_IP,2.2026189e+08,3.2853587e+08,4.7844666e+08,3.0546442e+08
PRT,IRQ,1965,571428.8,DOTS_IP,2.2026189e+08,3.2853587e+08,3.5110016e+08,1.555715e+08
PRT,ISL,1965,178571.5,DOTS_IP,2.2026189e+08,3.2853587e+08,4.6107164e+07,5.0030868e+07
PRT,ISR,1965,1.2500005e+06,DOTS_IP,2.2026189e+08,3.2853587e+08,1.5185722e+08,2.9760726e+08
PRT,ITA,1965,5.928574e+06,DOTS_IP,2.2026189e+08,3.2853587e+08,2.5555725e+09,2.6061082e+09
PRT,JAM,1965,0.0,DOTS_IP,2.2026189e+08,3.2853587e+08,1.0182076e+08,1.0528576e+08
PRT,JOR,1965,392857.3,DOTS_IP,2.2026189e+08,3.2853587e+08,9.607147e+06,6.009321e+07
PRT,JPN,1965,2.1071438e+06,DOTS_IP,2.2026189e+08,3.2853587e+08,2.8827868e+09,2.7762511e+09
PRT,KEN,1965,0.0,DOTS_IP,2.2026189e+08,3.2853587e+08,8.145003e+07,9.768186e+07
PRT,KHM,1965,0.0,DOTS_IP,2.2026189e+08,3.2853587e+08,3.1107156e+07,3.4678588e+07
PRT,KIR,1965,0.0,DOTS_IP,2.2026189e+08,3.2853587e+08,1.3482149e+06,
PRT,KNA,1965,0.0,DOTS_IP,2.2026189e+08,3.2853587e+08,,3.2142872e+06
PRT,KOR,1965,0.0,DOTS_IP,2.2026189e+08,3.2853587e+08,6.121431e+07,1.880293e+08
PRT,KWT,1965,71428.6,DOTS_XP,2.2026189e+08,3.2853587e+08,5.2173952e+08,1.1497148e+08
PRT,LAO,1965,0.0,DOTS_IP,2.2026189e+08,3.2853587e+08,357143.0,1.0308446e+07
PRT,LBN,1965,535714.5,DOTS_IP,2.2026189e+08,3.2853587e+08,5.471288e+07,1.8136989e+08
PRT,LBR,1965,0.0,DOTS_IP,2.2026189e+08,3.2853587e+08,7.850075e+07,7.338218e+07
PRT,LBY,1965,0.0,DOTS_IP,2.2026189e+08,3.2853587e+08,3.5389658e+08,1.3149259e+08
PRT,LCA,1965,0.0,DOTS_IP,2.2026189e+08,3.2853587e+08,2.3272868e+06,4.586252e+06
PRT,LKA,1965,71428.6,DOTS_XP,2.2026189e+08,3.2853587e+08,1.4575006e+08,1.1102375e+08
PRT,LSO,1965,0.0,DOTS_IP,2.2026189e+08,3.2853587e+08,2.350001e+06,8.750004e+06
PRT,LUX,1965,285714.4,COW,2.2026189e+08,3.2853587e+08,,
PRT,MAC,1965,214285.81,DOTS_IP,2.2026189e+08,3.2853587e+08,9.000004e+06,1.6760722e+07
PRT,MAR,1965,1.3214291e+06,DOTS_IP,2.2026189e+08,3.2853587e+08,1.7476936e+08,1.6096435e+08
PRT,MDG,1965,35714.3,DOTS_IP,2.2026189e+08,3.2853587e+08,3.7687156e+07,5.2178596e+07
PRT,MDV,1965,0.0,DOTS_IP,2.2026189e+08,3.2853587e+08,888225.4,647543.1
PRT,MEX,1965,642857.44,DOTS_IP,2.2026189e+08,3.2853587e+08,4.325341e+08,5.840726e+08
PRT,MLI,1965,0.0,DOTS_IP,2.2026189e+08,3.2853587e+08,5.535717e+06,1.5250007e+07
PRT,MLT,1965,14285.721,DOTS_IP,2.2026189e+08,3.2853587e+08,8.428575e+06,3.4103588e+07
PRT,MMR,1965,0.0,DOTS_IP,2.2026189e+08,3.2853587e+08,7.578574e+07,8.63929e+07
PRT,MNG,1965,0.0,DOTS_IP,2.2026189e+08,3.2853587e+08,,
PRT,MOZ,1965,2.1357152e+07,DOTS_IP,2.2026189e+08,3.2853587e+08,4.2185732e+07,6.6571456e+07
PRT,MRT,1965,0.0,DOTS_IP,2.2026189e+08,3.2853587e+08,2.6464298e+07,8.035718e+06
PRT,MTQ,1965,35714.3,DOTS_IP,2.2026189e+08,3.2853587e+08,2.0036082e+07,3.24643e+07
PRT,MUS,1965,0.0,DOTS_IP,2.2026189e+08,3.2853587e+08,2.5428582e+07,2.6785726e+07
PRT,MWI,1965,78571.46,DOTS_IP,2.2026189e+08,3.2853587e+08,1.3049648e+07,2.1535724e+07
PRT,MYS,1965,0.0,DOTS_IP,2.2026189e+08,3.2853587e+08,4.4135018e+08,3.9153232e+08
PRT,NAM,1965,0.0,DOTS_IP,2.2026189e+08,3.2853587e+08,,
PRT,NCL,1965,0.0,DOTS_IP,2.2026189e+08,3.2853587e+08,2.325001e+07,2.7107154e+07
PRT,NER,1965,0.0,DOTS_IP,2.2026189e+08,3.2853587e+08,9.000004e+06,1.328572e+07
PRT,NGA,1965,178571.5,DOTS_IP,2.2026189e+08,3.2853587e+08,2.6782155e+08,2.7360726e+08
PRT,NIC,1965,35714.3,DOTS_IP,2.2026189e+08,3.2853587e+08,5.7767884e+07,5.7246452e+07
PRT,NLD,1965,4.964288e+06,DOTS_IP,2.2026189e+08,3.2853587e+08,2.2719793e+09,3.0276012e+09
PRT,NOR,1965,2.0357151e+06,DOTS_IP,2.2026189e+08,3.2853587e+08,5.1403594e+08,7.8682176e+08
PRT,NRU,1965,0.0,DOTS_IP,2.2026189e+08,3.2853587e+08,,
PRT,NZL,1965,250000.11,DOTS_XP,2.2026189e+08,3.2853587e+08,3.9953267e+08,3.7572874e+08
PRT,OMN,1965,0.0,DOTS_IP,2.2026189e+08,3.2853587e+08,3.54643e+07,1.2142863e+07
PRT,PAK,1965,571428.8,DOTS_IP,2.2026189e+08,3.2853587e+08,1.8703579e+08,3.695359e+08
PRT,PAN,1965,0.0,DOTS_IP,2.2026189e+08,3.2853587e+08,5.5382524e+07,1.3679042e+08
PRT,PER,1965,214285.81,DOTS_IP,2.2026189e+08,3.2853587e+08,2.94133e+08,2.6032154e+08
PRT,PHL,1965,535714.5,DOTS_IP,2.2026189e+08,3.2853587e+08,3.0464298e+08,3.2665987e+08
PRT,PNG,1965,0.0,DOTS_IP,2.2026189e+08,3.2853587e+08,1.9035722e+07,4.3966804e+07
PRT,POL,1965,428571.62,DOTS_XP,2.2026189e+08,3.2853587e+08,7.956253e+08,8.357146e+08
PRT,PRK,1965,0.0,DOTS_IP,2.2026189e+08,3.2853587e+08,9.160718e+06,
PRT,PRY,1965,0.0,DOTS_IP,2.2026189e+08,3.2853587e+08,2.4875368e+07,2.090358e+07
PRT,PYF,1965,0.0,DOTS_IP,2.2026189e+08,3.2853587e+08,3.660364e+06,3.834231e+07
PRT,QAT,1965,0.0,DOTS_IP,2.2026189e+08,3.2853587e+08,5.821431e+07,2.5000012e+07
PRT,REU,1965,0.0,DOTS_IP,2.2026189e+08,3.2853587e+08,6.148833e+06,1.7324518e+07
PRT,ROM,1965,675000.3,DOTS_IP,2.2026189e+08,3.2853587e+08,3.9229302e+08,4.2242518e+08
PRT,RWA,1965,0.0,DOTS_IP,2.2026189e+08,3.2853587e+08,5.000002e+06,6.4285745e+06
PRT,SAU,1965,142857.2,DOTS_XP,2.2026189e+08,3.2853587e+08,5.2020022e+08,1.7059747e+08
PRT,SDN,1965,464285.9,DOTS_XP,2.2026189e+08,3.2853587e+08,6.96786e+07,7.425003e+07
PRT,SEN,1965,,DOTS_IP,2.2026189e+08,3.2853587e+08,5.508788e+07,6.128428e+07
PRT,SGP,1965,0.0,DOTS_IP,2.2026189e+08,3.2853587e+08,3.504673e+08,4.440359e+08
PRT,SHN,1965,0.0,DOTS_IP,2.2026189e+08,3.2853587e+08,,
PRT,SLB,1965,0.0,DOTS_IP,2.2026189e+08,3.2853587e+08,1.9356009e+06,3.024962e+06
PRT,SLE,1965,0.0,DOTS_IP,2.2026189e+08,3.2853587e+08,3.898252e+07,3.835716e+07
PRT,SLV,1965,0.0,DOTS_IP,2.2026189e+08,3.2853587e+08,7.391218e+07,7.1357176e+07
PRT,SOM,1965,0.0,DOTS_IP,2.2026189e+08,3.2853587e+08,,
PRT,STP,1965,750000.3,DOTS_XP,2.2026189e+08,3.2853587e+08,1.7857151e+06,1.7857151e+06
PRT,SUR,1965,35714.3,DOTS_IP,2.2026189e+08,3.2853587e+08,2.2853224e+07,3.4000016e+07
PRT,SWE,1965,7.6428605e+06,DOTS_IP,2.2026189e+08,3.2853587e+08,1.4283953e+09,1.5581792e+09
PRT,SWZ,1965,0.0,DOTS_IP,2.2026189e+08,3.2853587e+08,1.5380007e+07,1.3055006e+07
PRT,SYC,1965,0.0,DOTS_IP,2.2026189e+08,3.2853587e+08,549750.25,855003.94
PRT,SYR,1965,285714.4,DOTS_IP,2.2026189e+08,3.2853587e+08,8.768646e+07,7.5821464e+07
PRT,TCD,1965,35714.3,DOTS_IP,2.2026189e+08,3.2853587e+08,9.72529e+06,1.1147469e+07
PRT,TGO,1965,0.0,DOTS_IP,2.2026189e+08,3.2853587e+08,1.2764291e+07,1.6035721e+07
PRT,THA,1965,142857.2,DOTS_IP,2.2026189e+08,3.2853587e+08,2.2220117e+08,2.5639298e+08
PRT,TON,1965,0.0,DOTS_IP,2.2026189e+08,3.2853587e+08,1.00240044e+06,1.3616006e+06
PRT,TTO,1965,142857.2,DOTS_IP,2.2026189e+08,3.2853587e+08,1.4350006e+08,1.6942864e+08
PRT,TUN,1965,0.0,DOTS_IP,2.2026189e+08,3.2853587e+08,5.476788e+07,8.78929e+07
PRT,TUR,1965,750000.3,DOTS_IP,2.2026189e+08,3.2853587e+08,1.6355365e+08,2.2976634e+08
PRT,TUV,1965,0.0,DOTS_IP,2.2026189e+08,3.2853587e+08,,
PRT,TZA,1965,0.0,DOTS_IP,2.2026189e+08,3.2853587e+08,6.321431e+07,7.050003e+07
PRT,UGA,1965,0.0,DOTS_IP,2.2026189e+08,3.2853587e+08,7.3571464e+07,5.754895e+07
PRT,URY,1965,71428.6,DOTS_IP,2.2026189e+08,3.2853587e+08,7.314039e+07,5.3535736e+07
PRT,USA,1965,2.3571438e+07,DOTS_IP,2.2026189e+08,3.2853587e+08,9.836296e+09,8.1838966e+09
PRT,USSR,1965,0.0,DOTS_IP,2.2026189e+08,3.2853587e+08,6.445996e+09,6.358888e+09
PRT,VCT,1965,0.0,DOTS_IP,2.2026189e+08,3.2853587e+08,1.3379149e+06,3.0852012e+06
PRT,VEN,1965,857143.25,DOTS_IP,2.2026189e+08,3.2853587e+08,1.02680154e+09,5.189645e+08
PRT,VNM,1965,1.7857151e+06,DOTS_XP,2.2026189e+08,3.2853587e+08,1.5464292e+07,1.21142904e+08
PRT,VUT,1965,0.0,DOTS_IP,2.2026189e+08,3.2853587e+08,3.2907158e+06,2.5082155e+06
PRT,WDEU,1965,2.1071438e+07,DOTS_IP,2.2026189e+08,3.2853587e+08,6.37786e+09,6.26286e+09
PRT,WSM,1965,0.0,DOTS_IP,2.2026189e+08,3.2853587e+08,2.0941568e+06,3.1785728e+06
PRT,YAR,1965,107142.91,COW,2.2026189e+08,3.2853587e+08,,
PRT,YUG,1965,0.0,DOTS_IP,2.2026189e+08,3.2853587e+08,3.892859e+08,4.5164307e+08
PRT,ZAF,1965,1.3571435e+06,DOTS_XP,2.2026189e+08,3.2853587e+08,5.979692e+08,8.383293e+08
PRT,ZMB,1965,35714.3,DOTS_IP,2.2026189e+08,3.2853587e+08,1.8992866e+08,1.0485719e+08
PRT,ZWE,1965,157142.92,DOTS_IP,2.2026189e+08,3.2853587e+08,1.6140006e+08,1.3086077e+08
PRY,PRT,1965,0.0,DOTS_IP,2.4875368e+07,2.090358e+07,2.2026189e+08,3.2853587e+08
PYF,PRT,1965,,,3.660364e+06,3.834231e+07,2.2026189e+08,3.2853587e+08
QAT,PRT,1965,0.0,DOTS_IP,5.821431e+07,2.5000012e+07,2.2026189e+08,3.2853587e+08
REU,PRT,1965,0.0,DOTS_IP,6.148833e+06,1.7324518e+07,2.2026189e+08,3.2853587e+08
ROM,PRT,1965,1.3928578e+06,DOTS_IP,3.9229302e+08,4.2242518e+08,2.2026189e+08,3.2853587e+08
RWA,PRT,1965,0.0,DOTS_IP,5.000002e+06,6.4285745e+06,2.2026189e+08,3.2853587e+08
SAU,PRT,1965,250000.11,DOTS_IP,5.2020022e+08,1.7059747e+08,2.2026189e+08,3.2853587e+08
SDN,PRT,1965,107142.91,DOTS_IP,6.96786e+07,7.425003e+07,2.2026189e+08,3.2853587e+08
SEN,PRT,1965,357143.0,DOTS_IP,5.508788e+07,6.128428e+07,2.2026189e+08,3.2853587e+08
SGP,PRT,1965,0.0,DOTS_IP,3.504673e+08,4.440359e+08,2.2026189e+08,3.2853587e+08
SHN,PRT,1965,0.0,DOTS_IP,,,2.2026189e+08,3.2853587e+08
SLB,PRT,1965,0.0,DOTS_IP,1.9356009e+06,3.024962e+06,2.2026189e+08,3.2853587e+08
SLE,PRT,1965,0.0,DOTS_IP,3.898252e+07,3.835716e+07,2.2026189e+08,3.2853587e+08
SLV,PRT,1965,35714.3,DOTS_XP,7.391218e+07,7.1357176e+07,2.2026189e+08,3.2853587e+08
SOM,PRT,1965,0.0,DOTS_IP,,,2.2026189e+08,3.2853587e+08
SPM,PRT,1965,0.0,DOTS_IP,1.071429e+06,1.7857151e+06,2.2026189e+08,3.2853587e+08
STP,PRT,1965,1.03571475e+06,DOTS_IP,1.7857151e+06,1.7857151e+06,2.2026189e+08,3.2853587e+08
SUR,PRT,1965,0.0,DOTS_IP,2.2853224e+07,3.4000016e+07,2.2026189e+08,3.2853587e+08
SWE,PRT,1965,8.1071465e+06,DOTS_IP,1.4283953e+09,1.5581792e+09,2.2026189e+08,3.2853587e+08
SWZ,PRT,1965,,,1.5380007e+07,1.3055006e+07,2.2026189e+08,3.2853587e+08
SYC,PRT,1965,0.0,DOTS_IP,549750.25,855003.94,2.2026189e+08,3.2853587e+08
SYR,PRT,1965,392857.3,DOTS_IP,8.768646e+07,7.5821464e+07,2.2026189e+08,3.2853587e+08
TCD,PRT,1965,0.0,DOTS_IP,9.72529e+06,1.1147469e+07,2.2026189e+08,3.2853587e+08
TGO,PRT,1965,0.0,DOTS_IP,1.2764291e+07,1.6035721e+07,2.2026189e+08,3.2853587e+08
THA,PRT,1965,785714.6,DOTS_IP,2.2220117e+08,2.5639298e+08,2.2026189e+08,3.2853587e+08
TON,PRT,1965,0.0,DOTS_IP,1.00240044e+06,1.3616006e+06,2.2026189e+08,3.2853587e+08
TTO,PRT,1965,500000.22,DOTS_XP,1.4350006e+08,1.6942864e+08,2.2026189e+08,3.2853587e+08
TUN,PRT,1965,1.8571436e+06,DOTS_IP,5.476788e+07,8.78929e+07,2.2026189e+08,3.2853587e+08
TUR,PRT,1965,6.035717e+06,DOTS_IP,1.6355365e+08,2.2976634e+08,2.2026189e+08,3.2853587e+08
TUV,PRT,1965,0.0,DOTS_IP,,,2.2026189e+08,3.2853587e+08
TWN,PRT,1965,,,,,2.2026189e+08,3.2853587e+08
TZA,PRT,1965,0.0,DOTS_IP,6.321431e+07,7.050003e+07,2.2026189e+08,3.2853587e+08
UGA,PRT,1965,0.0,DOTS_IP,7.3571464e+07,5.754895e+07,2.2026189e+08,3.2853587e+08
URY,PRT,1965,35714.3,DOTS_IP,7.314039e+07,5.3535736e+07,2.2026189e+08,3.2853587e+08
USA,PRT,1965,2.6714298e+07,DOTS_IP,9.836296e+09,8.1838966e+09,2.2026189e+08,3.2853587e+08
USSR,PRT,1965,0.0,DOTS_IP,6.445996e+09,6.358888e+09,2.2026189e+08,3.2853587e+08
VCT,PRT,1965,0.0,DOTS_IP,1.3379149e+06,3.0852012e+06,2.2026189e+08,3.2853587e+08
VEN,PRT,1965,142857.2,DOTS_IP,1.02680154e+09,5.189645e+08,2.2026189e+08,3.2853587e+08
VNM,PRT,1965,0.0,DOTS_IP,1.5464292e+07,1.21142904e+08,2.2026189e+08,3.2853587e+08
VUT,PRT,1965,0.0,DOTS_IP,3.2907158e+06,2.5082155e+06,2.2026189e+08,3.2853587e+08
WDEU,PRT,1965,5.3678596e+07,DOTS_IP,6.37786e+09,6.26286e+09,2.2026189e+08,3.2853587e+08
WSM,PRT,1965,0.0,DOTS_IP,2.0941568e+06,3.1785728e+06,2.2026189e+08,3.2853587e+08
YAR,PRT,1965,35714.3,COW,,,2.2026189e+08,3.2853587e+08
YUG,PRT,1965,0.0,DOTS_IP,3.892859e+08,4.5164307e+08,2.2026189e+08,3.2853587e+08
ZAF,PRT,1965,1.6785721e+06,DOTS_IP,5.979692e+08,8.383293e+08,2.2026189e+08,3.2853587e+08
ZMB,PRT,1965,535714.5,DOTS_XP,1.8992866e+08,1.0485719e+08,2.2026189e+08,3.2853587e+08
ZWE,PRT,1965,1.03571475e+06,DOTS_IP,1.6140006e+08,1.3086077e+08,2.2026189e+08,3.2853587e+08
AFG,PRT,1966,0.0,DOTS_IP,2.9821442e+07,4.5714304e+07,2.4012189e+08,3.6117872e+08
AGO,PRT,1966,2.9821442e+07,DOTS_IP,8.278932e+07,7.442861e+07,2.4012189e+08,3.6117872e+08
ALB,PRT,1966,0.0,DOTS_IP,3.3750015e+06,9.746432e+06,2.4012189e+08,3.6117872e+08
ANT,PRT,1966,1.9642866e+06,DOTS_IP,2.129383e+08,2.6943514e+08,2.4012189e+08,3.6117872e+08
ARE,PRT,1966,0.0,DOTS_IP,8.617504e+07,8.46429e+07,2.4012189e+08,3.6117872e+08
ARG,PRT,1966,1.3571435e+06,DOTS_IP,6.053781e+08,4.0164307e+08,2.4012189e+08,3.6117872e+08
ATG,PRT,1966,0.0,DOTS_IP,2.500001e+06,9.285718e+06,2.4012189e+08,3.6117872e+08
AUS,PRT,1966,821428.94,DOTS_IP,1.1300362e+09,1.2732506e+09,2.4012189e+08,3.6117872e+08
AUT,PRT,1966,3.4642872e+06,DOTS_IP,6.0092883e+08,8.3085754e+08,2.4012189e+08,3.6117872e+08
BDI,PRT,1966,0.0,DOTS_IP,7.892861e+06,7.1428605e+06,2.4012189e+08,3.6117872e+08
BEL,PRT,1966,1.2357148e+07,DOTS_IP,2.439001e+09,2.560948e+09,2.4012189e+08,3.6117872e+08
BEN,PRT,1966,0.0,DOTS_IP,5.7857165e+06,1.1940362e+07,2.4012189e+08,3.6117872e+08
BFA,PRT,1966,0.0,DOTS_IP,5.678574e+06,1.3357149e+07,2.4012189e+08,3.6117872e+08
BGD,PRT,1966,0.0,DOTS_IP,,,2.4012189e+08,3.6117872e+08
BGR,PRT,1966,0.0,DOTS_IP,4.5787565e+08,5.1892573e+08,2.4012189e+08,3.6117872e+08
BHR,PRT,1966,2.857144e+06,DOTS_IP,6.6900028e+07,5.7214308e+07,2.4012189e+08,3.6117872e+08
BHS,PRT,1966,0.0,DOTS_IP,1.2816077e+07,7.2271816e+07,2.4012189e+08,3.6117872e+08
BLZ,PRT,1966,0.0,DOTS_IP,5.753574e+06,1.0959745e+07,2.4012189e+08,3.6117872e+08
BMU,PRT,1966,0.0,DOTS_IP,1.9107152e+07,4.938564e+07,2.4012189e+08,3.6117872e+08
BOL,PRT,1966,0.0,DOTS_IP,5.3714308e+07,4.9464308e+07,2.4012189e+08,3.6117872e+08
BRA,PRT,1966,2.6428582e+06,DOTS_IP,6.7555635e+08,5.881074e+08,2.4012189e+08,3.6117872e+08
BRB,PRT,1966,0.0,DOTS_IP,1.4574971e+07,2.7464298e+07,2.4012189e+08,3.6117872e+08
BRN,PRT,1966,0.0,DOTS_IP,2.6428584e+07,1.8214294e+07,2.4012189e+08,3.6117872e+08
BWA,PRT,1966,0.0,DOTS_IP,5.3860025e+06,9.412504e+06,2.4012189e+08,3.6117872e+08
CAF,PRT,1966,0.0,DOTS_IP,1.1035719e+07,1.2428577e+07,2.4012189e+08,3.6117872e+08
CAN,PRT,1966,2.0000009e+06,DOTS_IP,3.5744768e+09,3.8142876e+09,2.4012189e+08,3.6117872e+08
CHE,PRT,1966,1.328572e+07,DOTS_IP,1.1734648e+09,1.4544634e+09,2.4012189e+08,3.6117872e+08
CHL,PRT,1966,35714.3,DOTS_XP,3.4187443e+08,2.7093226e+08,2.4012189e+08,3.6117872e+08
CHN,PRT,1966,71428.6,DOTS_IP,9.5748256e+08,8.863968e+08,2.4012189e+08,3.6117872e+08
CIV,PRT,1966,0.0,DOTS_IP,1.3604934e+08,9.200004e+07,2.4012189e+08,3.6117872e+08
CMR,PRT,1966,0.0,DOTS_IP,6.05586e+07,4.682145e+07,2.4012189e+08,3.6117872e+08
COD,PRT,1966,35714.3,DOTS_IP,2.0660474e+08,1.2171434e+08,2.4012189e+08,3.6117872e+08
COG,PRT,1966,0.0,DOTS_IP,1.7642866e+07,2.4678582e+07,2.4012189e+08,3.6117872e+08
COL,PRT,1966,0.0,DOTS_IP,2.1079152e+08,2.4085725e+08,2.4012189e+08,3.6117872e+08
COM,PRT,1966,0.0,DOTS_IP,1.3787864e+06,2.5796155e+06,2.4012189e+08,3.6117872e+08
CPV,PRT,1966,250000.11,DOTS_IP,250000.11,2.250001e+06,2.4012189e+08,3.6117872e+08
CRI,PRT,1966,0.0,DOTS_IP,5.332574e+07,6.3607172e+07,2.4012189e+08,3.6117872e+08
CUB,PRT,1966,71428.6,DOTS_IP,2.1178581e+08,3.3071443e+08,2.4012189e+08,3.6117872e+08
CYP,PRT,1966,0.0,DOTS_IP,3.1171086e+07,5.510717e+07,2.4012189e+08,3.6117872e+08
CZSK,PRT,1966,750000.3,DOTS_IP,8.4891136e+08,8.4462394e+08,2.4012189e+08,3.6117872e+08
DJI,PRT,1966,0.0,DOTS_IP,1.4642864e+06,1.6428579e+07,2.4012189e+08,3.6117872e+08
DMA,PRT,1966,0.0,DOTS_IP,2.0937474e+06,3.5302015e+06,2.4012189e+08,3.6117872e+08
DNK,PRT,1966,2.8928585e+06,DOTS_IP,8.750361e+08,1.0716433e+09,2.4012189e+08,3.6117872e+08
DOM,PRT,1966,35714.3,DOTS_XP,5.673217e+07,5.678931e+07,2.4012189e+08,3.6117872e+08
DZA,PRT,1966,0.0,DOTS_IP,3.0077264e+08,2.2807154e+08,2.4012189e+08,3.6117872e+08
ECU,PRT,1966,0.0,DOTS_IP,8.783861e+07,6.3423176e+07,2.4012189e+08,3.6117872e+08
EDEU,PRT,1966,107142.91,DOTS_IP,2.1815867e+08,2.229394e+08,2.4012189e+08,3.6117872e+08
EGY,PRT,1966,392857.3,DOTS_IP,2.1639296e+08,3.8210733e+08,2.4012189e+08,3.6117872e+08
ESP,PRT,1966,9.071433e+06,DOTS_IP,4.6216627e+08,1.2832148e+09,2.4012189e+08,3.6117872e+08
ETH,PRT,1966,0.0,DOTS_IP,3.9500016e+07,5.753574e+07,2.4012189e+08,3.6117872e+08
FIN,PRT,1966,1.7857151e+06,DOTS_IP,5.3767885e+08,6.167503e+08,2.4012189e+08,3.6117872e+08
FJI,PRT,1966,0.0,DOTS_IP,1.717858e+07,2.2678582e+07,2.4012189e+08,3.6117872e+08
FLK,PRT,1966,0.0,DOTS_IP,1.7500008e+06,892857.56,2.4012189e+08,3.6117872e+08
FRA,PRT,1966,2.707144e+07,DOTS_IP,3.892859e+09,4.2431803e+09,2.4012189e+08,3.6117872e+08
FRO,PRT,1966,0.0,DOTS_IP,8.035718e+06,1.0071433e+07,2.4012189e+08,3.6117872e+08
GAB,PRT,1966,0.0,DOTS_IP,4.2242876e+07,2.3714296e+07,2.4012189e+08,3.6117872e+08
GBR,PRT,1966,4.9607164e+07,DOTS_IP,5.220931e+09,5.9315743e+09,2.4012189e+08,3.6117872e+08
GHA,PRT,1966,0.0,DOTS_IP,9.575004e+07,1.25464344e+08,2.4012189e+08,3.6117872e+08
GIB,PRT,1966,0.0,DOTS_IP,464285.9,9.537861e+06,2.4012189e+08,3.6117872e+08
GIN,PRT,1966,0.0,DOTS_IP,2.0714294e+07,2.5000012e+07,2.4012189e+08,3.6117872e+08
GLP,PRT,1966,0.0,DOTS_IP,1.6525364e+07,3.29643e+07,2.4012189e+08,3.6117872e+08
GMB,PRT,1966,1.428572e+06,DOTS_IP,6.14286e+06,7.082146e+06,2.4012189e+08,3.6117872e+08
GNB,PRT,1966,964286.1,DOTS_IP,2.0357151e+06,5.214288e+06,2.4012189e+08,3.6117872e+08
GNQ,PRT,1966,,,1.071429e+07,1.0000004e+07,2.4012189e+08,3.6117872e+08
GRC,PRT,1966,2.8928585e+06,DOTS_IP,1.4500006e+08,4.4190154e+08,2.4012189e+08,3.6117872e+08
GRD,PRT,1966,0.0,DOTS_IP,2.1241618e+06,4.5258235e+06,2.4012189e+08,3.6117872e+08
GRL,PRT,1966,0.0,DOTS_IP,5.714288e+06,1.3571435e+07,2.4012189e+08,3.6117872e+08
GTM,PRT,1966,1.892858e+06,DOTS_IP,9.27854e+07,7.7440296e+07,2.4012189e+08,3.6117872e+08
GUF,PRT,1966,0.0,DOTS_IP,2.5357155e+06,9.928576e+06,2.4012189e+08,3.6117872e+08
GUY,PRT,1966,0.0,DOTS_IP,4.206645e+07,4.210716e+07,2.4012189e+08,3.6117872e+08
HKG,PRT,1966,250000.11,DOTS_IP,4.7135738e+08,6.494237e+08,2.4012189e+08,3.6117872e+08
HND,PRT,1966,35714.3,DOTS_XP,6.880682e+07,5.364288e+07,2.4012189e+08,3.6117872e+08
HTI,PRT,1966,0.0,DOTS_IP,1.5535721e+07,1.3261045e+07,2.4012189e+08,3.6117872e+08
HUN,PRT,1966,285714.4,DOTS_IP,3.807625e+08,3.7465398e+08,2.4012189e+08,3.6117872e+08
IDN,PRT,1966,71428.6,DOTS_IP,2.9581085e+08,1.9774522e+08,2.4012189e+08,3.6117872e+08
IND,PRT,1966,107142.91,DOTS_IP,5.712145e+08,9.7560755e+08,2.4012189e+08,3.6117872e+08
IRL,PRT,1966,392857.3,DOTS_IP,2.6818654e+08,3.7200016e+08,2.4012189e+08,3.6117872e+08
IRN,PRT,1966,964286.1,DOTS_IP,5.3273667e+08,3.4952842e+08,2.4012189e+08,3.6117872e+08
IRQ,PRT,1966,8.750004e+06,DOTS_IP,3.5784624e+08,1.757858e+08,2.4012189e+08,3.6117872e+08
ISL,PRT,1966,1.4642864e+06,DOTS_IP,5.0071452e+07,5.685717e+07,2.4012189e+08,3.6117872e+08
ISR,PRT,1966,1.6785721e+06,DOTS_IP,1.7871437e+08,2.9950013e+08,2.4012189e+08,3.6117872e+08
ITA,PRT,1966,2.0000008e+07,DOTS_IP,2.8671084e+09,3.0587512e+09,2.4012189e+08,3.6117872e+08
JAM,PRT,1966,0.0,DOTS_IP,1.06412904e+08,1.1475005e+08,2.4012189e+08,3.6117872e+08
JOR,PRT,1966,0.0,DOTS_IP,1.253572e+07,7.159237e+07,2.4012189e+08,3.6117872e+08
JPN,PRT,1966,3.1428585e+06,DOTS_IP,3.4029655e+09,3.3641444e+09,2.4012189e+08,3.6117872e+08
KEN,PRT,1966,0.0,DOTS_IP,9.275004e+07,1.1242862e+08,2.4012189e+08,3.6117872e+08
KHM,PRT,1966,0.0,DOTS_IP,2.3785724e+07,3.8178588e+07,2.4012189e+08,3.6117872e+08
KIR,PRT,1966,0.0,DOTS_IP,1.9207151e+06,,2.4012189e+08,3.6117872e+08
KNA,PRT,1966,0.0,DOTS_IP,,3.2142872e+06,2.4012189e+08,3.6117872e+08
KOR,PRT,1966,35714.3,DOTS_IP,8.878575e+07,2.8982803e+08,2.4012189e+08,3.6117872e+08
KWT,PRT,1966,142857.2,DOTS_IP,5.1308237e+08,1.6503579e+08,2.4012189e+08,3.6117872e+08
LAO,PRT,1966,,,535714.5,1.1785719e+07,2.4012189e+08,3.6117872e+08
LBN,PRT,1966,35714.3,DOTS_IP,6.118324e+07,2.0122029e+08,2.4012189e+08,3.6117872e+08
LBR,PRT,1966,0.0,DOTS_IP,8.350004e+07,5.271496e+07,2.4012189e+08,3.6117872e+08
LBY,PRT,1966,0.0,DOTS_IP,3.9313946e+08,1.562202e+08,2.4012189e+08,3.6117872e+08
LCA,PRT,1966,0.0,DOTS_IP,2.522494e+06,5.913931e+06,2.4012189e+08,3.6117872e+08
LKA,PRT,1966,107142.91,DOTS_IP,1.256072e+08,1.5210722e+08,2.4012189e+08,3.6117872e+08
LSO,PRT,1966,,,2.193501e+06,1.1450005e+07,2.4012189e+08,3.6117872e+08
LUX,PRT,1966,575000.25,COW,,,2.4012189e+08,3.6117872e+08
MAC,PRT,1966,392857.3,DOTS_IP,9.000004e+06,1.8250008e+07,2.4012189e+08,3.6117872e+08
MAR,PRT,1966,1.7500008e+06,DOTS_IP,1.7212186e+08,1.7125008e+08,2.4012189e+08,3.6117872e+08
MDG,PRT,1966,35714.3,DOTS_IP,3.727716e+07,5.0357164e+07,2.4012189e+08,3.6117872e+08
MDV,PRT,1966,0.0,DOTS_IP,792975.4,809078.94,2.4012189e+08,3.6117872e+08
MEX,PRT,1966,2.7857155e+06,DOTS_IP,5.1615382e+08,6.3124954e+08,2.4012189e+08,3.6117872e+08
MLI,PRT,1966,0.0,DOTS_IP,4.642859e+06,1.3392863e+07,2.4012189e+08,3.6117872e+08
MLT,PRT,1966,35714.3,DOTS_XP,1.0178576e+07,3.8189304e+07,2.4012189e+08,3.6117872e+08
MMR,PRT,1966,0.0,DOTS_IP,6.9091816e+07,6.452535e+07,2.4012189e+08,3.6117872e+08
MNG,PRT,1966,0.0,DOTS_IP,,,2.4012189e+08,3.6117872e+08
MOZ,PRT,1966,1.6035721e+07,DOTS_IP,3.9910732e+07,8.044173e+07,2.4012189e+08,3.6117872e+08
MRT,PRT,1966,0.0,DOTS_IP,2.9964298e+07,8.2142895e+06,2.4012189e+08,3.6117872e+08
MTQ,PRT,1966,0.0,DOTS_IP,2.0500366e+07,3.3071444e+07,2.4012189e+08,3.6117872e+08
MUS,PRT,1966,0.0,DOTS_IP,2.7321442e+07,2.4607154e+07,2.4012189e+08,3.6117872e+08
MWI,PRT,1966,35714.3,DOTS_IP,1.5731078e+07,3.009287e+07,2.4012189e+08,3.6117872e+08
MYS,PRT,1966,821428.94,DOTS_IP,3.764998e+08,3.9433232e+08,2.4012189e+08,3.6117872e+08
NAM,PRT,1966,0.0,DOTS_IP,,,2.4012189e+08,3.6117872e+08
NCL,PRT,1966,0.0,DOTS_IP,2.7714298e+07,2.400001e+07,2.4012189e+08,3.6117872e+08
NER,PRT,1966,571428.8,DOTS_XP,1.2428577e+07,1.6071436e+07,2.4012189e+08,3.6117872e+08
NGA,PRT,1966,3.1428585e+06,DOTS_IP,2.9108512e+08,2.5625013e+08,2.4012189e+08,3.6117872e+08
NIC,PRT,1966,3.0357155e+06,DOTS_IP,5.4487164e+07,6.4971456e+07,2.4012189e+08,3.6117872e+08
NLD,PRT,1966,1.0107147e+07,DOTS_IP,2.445158e+09,3.2370255e+09,2.4012189e+08,3.6117872e+08
NOR,PRT,1966,1.7857151e+06,DOTS_IP,5.571074e+08,8.5789325e+08,2.4012189e+08,3.6117872e+08
NPL,PRT,1966,0.0,DOTS_IP,1.8285436e+07,2.6925406e+07,2.4012189e+08,3.6117872e+08
NRU,PRT,1966,0.0,DOTS_IP,,,2.4012189e+08,3.6117872e+08
NZL,PRT,1966,1.178572e+06,DOTS_IP,4.173577e+08,3.9525376e+08,2.4012189e+08,3.6117872e+08
OMN,PRT,1966,0.0,DOTS_IP,4.7142876e+07,1.635715e+07,2.4012189e+08,3.6117872e+08
PAK,PRT,1966,1.3928578e+06,DOTS_IP,2.1285723e+08,3.221203e+08,2.4012189e+08,3.6117872e+08
PAN,PRT,1966,0.0,DOTS_IP,6.2514316e+07,1.3735221e+08,2.4012189e+08,3.6117872e+08
PER,PRT,1966,678571.75,DOTS_IP,3.1123584e+08,2.9185728e+08,2.4012189e+08,3.6117872e+08
PHL,PRT,1966,35714.3,DOTS_IP,3.5600624e+08,3.5065274e+08,2.4012189e+08,3.6117872e+08
PNG,PRT,1966,0.0,DOTS_IP,1.9500008e+07,5.3390376e+07,2.4012189e+08,3.6117872e+08
POL,PRT,1966,1.7500008e+06,DOTS_IP,8.114289e+08,8.9071475e+08,2.4012189e+08,3.6117872e+08
PRK,PRT,1966,0.0,DOTS_IP,1.2853577e+07,,2.4012189e+08,3.6117872e+08
PRT,AFG,1966,0.0,DOTS_IP,2.4012189e+08,3.6117872e+08,2.9821442e+07,4.5714304e+07
PRT,AGO,1966,3.1642872e+07,DOTS_IP,2.4012189e+08,3.6117872e+08,8.278932e+07,7.442861e+07
PRT,ALB,1966,0.0,DOTS_IP,2.4012189e+08,3.6117872e+08,3.3750015e+06,9.746432e+06
PRT,ANT,1966,117857.2,DOTS_IP,2.4012189e+08,3.6117872e+08,2.129383e+08,2.6943514e+08
PRT,ARE,1966,0.0,DOTS_IP,2.4012189e+08,3.6117872e+08,8.617504e+07,8.46429e+07
PRT,ARG,1966,464285.9,DOTS_IP,2.4012189e+08,3.6117872e+08,6.053781e+08,4.0164307e+08
PRT,ATG,1966,0.0,DOTS_IP,2.4012189e+08,3.6117872e+08,2.500001e+06,9.285718e+06
PRT,AUS,1966,1.0607148e+06,DOTS_IP,2.4012189e+08,3.6117872e+08,1.1300362e+09,1.2732506e+09
PRT,AUT,1966,3.1071442e+06,DOTS_IP,2.4012189e+08,3.6117872e+08,6.0092883e+08,8.3085754e+08
PRT,BDI,1966,0.0,DOTS_IP,2.4012189e+08,3.6117872e+08,7.892861e+06,7.1428605e+06
PRT,BEL,1966,6.3214315e+06,DOTS_IP,2.4012189e+08,3.6117872e+08,2.439001e+09,2.560948e+09
PRT,BEN,1966,0.0,DOTS_IP,2.4012189e+08,3.6117872e+08,5.7857165e+06,1.1940362e+07
PRT,BFA,1966,0.0,DOTS_IP,2.4012189e+08,3.6117872e+08,5.678574e+06,1.3357149e+07
PRT,BGD,1966,0.0,DOTS_IP,2.4012189e+08,3.6117872e+08,,
PRT,BGR,1966,0.0,DOTS_IP,2.4012189e+08,3.6117872e+08,4.5787565e+08,5.1892573e+08
PRT,BHR,1966,0.0,DOTS_IP,2.4012189e+08,3.6117872e+08,6.6900028e+07,5.7214308e+07
PRT,BHS,1966,0.0,DOTS_IP,2.4012189e+08,3.6117872e+08,1.2816077e+07,7.2271816e+07
PRT,BLZ,1966,1785.72,DOTS_IP,2.4012189e+08,3.6117872e+08,5.753574e+06,1.0959745e+07
PRT,BMU,1966,71428.6,DOTS_IP,2.4012189e+08,3.6117872e+08,1.9107152e+07,4.938564e+07
PRT,BOL,1966,107142.91,DOTS_IP,2.4012189e+08,3.6117872e+08,5.3714308e+07,4.9464308e+07
PRT,BRA,1966,1.610715e+06,DOTS_IP,2.4012189e+08,3.6117872e+08,6.7555635e+08,5.881074e+08
PRT,BRB,1966,35714.3,DOTS_IP,2.4012189e+08,3.6117872e+08,1.4574971e+07,2.7464298e+07
PRT,BRN,1966,0.0,DOTS_IP,2.4012189e+08,3.6117872e+08,2.6428584e+07,1.8214294e+07
PRT,BWA,1966,0.0,DOTS_IP,2.4012189e+08,3.6117872e+08,5.3860025e+06,9.412504e+06
PRT,CAF,1966,142857.2,DOTS_IP,2.4012189e+08,3.6117872e+08,1.1035719e+07,1.2428577e+07
PRT,CAN,1966,4.8214305e+06,DOTS_IP,2.4012189e+08,3.6117872e+08,3.5744768e+09,3.8142876e+09
PRT,CHE,1966,3.9642875e+06,DOTS_IP,2.4012189e+08,3.6117872e+08,1.1734648e+09,1.4544634e+09
PRT,CHL,1966,107142.91,DOTS_IP,2.4012189e+08,3.6117872e+08,3.4187443e+08,2.7093226e+08
PRT,CHN,1966,0.0,DOTS_IP,2.4012189e+08,3.6117872e+08,9.5748256e+08,8.863968e+08
PRT,CIV,1966,35714.3,DOTS_IP,2.4012189e+08,3.6117872e+08,1.3604934e+08,9.200004e+07
PRT,CMR,1966,0.0,DOTS_IP,2.4012189e+08,3.6117872e+08,6.05586e+07,4.682145e+07
PRT,COD,1966,750000.3,DOTS_IP,2.4012189e+08,3.6117872e+08,2.0660474e+08,1.2171434e+08
PRT,COG,1966,0.0,DOTS_IP,2.4012189e+08,3.6117872e+08,1.7642866e+07,2.4678582e+07
PRT,COL,1966,107142.91,DOTS_IP,2.4012189e+08,3.6117872e+08,2.1079152e+08,2.4085725e+08
PRT,COM,1966,0.0,DOTS_IP,2.4012189e+08,3.6117872e+08,1.3787864e+06,2.5796155e+06
PRT,CPV,1966,1.3214291e+06,DOTS_XP,2.4012189e+08,3.6117872e+08,250000.11,2.250001e+06
PRT,CRI,1966,35714.3,DOTS_IP,2.4012189e+08,3.6117872e+08,5.332574e+07,6.3607172e+07
PRT,CUB,1966,178571.5,DOTS_XP,2.4012189e+08,3.6117872e+08,2.1178581e+08,3.3071443e+08
PRT,CYP,1966,714286.0,DOTS_IP,2.4012189e+08,3.6117872e+08,3.1171086e+07,5.510717e+07
PRT,CZSK,1966,678571.75,DOTS_XP,2.4012189e+08,3.6117872e+08,8.4891136e+08,8.4462394e+08
PRT,DJI,1966,35714.3,DOTS_XP,2.4012189e+08,3.6117872e+08,1.4642864e+06,1.6428579e+07
PRT,DMA,1966,0.0,DOTS_IP,2.4012189e+08,3.6117872e+08,2.0937474e+06,3.5302015e+06
PRT,DNK,1966,5.071431e+06,DOTS_IP,2.4012189e+08,3.6117872e+08,8.750361e+08,1.0716433e+09
PRT,DOM,1966,117857.195,DOTS_IP,2.4012189e+08,3.6117872e+08,5.673217e+07,5.678931e+07
PRT,DZA,1966,0.0,DOTS_IP,2.4012189e+08,3.6117872e+08,3.0077264e+08,2.2807154e+08
PRT,ECU,1966,121428.625,DOTS_IP,2.4012189e+08,3.6117872e+08,8.783861e+07,6.3423176e+07
PRT,EDEU,1966,250000.11,DOTS_XP,2.4012189e+08,3.6117872e+08,2.1815867e+08,2.229394e+08
PRT,EGY,1966,35714.3,DOTS_IP,2.4012189e+08,3.6117872e+08,2.1639296e+08,3.8210733e+08
PRT,ESP,1966,5.805342e+06,ESP TENA JUNGUITO,2.4012189e+08,3.6117872e+08,4.6216627e+08,1.2832148e+09
PRT,ETH,1966,0.0,DOTS_IP,2.4012189e+08,3.6117872e+08,3.9500016e+07,5.753574e+07
PRT,FIN,1966,2.0357151e+06,DOTS_IP,2.4012189e+08,3.6117872e+08,5.3767885e+08,6.167503e+08
PRT,FJI,1966,0.0,DOTS_IP,2.4012189e+08,3.6117872e+08,1.717858e+07,2.2678582e+07
PRT,FRA,1966,1.1857148e+07,DOTS_IP,2.4012189e+08,3.6117872e+08,3.892859e+09,4.2431803e+09
PRT,FRO,1966,35714.3,DOTS_IP,2.4012189e+08,3.6117872e+08,8.035718e+06,1.0071433e+07
PRT,GAB,1966,0.0,DOTS_IP,2.4012189e+08,3.6117872e+08,4.2242876e+07,2.3714296e+07
PRT,GBR,1966,4.6964308e+07,DOTS_IP,2.4012189e+08,3.6117872e+08,5.220931e+09,5.9315743e+09
PRT,GHA,1966,0.0,DOTS_IP,2.4012189e+08,3.6117872e+08,9.575004e+07,1.25464344e+08
PRT,GIB,1966,0.0,DOTS_IP,2.4012189e+08,3.6117872e+08,464285.9,9.537861e+06
PRT,GIN,1966,0.0,DOTS_IP,2.4012189e+08,3.6117872e+08,2.0714294e+07,2.5000012e+07
PRT,GLP,1966,0.0,DOTS_IP,2.4012189e+08,3.6117872e+08,1.6525364e+07,3.29643e+07
PRT,GMB,1966,6428.574,DOTS_IP,2.4012189e+08,3.6117872e+08,6.14286e+06,7.082146e+06
PRT,GNB,1966,2.8928585e+06,DOTS_XP,2.4012189e+08,3.6117872e+08,2.0357151e+06,5.214288e+06
PRT,GNQ,1966,0.0,DOTS_IP,2.4012189e+08,3.6117872e+08,1.071429e+07,1.0000004e+07
PRT,GRC,1966,1.1428576e+06,DOTS_IP,2.4012189e+08,3.6117872e+08,1.4500006e+08,4.4190154e+08
PRT,GRD,1966,0.0,DOTS_IP,2.4012189e+08,3.6117872e+08,2.1241618e+06,4.5258235e+06
PRT,GRL,1966,0.0,DOTS_IP,2.4012189e+08,3.6117872e+08,5.714288e+06,1.3571435e+07
PRT,GTM,1966,35714.3,DOTS_IP,2.4012189e+08,3.6117872e+08,9.27854e+07,7.7440296e+07
PRT,GUF,1966,0.0,DOTS_IP,2.4012189e+08,3.6117872e+08,2.5357155e+06,9.928576e+06
PRT,GUY,1966,71428.6,DOTS_IP,2.4012189e+08,3.6117872e+08,4.206645e+07,4.210716e+07
PRT,HKG,1966,178571.5,DOTS_IP,2.4012189e+08,3.6117872e+08,4.7135738e+08,6.494237e+08
PRT,HND,1966,35714.3,DOTS_IP,2.4012189e+08,3.6117872e+08,6.880682e+07,5.364288e+07
PRT,HTI,1966,9642.861,DOTS_IP,2.4012189e+08,3.6117872e+08,1.5535721e+07,1.3261045e+07
PRT,HUN,1966,321428.72,DOTS_XP,2.4012189e+08,3.6117872e+08,3.807625e+08,3.7465398e+08
PRT,IDN,1966,107142.91,DOTS_XP,2.4012189e+08,3.6117872e+08,2.9581085e+08,1.9774522e+08
PRT,IND,1966,35714.3,DOTS_XP,2.4012189e+08,3.6117872e+08,5.712145e+08,9.7560755e+08
PRT,IRL,1966,714286.0,DOTS_IP,2.4012189e+08,3.6117872e+08,2.6818654e+08,3.7200016e+08
PRT,IRN,1966,250000.11,DOTS_IP,2.4012189e+08,3.6117872e+08,5.3273667e+08,3.4952842e+08
PRT,IRQ,1966,607143.1,DOTS_IP,2.4012189e+08,3.6117872e+08,3.5784624e+08,1.757858e+08
PRT,ISL,1966,178571.5,DOTS_IP,2.4012189e+08,3.6117872e+08,5.0071452e+07,5.685717e+07
PRT,ISR,1966,1.4642864e+06,DOTS_IP,2.4012189e+08,3.6117872e+08,1.7871437e+08,2.9950013e+08
PRT,ITA,1966,7.6428605e+06,DOTS_IP,2.4012189e+08,3.6117872e+08,2.8671084e+09,3.0587512e+09
PRT,JAM,1966,107142.91,DOTS_XP,2.4012189e+08,3.6117872e+08,1.06412904e+08,1.1475005e+08
PRT,JOR,1966,250000.11,DOTS_IP,2.4012189e+08,3.6117872e+08,1.253572e+07,7.159237e+07
PRT,JPN,1966,2.3214295e+06,DOTS_IP,2.4012189e+08,3.6117872e+08,3.4029655e+09,3.3641444e+09
PRT,KEN,1966,0.0,DOTS_IP,2.4012189e+08,3.6117872e+08,9.275004e+07,1.1242862e+08
PRT,KHM,1966,0.0,DOTS_IP,2.4012189e+08,3.6117872e+08,2.3785724e+07,3.8178588e+07
PRT,KIR,1966,0.0,DOTS_IP,2.4012189e+08,3.6117872e+08,1.9207151e+06,
PRT,KNA,1966,0.0,DOTS_IP,2.4012189e+08,3.6117872e+08,,3.2142872e+06
PRT,KOR,1966,0.0,DOTS_IP,2.4012189e+08,3.6117872e+08,8.878575e+07,2.8982803e+08
PRT,KWT,1966,214285.81,DOTS_IP,2.4012189e+08,3.6117872e+08,5.1308237e+08,1.6503579e+08
PRT,LAO,1966,0.0,DOTS_IP,2.4012189e+08,3.6117872e+08,535714.5,1.1785719e+07
PRT,LBN,1966,642857.44,DOTS_IP,2.4012189e+08,3.6117872e+08,6.118324e+07,2.0122029e+08
PRT,LBR,1966,0.0,DOTS_IP,2.4012189e+08,3.6117872e+08,8.350004e+07,5.271496e+07
PRT,LBY,1966,0.0,DOTS_IP,2.4012189e+08,3.6117872e+08,3.9313946e+08,1.562202e+08
PRT,LCA,1966,0.0,DOTS_IP,2.4012189e+08,3.6117872e+08,2.522494e+06,5.913931e+06
PRT,LKA,1966,71428.6,DOTS_XP,2.4012189e+08,3.6117872e+08,1.256072e+08,1.5210722e+08
PRT,LSO,1966,0.0,DOTS_IP,2.4012189e+08,3.6117872e+08,2.193501e+06,1.1450005e+07
PRT,LUX,1966,292857.28,COW,2.4012189e+08,3.6117872e+08,,
PRT,MAC,1966,142857.2,DOTS_IP,2.4012189e+08,3.6117872e+08,9.000004e+06,1.8250008e+07
PRT,MAR,1966,2.2857152e+06,DOTS_IP,2.4012189e+08,3.6117872e+08,1.7212186e+08,1.7125008e+08
PRT,MDG,1966,0.0,DOTS_IP,2.4012189e+08,3.6117872e+08,3.727716e+07,5.0357164e+07
PRT,MDV,1966,0.0,DOTS_IP,2.4012189e+08,3.6117872e+08,792975.4,809078.94
PRT,MEX,1966,714286.0,DOTS_IP,2.4012189e+08,3.6117872e+08,5.1615382e+08,6.3124954e+08
PRT,MLI,1966,0.0,DOTS_IP,2.4012189e+08,3.6117872e+08,4.642859e+06,1.3392863e+07
PRT,MLT,1966,10714.29,DOTS_IP,2.4012189e+08,3.6117872e+08,1.0178576e+07,3.8189304e+07
PRT,MMR,1966,0.0,DOTS_IP,2.4012189e+08,3.6117872e+08,6.9091816e+07,6.452535e+07
PRT,MNG,1966,0.0,DOTS_IP,2.4012189e+08,3.6117872e+08,,
PRT,MOZ,1966,2.2857152e+07,DOTS_IP,2.4012189e+08,3.6117872e+08,3.9910732e+07,8.044173e+07
PRT,MRT,1966,0.0,DOTS_IP,2.4012189e+08,3.6117872e+08,2.9964298e+07,8.2142895e+06
PRT,MTQ,1966,35714.3,DOTS_IP,2.4012189e+08,3.6117872e+08,2.0500366e+07,3.3071444e+07
PRT,MUS,1966,0.0,DOTS_IP,2.4012189e+08,3.6117872e+08,2.7321442e+07,2.4607154e+07
PRT,MWI,1966,0.0,DOTS_IP,2.4012189e+08,3.6117872e+08,1.5731078e+07,3.009287e+07
PRT,MYS,1966,35714.3,DOTS_XP,2.4012189e+08,3.6117872e+08,3.764998e+08,3.9433232e+08
PRT,NAM,1966,0.0,DOTS_IP,2.4012189e+08,3.6117872e+08,,
PRT,NCL,1966,0.0,DOTS_IP,2.4012189e+08,3.6117872e+08,2.7714298e+07,2.400001e+07
PRT,NER,1966,0.0,DOTS_IP,2.4012189e+08,3.6117872e+08,1.2428577e+07,1.6071436e+07
PRT,NGA,1966,250000.11,DOTS_IP,2.4012189e+08,3.6117872e+08,2.9108512e+08,2.5625013e+08
PRT,NIC,1966,35714.3,DOTS_IP,2.4012189e+08,3.6117872e+08,5.4487164e+07,6.4971456e+07
PRT,NLD,1966,4.7857165e+06,DOTS_IP,2.4012189e+08,3.6117872e+08,2.445158e+09,3.2370255e+09
PRT,NOR,1966,2.3214295e+06,DOTS_IP,2.4012189e+08,3.6117872e+08,5.571074e+08,8.5789325e+08
PRT,NRU,1966,0.0,DOTS_IP,2.4012189e+08,3.6117872e+08,,
PRT,NZL,1966,214285.81,DOTS_XP,2.4012189e+08,3.6117872e+08,4.173577e+08,3.9525376e+08
PRT,OMN,1966,0.0,DOTS_IP,2.4012189e+08,3.6117872e+08,4.7142876e+07,1.635715e+07
PRT,PAK,1966,1.178572e+06,DOTS_IP,2.4012189e+08,3.6117872e+08,2.1285723e+08,3.221203e+08
PRT,PAN,1966,39285.73,DOTS_IP,2.4012189e+08,3.6117872e+08,6.2514316e+07,1.3735221e+08
PRT,PER,1966,285714.4,DOTS_IP,2.4012189e+08,3.6117872e+08,3.1123584e+08,2.9185728e+08
PRT,PHL,1966,357143.0,DOTS_IP,2.4012189e+08,3.6117872e+08,3.5600624e+08,3.5065274e+08
PRT,PNG,1966,0.0,DOTS_IP,2.4012189e+08,3.6117872e+08,1.9500008e+07,5.3390376e+07
PRT,POL,1966,500000.22,DOTS_XP,2.4012189e+08,3.6117872e+08,8.114289e+08,8.9071475e+08
PRT,PRK,1966,0.0,DOTS_IP,2.4012189e+08,3.6117872e+08,1.2853577e+07,
PRT,PRY,1966,7500.0034,DOTS_IP,2.4012189e+08,3.6117872e+08,2.295001e+07,2.2879232e+07
PRT,PYF,1966,0.0,DOTS_IP,2.4012189e+08,3.6117872e+08,6.2067045e+06,5.9465e+07
PRT,QAT,1966,0.0,DOTS_IP,2.4012189e+08,3.6117872e+08,6.4434316e+07,2.5000012e+07
PRT,REU,1966,0.0,DOTS_IP,2.4012189e+08,3.6117872e+08,6.2710865e+06,1.8673644e+07
PRT,ROM,1966,660714.56,DOTS_IP,2.4012189e+08,3.6117872e+08,4.2050378e+08,4.766538e+08
PRT,RWA,1966,0.0,DOTS_IP,2.4012189e+08,3.6117872e+08,4.2142875e+06,7.1428605e+06
PRT,SAU,1966,250000.11,DOTS_XP,2.4012189e+08,3.6117872e+08,6.0198957e+08,2.0069003e+08
PRT,SDN,1966,35714.3,DOTS_IP,2.4012189e+08,3.6117872e+08,7.239289e+07,7.946432e+07
PRT,SEN,1966,0.0,DOTS_IP,2.4012189e+08,3.6117872e+08,5.9097884e+07,6.2182656e+07
PRT,SGP,1966,107142.91,DOTS_XP,2.4012189e+08,3.6117872e+08,3.9363232e+08,4.742502e+08
PRT,SHN,1966,0.0,DOTS_IP,2.4012189e+08,3.6117872e+08,,
PRT,SLB,1966,0.0,DOTS_IP,2.4012189e+08,3.6117872e+08,1.4992006e+06,3.9205732e+06
PRT,SLE,1966,0.0,DOTS_IP,2.4012189e+08,3.6117872e+08,3.61943e+07,3.57143e+07
PRT,SLV,1966,35714.3,DOTS_IP,2.4012189e+08,3.6117872e+08,6.8607176e+07,7.839289e+07
PRT,SOM,1966,0.0,DOTS_IP,2.4012189e+08,3.6117872e+08,,
PRT,STP,1966,785714.6,DOTS_XP,2.4012189e+08,3.6117872e+08,2.142858e+06,2.142858e+06
PRT,SUR,1966,35714.3,DOTS_IP,2.4012189e+08,3.6117872e+08,3.878323e+07,3.2035728e+07
PRT,SWE,1966,7.571432e+06,DOTS_IP,2.4012189e+08,3.6117872e+08,1.5366418e+09,1.6315364e+09
PRT,SWZ,1966,0.0,DOTS_IP,2.4012189e+08,3.6117872e+08,1.9175008e+07,1.2115005e+07
PRT,SYC,1966,0.0,DOTS_IP,2.4012189e+08,3.6117872e+08,645000.3,1.4970042e+06
PRT,SYR,1966,142857.2,DOTS_IP,2.4012189e+08,3.6117872e+08,8.1171464e+07,1.0500005e+08
PRT,TCD,1966,35714.3,DOTS_IP,2.4012189e+08,3.6117872e+08,8.460789e+06,1.1519291e+07
PRT,TGO,1966,0.0,DOTS_IP,2.4012189e+08,3.6117872e+08,1.5381435e+07,1.6821436e+07
PRT,THA,1966,178571.5,DOTS_IP,2.4012189e+08,3.6117872e+08,2.469644e+08,3.19893e+08
PRT,TON,1966,0.0,DOTS_IP,2.4012189e+08,3.6117872e+08,1.4472006e+06,1.6564008e+06
PRT,TTO,1966,71428.6,DOTS_XP,2.4012189e+08,3.6117872e+08,1.5403578e+08,1.6342864e+08
PRT,TUN,1966,0.0,DOTS_IP,2.4012189e+08,3.6117872e+08,6.174967e+07,8.925004e+07
PRT,TUR,1966,750000.3,DOTS_IP,2.4012189e+08,3.6117872e+08,1.7525794e+08,3.007193e+08
PRT,TUV,1966,0.0,DOTS_IP,2.4012189e+08,3.6117872e+08,,
PRT,TZA,1966,0.0,DOTS_IP,2.4012189e+08,3.6117872e+08,8.4071464e+07,8.475004e+07
PRT,UGA,1966,0.0,DOTS_IP,2.4012189e+08,3.6117872e+08,7.750003e+07,5.939895e+07
PRT,URY,1966,35714.3,DOTS_IP,2.4012189e+08,3.6117872e+08,7.907503e+07,5.8892884e+07
PRT,USA,1966,3.1428586e+07,DOTS_IP,2.4012189e+08,3.6117872e+08,1.1047627e+10,9.904397e+09
PRT,USSR,1966,0.0,DOTS_IP,2.4012189e+08,3.6117872e+08,7.1428603e+09,6.3392886e+09
PRT,VCT,1966,0.0,DOTS_IP,2.4012189e+08,3.6117872e+08,1.398122e+06,3.3447835e+06
PRT,VEN,1966,1.071429e+06,DOTS_IP,2.4012189e+08,3.6117872e+08,9.812329e+08,4.7753594e+08
PRT,VNM,1966,1.9642866e+06,DOTS_XP,2.4012189e+08,3.6117872e+08,1.028929e+07,2.2310725e+08
PRT,VUT,1966,0.0,DOTS_IP,2.4012189e+08,3.6117872e+08,3.708216e+06,2.914287e+06
PRT,WDEU,1966,1.8571436e+07,DOTS_IP,2.4012189e+08,3.6117872e+08,7.1957176e+09,6.4842885e+09
PRT,WSM,1966,0.0,DOTS_IP,2.4012189e+08,3.6117872e+08,1.6428579e+06,2.7857155e+06
PRT,YAR,1966,71428.6,COW,2.4012189e+08,3.6117872e+08,,
PRT,YUG,1966,35714.3,DOTS_IP,2.4012189e+08,3.6117872e+08,4.362502e+08,5.5400026e+08
PRT,ZAF,1966,1.071429e+06,DOTS_XP,2.4012189e+08,3.6117872e+08,6.5910637e+08,7.797531e+08
PRT,ZMB,1966,142857.2,DOTS_IP,2.4012189e+08,3.6117872e+08,2.4650011e+08,1.2239291e+08
PRT,ZWE,1966,392857.3,DOTS_IP,2.4012189e+08,3.6117872e+08,1.0000005e+08,9.746254e+07
PRY,PRT,1966,0.0,DOTS_IP,2.295001e+07,2.2879232e+07,2.4012189e+08,3.6117872e+08
PYF,PRT,1966,,,6.2067045e+06,5.9465e+07,2.4012189e+08,3.6117872e+08
QAT,PRT,1966,0.0,DOTS_IP,6.4434316e+07,2.5000012e+07,2.4012189e+08,3.6117872e+08
REU,PRT,1966,0.0,DOTS_IP,6.2710865e+06,1.8673644e+07,2.4012189e+08,3.6117872e+08
ROM,PRT,1966,535714.5,DOTS_IP,4.2050378e+08,4.766538e+08,2.4012189e+08,3.6117872e+08
RWA,PRT,1966,0.0,DOTS_IP,4.2142875e+06,7.1428605e+06,2.4012189e+08,3.6117872e+08
SAU,PRT,1966,,DOTS_IP,6.0198957e+08,2.0069003e+08,2.4012189e+08,3.6117872e+08
SDN,PRT,1966,35714.3,DOTS_XP,7.239289e+07,7.946432e+07,2.4012189e+08,3.6117872e+08
SEN,PRT,1966,2.0357151e+06,DOTS_XP,5.9097884e+07,6.2182656e+07,2.4012189e+08,3.6117872e+08
SGP,PRT,1966,35714.3,DOTS_IP,3.9363232e+08,4.742502e+08,2.4012189e+08,3.6117872e+08
SHN,PRT,1966,0.0,DOTS_IP,,,2.4012189e+08,3.6117872e+08
SLB,PRT,1966,0.0,DOTS_IP,1.4992006e+06,3.9205732e+06,2.4012189e+08,3.6117872e+08
SLE,PRT,1966,0.0,DOTS_IP,3.61943e+07,3.57143e+07,2.4012189e+08,3.6117872e+08
SLV,PRT,1966,35714.3,DOTS_XP,6.8607176e+07,7.839289e+07,2.4012189e+08,3.6117872e+08
SOM,PRT,1966,0.0,DOTS_IP,,,2.4012189e+08,3.6117872e+08
SPM,PRT,1966,0.0,DOTS_IP,607143.1,1.7500008e+06,2.4012189e+08,3.6117872e+08
STP,PRT,1966,928571.8,DOTS_IP,2.142858e+06,2.142858e+06,2.4012189e+08,3.6117872e+08
SUR,PRT,1966,0.0,DOTS_IP,3.878323e+07,3.2035728e+07,2.4012189e+08,3.6117872e+08
SWE,PRT,1966,1.1678577e+07,DOTS_IP,1.5366418e+09,1.6315364e+09,2.4012189e+08,3.6117872e+08
SWZ,PRT,1966,,,1.9175008e+07,1.2115005e+07,2.4012189e+08,3.6117872e+08
SYC,PRT,1966,0.0,DOTS_IP,645000.3,1.4970042e+06,2.4012189e+08,3.6117872e+08
SYR,PRT,1966,0.0,DOTS_IP,8.1171464e+07,1.0500005e+08,2.4012189e+08,3.6117872e+08
TCD,PRT,1966,0.0,DOTS_IP,8.460789e+06,1.1519291e+07,2.4012189e+08,3.6117872e+08
TGO,PRT,1966,0.0,DOTS_IP,1.5381435e+07,1.6821436e+07,2.4012189e+08,3.6117872e+08
THA,PRT,1966,821428.94,DOTS_IP,2.469644e+08,3.19893e+08,2.4012189e+08,3.6117872e+08
TON,PRT,1966,0.0,DOTS_IP,1.4472006e+06,1.6564008e+06,2.4012189e+08,3.6117872e+08
TTO,PRT,1966,,DOTS_IP,1.5403578e+08,1.6342864e+08,2.4012189e+08,3.6117872e+08
TUN,PRT,1966,0.0,DOTS_IP,6.174967e+07,8.925004e+07,2.4012189e+08,3.6117872e+08
TUR,PRT,1966,3.6071445e+06,DOTS_IP,1.7525794e+08,3.007193e+08,2.4012189e+08,3.6117872e+08
TUV,PRT,1966,0.0,DOTS_IP,,,2.4012189e+08,3.6117872e+08
TWN,PRT,1966,,,,,2.4012189e+08,3.6117872e+08
TZA,PRT,1966,0.0,DOTS_IP,8.4071464e+07,8.475004e+07,2.4012189e+08,3.6117872e+08
UGA,PRT,1966,0.0,DOTS_IP,7.750003e+07,5.939895e+07,2.4012189e+08,3.6117872e+08
URY,PRT,1966,285714.4,DOTS_IP,7.907503e+07,5.8892884e+07,2.4012189e+08,3.6117872e+08
USA,PRT,1966,2.8321442e+07,DOTS_IP,1.1047627e+10,9.904397e+09,2.4012189e+08,3.6117872e+08
USSR,PRT,1966,0.0,DOTS_IP,7.1428603e+09,6.3392886e+09,2.4012189e+08,3.6117872e+08
VCT,PRT,1966,0.0,DOTS_IP,1.398122e+06,3.3447835e+06,2.4012189e+08,3.6117872e+08
VEN,PRT,1966,71428.6,DOTS_IP,9.812329e+08,4.7753594e+08,2.4012189e+08,3.6117872e+08
VNM,PRT,1966,0.0,DOTS_IP,1.028929e+07,2.2310725e+08,2.4012189e+08,3.6117872e+08
VUT,PRT,1966,0.0,DOTS_IP,3.708216e+06,2.914287e+06,2.4012189e+08,3.6117872e+08
WDEU,PRT,1966,5.539288e+07,DOTS_IP,7.1957176e+09,6.4842885e+09,2.4012189e+08,3.6117872e+08
WSM,PRT,1966,0.0,DOTS_IP,1.6428579e+06,2.7857155e+06,2.4012189e+08,3.6117872e+08
YAR,PRT,1966,35714.3,COW,,,2.4012189e+08,3.6117872e+08
YUG,PRT,1966,0.0,DOTS_IP,4.362502e+08,5.5400026e+08,2.4012189e+08,3.6117872e+08
ZAF,PRT,1966,1.6071436e+06,DOTS_IP,6.5910637e+08,7.797531e+08,2.4012189e+08,3.6117872e+08
ZMB,PRT,1966,892857.56,DOTS_IP,2.4650011e+08,1.2239291e+08,2.4012189e+08,3.6117872e+08
ZWE,PRT,1966,714286.0,DOTS_IP,1.0000005e+08,9.746254e+07,2.4012189e+08,3.6117872e+08
AFG,PRT,1967,0.0,DOTS_IP,2.4046172e+07,5.0102016e+07,2.6625274e+08,3.6684656e+08
AGO,PRT,1967,3.0706334e+07,DOTS_IP,8.8052584e+07,9.939727e+07,2.6625274e+08,3.6684656e+08
ALB,PRT,1967,0.0,DOTS_IP,3.90347e+06,7.48829e+06,2.6625274e+08,3.6684656e+08
ANT,PRT,1967,1.8467252e+06,DOTS_IP,2.2931005e+08,2.9208352e+08,2.6625274e+08,3.6684656e+08
ARE,PRT,1967,0.0,DOTS_IP,9.4747864e+07,8.690472e+07,2.6625274e+08,3.6684656e+08
ARG,PRT,1967,2.9330342e+06,DOTS_IP,6.1689926e+08,3.9672003e+08,2.6625274e+08,3.6684656e+08
ATG,PRT,1967,0.0,DOTS_IP,1.086309e+06,8.3283685e+06,2.6625274e+08,3.6684656e+08
AUS,PRT,1967,977678.06,DOTS_IP,1.2633412e+09,1.3960084e+09,2.6625274e+08,3.6684656e+08
AUT,PRT,1967,3.5486092e+06,DOTS_IP,6.5533395e+08,8.3624064e+08,2.6625274e+08,3.6684656e+08
BDI,PRT,1967,0.0,DOTS_IP,1.0537197e+07,7.2420595e+06,2.6625274e+08,3.6684656e+08
BEL,PRT,1967,1.0392356e+07,DOTS_IP,2.5452943e+09,2.6039107e+09,2.6625274e+08,3.6684656e+08
BEN,PRT,1967,0.0,DOTS_IP,5.6480825e+06,1.6172968e+07,2.6625274e+08,3.6684656e+08
BFA,PRT,1967,36210.297,DOTS_IP,6.300592e+06,1.2927077e+07,2.6625274e+08,3.6684656e+08
BGD,PRT,1967,0.0,DOTS_IP,,,2.6625274e+08,3.6684656e+08
BGR,PRT,1967,760416.25,DOTS_IP,5.2613254e+08,5.5708154e+08,2.6625274e+08,3.6684656e+08
BHR,PRT,1967,3.4761888e+06,DOTS_IP,7.634579e+07,6.1213508e+07,2.6625274e+08,3.6684656e+08
BHS,PRT,1967,0.0,DOTS_IP,1.3037156e+07,7.901367e+07,2.6625274e+08,3.6684656e+08
BLZ,PRT,1967,0.0,DOTS_IP,7.7164145e+06,1.0304463e+07,2.6625274e+08,3.6684656e+08
BMU,PRT,1967,0.0,DOTS_IP,2.17986e+07,4.142458e+07,2.6625274e+08,3.6684656e+08
BOL,PRT,1967,0.0,DOTS_IP,6.18834e+07,5.4749972e+07,2.6625274e+08,3.6684656e+08
BRA,PRT,1967,2.7519828e+06,DOTS_IP,6.643268e+08,6.6526285e+08,2.6625274e+08,3.6684656e+08
BRB,PRT,1967,0.0,DOTS_IP,1.5025898e+07,2.8893284e+07,2.6625274e+08,3.6684656e+08
BRN,PRT,1967,0.0,DOTS_IP,3.4475824e+07,1.6294634e+07,2.6625274e+08,3.6684656e+08
BWA,PRT,1967,0.0,DOTS_IP,4.6735185e+06,1.1340341e+07,2.6625274e+08,3.6684656e+08
CAF,PRT,1967,0.0,DOTS_IP,1.0464776e+07,1.5896322e+07,2.6625274e+08,3.6684656e+08
CAN,PRT,1967,2.063987e+06,DOTS_IP,4.0832445e+09,4.1628444e+09,2.6625274e+08,3.6684656e+08
CHE,PRT,1967,1.3506441e+07,DOTS_IP,1.2697865e+09,1.5485718e+09,2.6625274e+08,3.6684656e+08
CHL,PRT,1967,72420.59,DOTS_IP,3.499193e+08,2.662145e+08,2.6625274e+08,3.6684656e+08
CHN,PRT,1967,72420.59,DOTS_IP,8.6487936e+08,7.85452e+08,2.6625274e+08,3.6684656e+08
CIV,PRT,1967,36210.297,DOTS_IP,1.4546112e+08,9.758675e+07,2.6625274e+08,3.6684656e+08
CMR,PRT,1967,0.0,DOTS_IP,6.3308636e+07,6.4092228e+07,2.6625274e+08,3.6684656e+08
COD,PRT,1967,36210.297,DOTS_IP,1.9060376e+08,9.269837e+07,2.6625274e+08,3.6684656e+08
COG,PRT,1967,108630.9,DOTS_XP,2.6674316e+07,2.9909706e+07,2.6625274e+08,3.6684656e+08
COL,PRT,1967,217261.8,DOTS_IP,2.1243098e+08,1.7982034e+08,2.6625274e+08,3.6684656e+08
COM,PRT,1967,0.0,DOTS_IP,1.3759298e+06,2.713723e+06,2.6625274e+08,3.6684656e+08
CPV,PRT,1967,325892.7,DOTS_IP,398313.28,3.1865062e+06,2.6625274e+08,3.6684656e+08
CRI,PRT,1967,0.0,DOTS_IP,5.7725732e+07,6.85461e+07,2.6625274e+08,3.6684656e+08
CUB,PRT,1967,0.0,DOTS_IP,2.5528261e+08,3.617409e+08,2.6625274e+08,3.6684656e+08
CYP,PRT,1967,0.0,DOTS_IP,2.9692444e+07,5.8588264e+07,2.6625274e+08,3.6684656e+08
CZSK,PRT,1967,941467.75,DOTS_IP,9.107841e+08,8.5330746e+08,2.6625274e+08,3.6684656e+08
DJI,PRT,1967,0.0,DOTS_IP,1.0500988e+06,1.3397811e+07,2.6625274e+08,3.6684656e+08
DMA,PRT,1967,0.0,DOTS_IP,2.2136298e+06,3.5431235e+06,2.6625274e+08,3.6684656e+08
DNK,PRT,1967,4.490077e+06,DOTS_IP,9.161205e+08,1.1404796e+09,2.6625274e+08,3.6684656e+08
DOM,PRT,1967,0.0,DOTS_IP,5.8545172e+07,6.954912e+07,2.6625274e+08,3.6684656e+08
DZA,PRT,1967,0.0,DOTS_IP,3.1415946e+08,2.3011646e+08,2.6625274e+08,3.6684656e+08
ECU,PRT,1967,0.0,DOTS_IP,9.817879e+07,8.129397e+07,2.6625274e+08,3.6684656e+08
EDEU,PRT,1967,108630.9,DOTS_IP,2.277023e+08,2.2154547e+08,2.6625274e+08,3.6684656e+08
EGY,PRT,1967,434523.6,DOTS_IP,2.0516755e+08,2.865321e+08,2.6625274e+08,3.6684656e+08
ESP,PRT,1967,1.5311168e+07,ESP TENA JUNGUITO,5.4528083e+08,1.2609512e+09,2.6625274e+08,3.6684656e+08
ETH,PRT,1967,0.0,DOTS_IP,3.7044224e+07,5.256978e+07,2.6625274e+08,3.6684656e+08
FIN,PRT,1967,1.5208325e+06,DOTS_IP,5.5532115e+08,6.139818e+08,2.6625274e+08,3.6684656e+08
FJI,PRT,1967,0.0,DOTS_IP,1.7417154e+07,2.4912686e+07,2.6625274e+08,3.6684656e+08
FLK,PRT,1967,0.0,DOTS_IP,1.0500986e+06,506944.2,2.6625274e+08,3.6684656e+08
FRA,PRT,1967,2.5021316e+07,DOTS_IP,4.1197181e+09,4.4913444e+09,2.6625274e+08,3.6684656e+08
FRO,PRT,1967,253472.1,DOTS_XP,9.233626e+06,9.63194e+06,2.6625274e+08,3.6684656e+08
GAB,PRT,1967,0.0,DOTS_IP,4.623005e+07,2.4441952e+07,2.6625274e+08,3.6684656e+08
GBR,PRT,1967,5.051337e+07,DOTS_IP,5.1958154e+09,6.400895e+09,2.6625274e+08,3.6684656e+08
GHA,PRT,1967,0.0,DOTS_IP,1.10477624e+08,1.13845176e+08,2.6625274e+08,3.6684656e+08
GIB,PRT,1967,0.0,DOTS_IP,724205.94,9.892654e+06,2.6625274e+08,3.6684656e+08
GIN,PRT,1967,0.0,DOTS_IP,1.8467252e+07,1.9191458e+07,2.6625274e+08,3.6684656e+08
GLP,PRT,1967,0.0,DOTS_IP,1.1769334e+07,3.6065456e+07,2.6625274e+08,3.6684656e+08
GMB,PRT,1967,1.5570429e+06,DOTS_IP,8.437e+06,7.5335525e+06,2.6625274e+08,3.6684656e+08
GNB,PRT,1967,977678.06,DOTS_IP,3.150296e+06,5.105652e+06,2.6625274e+08,3.6684656e+08
GNQ,PRT,1967,,,1.3035707e+07,1.1587296e+07,2.6625274e+08,3.6684656e+08
GRC,PRT,1967,1.2311501e+06,DOTS_IP,1.7916856e+08,4.4630166e+08,2.6625274e+08,3.6684656e+08
GRD,PRT,1967,0.0,DOTS_IP,1.7733668e+06,4.935862e+06,2.6625274e+08,3.6684656e+08
GRL,PRT,1967,0.0,DOTS_IP,4.960811e+06,1.6548107e+07,2.6625274e+08,3.6684656e+08
GTM,PRT,1967,1.1225192e+06,DOTS_IP,8.15264e+07,8.969291e+07,2.6625274e+08,3.6684656e+08
GUF,PRT,1967,0.0,DOTS_IP,2.7157725e+06,1.5135905e+07,2.6625274e+08,3.6684656e+08
GUY,PRT,1967,0.0,DOTS_IP,4.5597456e+07,4.7978644e+07,2.6625274e+08,3.6684656e+08
HKG,PRT,1967,325892.7,DOTS_IP,5.526054e+08,6.5327e+08,2.6625274e+08,3.6684656e+08
HND,PRT,1967,0.0,DOTS_IP,7.156748e+07,5.989183e+07,2.6625274e+08,3.6684656e+08
HTI,PRT,1967,0.0,DOTS_IP,1.5874595e+07,1.3682061e+07,2.6625274e+08,3.6684656e+08
HUN,PRT,1967,181051.5,DOTS_IP,4.275124e+08,4.4461286e+08,2.6625274e+08,3.6684656e+08
IDN,PRT,1967,181051.5,DOTS_IP,2.9980787e+08,2.4817091e+08,2.6625274e+08,3.6684656e+08
IND,PRT,1967,72420.59,DOTS_IP,5.813201e+08,9.677565e+08,2.6625274e+08,3.6684656e+08
IRL,PRT,1967,144841.19,DOTS_IP,3.2018486e+08,3.9070915e+08,2.6625274e+08,3.6684656e+08
IRN,PRT,1967,1.7380944e+06,DOTS_IP,6.951291e+08,4.0696755e+08,2.6625274e+08,3.6684656e+08
IRQ,PRT,1967,6.4816435e+06,DOTS_IP,3.165497e+08,1.5324198e+08,2.6625274e+08,3.6684656e+08
ISL,PRT,1967,1.448412e+06,DOTS_IP,3.4834308e+07,5.847963e+07,2.6625274e+08,3.6684656e+08
ISR,PRT,1967,362103.0,DOTS_IP,2.0038779e+08,2.732429e+08,2.6625274e+08,3.6684656e+08
ITA,PRT,1967,2.1364076e+07,DOTS_IP,3.1480146e+09,3.5110228e+09,2.6625274e+08,3.6684656e+08
JAM,PRT,1967,0.0,DOTS_IP,1.1079229e+08,1.2615668e+08,2.6625274e+08,3.6684656e+08
JOR,PRT,1967,0.0,DOTS_IP,1.177233e+07,6.0064656e+07,2.6625274e+08,3.6684656e+08
JPN,PRT,1967,1.7743046e+06,DOTS_IP,3.67998e+09,4.1884813e+09,2.6625274e+08,3.6684656e+08
KEN,PRT,1967,0.0,DOTS_IP,8.780273e+07,1.1035279e+08,2.6625274e+08,3.6684656e+08
KHM,PRT,1967,0.0,DOTS_IP,2.9656234e+07,2.070867e+07,2.6625274e+08,3.6684656e+08
KIR,PRT,1967,0.0,DOTS_IP,2.5144432e+06,,2.6625274e+08,3.6684656e+08
KNA,PRT,1967,0.0,DOTS_IP,,3.2589268e+06,2.6625274e+08,3.6684656e+08
KOR,PRT,1967,0.0,DOTS_IP,1.1543843e+08,3.71202e+08,2.6625274e+08,3.6684656e+08
KWT,PRT,1967,72420.59,DOTS_IP,5.59175e+08,2.1494434e+08,2.6625274e+08,3.6684656e+08
LAO,PRT,1967,0.0,DOTS_IP,1.607013e+06,1.781257e+07,2.6625274e+08,3.6684656e+08
LBN,PRT,1967,36210.297,DOTS_IP,6.0670716e+07,1.9230667e+08,2.6625274e+08,3.6684656e+08
LBR,PRT,1967,0.0,DOTS_IP,8.280716e+07,7.3561224e+07,2.6625274e+08,3.6684656e+08
LBY,PRT,1967,253472.1,DOTS_IP,4.6381734e+08,1.8777771e+08,2.6625274e+08,3.6684656e+08
LCA,PRT,1967,0.0,DOTS_IP,2.4111895e+06,6.085032e+06,2.6625274e+08,3.6684656e+08
LKA,PRT,1967,108630.9,DOTS_IP,1.2195629e+08,1.3024844e+08,2.6625274e+08,3.6684656e+08
LSO,PRT,1967,,,2.1129432e+06,1.2065271e+07,2.6625274e+08,3.6684656e+08
LUX,PRT,1967,452628.72,COW,,,2.6625274e+08,3.6684656e+08
MAC,PRT,1967,615575.06,DOTS_IP,9.487098e+06,1.5400059e+07,2.6625274e+08,3.6684656e+08
MAR,PRT,1967,1.8467252e+06,DOTS_IP,1.693925e+08,1.8749693e+08,2.6625274e+08,3.6684656e+08
MDG,PRT,1967,36210.297,DOTS_IP,3.7731132e+07,5.2613564e+07,2.6625274e+08,3.6684656e+08
MDV,PRT,1967,0.0,DOTS_IP,926534.6,1.2574605e+06,2.6625274e+08,3.6684656e+08
MEX,PRT,1967,941467.75,DOTS_IP,5.0172083e+08,6.913678e+08,2.6625274e+08,3.6684656e+08
MLI,PRT,1967,0.0,DOTS_IP,5.938489e+06,1.8575884e+07,2.6625274e+08,3.6684656e+08
MLT,PRT,1967,36210.297,DOTS_IP,9.831096e+06,3.966114e+07,2.6625274e+08,3.6684656e+08
MMR,PRT,1967,0.0,DOTS_IP,4.624055e+07,5.1672096e+07,2.6625274e+08,3.6684656e+08
MNG,PRT,1967,0.0,DOTS_IP,,,2.6625274e+08,3.6684656e+08
MOZ,PRT,1967,1.8829356e+07,DOTS_IP,5.58771e+07,8.8102584e+07,2.6625274e+08,3.6684656e+08
MRT,PRT,1967,398313.28,DOTS_IP,3.1695598e+07,1.3428589e+07,2.6625274e+08,3.6684656e+08
MTQ,PRT,1967,0.0,DOTS_IP,2.0857856e+07,3.8201864e+07,2.6625274e+08,3.6684656e+08
MUS,PRT,1967,0.0,DOTS_IP,2.2052072e+07,2.7338776e+07,2.6625274e+08,3.6684656e+08
MWI,PRT,1967,36210.3,DOTS_XP,1.8720724e+07,3.1347256e+07,2.6625274e+08,3.6684656e+08
MYS,PRT,1967,905257.44,DOTS_IP,4.404344e+08,3.9253776e+08,2.6625274e+08,3.6684656e+08
NAM,PRT,1967,0.0,DOTS_IP,,,2.6625274e+08,3.6684656e+08
NCL,PRT,1967,0.0,DOTS_IP,2.8606136e+07,2.8569926e+07,2.6625274e+08,3.6684656e+08
NER,PRT,1967,470733.88,DOTS_IP,1.4760404e+07,1.6475686e+07,2.6625274e+08,3.6684656e+08
NGA,PRT,1967,5.5039655e+06,DOTS_IP,2.5328416e+08,2.267851e+08,2.6625274e+08,3.6684656e+08
NIC,PRT,1967,1.1225192e+06,DOTS_IP,5.8244628e+07,7.383642e+07,2.6625274e+08,3.6684656e+08
NLD,PRT,1967,1.1225193e+07,DOTS_IP,2.650861e+09,3.4083594e+09,2.6625274e+08,3.6684656e+08
NOR,PRT,1967,2.788193e+06,DOTS_IP,6.285746e+08,9.943347e+08,2.6625274e+08,3.6684656e+08
NPL,PRT,1967,36210.297,DOTS_IP,1.8161312e+07,2.1913242e+07,2.6625274e+08,3.6684656e+08
NRU,PRT,1967,0.0,DOTS_IP,,,2.6625274e+08,3.6684656e+08
NZL,PRT,1967,905257.44,DOTS_IP,3.934564e+08,3.5063517e+08,2.6625274e+08,3.6684656e+08
OMN,PRT,1967,0.0,DOTS_IP,8.5890824e+07,1.5617502e+07,2.6625274e+08,3.6684656e+08
PAK,PRT,1967,1.7743046e+06,DOTS_IP,2.1621171e+08,3.9751664e+08,2.6625274e+08,3.6684656e+08
PAN,PRT,1967,0.0,DOTS_IP,5.841554e+07,1.5078403e+08,2.6625274e+08,3.6684656e+08
PER,PRT,1967,470733.88,DOTS_IP,3.0727696e+08,2.9453456e+08,2.6625274e+08,3.6684656e+08
PHL,PRT,1967,36210.297,DOTS_IP,3.558513e+08,4.4573485e+08,2.6625274e+08,3.6684656e+08
PNG,PRT,1967,0.0,DOTS_IP,2.1508918e+07,6.4870384e+07,2.6625274e+08,3.6684656e+08
POL,PRT,1967,1.3759914e+06,DOTS_IP,9.1485325e+08,9.5776237e+08,2.6625274e+08,3.6684656e+08
PRK,PRT,1967,0.0,DOTS_IP,1.5994089e+07,,2.6625274e+08,3.6684656e+08
PRT,AFG,1967,0.0,DOTS_IP,2.6625274e+08,3.6684656e+08,2.4046172e+07,5.0102016e+07
PRT,AGO,1967,3.5341252e+07,DOTS_IP,2.6625274e+08,3.6684656e+08,8.8052584e+07,9.939727e+07
PRT,ALB,1967,0.0,DOTS_IP,2.6625274e+08,3.6684656e+08,3.90347e+06,7.48829e+06
PRT,ANT,1967,79662.66,DOTS_IP,2.6625274e+08,3.6684656e+08,2.2931005e+08,2.9208352e+08
PRT,ARE,1967,0.0,DOTS_IP,2.6625274e+08,3.6684656e+08,9.4747864e+07,8.690472e+07
PRT,ARG,1967,398313.28,DOTS_IP,2.6625274e+08,3.6684656e+08,6.1689926e+08,3.9672003e+08
PRT,ATG,1967,0.0,DOTS_IP,2.6625274e+08,3.6684656e+08,1.086309e+06,8.3283685e+06
PRT,AUS,1967,1.2347711e+06,DOTS_IP,2.6625274e+08,3.6684656e+08,1.2633412e+09,1.3960084e+09
PRT,AUT,1967,4.0917638e+06,DOTS_IP,2.6625274e+08,3.6684656e+08,6.5533395e+08,8.3624064e+08
PRT,BDI,1967,0.0,DOTS_IP,2.6625274e+08,3.6684656e+08,1.0537197e+07,7.2420595e+06
PRT,BEL,1967,1.097172e+07,DOTS_IP,2.6625274e+08,3.6684656e+08,2.5452943e+09,2.6039107e+09
PRT,BEN,1967,0.0,DOTS_IP,2.6625274e+08,3.6684656e+08,5.6480825e+06,1.6172968e+07
PRT,BFA,1967,0.0,DOTS_IP,2.6625274e+08,3.6684656e+08,6.300592e+06,1.2927077e+07
PRT,BGD,1967,0.0,DOTS_IP,2.6625274e+08,3.6684656e+08,,
PRT,BGR,1967,543154.5,DOTS_XP,2.6625274e+08,3.6684656e+08,5.2613254e+08,5.5708154e+08
PRT,BHR,1967,72420.59,DOTS_XP,2.6625274e+08,3.6684656e+08,7.634579e+07,6.1213508e+07
PRT,BHS,1967,21726.18,DOTS_IP,2.6625274e+08,3.6684656e+08,1.3037156e+07,7.901367e+07
PRT,BLZ,1967,2534.72,DOTS_IP,2.6625274e+08,3.6684656e+08,7.7164145e+06,1.0304463e+07
PRT,BMU,1967,72420.59,DOTS_IP,2.6625274e+08,3.6684656e+08,2.17986e+07,4.142458e+07
PRT,BOL,1967,108630.9,DOTS_IP,2.6625274e+08,3.6684656e+08,6.18834e+07,5.4749972e+07
PRT,BRA,1967,3.266169e+06,DOTS_IP,2.6625274e+08,3.6684656e+08,6.643268e+08,6.6526285e+08
PRT,BRB,1967,36210.297,DOTS_IP,2.6625274e+08,3.6684656e+08,1.5025898e+07,2.8893284e+07
PRT,BRN,1967,0.0,DOTS_IP,2.6625274e+08,3.6684656e+08,3.4475824e+07,1.6294634e+07
PRT,BWA,1967,0.0,DOTS_IP,2.6625274e+08,3.6684656e+08,4.6735185e+06,1.1340341e+07
PRT,CAF,1967,144841.19,DOTS_IP,2.6625274e+08,3.6684656e+08,1.0464776e+07,1.5896322e+07
PRT,CAN,1967,5.2867035e+06,DOTS_IP,2.6625274e+08,3.6684656e+08,4.0832445e+09,4.1628444e+09
PRT,CHE,1967,5.069442e+06,DOTS_IP,2.6625274e+08,3.6684656e+08,1.2697865e+09,1.5485718e+09
PRT,CHL,1967,224503.84,DOTS_IP,2.6625274e+08,3.6684656e+08,3.499193e+08,2.662145e+08
PRT,CHN,1967,0.0,DOTS_IP,2.6625274e+08,3.6684656e+08,8.6487936e+08,7.85452e+08
PRT,CIV,1967,36210.297,DOTS_IP,2.6625274e+08,3.6684656e+08,1.4546112e+08,9.758675e+07
PRT,CMR,1967,0.0,DOTS_IP,2.6625274e+08,3.6684656e+08,6.3308636e+07,6.4092228e+07
PRT,COD,1967,724206.0,DOTS_IP,2.6625274e+08,3.6684656e+08,1.9060376e+08,9.269837e+07
PRT,COG,1967,0.0,DOTS_IP,2.6625274e+08,3.6684656e+08,2.6674316e+07,2.9909706e+07
PRT,COL,1967,144841.19,DOTS_IP,2.6625274e+08,3.6684656e+08,2.1243098e+08,1.7982034e+08
PRT,COM,1967,0.0,DOTS_IP,2.6625274e+08,3.6684656e+08,1.3759298e+06,2.713723e+06
PRT,CPV,1967,1.7743046e+06,DOTS_XP,2.6625274e+08,3.6684656e+08,398313.28,3.1865062e+06
PRT,CRI,1967,36210.3,DOTS_XP,2.6625274e+08,3.6684656e+08,5.7725732e+07,6.85461e+07
PRT,CUB,1967,0.0,DOTS_IP,2.6625274e+08,3.6684656e+08,2.5528261e+08,3.617409e+08
PRT,CYP,1967,687995.7,DOTS_IP,2.6625274e+08,3.6684656e+08,2.9692444e+07,5.8588264e+07
PRT,CZSK,1967,796626.56,DOTS_XP,2.6625274e+08,3.6684656e+08,9.107841e+08,8.5330746e+08
PRT,DJI,1967,0.0,DOTS_IP,2.6625274e+08,3.6684656e+08,1.0500988e+06,1.3397811e+07
PRT,DMA,1967,0.0,DOTS_IP,2.6625274e+08,3.6684656e+08,2.2136298e+06,3.5431235e+06
PRT,DNK,1967,7.061008e+06,DOTS_IP,2.6625274e+08,3.6684656e+08,9.161205e+08,1.1404796e+09
PRT,DOM,1967,155704.28,DOTS_IP,2.6625274e+08,3.6684656e+08,5.8545172e+07,6.954912e+07
PRT,DZA,1967,0.0,DOTS_IP,2.6625274e+08,3.6684656e+08,3.1415946e+08,2.3011646e+08
PRT,ECU,1967,83283.69,DOTS_IP,2.6625274e+08,3.6684656e+08,9.817879e+07,8.129397e+07
PRT,EDEU,1967,217261.8,DOTS_XP,2.6625274e+08,3.6684656e+08,2.277023e+08,2.2154547e+08
PRT,EGY,1967,0.0,DOTS_IP,2.6625274e+08,3.6684656e+08,2.0516755e+08,2.865321e+08
PRT,ESP,1967,5.2044135e+06,ESP TENA JUNGUITO,2.6625274e+08,3.6684656e+08,5.4528083e+08,1.2609512e+09
PRT,ETH,1967,0.0,DOTS_IP,2.6625274e+08,3.6684656e+08,3.7044224e+07,5.256978e+07
PRT,FIN,1967,2.5709312e+06,DOTS_IP,2.6625274e+08,3.6684656e+08,5.5532115e+08,6.139818e+08
PRT,FJI,1967,0.0,DOTS_IP,2.6625274e+08,3.6684656e+08,1.7417154e+07,2.4912686e+07
PRT,FRA,1967,1.213045e+07,DOTS_IP,2.6625274e+08,3.6684656e+08,4.1197181e+09,4.4913444e+09
PRT,FRO,1967,36210.3,DOTS_IP,2.6625274e+08,3.6684656e+08,9.233626e+06,9.63194e+06
PRT,GAB,1967,0.0,DOTS_IP,2.6625274e+08,3.6684656e+08,4.623005e+07,2.4441952e+07
PRT,GBR,1967,5.598112e+07,DOTS_IP,2.6625274e+08,3.6684656e+08,5.1958154e+09,6.400895e+09
PRT,GHA,1967,0.0,DOTS_IP,2.6625274e+08,3.6684656e+08,1.10477624e+08,1.13845176e+08
PRT,GIB,1967,181051.5,DOTS_XP,2.6625274e+08,3.6684656e+08,724205.94,9.892654e+06
PRT,GIN,1967,0.0,DOTS_IP,2.6625274e+08,3.6684656e+08,1.8467252e+07,1.9191458e+07
PRT,GLP,1967,36210.3,DOTS_IP,2.6625274e+08,3.6684656e+08,1.1769334e+07,3.6065456e+07
PRT,GMB,1967,5793.648,DOTS_IP,2.6625274e+08,3.6684656e+08,8.437e+06,7.5335525e+06
PRT,GNB,1967,3.2227165e+06,DOTS_XP,2.6625274e+08,3.6684656e+08,3.150296e+06,5.105652e+06
PRT,GNQ,1967,0.0,DOTS_IP,2.6625274e+08,3.6684656e+08,1.3035707e+07,1.1587296e+07
PRT,GRC,1967,1.086309e+06,DOTS_IP,2.6625274e+08,3.6684656e+08,1.7916856e+08,4.4630166e+08
PRT,GRD,1967,0.0,DOTS_IP,2.6625274e+08,3.6684656e+08,1.7733668e+06,4.935862e+06
PRT,GRL,1967,0.0,DOTS_IP,2.6625274e+08,3.6684656e+08,4.960811e+06,1.6548107e+07
PRT,GTM,1967,108630.9,DOTS_IP,2.6625274e+08,3.6684656e+08,8.15264e+07,8.969291e+07
PRT,GUF,1967,0.0,DOTS_IP,2.6625274e+08,3.6684656e+08,2.7157725e+06,1.5135905e+07
PRT,GUY,1967,181051.5,DOTS_IP,2.6625274e+08,3.6684656e+08,4.5597456e+07,4.7978644e+07
PRT,HKG,1967,253472.1,DOTS_IP,2.6625274e+08,3.6684656e+08,5.526054e+08,6.5327e+08
PRT,HND,1967,0.0,DOTS_IP,2.6625274e+08,3.6684656e+08,7.156748e+07,5.989183e+07
PRT,HTI,1967,9776.78,DOTS_IP,2.6625274e+08,3.6684656e+08,1.5874595e+07,1.3682061e+07
PRT,HUN,1967,217261.8,DOTS_XP,2.6625274e+08,3.6684656e+08,4.275124e+08,4.4461286e+08
PRT,IDN,1967,36210.297,DOTS_XP,2.6625274e+08,3.6684656e+08,2.9980787e+08,2.4817091e+08
PRT,IND,1967,36210.297,DOTS_IP,2.6625274e+08,3.6684656e+08,5.813201e+08,9.677565e+08
PRT,IRL,1967,796626.56,DOTS_IP,2.6625274e+08,3.6684656e+08,3.2018486e+08,3.9070915e+08
PRT,IRN,1967,181051.5,DOTS_IP,2.6625274e+08,3.6684656e+08,6.951291e+08,4.0696755e+08
PRT,IRQ,1967,434523.6,DOTS_IP,2.6625274e+08,3.6684656e+08,3.165497e+08,1.5324198e+08
PRT,ISL,1967,72420.59,DOTS_IP,2.6625274e+08,3.6684656e+08,3.4834308e+07,5.847963e+07
PRT,ISR,1967,796626.56,DOTS_IP,2.6625274e+08,3.6684656e+08,2.0038779e+08,2.732429e+08
PRT,ITA,1967,8.1835275e+06,DOTS_IP,2.6625274e+08,3.6684656e+08,3.1480146e+09,3.5110228e+09
PRT,JAM,1967,144841.19,DOTS_XP,2.6625274e+08,3.6684656e+08,1.1079229e+08,1.2615668e+08
PRT,JOR,1967,217261.8,DOTS_IP,2.6625274e+08,3.6684656e+08,1.177233e+07,6.0064656e+07
PRT,JPN,1967,3.4761888e+06,DOTS_IP,2.6625274e+08,3.6684656e+08,3.67998e+09,4.1884813e+09
PRT,KEN,1967,0.0,DOTS_IP,2.6625274e+08,3.6684656e+08,8.780273e+07,1.1035279e+08
PRT,KIR,1967,0.0,DOTS_IP,2.6625274e+08,3.6684656e+08,2.5144432e+06,
PRT,KNA,1967,0.0,DOTS_IP,2.6625274e+08,3.6684656e+08,,3.2589268e+06
PRT,KOR,1967,0.0,DOTS_IP,2.6625274e+08,3.6684656e+08,1.1543843e+08,3.71202e+08
PRT,KWT,1967,72420.59,DOTS_IP,2.6625274e+08,3.6684656e+08,5.59175e+08,2.1494434e+08
PRT,LAO,1967,0.0,DOTS_IP,2.6625274e+08,3.6684656e+08,1.607013e+06,1.781257e+07
PRT,LBN,1967,459870.78,DOTS_IP,2.6625274e+08,3.6684656e+08,6.0670716e+07,1.9230667e+08
PRT,LBR,1967,0.0,DOTS_IP,2.6625274e+08,3.6684656e+08,8.280716e+07,7.3561224e+07
PRT,LBY,1967,0.0,DOTS_IP,2.6625274e+08,3.6684656e+08,4.6381734e+08,1.8777771e+08
PRT,LCA,1967,0.0,DOTS_IP,2.6625274e+08,3.6684656e+08,2.4111895e+06,6.085032e+06
PRT,LKA,1967,72420.59,DOTS_XP,2.6625274e+08,3.6684656e+08,1.2195629e+08,1.3024844e+08
PRT,LSO,1967,0.0,DOTS_IP,2.6625274e+08,3.6684656e+08,2.1129432e+06,1.2065271e+07
PRT,LUX,1967,477975.94,COW,2.6625274e+08,3.6684656e+08,,
PRT,MAC,1967,108630.9,DOTS_IP,2.6625274e+08,3.6684656e+08,9.487098e+06,1.5400059e+07
PRT,MAR,1967,1.9553561e+06,DOTS_IP,2.6625274e+08,3.6684656e+08,1.693925e+08,1.8749693e+08
PRT,MDG,1967,0.0,DOTS_IP,2.6625274e+08,3.6684656e+08,3.7731132e+07,5.2613564e+07
PRT,MDV,1967,0.0,DOTS_IP,2.6625274e+08,3.6684656e+08,926534.6,1.2574605e+06
PRT,MEX,1967,543154.5,DOTS_IP,2.6625274e+08,3.6684656e+08,5.0172083e+08,6.913678e+08
PRT,MLI,1967,0.0,DOTS_IP,2.6625274e+08,3.6684656e+08,5.938489e+06,1.8575884e+07
PRT,MLT,1967,7242.0596,DOTS_IP,2.6625274e+08,3.6684656e+08,9.831096e+06,3.966114e+07
PRT,MMR,1967,0.0,DOTS_IP,2.6625274e+08,3.6684656e+08,4.624055e+07,5.1672096e+07
PRT,MNG,1967,0.0,DOTS_IP,2.6625274e+08,3.6684656e+08,,
PRT,MOZ,1967,2.3645324e+07,DOTS_IP,2.6625274e+08,3.6684656e+08,5.58771e+07,8.8102584e+07
PRT,MRT,1967,0.0,DOTS_IP,2.6625274e+08,3.6684656e+08,3.1695598e+07,1.3428589e+07
PRT,MTQ,1967,36210.3,DOTS_IP,2.6625274e+08,3.6684656e+08,2.0857856e+07,3.8201864e+07
PRT,MUS,1967,0.0,DOTS_IP,2.6625274e+08,3.6684656e+08,2.2052072e+07,2.7338776e+07
PRT,MWI,1967,39831.33,DOTS_IP,2.6625274e+08,3.6684656e+08,1.8720724e+07,3.1347256e+07
PRT,MYS,1967,119493.984,DOTS_IP,2.6625274e+08,3.6684656e+08,4.404344e+08,3.9253776e+08
PRT,NAM,1967,0.0,DOTS_IP,2.6625274e+08,3.6684656e+08,,
PRT,NCL,1967,0.0,DOTS_IP,2.6625274e+08,3.6684656e+08,2.8606136e+07,2.8569926e+07
PRT,NER,1967,0.0,DOTS_IP,2.6625274e+08,3.6684656e+08,1.4760404e+07,1.6475686e+07
PRT,NGA,1967,615575.06,DOTS_IP,2.6625274e+08,3.6684656e+08,2.5328416e+08,2.267851e+08
PRT,NIC,1967,36210.297,DOTS_IP,2.6625274e+08,3.6684656e+08,5.8244628e+07,7.383642e+07
PRT,NLD,1967,4.7797595e+06,DOTS_IP,2.6625274e+08,3.6684656e+08,2.650861e+09,3.4083594e+09
PRT,NOR,1967,3.403768e+06,DOTS_IP,2.6625274e+08,3.6684656e+08,6.285746e+08,9.943347e+08
PRT,NRU,1967,0.0,DOTS_IP,2.6625274e+08,3.6684656e+08,,
PRT,NZL,1967,289682.38,DOTS_XP,2.6625274e+08,3.6684656e+08,3.934564e+08,3.5063517e+08
PRT,OMN,1967,72420.59,DOTS_XP,2.6625274e+08,3.6684656e+08,8.5890824e+07,1.5617502e+07
PRT,PAK,1967,289682.38,DOTS_IP,2.6625274e+08,3.6684656e+08,2.1621171e+08,3.9751664e+08
PRT,PAN,1967,36210.3,DOTS_XP,2.6625274e+08,3.6684656e+08,5.841554e+07,1.5078403e+08
PRT,PER,1967,217261.8,DOTS_IP,2.6625274e+08,3.6684656e+08,3.0727696e+08,2.9453456e+08
PRT,PHL,1967,434523.6,DOTS_IP,2.6625274e+08,3.6684656e+08,3.558513e+08,4.4573485e+08
PRT,PNG,1967,0.0,DOTS_IP,2.6625274e+08,3.6684656e+08,2.1508918e+07,6.4870384e+07
PRT,POL,1967,470733.88,DOTS_XP,2.6625274e+08,3.6684656e+08,9.1485325e+08,9.5776237e+08
PRT,PRK,1967,0.0,DOTS_IP,2.6625274e+08,3.6684656e+08,1.5994089e+07,
PRT,PRY,1967,7966.2656,DOTS_IP,2.6625274e+08,3.6684656e+08,1.9329782e+07,2.5186436e+07
PRT,PYF,1967,0.0,DOTS_IP,2.6625274e+08,3.6684656e+08,4.7075755e+06,4.1254816e+07
PRT,QAT,1967,0.0,DOTS_IP,2.6625274e+08,3.6684656e+08,7.303979e+07,3.2589268e+07
PRT,REU,1967,0.0,DOTS_IP,2.6625274e+08,3.6684656e+08,6.589945e+06,2.1063622e+07
PRT,ROM,1967,590227.9,DOTS_IP,2.6625274e+08,3.6684656e+08,4.9826454e+08,6.1591546e+08
PRT,RWA,1967,0.0,DOTS_IP,2.6625274e+08,3.6684656e+08,5.069442e+06,7.3144805e+06
PRT,SAU,1967,181051.5,DOTS_XP,2.6625274e+08,3.6684656e+08,7.091343e+08,2.0556224e+08
PRT,SDN,1967,0.0,DOTS_IP,2.6625274e+08,3.6684656e+08,7.752625e+07,7.850063e+07
PRT,SEN,1967,0.0,DOTS_IP,2.6625274e+08,3.6684656e+08,5.688602e+07,7.19652e+07
PRT,SGP,1967,108630.9,DOTS_XP,2.6625274e+08,3.6684656e+08,4.1294224e+08,5.2117482e+08
PRT,SHN,1967,0.0,DOTS_IP,2.6625274e+08,3.6684656e+08,,
PRT,SLB,1967,0.0,DOTS_IP,2.6625274e+08,3.6684656e+08,2.06306e+06,3.8234455e+06
PRT,SLE,1967,0.0,DOTS_IP,2.6625274e+08,3.6684656e+08,4.0323064e+07,3.2480638e+07
PRT,SLV,1967,36210.297,DOTS_IP,2.6625274e+08,3.6684656e+08,7.5041864e+07,8.0821384e+07
PRT,SOM,1967,0.0,DOTS_IP,2.6625274e+08,3.6684656e+08,,
PRT,STP,1967,869047.2,DOTS_XP,2.6625274e+08,3.6684656e+08,2.896824e+06,1.8105149e+06
PRT,SUR,1967,72420.59,DOTS_XP,2.6625274e+08,3.6684656e+08,4.2031828e+07,3.7138732e+07
PRT,SWE,1967,1.2637394e+07,DOTS_IP,2.6625274e+08,3.6684656e+08,1.6384797e+09,1.7011236e+09
PRT,SWZ,1967,0.0,DOTS_IP,2.6625274e+08,3.6684656e+08,2.0394364e+07,1.7758254e+07
PRT,SYC,1967,0.0,DOTS_IP,2.6625274e+08,3.6684656e+08,753000.4,1.8450016e+06
PRT,SYR,1967,362103.0,DOTS_IP,2.6625274e+08,3.6684656e+08,6.403067e+07,9.552277e+07
PRT,TCD,1967,72420.59,DOTS_IP,2.6625274e+08,3.6684656e+08,1.1051456e+07,2.1260912e+07
PRT,TGO,1967,0.0,DOTS_IP,2.6625274e+08,3.6684656e+08,1.3554239e+07,1.6258424e+07
PRT,THA,1967,181051.5,DOTS_IP,2.6625274e+08,3.6684656e+08,2.4746118e+08,3.8346707e+08
PRT,TON,1967,0.0,DOTS_IP,2.6625274e+08,3.6684656e+08,1.4462104e+06,2.323832e+06
PRT,TTO,1967,72420.59,DOTS_IP,2.6625274e+08,3.6684656e+08,1.5736995e+08,1.4889675e+08
PRT,TUN,1967,0.0,DOTS_IP,2.6625274e+08,3.6684656e+08,6.0433904e+07,9.465372e+07
PRT,TUR,1967,760416.25,DOTS_IP,2.6625274e+08,3.6684656e+08,1.8919882e+08,3.27562e+08
PRT,TUV,1967,0.0,DOTS_IP,2.6625274e+08,3.6684656e+08,,
PRT,TZA,1967,0.0,DOTS_IP,2.6625274e+08,3.6684656e+08,7.9554024e+07,8.303746e+07
PRT,UGA,1967,0.0,DOTS_IP,2.6625274e+08,3.6684656e+08,7.930055e+07,5.768916e+07
PRT,URY,1967,72420.59,DOTS_IP,2.6625274e+08,3.6684656e+08,5.833515e+07,6.2245504e+07
PRT,USA,1967,2.8606136e+07,DOTS_IP,2.6625274e+08,3.6684656e+08,1.1810875e+10,1.0411655e+10
PRT,USSR,1967,0.0,DOTS_IP,2.6625274e+08,3.6684656e+08,7.87574e+09,7.151534e+09
PRT,VCT,1967,0.0,DOTS_IP,2.6625274e+08,3.6684656e+08,1.2988706e+06,3.2488205e+06
PRT,VEN,1967,1.3035708e+06,DOTS_IP,2.6625274e+08,3.6684656e+08,1.0776764e+09,5.3486234e+08
PRT,VNM,1967,253472.1,DOTS_XP,2.6625274e+08,3.6684656e+08,8.950462e+06,2.2149187e+08
PRT,VUT,1967,0.0,DOTS_IP,2.6625274e+08,3.6684656e+08,4.290196e+06,3.4888622e+06
PRT,WDEU,1967,1.701884e+07,DOTS_IP,2.6625274e+08,3.6684656e+08,7.876826e+09,6.3502e+09
PRT,WSM,1967,0.0,DOTS_IP,2.6625274e+08,3.6684656e+08,1.5932531e+06,2.679562e+06
PRT,YAR,1967,0.0,COW,2.6625274e+08,3.6684656e+08,,
PRT,YMD,1967,36210.3,COW,2.6625274e+08,3.6684656e+08,,
PRT,YUG,1967,434523.6,DOTS_IP,2.6625274e+08,3.6684656e+08,4.529184e+08,6.113385e+08
PRT,ZAF,1967,1.7380944e+06,DOTS_XP,2.6625274e+08,3.6684656e+08,7.6291334e+08,8.77887e+08
PRT,ZMB,1967,135294.72,DOTS_IP,2.6625274e+08,3.6684656e+08,2.3809176e+08,1.5340349e+08
PRT,ZWE,1967,651785.4,DOTS_XP,2.6625274e+08,3.6684656e+08,9.854995e+07,1.0907665e+08
PRY,PRT,1967,0.0,DOTS_IP,1.9329782e+07,2.5186436e+07,2.6625274e+08,3.6684656e+08
PYF,PRT,1967,,,4.7075755e+06,4.1254816e+07,2.6625274e+08,3.6684656e+08
QAT,PRT,1967,0.0,DOTS_IP,7.303979e+07,3.2589268e+07,2.6625274e+08,3.6684656e+08
REU,PRT,1967,0.0,DOTS_IP,6.589945e+06,2.1063622e+07,2.6625274e+08,3.6684656e+08
ROM,PRT,1967,579364.75,DOTS_IP,4.9826454e+08,6.1591546e+08,2.6625274e+08,3.6684656e+08
RWA,PRT,1967,0.0,DOTS_IP,5.069442e+06,7.3144805e+06,2.6625274e+08,3.6684656e+08
SAU,PRT,1967,1.2311501e+06,DOTS_IP,7.091343e+08,2.0556224e+08,2.6625274e+08,3.6684656e+08
SDN,PRT,1967,543154.5,DOTS_IP,7.752625e+07,7.850063e+07,2.6625274e+08,3.6684656e+08
SEN,PRT,1967,1.086309e+06,DOTS_IP,5.688602e+07,7.19652e+07,2.6625274e+08,3.6684656e+08
SGP,PRT,1967,0.0,DOTS_IP,4.1294224e+08,5.2117482e+08,2.6625274e+08,3.6684656e+08
SHN,PRT,1967,0.0,DOTS_IP,,,2.6625274e+08,3.6684656e+08
SLB,PRT,1967,0.0,DOTS_IP,2.06306e+06,3.8234455e+06,2.6625274e+08,3.6684656e+08
SLE,PRT,1967,0.0,DOTS_IP,4.0323064e+07,3.2480638e+07,2.6625274e+08,3.6684656e+08
SLV,PRT,1967,0.0,DOTS_IP,7.5041864e+07,8.0821384e+07,2.6625274e+08,3.6684656e+08
SOM,PRT,1967,0.0,DOTS_IP,,,2.6625274e+08,3.6684656e+08
SPM,PRT,1967,0.0,DOTS_IP,687995.7,2.0639871e+06,2.6625274e+08,3.6684656e+08
STP,PRT,1967,724206.0,DOTS_IP,2.896824e+06,1.8105149e+06,2.6625274e+08,3.6684656e+08
SUR,PRT,1967,0.0,DOTS_IP,4.2031828e+07,3.7138732e+07,2.6625274e+08,3.6684656e+08
SWE,PRT,1967,9.233626e+06,DOTS_IP,1.6384797e+09,1.7011236e+09,2.6625274e+08,3.6684656e+08
SWZ,PRT,1967,,,2.0394364e+07,1.7758254e+07,2.6625274e+08,3.6684656e+08
SYC,PRT,1967,0.0,DOTS_IP,753000.4,1.8450016e+06,2.6625274e+08,3.6684656e+08
SYR,PRT,1967,0.0,DOTS_IP,6.403067e+07,9.552277e+07,2.6625274e+08,3.6684656e+08
TCD,PRT,1967,0.0,DOTS_IP,1.1051456e+07,2.1260912e+07,2.6625274e+08,3.6684656e+08
TGO,PRT,1967,0.0,DOTS_IP,1.3554239e+07,1.6258424e+07,2.6625274e+08,3.6684656e+08
THA,PRT,1967,543154.5,DOTS_IP,2.4746118e+08,3.8346707e+08,2.6625274e+08,3.6684656e+08
TON,PRT,1967,0.0,DOTS_IP,1.4462104e+06,2.323832e+06,2.6625274e+08,3.6684656e+08
TTO,PRT,1967,,DOTS_IP,1.5736995e+08,1.4889675e+08,2.6625274e+08,3.6684656e+08
TUN,PRT,1967,0.0,DOTS_IP,6.0433904e+07,9.465372e+07,2.6625274e+08,3.6684656e+08
TUR,PRT,1967,2.3898798e+06,DOTS_IP,1.8919882e+08,3.27562e+08,2.6625274e+08,3.6684656e+08
TUV,PRT,1967,0.0,DOTS_IP,,,2.6625274e+08,3.6684656e+08
TWN,PRT,1967,,,,,2.6625274e+08,3.6684656e+08
TZA,PRT,1967,0.0,DOTS_IP,7.9554024e+07,8.303746e+07,2.6625274e+08,3.6684656e+08
UGA,PRT,1967,0.0,DOTS_IP,7.930055e+07,5.768916e+07,2.6625274e+08,3.6684656e+08
URY,PRT,1967,108630.9,DOTS_IP,5.833515e+07,6.2245504e+07,2.6625274e+08,3.6684656e+08
USA,PRT,1967,2.5781732e+07,DOTS_IP,1.1810875e+10,1.0411655e+10,2.6625274e+08,3.6684656e+08
USSR,PRT,1967,181051.5,DOTS_IP,7.87574e+09,7.151534e+09,2.6625274e+08,3.6684656e+08
VCT,PRT,1967,0.0,DOTS_IP,1.2988706e+06,3.2488205e+06,2.6625274e+08,3.6684656e+08
VEN,PRT,1967,1.9191459e+06,DOTS_IP,1.0776764e+09,5.3486234e+08,2.6625274e+08,3.6684656e+08
VNM,PRT,1967,0.0,DOTS_IP,8.950462e+06,2.2149187e+08,2.6625274e+08,3.6684656e+08
VUT,PRT,1967,0.0,DOTS_IP,4.290196e+06,3.4888622e+06,2.6625274e+08,3.6684656e+08
WDEU,PRT,1967,5.5148284e+07,DOTS_IP,7.876826e+09,6.3502e+09,2.6625274e+08,3.6684656e+08
WSM,PRT,1967,0.0,DOTS_IP,1.5932531e+06,2.679562e+06,2.6625274e+08,3.6684656e+08
YAR,PRT,1967,72420.59,COW,,,2.6625274e+08,3.6684656e+08
YMD,PRT,1967,72420.59,COW,,,2.6625274e+08,3.6684656e+08
YUG,PRT,1967,108630.9,DOTS_IP,4.529184e+08,6.113385e+08,2.6625274e+08,3.6684656e+08
ZAF,PRT,1967,2.063987e+06,DOTS_IP,7.6291334e+08,8.77887e+08,2.6625274e+08,3.6684656e+08
ZMB,PRT,1967,651785.4,DOTS_IP,2.3809176e+08,1.5340349e+08,2.6625274e+08,3.6684656e+08
ZWE,PRT,1967,1.9553561e+06,DOTS_IP,9.854995e+07,1.0907665e+08,2.6625274e+08,3.6684656e+08
AFG,PRT,1968,0.0,DOTS_IP,3.5875028e+07,5.1847544e+07,3.4316195e+08,4.6355466e+08
AGO,PRT,1968,3.762503e+07,DOTS_IP,1.19470936e+08,1.28416776e+08,3.4316195e+08,4.6355466e+08
ALB,PRT,1968,166666.81,DOTS_IP,6.9504225e+06,1.0950009e+07,3.4316195e+08,4.6355466e+08
ANT,PRT,1968,3.083336e+06,DOTS_IP,2.7396483e+08,3.3524426e+08,3.4316195e+08,4.6355466e+08
ARE,PRT,1968,0.0,DOTS_IP,1.3938762e+08,1.1666677e+08,3.4316195e+08,4.6355466e+08
ARG,PRT,1968,875000.75,DOTS_IP,6.5196806e+08,4.930305e+08,3.4316195e+08,4.6355466e+08
ATG,PRT,1968,0.0,DOTS_IP,3.333336e+06,1.0416675e+07,3.4316195e+08,4.6355466e+08
AUS,PRT,1968,1.1666676e+06,DOTS_IP,1.4649595e+09,1.792589e+09,3.4316195e+08,4.6355466e+08
AUT,PRT,1968,5.5416715e+06,DOTS_IP,8.291257e+08,1.0405009e+09,3.4316195e+08,4.6355466e+08
BDI,PRT,1968,0.0,DOTS_IP,1.1916676e+07,9.504758e+06,3.4316195e+08,4.6355466e+08
BEL,PRT,1968,1.0791676e+07,DOTS_IP,3.404586e+09,3.4980444e+09,3.4316195e+08,4.6355466e+08
BEN,PRT,1968,0.0,DOTS_IP,9.334174e+06,2.1172934e+07,3.4316195e+08,4.6355466e+08
BFA,PRT,1968,0.0,DOTS_IP,8.708341e+06,1.579168e+07,3.4316195e+08,4.6355466e+08
BGD,PRT,1968,0.0,DOTS_IP,,,3.4316195e+08,4.6355466e+08
BGR,PRT,1968,,DOTS_IP,6.766387e+08,7.478639e+08,3.4316195e+08,4.6355466e+08
BHR,PRT,1968,4.875004e+06,DOTS_IP,8.7937576e+07,8.13834e+07,3.4316195e+08,4.6355466e+08
BHS,PRT,1968,0.0,DOTS_IP,2.1141684e+07,9.663849e+07,3.4316195e+08,4.6355466e+08
BLZ,PRT,1968,0.0,DOTS_IP,9.305841e+06,1.671687e+07,3.4316195e+08,4.6355466e+08
BMU,PRT,1968,0.0,DOTS_IP,1.140001e+07,4.8765836e+07,3.4316195e+08,4.6355466e+08
BOL,PRT,1968,0.0,DOTS_IP,7.110298e+07,6.3687132e+07,3.4316195e+08,4.6355466e+08
BRA,PRT,1968,4.7083375e+06,DOTS_IP,8.799295e+08,9.7845914e+08,3.4316195e+08,4.6355466e+08
BRB,PRT,1968,0.0,DOTS_IP,1.6715014e+07,3.4708364e+07,3.4316195e+08,4.6355466e+08
BRN,PRT,1968,0.0,DOTS_IP,4.678754e+07,2.8750024e+07,3.4316195e+08,4.6355466e+08
BWA,PRT,1968,0.0,DOTS_IP,4.3697535e+06,1.3551428e+07,3.4316195e+08,4.6355466e+08
CAF,PRT,1968,0.0,DOTS_IP,1.4666679e+07,1.6125013e+07,3.4316195e+08,4.6355466e+08
CAN,PRT,1968,1.958335e+06,DOTS_IP,5.5966377e+09,5.4347546e+09,3.4316195e+08,4.6355466e+08
CHE,PRT,1968,1.5875013e+07,DOTS_IP,1.671418e+09,1.9897656e+09,3.4316195e+08,4.6355466e+08
CHL,PRT,1968,83333.41,DOTS_IP,4.361166e+08,3.1926346e+08,3.4316195e+08,4.6355466e+08
CHN,PRT,1968,41666.703,DOTS_IP,9.748924e+08,8.614924e+08,3.4316195e+08,4.6355466e+08
CIV,PRT,1968,0.0,DOTS_IP,2.0846643e+08,1.3154178e+08,3.4316195e+08,4.6355466e+08
CMR,PRT,1968,41666.703,DOTS_IP,7.873965e+07,7.616673e+07,3.4316195e+08,4.6355466e+08
COD,PRT,1968,0.0,DOTS_IP,2.6447605e+08,1.2994283e+08,3.4316195e+08,4.6355466e+08
COG,PRT,1968,0.0,DOTS_IP,3.740128e+07,3.506628e+07,3.4316195e+08,4.6355466e+08
COL,PRT,1968,333333.62,DOTS_IP,2.4936397e+08,2.6848355e+08,3.4316195e+08,4.6355466e+08
COM,PRT,1968,0.0,DOTS_IP,1.7014181e+06,2.9757942e+06,3.4316195e+08,4.6355466e+08
CPV,PRT,1968,375000.3,DOTS_IP,458333.72,3.6041698e+06,3.4316195e+08,4.6355466e+08
CRI,PRT,1968,0.0,DOTS_IP,8.05459e+07,8.825007e+07,3.4316195e+08,4.6355466e+08
CUB,PRT,1968,0.0,DOTS_IP,2.7125024e+08,4.5916704e+08,3.4316195e+08,4.6355466e+08
CYP,PRT,1968,,DOTS_IP,3.6583364e+07,7.041673e+07,3.4316195e+08,4.6355466e+08
CZSK,PRT,1968,958334.1,DOTS_IP,1.1889046e+09,1.2219296e+09,3.4316195e+08,4.6355466e+08
DJI,PRT,1968,0.0,DOTS_IP,1.4187511e+06,1.2254593e+07,3.4316195e+08,4.6355466e+08
DMA,PRT,1968,0.0,DOTS_IP,2.5760438e+06,4.1868785e+06,3.4316195e+08,4.6355466e+08
DNK,PRT,1968,4.29167e+06,DOTS_IP,1.0964175e+09,1.3422094e+09,3.4316195e+08,4.6355466e+08
DOM,PRT,1968,0.0,DOTS_IP,7.514131e+07,9.081258e+07,3.4316195e+08,4.6355466e+08
DZA,PRT,1968,0.0,DOTS_IP,3.95947e+08,3.3637526e+08,3.4316195e+08,4.6355466e+08
ECU,PRT,1968,0.0,DOTS_IP,1.1327801e+08,1.0645009e+08,3.4316195e+08,4.6355466e+08
EDEU,PRT,1968,250000.2,DOTS_IP,3.465403e+08,2.89324e+08,3.4316195e+08,4.6355466e+08
EGY,PRT,1968,541667.1,DOTS_IP,2.6446272e+08,2.739169e+08,3.4316195e+08,4.6355466e+08
ESP,PRT,1968,1.9997448e+07,ESP TENA JUNGUITO,7.200568e+08,1.4630803e+09,3.4316195e+08,4.6355466e+08
ETH,PRT,1968,0.0,DOTS_IP,4.5208788e+07,7.158339e+07,3.4316195e+08,4.6355466e+08
FIN,PRT,1968,1.7916681e+06,DOTS_IP,6.811672e+08,6.632922e+08,3.4316195e+08,4.6355466e+08
FJI,PRT,1968,0.0,DOTS_IP,2.0291684e+07,3.0708358e+07,3.4316195e+08,4.6355466e+08
FLK,PRT,1968,0.0,DOTS_IP,916667.44,458333.72,3.4316195e+08,4.6355466e+08
FRA,PRT,1968,3.0791692e+07,DOTS_IP,5.2936294e+09,5.8272133e+09,3.4316195e+08,4.6355466e+08
FRO,PRT,1968,164583.47,DOTS_XP,8.390007e+06,1.1904593e+07,3.4316195e+08,4.6355466e+08
GAB,PRT,1968,0.0,DOTS_IP,6.06238e+07,2.6583356e+07,3.4316195e+08,4.6355466e+08
GBR,PRT,1968,5.783338e+07,DOTS_IP,6.3937556e+09,7.899507e+09,3.4316195e+08,4.6355466e+08
GHA,PRT,1968,0.0,DOTS_IP,1.4661138e+08,1.276251e+08,3.4316195e+08,4.6355466e+08
GIB,PRT,1968,0.0,DOTS_IP,1.3333345e+06,1.1158343e+07,3.4316195e+08,4.6355466e+08
GIN,PRT,1968,0.0,DOTS_IP,2.2083352e+07,2.083335e+07,3.4316195e+08,4.6355466e+08
GLP,PRT,1968,0.0,DOTS_IP,1.590168e+07,4.2520036e+07,3.4316195e+08,4.6355466e+08
GMB,PRT,1968,166666.81,DOTS_IP,7.377923e+06,9.327091e+06,3.4316195e+08,4.6355466e+08
GNB,PRT,1968,1.250001e+06,DOTS_IP,3.5083362e+06,7.3333395e+06,3.4316195e+08,4.6355466e+08
GNQ,PRT,1968,,,1.5000013e+07,1.3333344e+07,3.4316195e+08,4.6355466e+08
GRC,PRT,1968,2.1250018e+06,DOTS_IP,2.1248101e+08,5.804658e+08,3.4316195e+08,4.6355466e+08
GRD,PRT,1968,0.0,DOTS_IP,2.0506268e+06,5.504588e+06,3.4316195e+08,4.6355466e+08
GRL,PRT,1968,0.0,DOTS_IP,5.2525045e+06,1.9891684e+07,3.4316195e+08,4.6355466e+08
GTM,PRT,1968,958334.1,DOTS_IP,1.0903801e+08,1.0391675e+08,3.4316195e+08,4.6355466e+08
GUF,PRT,1968,0.0,DOTS_IP,5.0045875e+06,2.1692518e+07,3.4316195e+08,4.6355466e+08
GUY,PRT,1968,41666.703,DOTS_IP,5.0486292e+07,4.4208372e+07,3.4316195e+08,4.6355466e+08
HKG,PRT,1968,1.5833346e+06,DOTS_IP,7.263756e+08,8.5695904e+08,3.4316195e+08,4.6355466e+08
HND,PRT,1968,0.0,DOTS_IP,9.94455e+07,7.696757e+07,3.4316195e+08,4.6355466e+08
HTI,PRT,1968,0.0,DOTS_IP,1.9429184e+07,1.7815924e+07,3.4316195e+08,4.6355466e+08
HUN,PRT,1968,83333.41,DOTS_IP,1.4583346e+08,1.4722234e+08,3.4316195e+08,4.6355466e+08
IDN,PRT,1968,458333.72,DOTS_IP,3.6318947e+08,3.00599e+08,3.4316195e+08,4.6355466e+08
IND,PRT,1968,125000.1,DOTS_IP,7.2812563e+08,1.04478426e+09,3.4316195e+08,4.6355466e+08
IRL,PRT,1968,166666.81,DOTS_IP,3.759374e+08,4.8900042e+08,3.4316195e+08,4.6355466e+08
IRN,PRT,1968,666667.25,DOTS_IP,8.0578106e+08,5.8041715e+08,3.4316195e+08,4.6355466e+08
IRQ,PRT,1968,1.2666677e+07,DOTS_IP,4.5804954e+08,1.7241682e+08,3.4316195e+08,4.6355466e+08
ISL,PRT,1968,833334.0,DOTS_IP,3.4125028e+07,5.7166716e+07,3.4316195e+08,4.6355466e+08
ISR,PRT,1968,166666.81,DOTS_IP,2.6683355e+08,4.4966704e+08,3.4316195e+08,4.6355466e+08
ITA,PRT,1968,2.6625022e+07,DOTS_IP,4.2321702e+09,4.2715453e+09,3.4316195e+08,4.6355466e+08
JAM,PRT,1968,0.0,DOTS_IP,1.21760104e+08,1.5958347e+08,3.4316195e+08,4.6355466e+08
JOR,PRT,1968,0.0,DOTS_IP,1.8987516e+07,6.6208388e+07,3.4316195e+08,4.6355466e+08
JPN,PRT,1968,3.208336e+06,DOTS_IP,5.303879e+09,5.3710044e+09,3.4316195e+08,4.6355466e+08
KEN,PRT,1968,0.0,DOTS_IP,1.07808424e+08,1.4819094e+08,3.4316195e+08,4.6355466e+08
KHM,PRT,1968,458333.72,DOTS_XP,3.6541696e+07,4.7208372e+07,3.4316195e+08,4.6355466e+08
KIR,PRT,1968,0.0,DOTS_IP,3.185836e+06,,3.4316195e+08,4.6355466e+08
KNA,PRT,1968,0.0,DOTS_IP,,3.7500032e+06,3.4316195e+08,4.6355466e+08
KOR,PRT,1968,0.0,DOTS_IP,1.8916683e+08,6.116672e+08,3.4316195e+08,4.6355466e+08
KWT,PRT,1968,0.0,DOTS_IP,7.635269e+08,2.5520853e+08,3.4316195e+08,4.6355466e+08
LAO,PRT,1968,0.0,DOTS_IP,2.5173885e+06,2.2376686e+07,3.4316195e+08,4.6355466e+08
LBN,PRT,1968,41666.703,DOTS_IP,1.1489176e+08,2.6295048e+08,3.4316195e+08,4.6355466e+08
LBR,PRT,1968,0.0,DOTS_IP,9.955008e+07,9.586864e+07,3.4316195e+08,4.6355466e+08
LBY,PRT,1968,0.0,DOTS_IP,8.2012026e+08,2.6998128e+08,3.4316195e+08,4.6355466e+08
LCA,PRT,1968,0.0,DOTS_IP,2.6139605e+06,6.1545885e+06,3.4316195e+08,4.6355466e+08
LKA,PRT,1968,166666.81,DOTS_IP,1.3800011e+08,1.520418e+08,3.4316195e+08,4.6355466e+08
LSO,PRT,1968,,,1.9716682e+06,1.3941678e+07,3.4316195e+08,4.6355466e+08
LUX,PRT,1968,483333.75,COW,,,3.4316195e+08,4.6355466e+08
MAC,PRT,1968,875000.75,DOTS_IP,1.2505844e+07,2.080735e+07,3.4316195e+08,4.6355466e+08
MAR,PRT,1968,2.0000016e+06,DOTS_IP,1.8620933e+08,2.3008352e+08,3.4316195e+08,4.6355466e+08
MDG,PRT,1968,83333.41,DOTS_IP,5.491171e+07,7.070839e+07,3.4316195e+08,4.6355466e+08
MDV,PRT,1968,0.0,DOTS_IP,984738.3,904800.75,3.4316195e+08,4.6355466e+08
MEX,PRT,1968,708333.94,DOTS_IP,6.597376e+08,9.0723974e+08,3.4316195e+08,4.6355466e+08
MLI,PRT,1968,0.0,DOTS_IP,5.2708375e+06,1.3612739e+07,3.4316195e+08,4.6355466e+08
MLT,PRT,1968,41666.703,DOTS_IP,1.3666678e+07,4.975421e+07,3.4316195e+08,4.6355466e+08
MMR,PRT,1968,166666.81,DOTS_XP,4.7755456e+07,7.036256e+07,3.4316195e+08,4.6355466e+08
MNG,PRT,1968,0.0,DOTS_IP,,,3.4316195e+08,4.6355466e+08
MOZ,PRT,1968,2.5666688e+07,DOTS_IP,7.420465e+07,1.1144558e+08,3.4316195e+08,4.6355466e+08
MRT,PRT,1968,83333.41,DOTS_IP,3.4885444e+07,1.4707512e+07,3.4316195e+08,4.6355466e+08
MTQ,PRT,1968,0.0,DOTS_IP,2.1377934e+07,4.5573372e+07,3.4316195e+08,4.6355466e+08
MUS,PRT,1968,0.0,DOTS_IP,3.0708358e+07,2.9333358e+07,3.4316195e+08,4.6355466e+08
MWI,PRT,1968,83333.41,DOTS_IP,2.07521e+07,3.222086e+07,3.4316195e+08,4.6355466e+08
MYS,PRT,1968,916667.44,DOTS_IP,6.313668e+08,4.9646746e+08,3.4316195e+08,4.6355466e+08
NAM,PRT,1968,0.0,DOTS_IP,,,3.4316195e+08,4.6355466e+08
NCL,PRT,1968,0.0,DOTS_IP,4.717754e+07,3.8935864e+07,3.4316195e+08,4.6355466e+08
NER,PRT,1968,583333.8,DOTS_IP,1.3555428e+07,1.6585014e+07,3.4316195e+08,4.6355466e+08
NGA,PRT,1968,5.416671e+06,DOTS_IP,2.4670853e+08,2.2487517e+08,3.4316195e+08,4.6355466e+08
NIC,PRT,1968,916667.44,DOTS_IP,7.132339e+07,7.693757e+07,3.4316195e+08,4.6355466e+08
NLD,PRT,1968,1.0916676e+07,DOTS_IP,3.4749358e+09,4.413247e+09,3.4316195e+08,4.6355466e+08
NOR,PRT,1968,3.5416695e+06,DOTS_IP,8.069174e+08,1.1270427e+09,3.4316195e+08,4.6355466e+08
NPL,PRT,1968,0.0,DOTS_IP,2.0214016e+07,2.326752e+07,3.4316195e+08,4.6355466e+08
NRU,PRT,1968,0.0,DOTS_IP,,,3.4316195e+08,4.6355466e+08
NZL,PRT,1968,958334.1,DOTS_IP,4.7519082e+08,3.8165446e+08,3.4316195e+08,4.6355466e+08
OMN,PRT,1968,0.0,DOTS_IP,1.8229182e+08,2.9666692e+07,3.4316195e+08,4.6355466e+08
PAK,PRT,1968,2.2083352e+06,DOTS_IP,3.0550026e+08,4.3687536e+08,3.4316195e+08,4.6355466e+08
PAN,PRT,1968,0.0,DOTS_IP,7.167756e+07,1.9841933e+08,3.4316195e+08,4.6355466e+08
PER,PRT,1968,250000.2,DOTS_IP,4.0104534e+08,2.6254187e+08,3.4316195e+08,4.6355466e+08
PHL,PRT,1968,41666.703,DOTS_IP,4.5466288e+08,5.52417e+08,3.4316195e+08,4.6355466e+08
PNG,PRT,1968,0.0,DOTS_IP,3.2750028e+07,7.3885896e+07,3.4316195e+08,4.6355466e+08
POL,PRT,1968,1.3750011e+06,DOTS_IP,1.1907301e+09,1.188751e+09,3.4316195e+08,4.6355466e+08
PRK,PRT,1968,0.0,DOTS_IP,2.5391688e+07,,3.4316195e+08,4.6355466e+08
PRT,AFG,1968,0.0,DOTS_IP,3.4316195e+08,4.6355466e+08,3.5875028e+07,5.1847544e+07
PRT,AGO,1968,4.6041704e+07,DOTS_IP,3.4316195e+08,4.6355466e+08,1.19470936e+08,1.28416776e+08
PRT,ALB,1968,0.0,DOTS_IP,3.4316195e+08,4.6355466e+08,6.9504225e+06,1.0950009e+07
PRT,ANT,1968,683333.9,DOTS_IP,3.4316195e+08,4.6355466e+08,2.7396483e+08,3.3524426e+08
PRT,ARE,1968,0.0,DOTS_IP,3.4316195e+08,4.6355466e+08,1.3938762e+08,1.1666677e+08
PRT,ARG,1968,583333.8,DOTS_IP,3.4316195e+08,4.6355466e+08,6.5196806e+08,4.930305e+08
PRT,ATG,1968,0.0,DOTS_IP,3.4316195e+08,4.6355466e+08,3.333336e+06,1.0416675e+07
PRT,AUS,1968,1.7875015e+06,DOTS_IP,3.4316195e+08,4.6355466e+08,1.4649595e+09,1.792589e+09
PRT,AUT,1968,4.916671e+06,DOTS_IP,3.4316195e+08,4.6355466e+08,8.291257e+08,1.0405009e+09
PRT,BDI,1968,0.0,DOTS_IP,3.4316195e+08,4.6355466e+08,1.1916676e+07,9.504758e+06
PRT,BEL,1968,9.250008e+06,DOTS_IP,3.4316195e+08,4.6355466e+08,3.404586e+09,3.4980444e+09
PRT,BEN,1968,0.0,DOTS_IP,3.4316195e+08,4.6355466e+08,9.334174e+06,2.1172934e+07
PRT,BFA,1968,0.0,DOTS_IP,3.4316195e+08,4.6355466e+08,8.708341e+06,1.579168e+07
PRT,BGD,1968,0.0,DOTS_IP,3.4316195e+08,4.6355466e+08,,
PRT,BGR,1968,0.0,DOTS_IP,3.4316195e+08,4.6355466e+08,6.766387e+08,7.478639e+08
PRT,BHR,1968,83333.41,DOTS_XP,3.4316195e+08,4.6355466e+08,8.7937576e+07,8.13834e+07
PRT,BHS,1968,37500.03,DOTS_IP,3.4316195e+08,4.6355466e+08,2.1141684e+07,9.663849e+07
PRT,BLZ,1968,2500.0,DOTS_IP,3.4316195e+08,4.6355466e+08,9.305841e+06,1.671687e+07
PRT,BMU,1968,83333.41,DOTS_IP,3.4316195e+08,4.6355466e+08,1.140001e+07,4.8765836e+07
PRT,BOL,1968,97500.08,DOTS_IP,3.4316195e+08,4.6355466e+08,7.110298e+07,6.3687132e+07
PRT,BRA,1968,4.4000035e+06,DOTS_IP,3.4316195e+08,4.6355466e+08,8.799295e+08,9.7845914e+08
PRT,BRB,1968,41666.703,DOTS_IP,3.4316195e+08,4.6355466e+08,1.6715014e+07,3.4708364e+07
PRT,BRN,1968,0.0,DOTS_IP,3.4316195e+08,4.6355466e+08,4.678754e+07,2.8750024e+07
PRT,BWA,1968,0.0,DOTS_IP,3.4316195e+08,4.6355466e+08,4.3697535e+06,1.3551428e+07
PRT,CAF,1968,166666.81,DOTS_IP,3.4316195e+08,4.6355466e+08,1.4666679e+07,1.6125013e+07
PRT,CAN,1968,5.2083375e+06,DOTS_IP,3.4316195e+08,4.6355466e+08,5.5966377e+09,5.4347546e+09
PRT,CHE,1968,6.541672e+06,DOTS_IP,3.4316195e+08,4.6355466e+08,1.671418e+09,1.9897656e+09
PRT,CHL,1968,120833.44,DOTS_IP,3.4316195e+08,4.6355466e+08,4.361166e+08,3.1926346e+08
PRT,CHN,1968,0.0,DOTS_IP,3.4316195e+08,4.6355466e+08,9.748924e+08,8.614924e+08
PRT,CIV,1968,0.0,DOTS_IP,3.4316195e+08,4.6355466e+08,2.0846643e+08,1.3154178e+08
PRT,CMR,1968,0.0,DOTS_IP,3.4316195e+08,4.6355466e+08,7.873965e+07,7.616673e+07
PRT,COD,1968,1.4166679e+06,DOTS_IP,3.4316195e+08,4.6355466e+08,2.6447605e+08,1.2994283e+08
PRT,COG,1968,0.0,DOTS_IP,3.4316195e+08,4.6355466e+08,3.740128e+07,3.506628e+07
PRT,COL,1968,45833.37,DOTS_IP,3.4316195e+08,4.6355466e+08,2.4936397e+08,2.6848355e+08
PRT,COM,1968,0.0,DOTS_IP,3.4316195e+08,4.6355466e+08,1.7014181e+06,2.9757942e+06
PRT,CPV,1968,1.8750016e+06,DOTS_XP,3.4316195e+08,4.6355466e+08,458333.72,3.6041698e+06
PRT,CRI,1968,41666.7,DOTS_XP,3.4316195e+08,4.6355466e+08,8.05459e+07,8.825007e+07
PRT,CUB,1968,0.0,DOTS_IP,3.4316195e+08,4.6355466e+08,2.7125024e+08,4.5916704e+08
PRT,CYP,1968,1.04166756e+06,DOTS_IP,3.4316195e+08,4.6355466e+08,3.6583364e+07,7.041673e+07
PRT,CZSK,1968,791667.3,DOTS_XP,3.4316195e+08,4.6355466e+08,1.1889046e+09,1.2219296e+09
PRT,DJI,1968,0.0,DOTS_IP,3.4316195e+08,4.6355466e+08,1.4187511e+06,1.2254593e+07
PRT,DMA,1968,0.0,DOTS_IP,3.4316195e+08,4.6355466e+08,2.5760438e+06,4.1868785e+06
PRT,DNK,1968,8.250007e+06,DOTS_IP,3.4316195e+08,4.6355466e+08,1.0964175e+09,1.3422094e+09
PRT,DOM,1968,129166.77,DOTS_IP,3.4316195e+08,4.6355466e+08,7.514131e+07,9.081258e+07
PRT,DZA,1968,0.0,DOTS_IP,3.4316195e+08,4.6355466e+08,3.95947e+08,3.3637526e+08
PRT,ECU,1968,129166.77,DOTS_IP,3.4316195e+08,4.6355466e+08,1.1327801e+08,1.0645009e+08
PRT,EDEU,1968,208333.5,DOTS_XP,3.4316195e+08,4.6355466e+08,3.465403e+08,2.89324e+08
PRT,EGY,1968,83333.41,DOTS_XP,3.4316195e+08,4.6355466e+08,2.6446272e+08,2.739169e+08
PRT,ESP,1968,6.129252e+06,ESP TENA JUNGUITO,3.4316195e+08,4.6355466e+08,7.200568e+08,1.4630803e+09
PRT,ETH,1968,0.0,DOTS_IP,3.4316195e+08,4.6355466e+08,4.5208788e+07,7.158339e+07
PRT,FIN,1968,3.2916695e+06,DOTS_IP,3.4316195e+08,4.6355466e+08,6.811672e+08,6.632922e+08
PRT,FJI,1968,0.0,DOTS_IP,3.4316195e+08,4.6355466e+08,2.0291684e+07,3.0708358e+07
PRT,FRA,1968,1.554168e+07,DOTS_IP,3.4316195e+08,4.6355466e+08,5.2936294e+09,5.8272133e+09
PRT,FRO,1968,26250.02,DOTS_IP,3.4316195e+08,4.6355466e+08,8.390007e+06,1.1904593e+07
PRT,GAB,1968,0.0,DOTS_IP,3.4316195e+08,4.6355466e+08,6.06238e+07,2.6583356e+07
PRT,GBR,1968,7.429173e+07,DOTS_IP,3.4316195e+08,4.6355466e+08,6.3937556e+09,7.899507e+09
PRT,GHA,1968,0.0,DOTS_IP,3.4316195e+08,4.6355466e+08,1.4661138e+08,1.276251e+08
PRT,GIB,1968,125000.1,DOTS_XP,3.4316195e+08,4.6355466e+08,1.3333345e+06,1.1158343e+07
PRT,GIN,1968,0.0,DOTS_IP,3.4316195e+08,4.6355466e+08,2.2083352e+07,2.083335e+07
PRT,GLP,1968,0.0,DOTS_IP,3.4316195e+08,4.6355466e+08,1.590168e+07,4.2520036e+07
PRT,GMB,1968,7500.0063,DOTS_IP,3.4316195e+08,4.6355466e+08,7.377923e+06,9.327091e+06
PRT,GNB,1968,4.6666705e+06,DOTS_IP,3.4316195e+08,4.6355466e+08,3.5083362e+06,7.3333395e+06
PRT,GNQ,1968,0.0,DOTS_IP,3.4316195e+08,4.6355466e+08,1.5000013e+07,1.3333344e+07
PRT,GRC,1968,1.1166676e+06,DOTS_IP,3.4316195e+08,4.6355466e+08,2.1248101e+08,5.804658e+08
PRT,GRD,1968,0.0,DOTS_IP,3.4316195e+08,4.6355466e+08,2.0506268e+06,5.504588e+06
PRT,GRL,1968,0.0,DOTS_IP,3.4316195e+08,4.6355466e+08,5.2525045e+06,1.9891684e+07
PRT,GTM,1968,83333.41,DOTS_IP,3.4316195e+08,4.6355466e+08,1.0903801e+08,1.0391675e+08
PRT,GUF,1968,0.0,DOTS_IP,3.4316195e+08,4.6355466e+08,5.0045875e+06,2.1692518e+07
PRT,GUY,1968,41666.7,DOTS_XP,3.4316195e+08,4.6355466e+08,5.0486292e+07,4.4208372e+07
PRT,HKG,1968,541667.1,DOTS_IP,3.4316195e+08,4.6355466e+08,7.263756e+08,8.5695904e+08
PRT,HND,1968,41666.7,DOTS_XP,3.4316195e+08,4.6355466e+08,9.94455e+07,7.696757e+07
PRT,HTI,1968,4166.67,DOTS_IP,3.4316195e+08,4.6355466e+08,1.9429184e+07,1.7815924e+07
PRT,HUN,1968,250000.2,DOTS_XP,3.4316195e+08,4.6355466e+08,1.4583346e+08,1.4722234e+08
PRT,IDN,1968,291666.9,DOTS_XP,3.4316195e+08,4.6355466e+08,3.6318947e+08,3.00599e+08
PRT,IND,1968,0.0,DOTS_IP,3.4316195e+08,4.6355466e+08,7.2812563e+08,1.04478426e+09
PRT,IRL,1968,1.125001e+06,DOTS_IP,3.4316195e+08,4.6355466e+08,3.759374e+08,4.8900042e+08
PRT,IRN,1968,458333.72,DOTS_IP,3.4316195e+08,4.6355466e+08,8.0578106e+08,5.8041715e+08
PRT,IRQ,1968,458333.72,DOTS_IP,3.4316195e+08,4.6355466e+08,4.5804954e+08,1.7241682e+08
PRT,ISL,1968,83333.41,DOTS_IP,3.4316195e+08,4.6355466e+08,3.4125028e+07,5.7166716e+07
PRT,ISR,1968,1.125001e+06,DOTS_IP,3.4316195e+08,4.6355466e+08,2.6683355e+08,4.4966704e+08
PRT,ITA,1968,7.541673e+06,DOTS_IP,3.4316195e+08,4.6355466e+08,4.2321702e+09,4.2715453e+09
PRT,JAM,1968,83333.41,DOTS_XP,3.4316195e+08,4.6355466e+08,1.21760104e+08,1.5958347e+08
PRT,JOR,1968,166666.81,DOTS_IP,3.4316195e+08,4.6355466e+08,1.8987516e+07,6.6208388e+07
PRT,JPN,1968,3.208336e+06,DOTS_IP,3.4316195e+08,4.6355466e+08,5.303879e+09,5.3710044e+09
PRT,KEN,1968,0.0,DOTS_IP,3.4316195e+08,4.6355466e+08,1.07808424e+08,1.4819094e+08
PRT,KHM,1968,0.0,DOTS_IP,3.4316195e+08,4.6355466e+08,3.6541696e+07,4.7208372e+07
PRT,KIR,1968,0.0,DOTS_IP,3.4316195e+08,4.6355466e+08,3.185836e+06,
PRT,KNA,1968,0.0,DOTS_IP,3.4316195e+08,4.6355466e+08,,3.7500032e+06
PRT,KOR,1968,0.0,DOTS_IP,3.4316195e+08,4.6355466e+08,1.8916683e+08,6.116672e+08
PRT,KWT,1968,0.0,DOTS_IP,3.4316195e+08,4.6355466e+08,7.635269e+08,2.5520853e+08
PRT,LAO,1968,0.0,DOTS_IP,3.4316195e+08,4.6355466e+08,2.5173885e+06,2.2376686e+07
PRT,LBN,1968,862500.75,DOTS_IP,3.4316195e+08,4.6355466e+08,1.1489176e+08,2.6295048e+08
PRT,LBR,1968,1250.0,DOTS_IP,3.4316195e+08,4.6355466e+08,9.955008e+07,9.586864e+07
PRT,LBY,1968,,DOTS_IP,3.4316195e+08,4.6355466e+08,8.2012026e+08,2.6998128e+08
PRT,LCA,1968,0.0,DOTS_IP,3.4316195e+08,4.6355466e+08,2.6139605e+06,6.1545885e+06
PRT,LKA,1968,291666.9,DOTS_XP,3.4316195e+08,4.6355466e+08,1.3800011e+08,1.520418e+08
PRT,LSO,1968,0.0,DOTS_IP,3.4316195e+08,4.6355466e+08,1.9716682e+06,1.3941678e+07
PRT,LUX,1968,412500.34,COW,3.4316195e+08,4.6355466e+08,,
PRT,MAC,1968,208333.5,DOTS_XP,3.4316195e+08,4.6355466e+08,1.2505844e+07,2.080735e+07
PRT,MAR,1968,2.666669e+06,DOTS_IP,3.4316195e+08,4.6355466e+08,1.8620933e+08,2.3008352e+08
PRT,MDG,1968,0.0,DOTS_IP,3.4316195e+08,4.6355466e+08,5.491171e+07,7.070839e+07
PRT,MDV,1968,0.0,DOTS_IP,3.4316195e+08,4.6355466e+08,984738.3,904800.75
PRT,MEX,1968,500000.4,DOTS_IP,3.4316195e+08,4.6355466e+08,6.597376e+08,9.0723974e+08
PRT,MLI,1968,0.0,DOTS_IP,3.4316195e+08,4.6355466e+08,5.2708375e+06,1.3612739e+07
PRT,MLT,1968,8333.34,DOTS_IP,3.4316195e+08,4.6355466e+08,1.3666678e+07,4.975421e+07
PRT,MMR,1968,250000.2,DOTS_IP,3.4316195e+08,4.6355466e+08,4.7755456e+07,7.036256e+07
PRT,MNG,1968,0.0,DOTS_IP,3.4316195e+08,4.6355466e+08,,
PRT,MOZ,1968,3.2250026e+07,DOTS_IP,3.4316195e+08,4.6355466e+08,7.420465e+07,1.1144558e+08
PRT,MRT,1968,0.0,DOTS_IP,3.4316195e+08,4.6355466e+08,3.4885444e+07,1.4707512e+07
PRT,MTQ,1968,0.0,DOTS_IP,3.4316195e+08,4.6355466e+08,2.1377934e+07,4.5573372e+07
PRT,MUS,1968,0.0,DOTS_IP,3.4316195e+08,4.6355466e+08,3.0708358e+07,2.9333358e+07
PRT,MWI,1968,,DOTS_IP,3.4316195e+08,4.6355466e+08,2.07521e+07,3.222086e+07
PRT,MYS,1968,258333.55,DOTS_IP,3.4316195e+08,4.6355466e+08,6.313668e+08,4.9646746e+08
PRT,NAM,1968,0.0,DOTS_IP,3.4316195e+08,4.6355466e+08,,
PRT,NCL,1968,0.0,DOTS_IP,3.4316195e+08,4.6355466e+08,4.717754e+07,3.8935864e+07
PRT,NER,1968,0.0,DOTS_IP,3.4316195e+08,4.6355466e+08,1.3555428e+07,1.6585014e+07
PRT,NGA,1968,541667.1,DOTS_IP,3.4316195e+08,4.6355466e+08,2.4670853e+08,2.2487517e+08
PRT,NIC,1968,0.0,DOTS_IP,3.4316195e+08,4.6355466e+08,7.132339e+07,7.693757e+07
PRT,NLD,1968,5.458338e+06,DOTS_IP,3.4316195e+08,4.6355466e+08,3.4749358e+09,4.413247e+09
PRT,NOR,1968,4.500004e+06,DOTS_IP,3.4316195e+08,4.6355466e+08,8.069174e+08,1.1270427e+09
PRT,NRU,1968,0.0,DOTS_IP,3.4316195e+08,4.6355466e+08,,
PRT,NZL,1968,291666.9,DOTS_XP,3.4316195e+08,4.6355466e+08,4.7519082e+08,3.8165446e+08
PRT,OMN,1968,41666.7,DOTS_XP,3.4316195e+08,4.6355466e+08,1.8229182e+08,2.9666692e+07
PRT,PAK,1968,458333.72,DOTS_IP,3.4316195e+08,4.6355466e+08,3.0550026e+08,4.3687536e+08
PRT,PAN,1968,41666.7,DOTS_XP,3.4316195e+08,4.6355466e+08,7.167756e+07,1.9841933e+08
PRT,PER,1968,208333.5,DOTS_IP,3.4316195e+08,4.6355466e+08,4.0104534e+08,2.6254187e+08
PRT,PHL,1968,708333.94,DOTS_IP,3.4316195e+08,4.6355466e+08,4.5466288e+08,5.52417e+08
PRT,PNG,1968,0.0,DOTS_IP,3.4316195e+08,4.6355466e+08,3.2750028e+07,7.3885896e+07
PRT,POL,1968,750000.6,DOTS_XP,3.4316195e+08,4.6355466e+08,1.1907301e+09,1.188751e+09
PRT,PRK,1968,0.0,DOTS_IP,3.4316195e+08,4.6355466e+08,2.5391688e+07,
PRT,PRY,1968,5833.3384,DOTS_IP,3.4316195e+08,4.6355466e+08,2.2586686e+07,3.347999e+07
PRT,PYF,1968,0.0,DOTS_IP,3.4316195e+08,4.6355466e+08,4.822797e+06,7.249049e+07
PRT,QAT,1968,0.0,DOTS_IP,3.4316195e+08,4.6355466e+08,9.902091e+07,1.8741682e+07
PRT,REU,1968,0.0,DOTS_IP,3.4316195e+08,4.6355466e+08,9.609304e+06,2.6242868e+07
PRT,ROM,1968,733333.94,DOTS_IP,3.4316195e+08,4.6355466e+08,6.045755e+08,7.3753395e+08
PRT,RWA,1968,0.0,DOTS_IP,3.4316195e+08,4.6355466e+08,6.125005e+06,9.458341e+06
PRT,SAU,1968,208333.5,DOTS_IP,3.4316195e+08,4.6355466e+08,8.902549e+08,2.9536237e+08
PRT,SDN,1968,0.0,DOTS_IP,3.4316195e+08,4.6355466e+08,9.679174e+07,1.0992524e+08
PRT,SEN,1968,0.0,DOTS_IP,3.4316195e+08,4.6355466e+08,6.2967136e+07,8.005518e+07
PRT,SGP,1968,316666.94,DOTS_IP,3.4316195e+08,4.6355466e+08,5.2960877e+08,6.918548e+08
PRT,SHN,1968,0.0,DOTS_IP,3.4316195e+08,4.6355466e+08,,
PRT,SLB,1968,0.0,DOTS_IP,3.4316195e+08,4.6355466e+08,2.5839355e+06,4.935171e+06
PRT,SLE,1968,0.0,DOTS_IP,3.4316195e+08,4.6355466e+08,5.3995044e+07,3.7291696e+07
PRT,SLV,1968,0.0,DOTS_IP,3.4316195e+08,4.6355466e+08,8.775007e+07,8.758341e+07
PRT,SOM,1968,0.0,DOTS_IP,3.4316195e+08,4.6355466e+08,,
PRT,STP,1968,1.125001e+06,DOTS_XP,3.4316195e+08,4.6355466e+08,3.7500032e+06,2.500002e+06
PRT,SUR,1968,41666.7,DOTS_XP,3.4316195e+08,4.6355466e+08,5.5187548e+07,4.164712e+07
PRT,SWE,1968,1.7791682e+07,DOTS_IP,3.4316195e+08,4.6355466e+08,2.0554185e+09,2.1323768e+09
PRT,SWZ,1968,0.0,DOTS_IP,3.4316195e+08,4.6355466e+08,2.2954186e+07,1.9891684e+07
PRT,SYC,1968,0.0,DOTS_IP,3.4316195e+08,4.6355466e+08,1.3042552e+06,2.5410062e+06
PRT,SYR,1968,41666.703,DOTS_IP,3.4316195e+08,4.6355466e+08,8.744632e+07,1.2995844e+08
PRT,TCD,1968,83333.41,DOTS_IP,3.4316195e+08,4.6355466e+08,1.2794386e+07,2.2552228e+07
PRT,TGO,1968,0.0,DOTS_IP,3.4316195e+08,4.6355466e+08,2.02996e+07,1.9250016e+07
PRT,THA,1968,166666.81,DOTS_IP,3.4316195e+08,4.6355466e+08,2.727919e+08,4.760004e+08
PRT,TON,1968,0.0,DOTS_IP,3.4316195e+08,4.6355466e+08,1.7948015e+06,2.4033352e+06
PRT,TTO,1968,125000.1,DOTS_IP,3.4316195e+08,4.6355466e+08,1.9008349e+08,1.7500014e+08
PRT,TUN,1968,0.0,DOTS_IP,3.4316195e+08,4.6355466e+08,6.862839e+07,9.288489e+07
PRT,TUR,1968,1.4583345e+06,DOTS_IP,3.4316195e+08,4.6355466e+08,2.178781e+08,3.8725795e+08
PRT,TUV,1968,0.0,DOTS_IP,3.4316195e+08,4.6355466e+08,,
PRT,TZA,1968,0.0,DOTS_IP,3.4316195e+08,4.6355466e+08,1.0008675e+08,1.0640883e+08
PRT,UGA,1968,0.0,DOTS_IP,3.4316195e+08,4.6355466e+08,9.000007e+07,6.85988e+07
PRT,URY,1968,41666.7,DOTS_XP,3.4316195e+08,4.6355466e+08,7.591465e+07,6.7919336e+07
PRT,USA,1968,4.04167e+07,DOTS_IP,3.4316195e+08,4.6355466e+08,1.4979835e+10,1.4736388e+10
PRT,USSR,1968,0.0,DOTS_IP,3.4316195e+08,4.6355466e+08,1.0526325e+10,9.320184e+09
PRT,VCT,1968,0.0,DOTS_IP,3.4316195e+08,4.6355466e+08,1.5570846e+06,4.1675035e+06
PRT,VEN,1968,1.666668e+06,DOTS_IP,3.4316195e+08,4.6355466e+08,1.2292814e+09,7.1416723e+08
PRT,VNM,1968,250000.2,DOTS_XP,3.4316195e+08,4.6355466e+08,8.922924e+06,3.149636e+08
PRT,VUT,1968,0.0,DOTS_IP,3.4316195e+08,4.6355466e+08,4.8433375e+06,4.21542e+06
PRT,WDEU,1968,2.0416684e+07,DOTS_IP,3.4316195e+08,4.6355466e+08,1.0368759e+10,8.458757e+09
PRT,WSM,1968,0.0,DOTS_IP,3.4316195e+08,4.6355466e+08,2.250002e+06,3.1666692e+06
PRT,YAR,1968,0.0,COW,3.4316195e+08,4.6355466e+08,,
PRT,YMD,1968,83333.41,COW,3.4316195e+08,4.6355466e+08,,
PRT,YUG,1968,0.0,DOTS_IP,3.4316195e+08,4.6355466e+08,5.2362544e+08,7.384173e+08
PRT,ZAF,1968,1.4166679e+06,DOTS_XP,3.4316195e+08,4.6355466e+08,9.5814957e+08,1.04070586e+09
PRT,ZMB,1968,208333.5,DOTS_IP,3.4316195e+08,4.6355466e+08,3.1695862e+08,1.9115182e+08
PRT,ZWE,1968,0.0,DOTS_IP,3.4316195e+08,4.6355466e+08,1.0955009e+08,1.389297e+08
PRY,PRT,1968,,DOTS_IP,2.2586686e+07,3.347999e+07,3.4316195e+08,4.6355466e+08
PYF,PRT,1968,,,4.822797e+06,7.249049e+07,3.4316195e+08,4.6355466e+08
QAT,PRT,1968,0.0,DOTS_IP,9.902091e+07,1.8741682e+07,3.4316195e+08,4.6355466e+08
REU,PRT,1968,0.0,DOTS_IP,9.609304e+06,2.6242868e+07,3.4316195e+08,4.6355466e+08
ROM,PRT,1968,2.1250018e+06,DOTS_IP,6.045755e+08,7.3753395e+08,3.4316195e+08,4.6355466e+08
RWA,PRT,1968,0.0,DOTS_IP,6.125005e+06,9.458341e+06,3.4316195e+08,4.6355466e+08
SAU,PRT,1968,125000.1,DOTS_XP,8.902549e+08,2.9536237e+08,3.4316195e+08,4.6355466e+08
SDN,PRT,1968,166666.81,DOTS_IP,9.679174e+07,1.0992524e+08,3.4316195e+08,4.6355466e+08
SEN,PRT,1968,166666.81,DOTS_XP,6.2967136e+07,8.005518e+07,3.4316195e+08,4.6355466e+08
SGP,PRT,1968,620833.9,DOTS_XP,5.2960877e+08,6.918548e+08,3.4316195e+08,4.6355466e+08
SHN,PRT,1968,0.0,DOTS_IP,,,3.4316195e+08,4.6355466e+08
SLB,PRT,1968,0.0,DOTS_IP,2.5839355e+06,4.935171e+06,3.4316195e+08,4.6355466e+08
SLE,PRT,1968,0.0,DOTS_IP,5.3995044e+07,3.7291696e+07,3.4316195e+08,4.6355466e+08
SLV,PRT,1968,0.0,DOTS_IP,8.775007e+07,8.758341e+07,3.4316195e+08,4.6355466e+08
SOM,PRT,1968,0.0,DOTS_IP,,,3.4316195e+08,4.6355466e+08
SPM,PRT,1968,0.0,DOTS_IP,583333.8,2.8333358e+06,3.4316195e+08,4.6355466e+08
STP,PRT,1968,1.0000008e+06,DOTS_IP,3.7500032e+06,2.500002e+06,3.4316195e+08,4.6355466e+08
SUR,PRT,1968,0.0,DOTS_IP,5.5187548e+07,4.164712e+07,3.4316195e+08,4.6355466e+08
SWE,PRT,1968,1.0958342e+07,DOTS_IP,2.0554185e+09,2.1323768e+09,3.4316195e+08,4.6355466e+08
SWZ,PRT,1968,,,2.2954186e+07,1.9891684e+07,3.4316195e+08,4.6355466e+08
SYC,PRT,1968,0.0,DOTS_IP,1.3042552e+06,2.5410062e+06,3.4316195e+08,4.6355466e+08
SYR,PRT,1968,0.0,DOTS_IP,8.744632e+07,1.2995844e+08,3.4316195e+08,4.6355466e+08
TCD,PRT,1968,0.0,DOTS_IP,1.2794386e+07,2.2552228e+07,3.4316195e+08,4.6355466e+08
TGO,PRT,1968,0.0,DOTS_IP,2.02996e+07,1.9250016e+07,3.4316195e+08,4.6355466e+08
THA,PRT,1968,666667.25,DOTS_IP,2.727919e+08,4.760004e+08,3.4316195e+08,4.6355466e+08
TON,PRT,1968,0.0,DOTS_IP,1.7948015e+06,2.4033352e+06,3.4316195e+08,4.6355466e+08
TTO,PRT,1968,0.0,DOTS_IP,1.9008349e+08,1.7500014e+08,3.4316195e+08,4.6355466e+08
TUN,PRT,1968,0.0,DOTS_IP,6.862839e+07,9.288489e+07,3.4316195e+08,4.6355466e+08
TUR,PRT,1968,3.2916695e+06,DOTS_IP,2.178781e+08,3.8725795e+08,3.4316195e+08,4.6355466e+08
TUV,PRT,1968,0.0,DOTS_IP,,,3.4316195e+08,4.6355466e+08
TWN,PRT,1968,,,,,3.4316195e+08,4.6355466e+08
TZA,PRT,1968,166666.81,DOTS_IP,1.0008675e+08,1.0640883e+08,3.4316195e+08,4.6355466e+08
UGA,PRT,1968,0.0,DOTS_IP,9.000007e+07,6.85988e+07,3.4316195e+08,4.6355466e+08
URY,PRT,1968,125000.1,DOTS_IP,7.591465e+07,6.7919336e+07,3.4316195e+08,4.6355466e+08
USA,PRT,1968,2.7750024e+07,DOTS_IP,1.4979835e+10,1.4736388e+10,3.4316195e+08,4.6355466e+08
USSR,PRT,1968,1.0833342e+06,DOTS_IP,1.0526325e+10,9.320184e+09,3.4316195e+08,4.6355466e+08
VCT,PRT,1968,0.0,DOTS_IP,1.5570846e+06,4.1675035e+06,3.4316195e+08,4.6355466e+08
VEN,PRT,1968,1.1666676e+06,DOTS_IP,1.2292814e+09,7.1416723e+08,3.4316195e+08,4.6355466e+08
VNM,PRT,1968,0.0,DOTS_IP,8.922924e+06,3.149636e+08,3.4316195e+08,4.6355466e+08
VUT,PRT,1968,0.0,DOTS_IP,4.8433375e+06,4.21542e+06,3.4316195e+08,4.6355466e+08
WDEU,PRT,1968,6.912506e+07,DOTS_IP,1.0368759e+10,8.458757e+09,3.4316195e+08,4.6355466e+08
WSM,PRT,1968,0.0,DOTS_IP,2.250002e+06,3.1666692e+06,3.4316195e+08,4.6355466e+08
YAR,PRT,1968,375000.3,COW,,,3.4316195e+08,4.6355466e+08
YMD,PRT,1968,375000.3,COW,,,3.4316195e+08,4.6355466e+08
YUG,PRT,1968,0.0,DOTS_IP,5.2362544e+08,7.384173e+08,3.4316195e+08,4.6355466e+08
ZAF,PRT,1968,2.6250022e+06,DOTS_IP,9.5814957e+08,1.04070586e+09,3.4316195e+08,4.6355466e+08
ZMB,PRT,1968,1.0000008e+06,DOTS_IP,3.1695862e+08,1.9115182e+08,3.4316195e+08,4.6355466e+08
ZWE,PRT,1968,0.0,DOTS_IP,1.0955009e+08,1.389297e+08,3.4316195e+08,4.6355466e+08
AFG,PRT,1969,0.0,DOTS_IP,3.411836e+07,5.1468376e+07,3.736089e+08,5.35025e+08
AGO,PRT,1969,4.4458372e+07,DOTS_IP,1.391567e+08,1.6857291e+08,3.736089e+08,5.35025e+08
ALB,PRT,1969,0.0,DOTS_IP,6.905006e+06,1.2383344e+07,3.736089e+08,5.35025e+08
ANT,PRT,1969,3.283336e+06,DOTS_IP,2.751973e+08,3.5373133e+08,3.736089e+08,5.35025e+08
ARE,PRT,1969,0.0,DOTS_IP,1.6975014e+08,1.279251e+08,3.736089e+08,5.35025e+08
ARG,PRT,1969,1.666668e+06,DOTS_IP,7.6227424e+08,6.8082157e+08,3.736089e+08,5.35025e+08
ATG,PRT,1969,0.0,DOTS_IP,3.333336e+06,1.2083343e+07,3.736089e+08,5.35025e+08
AUS,PRT,1969,2.287502e+06,DOTS_IP,1.7561765e+09,1.8596933e+09,3.736089e+08,5.35025e+08
AUT,PRT,1969,8.48334e+06,DOTS_IP,1.0049591e+09,1.1772093e+09,3.736089e+08,5.35025e+08
BDI,PRT,1969,83333.41,DOTS_IP,1.0433759e+07,8.952382e+06,3.736089e+08,5.35025e+08
BEL,PRT,1969,1.4908346e+07,DOTS_IP,4.2042117e+09,4.1762117e+09,3.736089e+08,5.35025e+08
BEN,PRT,1969,16666.68,DOTS_IP,1.1316676e+07,2.3255852e+07,3.736089e+08,5.35025e+08
BFA,PRT,1969,0.0,DOTS_IP,8.994591e+06,2.1575434e+07,3.736089e+08,5.35025e+08
BGD,PRT,1969,0.0,DOTS_IP,,,3.736089e+08,5.35025e+08
BGR,PRT,1969,8333.34,DOTS_IP,7.478639e+08,7.122513e+08,3.736089e+08,5.35025e+08
BHR,PRT,1969,5.1875045e+06,DOTS_IP,9.415008e+07,8.042132e+07,3.736089e+08,5.35025e+08
BHS,PRT,1969,0.0,DOTS_IP,2.6276196e+07,1.2353344e+08,3.736089e+08,5.35025e+08
BLZ,PRT,1969,0.0,DOTS_IP,1.0421259e+07,3.2375784e+07,3.736089e+08,5.35025e+08
BMU,PRT,1969,0.0,DOTS_IP,1.2526526e+07,4.8879624e+07,3.736089e+08,5.35025e+08
BOL,PRT,1969,187500.16,DOTS_IP,8.2579656e+07,6.8752136e+07,3.736089e+08,5.35025e+08
BRA,PRT,1969,6.129172e+06,DOTS_IP,1.01200006e+09,1.03715085e+09,3.736089e+08,5.35025e+08
BRB,PRT,1969,0.0,DOTS_IP,1.5469805e+07,4.0539828e+07,3.736089e+08,5.35025e+08
BRN,PRT,1969,0.0,DOTS_IP,4.592504e+07,3.0416692e+07,3.736089e+08,5.35025e+08
BWA,PRT,1969,0.0,DOTS_IP,7.655673e+06,1.9072682e+07,3.736089e+08,5.35025e+08
CAF,PRT,1969,0.0,DOTS_IP,1.6971264e+07,1.568668e+07,3.736089e+08,5.35025e+08
CAN,PRT,1969,2.9500025e+06,DOTS_IP,6.2610207e+09,6.19913e+09,3.736089e+08,5.35025e+08
CHE,PRT,1969,1.9312516e+07,DOTS_IP,1.9689581e+09,2.3379738e+09,3.736089e+08,5.35025e+08
CHL,PRT,1969,208333.5,DOTS_IP,5.0139542e+08,3.7798365e+08,3.736089e+08,5.35025e+08
CHN,PRT,1969,108333.42,DOTS_IP,1.01213005e+09,7.988715e+08,3.736089e+08,5.35025e+08
CIV,PRT,1969,37500.03,DOTS_IP,2.266977e+08,1.402293e+08,3.736089e+08,5.35025e+08
CMR,PRT,1969,0.0,DOTS_IP,9.705842e+07,8.6113816e+07,3.736089e+08,5.35025e+08
COD,PRT,1969,320833.6,DOTS_IP,3.332812e+08,1.8816682e+08,3.736089e+08,5.35025e+08
COG,PRT,1969,83333.41,DOTS_IP,3.5296052e+07,3.3242528e+07,3.736089e+08,5.35025e+08
COL,PRT,1969,995834.2,DOTS_IP,2.6658147e+08,2.8563773e+08,3.736089e+08,5.35025e+08
COM,PRT,1969,0.0,DOTS_IP,2.0680142e+06,3.321932e+06,3.736089e+08,5.35025e+08
CPV,PRT,1969,475000.4,DOTS_IP,652083.9,5.134171e+06,3.736089e+08,5.35025e+08
CRI,PRT,1969,16666.68,DOTS_IP,9.102591e+07,1.01805496e+08,3.736089e+08,5.35025e+08
CUB,PRT,1969,0.0,DOTS_IP,2.7958355e+08,5.091671e+08,3.736089e+08,5.35025e+08
CYP,PRT,1969,137500.11,DOTS_IP,4.0509732e+07,8.749466e+07,3.736089e+08,5.35025e+08
CZSK,PRT,1969,1.125001e+06,DOTS_IP,1.3947258e+09,1.3830543e+09,3.736089e+08,5.35025e+08
DJI,PRT,1969,0.0,DOTS_IP,1.1136372e+06,1.4351262e+07,3.736089e+08,5.35025e+08
DMA,PRT,1969,0.0,DOTS_IP,2.9475025e+06,5.148546e+06,3.736089e+08,5.35025e+08
DNK,PRT,1969,5.962505e+06,DOTS_IP,1.255972e+09,1.5885263e+09,3.736089e+08,5.35025e+08
DOM,PRT,1969,8333.34,DOTS_IP,8.102757e+07,9.050466e+07,3.736089e+08,5.35025e+08
DZA,PRT,1969,8333.34,DOTS_IP,4.1795827e+08,4.2029203e+08,3.736089e+08,5.35025e+08
ECU,PRT,1969,0.0,DOTS_IP,1.10986344e+08,1.0082092e+08,3.736089e+08,5.35025e+08
EDEU,PRT,1969,100000.086,DOTS_IP,3.7602986e+08,3.3451946e+08,3.736089e+08,5.35025e+08
EGY,PRT,1969,641667.2,DOTS_IP,3.1036275e+08,3.1524246e+08,3.736089e+08,5.35025e+08
ESP,PRT,1969,2.3435556e+07,ESP TENA JUNGUITO,8.488569e+08,1.7621057e+09,3.736089e+08,5.35025e+08
ETH,PRT,1969,4166.67,DOTS_IP,4.972296e+07,6.4717976e+07,3.736089e+08,5.35025e+08
FIN,PRT,1969,2.1708352e+06,DOTS_IP,8.2776736e+08,8.4334234e+08,3.736089e+08,5.35025e+08
FJI,PRT,1969,0.0,DOTS_IP,2.5467104e+07,3.727128e+07,3.736089e+08,5.35025e+08
FLK,PRT,1969,0.0,DOTS_IP,1.0000008e+06,437500.34,3.736089e+08,5.35025e+08
FRA,PRT,1969,3.7512532e+07,DOTS_IP,6.373797e+09,7.2892564e+09,3.736089e+08,5.35025e+08
FRO,PRT,1969,1.3945845e+06,DOTS_XP,1.0120425e+07,1.3026261e+07,3.736089e+08,5.35025e+08
GAB,PRT,1969,83333.41,DOTS_IP,6.932782e+07,3.406211e+07,3.736089e+08,5.35025e+08
GBR,PRT,1969,7.265006e+07,DOTS_IP,7.2979645e+09,8.3150484e+09,3.736089e+08,5.35025e+08
GHA,PRT,1969,0.0,DOTS_IP,1.6868926e+08,1.4521845e+08,3.736089e+08,5.35025e+08
GIB,PRT,1969,16666.68,DOTS_IP,735417.3,1.0622926e+07,3.736089e+08,5.35025e+08
GIN,PRT,1969,0.0,DOTS_IP,2.375002e+07,2.7083356e+07,3.736089e+08,5.35025e+08
GLP,PRT,1969,0.0,DOTS_IP,1.5435846e+07,4.443629e+07,3.736089e+08,5.35025e+08
GMB,PRT,1969,1.237501e+06,DOTS_IP,8.771636e+06,7.108756e+06,3.736089e+08,5.35025e+08
GNB,PRT,1969,1.4583345e+06,DOTS_IP,2.5933355e+06,8.517924e+06,3.736089e+08,5.35025e+08
GNQ,PRT,1969,,,1.5833347e+07,1.3750011e+07,3.736089e+08,5.35025e+08
GRC,PRT,1969,1.2875011e+06,DOTS_IP,2.3592966e+08,7.47406e+08,3.736089e+08,5.35025e+08
GRD,PRT,1969,0.0,DOTS_IP,3.332711e+06,7.1295895e+06,3.736089e+08,5.35025e+08
GRL,PRT,1969,0.0,DOTS_IP,5.3137545e+06,2.0940018e+07,3.736089e+08,5.35025e+08
GTM,PRT,1969,608333.8,DOTS_IP,1.1630551e+08,1.043955e+08,3.736089e+08,5.35025e+08
GUF,PRT,1969,0.0,DOTS_IP,4.3412535e+06,2.1034184e+07,3.736089e+08,5.35025e+08
GUY,PRT,1969,12500.011,DOTS_IP,5.6360464e+07,4.923254e+07,3.736089e+08,5.35025e+08
HKG,PRT,1969,545833.8,DOTS_IP,9.165841e+08,1.0284073e+09,3.736089e+08,5.35025e+08
HND,PRT,1969,416.67,DOTS_XP,9.504508e+07,7.6752984e+07,3.736089e+08,5.35025e+08
HTI,PRT,1969,0.0,DOTS_IP,2.04846e+07,2.0515698e+07,3.736089e+08,5.35025e+08
HUN,PRT,1969,112500.09,DOTS_IP,1.7013902e+08,1.5694458e+08,3.736089e+08,5.35025e+08
IDN,PRT,1969,145833.45,DOTS_IP,4.5988384e+08,3.797601e+08,3.736089e+08,5.35025e+08
IND,PRT,1969,100000.086,DOTS_IP,7.618131e+08,8.8173824e+08,3.736089e+08,5.35025e+08
IRL,PRT,1969,358333.62,DOTS_IP,4.2995213e+08,5.928047e+08,3.736089e+08,5.35025e+08
IRN,PRT,1969,1.0541675e+06,DOTS_IP,9.536947e+08,6.2831814e+08,3.736089e+08,5.35025e+08
IRQ,PRT,1969,1.4054178e+07,DOTS_IP,4.474097e+08,1.8058765e+08,3.736089e+08,5.35025e+08
ISL,PRT,1969,2.0875018e+06,DOTS_IP,4.4863788e+07,5.1451292e+07,3.736089e+08,5.35025e+08
ISR,PRT,1969,362500.3,DOTS_IP,3.018669e+08,6.9418394e+08,3.736089e+08,5.35025e+08
ITA,PRT,1969,3.0158358e+07,DOTS_IP,4.892379e+09,5.191879e+09,3.736089e+08,5.35025e+08
JAM,PRT,1969,8333.34,DOTS_IP,1.360505e+08,1.8421349e+08,3.736089e+08,5.35025e+08
JOR,PRT,1969,4166.67,DOTS_IP,1.9947934e+07,9.709803e+07,3.736089e+08,5.35025e+08
JPN,PRT,1969,8.28334e+06,DOTS_IP,6.530172e+09,6.219172e+09,3.736089e+08,5.35025e+08
KEN,PRT,1969,4166.67,DOTS_IP,1.1452551e+08,1.5065346e+08,3.736089e+08,5.35025e+08
KHM,PRT,1969,0.0,DOTS_IP,2.0534184e+07,3.3545862e+07,3.736089e+08,5.35025e+08
KIR,PRT,1969,0.0,DOTS_IP,3.4095862e+06,,3.736089e+08,5.35025e+08
KNA,PRT,1969,0.0,DOTS_IP,,4.1666702e+06,3.736089e+08,5.35025e+08
KOR,PRT,1969,4166.67,DOTS_IP,2.5862523e+08,7.920758e+08,3.736089e+08,5.35025e+08
KWT,PRT,1969,87500.07,DOTS_IP,7.8889946e+08,2.692919e+08,3.736089e+08,5.35025e+08
LAO,PRT,1969,0.0,DOTS_IP,1.8324636e+06,3.4496696e+07,3.736089e+08,5.35025e+08
LBN,PRT,1969,83333.41,DOTS_IP,1.2096495e+08,2.7414573e+08,3.736089e+08,5.35025e+08
LBR,PRT,1969,4166.67,DOTS_IP,1.2287718e+08,1.3650886e+08,3.736089e+08,5.35025e+08
LBY,PRT,1969,0.0,DOTS_IP,9.5695706e+08,2.9380694e+08,3.736089e+08,5.35025e+08
LCA,PRT,1969,0.0,DOTS_IP,3.4458362e+06,8.645841e+06,3.736089e+08,5.35025e+08
LKA,PRT,1969,137500.11,DOTS_IP,1.3140427e+08,1.7841765e+08,3.736089e+08,5.35025e+08
LSO,PRT,1969,,,2.8530858e+06,1.3941678e+07,3.736089e+08,5.35025e+08
LUX,PRT,1969,695833.94,COW,,,3.736089e+08,5.35025e+08
MAC,PRT,1969,1.3125011e+06,DOTS_IP,1.5263346e+07,2.4858062e+07,3.736089e+08,5.35025e+08
MAR,PRT,1969,2.1250018e+06,DOTS_IP,2.0830018e+08,2.3513739e+08,3.736089e+08,5.35025e+08
MDG,PRT,1969,166666.81,DOTS_IP,5.2904704e+07,7.616632e+07,3.736089e+08,5.35025e+08
MDV,PRT,1969,0.0,DOTS_IP,1.1825469e+06,1.2920178e+06,3.736089e+08,5.35025e+08
MEX,PRT,1969,1.8125015e+06,DOTS_IP,7.528419e+08,9.557055e+08,3.736089e+08,5.35025e+08
MLI,PRT,1969,41666.703,DOTS_IP,7.212506e+06,1.6212514e+07,3.736089e+08,5.35025e+08
MLT,PRT,1969,8333.34,DOTS_IP,1.5950013e+07,5.980005e+07,3.736089e+08,5.35025e+08
MMR,PRT,1969,16666.68,DOTS_IP,5.4847964e+07,7.0051304e+07,3.736089e+08,5.35025e+08
MNG,PRT,1969,0.0,DOTS_IP,,,3.736089e+08,5.35025e+08
MOZ,PRT,1969,2.4270854e+07,DOTS_IP,7.080025e+07,1.445577e+08,3.736089e+08,5.35025e+08
MRT,PRT,1969,87500.07,DOTS_IP,3.9107532e+07,1.8822516e+07,3.736089e+08,5.35025e+08
MTQ,PRT,1969,0.0,DOTS_IP,2.1872936e+07,5.3030876e+07,3.736089e+08,5.35025e+08
MUS,PRT,1969,62500.05,DOTS_IP,3.198264e+07,2.6686688e+07,3.736089e+08,5.35025e+08
MWI,PRT,1969,83333.41,DOTS_IP,2.1985852e+07,3.381128e+07,3.736089e+08,5.35025e+08
MYS,PRT,1969,2.2958352e+06,DOTS_IP,7.80991e+08,5.1659875e+08,3.736089e+08,5.35025e+08
NAM,PRT,1969,0.0,DOTS_IP,,,3.736089e+08,5.35025e+08
NCL,PRT,1969,0.0,DOTS_IP,5.6926716e+07,5.4503796e+07,3.736089e+08,5.35025e+08
NER,PRT,1969,187500.16,DOTS_IP,1.5469597e+07,2.042585e+07,3.736089e+08,5.35025e+08
NGA,PRT,1969,7.1458395e+06,DOTS_IP,3.711253e+08,2.8983357e+08,3.736089e+08,5.35025e+08
NIC,PRT,1969,583333.8,DOTS_IP,6.999506e+07,7.3745896e+07,3.736089e+08,5.35025e+08
NLD,PRT,1969,1.4200012e+07,DOTS_IP,4.151212e+09,5.1172265e+09,3.736089e+08,5.35025e+08
NOR,PRT,1969,3.8208365e+06,DOTS_IP,9.178758e+08,1.2262052e+09,3.736089e+08,5.35025e+08
NPL,PRT,1969,83333.41,DOTS_IP,2.2637894e+07,3.5255156e+07,3.736089e+08,5.35025e+08
NRU,PRT,1969,0.0,DOTS_IP,,,3.736089e+08,5.35025e+08
NZL,PRT,1969,887500.75,DOTS_IP,5.530454e+08,4.1942954e+08,3.736089e+08,5.35025e+08
OMN,PRT,1969,0.0,DOTS_IP,1.7390848e+08,4.2490452e+07,3.736089e+08,5.35025e+08
PAK,PRT,1969,1.7416681e+06,DOTS_IP,2.805586e+08,4.1984202e+08,3.736089e+08,5.35025e+08
PAN,PRT,1969,4166.67,DOTS_IP,7.713631e+07,2.5045658e+08,3.736089e+08,5.35025e+08
PER,PRT,1969,750000.6,DOTS_IP,4.2028784e+08,2.6344998e+08,3.736089e+08,5.35025e+08
PHL,PRT,1969,162500.14,DOTS_IP,4.769632e+08,5.684866e+08,3.736089e+08,5.35025e+08
PNG,PRT,1969,0.0,DOTS_IP,4.190712e+07,9.192549e+07,3.736089e+08,5.35025e+08
POL,PRT,1969,4.625004e+06,DOTS_IP,1.3089594e+09,1.337501e+09,3.736089e+08,5.35025e+08
PRK,PRT,1969,0.0,DOTS_IP,3.2514876e+07,,3.736089e+08,5.35025e+08
PRT,AFG,1969,0.0,DOTS_IP,3.736089e+08,5.35025e+08,3.411836e+07,5.1468376e+07
PRT,AGO,1969,4.9646292e+07,DOTS_IP,3.736089e+08,5.35025e+08,1.391567e+08,1.6857291e+08
PRT,ALB,1969,0.0,DOTS_IP,3.736089e+08,5.35025e+08,6.905006e+06,1.2383344e+07
PRT,ANT,1969,137500.11,DOTS_IP,3.736089e+08,5.35025e+08,2.751973e+08,3.5373133e+08
PRT,ARE,1969,0.0,DOTS_IP,3.736089e+08,5.35025e+08,1.6975014e+08,1.279251e+08
PRT,ARG,1969,662500.56,DOTS_IP,3.736089e+08,5.35025e+08,7.6227424e+08,6.8082157e+08
PRT,ATG,1969,0.0,DOTS_IP,3.736089e+08,5.35025e+08,3.333336e+06,1.2083343e+07
PRT,AUS,1969,1.5958346e+06,DOTS_IP,3.736089e+08,5.35025e+08,1.7561765e+09,1.8596933e+09
PRT,AUT,1969,5.5000045e+06,DOTS_IP,3.736089e+08,5.35025e+08,1.0049591e+09,1.1772093e+09
PRT,BDI,1969,0.0,DOTS_IP,3.736089e+08,5.35025e+08,1.0433759e+07,8.952382e+06
PRT,BEL,1969,1.0375009e+07,DOTS_IP,3.736089e+08,5.35025e+08,4.2042117e+09,4.1762117e+09
PRT,BEN,1969,0.0,DOTS_IP,3.736089e+08,5.35025e+08,1.1316676e+07,2.3255852e+07
PRT,BFA,1969,0.0,DOTS_IP,3.736089e+08,5.35025e+08,8.994591e+06,2.1575434e+07
PRT,BGD,1969,0.0,DOTS_IP,3.736089e+08,5.35025e+08,,
PRT,BGR,1969,183333.48,DOTS_XP,3.736089e+08,5.35025e+08,7.478639e+08,7.122513e+08
PRT,BHR,1969,83333.41,DOTS_XP,3.736089e+08,5.35025e+08,9.415008e+07,8.042132e+07
PRT,BHS,1969,45833.37,DOTS_IP,3.736089e+08,5.35025e+08,2.6276196e+07,1.2353344e+08
PRT,BLZ,1969,2083.33,DOTS_IP,3.736089e+08,5.35025e+08,1.0421259e+07,3.2375784e+07
PRT,BMU,1969,0.0,DOTS_IP,3.736089e+08,5.35025e+08,1.2526526e+07,4.8879624e+07
PRT,BOL,1969,69166.73,DOTS_IP,3.736089e+08,5.35025e+08,8.2579656e+07,6.8752136e+07
PRT,BRA,1969,3.85917e+06,DOTS_IP,3.736089e+08,5.35025e+08,1.01200006e+09,1.03715085e+09
PRT,BRB,1969,83333.41,DOTS_XP,3.736089e+08,5.35025e+08,1.5469805e+07,4.0539828e+07
PRT,BRN,1969,4166.67,DOTS_IP,3.736089e+08,5.35025e+08,4.592504e+07,3.0416692e+07
PRT,BWA,1969,0.0,DOTS_IP,3.736089e+08,5.35025e+08,7.655673e+06,1.9072682e+07
PRT,CAF,1969,101666.75,DOTS_IP,3.736089e+08,5.35025e+08,1.6971264e+07,1.568668e+07
PRT,CAN,1969,5.7916715e+06,DOTS_IP,3.736089e+08,5.35025e+08,6.2610207e+09,6.19913e+09
PRT,CHE,1969,8.250007e+06,DOTS_IP,3.736089e+08,5.35025e+08,1.9689581e+09,2.3379738e+09
PRT,CHL,1969,466667.06,DOTS_IP,3.736089e+08,5.35025e+08,5.0139542e+08,3.7798365e+08
PRT,CHN,1969,4166.67,DOTS_XP,3.736089e+08,5.35025e+08,1.01213005e+09,7.988715e+08
PRT,CIV,1969,12500.011,DOTS_XP,3.736089e+08,5.35025e+08,2.266977e+08,1.402293e+08
PRT,CMR,1969,0.0,DOTS_IP,3.736089e+08,5.35025e+08,9.705842e+07,8.6113816e+07
PRT,COD,1969,1.04166756e+06,DOTS_IP,3.736089e+08,5.35025e+08,3.332812e+08,1.8816682e+08
PRT,COG,1969,8333.34,DOTS_XP,3.736089e+08,5.35025e+08,3.5296052e+07,3.3242528e+07
PRT,COL,1969,62500.05,DOTS_IP,3.736089e+08,5.35025e+08,2.6658147e+08,2.8563773e+08
PRT,COM,1969,0.0,DOTS_IP,3.736089e+08,5.35025e+08,2.0680142e+06,3.321932e+06
PRT,CPV,1969,2.5083355e+06,DOTS_XP,3.736089e+08,5.35025e+08,652083.9,5.134171e+06
PRT,CRI,1969,38750.03,DOTS_IP,3.736089e+08,5.35025e+08,9.102591e+07,1.01805496e+08
PRT,CUB,1969,0.0,DOTS_IP,3.736089e+08,5.35025e+08,2.7958355e+08,5.091671e+08
PRT,CYP,1969,656250.56,DOTS_IP,3.736089e+08,5.35025e+08,4.0509732e+07,8.749466e+07
PRT,CZSK,1969,820834.0,DOTS_XP,3.736089e+08,5.35025e+08,1.3947258e+09,1.3830543e+09
PRT,DJI,1969,12500.01,DOTS_XP,3.736089e+08,5.35025e+08,1.1136372e+06,1.4351262e+07
PRT,DMA,1969,0.0,DOTS_IP,3.736089e+08,5.35025e+08,2.9475025e+06,5.148546e+06
PRT,DNK,1969,1.0783342e+07,DOTS_IP,3.736089e+08,5.35025e+08,1.255972e+09,1.5885263e+09
PRT,DOM,1969,258333.55,DOTS_XP,3.736089e+08,5.35025e+08,8.102757e+07,9.050466e+07
PRT,DZA,1969,0.0,DOTS_IP,3.736089e+08,5.35025e+08,4.1795827e+08,4.2029203e+08
PRT,ECU,1969,145833.45,DOTS_IP,3.736089e+08,5.35025e+08,1.10986344e+08,1.0082092e+08
PRT,EDEU,1969,320833.6,DOTS_XP,3.736089e+08,5.35025e+08,3.7602986e+08,3.3451946e+08
PRT,EGY,1969,0.0,DOTS_IP,3.736089e+08,5.35025e+08,3.1036275e+08,3.1524246e+08
PRT,ESP,1969,7.353401e+06,ESP TENA JUNGUITO,3.736089e+08,5.35025e+08,8.488569e+08,1.7621057e+09
PRT,ETH,1969,4166.67,DOTS_XP,3.736089e+08,5.35025e+08,4.972296e+07,6.4717976e+07
PRT,FIN,1969,5.204171e+06,DOTS_IP,3.736089e+08,5.35025e+08,8.2776736e+08,8.4334234e+08
PRT,FJI,1969,5833.34,DOTS_IP,3.736089e+08,5.35025e+08,2.5467104e+07,3.727128e+07
PRT,FRA,1969,1.9041682e+07,DOTS_IP,3.736089e+08,5.35025e+08,6.373797e+09,7.2892564e+09
PRT,FRO,1969,21666.69,DOTS_IP,3.736089e+08,5.35025e+08,1.0120425e+07,1.3026261e+07
PRT,GAB,1969,16666.68,DOTS_XP,3.736089e+08,5.35025e+08,6.932782e+07,3.406211e+07
PRT,GBR,1969,7.666673e+07,DOTS_IP,3.736089e+08,5.35025e+08,7.2979645e+09,8.3150484e+09
PRT,GHA,1969,833.33405,DOTS_IP,3.736089e+08,5.35025e+08,1.6868926e+08,1.4521845e+08
PRT,GIB,1969,112500.09,DOTS_XP,3.736089e+08,5.35025e+08,735417.3,1.0622926e+07
PRT,GIN,1969,0.0,DOTS_IP,3.736089e+08,5.35025e+08,2.375002e+07,2.7083356e+07
PRT,GLP,1969,0.0,DOTS_IP,3.736089e+08,5.35025e+08,1.5435846e+07,4.443629e+07
PRT,GMB,1969,1666.6681,DOTS_IP,3.736089e+08,5.35025e+08,8.771636e+06,7.108756e+06
PRT,GNB,1969,5.2125045e+06,DOTS_XP,3.736089e+08,5.35025e+08,2.5933355e+06,8.517924e+06
PRT,GNQ,1969,,DOTS_IP,3.736089e+08,5.35025e+08,1.5833347e+07,1.3750011e+07
PRT,GRC,1969,1.1291676e+06,DOTS_IP,3.736089e+08,5.35025e+08,2.3592966e+08,7.47406e+08
PRT,GRD,1969,0.0,DOTS_IP,3.736089e+08,5.35025e+08,3.332711e+06,7.1295895e+06
PRT,GRL,1969,0.0,DOTS_IP,3.736089e+08,5.35025e+08,5.3137545e+06,2.0940018e+07
PRT,GTM,1969,114583.43,DOTS_IP,3.736089e+08,5.35025e+08,1.1630551e+08,1.043955e+08
PRT,GUF,1969,4166.67,DOTS_XP,3.736089e+08,5.35025e+08,4.3412535e+06,2.1034184e+07
PRT,GUY,1969,57083.383,DOTS_IP,3.736089e+08,5.35025e+08,5.6360464e+07,4.923254e+07
PRT,HKG,1969,625000.5,DOTS_IP,3.736089e+08,5.35025e+08,9.165841e+08,1.0284073e+09
PRT,HND,1969,31250.025,DOTS_IP,3.736089e+08,5.35025e+08,9.504508e+07,7.6752984e+07
PRT,HTI,1969,7916.6733,DOTS_IP,3.736089e+08,5.35025e+08,2.04846e+07,2.0515698e+07
PRT,HUN,1969,150000.12,DOTS_XP,3.736089e+08,5.35025e+08,1.7013902e+08,1.5694458e+08
PRT,IDN,1969,125000.1,DOTS_XP,3.736089e+08,5.35025e+08,4.5988384e+08,3.797601e+08
PRT,IND,1969,0.0,DOTS_IP,3.736089e+08,5.35025e+08,7.618131e+08,8.8173824e+08
PRT,IRL,1969,1.3291678e+06,DOTS_IP,3.736089e+08,5.35025e+08,4.2995213e+08,5.928047e+08
PRT,IRN,1969,166666.81,DOTS_IP,3.736089e+08,5.35025e+08,9.536947e+08,6.2831814e+08
PRT,IRQ,1969,375000.3,DOTS_IP,3.736089e+08,5.35025e+08,4.474097e+08,1.8058765e+08
PRT,ISL,1969,169583.47,DOTS_IP,3.736089e+08,5.35025e+08,4.4863788e+07,5.1451292e+07
PRT,ISR,1969,1.250001e+06,DOTS_IP,3.736089e+08,5.35025e+08,3.018669e+08,6.9418394e+08
PRT,ITA,1969,9.083341e+06,DOTS_IP,3.736089e+08,5.35025e+08,4.892379e+09,5.191879e+09
PRT,JAM,1969,108333.42,DOTS_XP,3.736089e+08,5.35025e+08,1.360505e+08,1.8421349e+08
PRT,JOR,1969,183333.48,DOTS_IP,3.736089e+08,5.35025e+08,1.9947934e+07,9.709803e+07
PRT,JPN,1969,3.1666692e+06,DOTS_IP,3.736089e+08,5.35025e+08,6.530172e+09,6.219172e+09
PRT,KEN,1969,0.0,DOTS_IP,3.736089e+08,5.35025e+08,1.1452551e+08,1.5065346e+08
PRT,KIR,1969,0.0,DOTS_IP,3.736089e+08,5.35025e+08,3.4095862e+06,
PRT,KNA,1969,0.0,DOTS_IP,3.736089e+08,5.35025e+08,,4.1666702e+06
PRT,KOR,1969,16666.68,DOTS_XP,3.736089e+08,5.35025e+08,2.5862523e+08,7.920758e+08
PRT,KWT,1969,0.0,DOTS_IP,3.736089e+08,5.35025e+08,7.8889946e+08,2.692919e+08
PRT,LAO,1969,0.0,DOTS_IP,3.736089e+08,5.35025e+08,1.8324636e+06,3.4496696e+07
PRT,LBN,1969,795834.0,DOTS_IP,3.736089e+08,5.35025e+08,1.2096495e+08,2.7414573e+08
PRT,LBR,1969,3750.0032,DOTS_IP,3.736089e+08,5.35025e+08,1.2287718e+08,1.3650886e+08
PRT,LBY,1969,4166.67,DOTS_XP,3.736089e+08,5.35025e+08,9.5695706e+08,2.9380694e+08
PRT,LCA,1969,0.0,DOTS_IP,3.736089e+08,5.35025e+08,3.4458362e+06,8.645841e+06
PRT,LKA,1969,91666.74,DOTS_XP,3.736089e+08,5.35025e+08,1.3140427e+08,1.7841765e+08
PRT,LSO,1969,0.0,DOTS_IP,3.736089e+08,5.35025e+08,2.8530858e+06,1.3941678e+07
PRT,LUX,1969,483333.75,COW,3.736089e+08,5.35025e+08,,
PRT,MAC,1969,207083.5,DOTS_IP,3.736089e+08,5.35025e+08,1.5263346e+07,2.4858062e+07
PRT,MAR,1969,2.4291688e+06,DOTS_IP,3.736089e+08,5.35025e+08,2.0830018e+08,2.3513739e+08
PRT,MDG,1969,83333.41,DOTS_XP,3.736089e+08,5.35025e+08,5.2904704e+07,7.616632e+07
PRT,MDV,1969,0.0,DOTS_IP,3.736089e+08,5.35025e+08,1.1825469e+06,1.2920178e+06
PRT,MEX,1969,708333.94,DOTS_IP,3.736089e+08,5.35025e+08,7.528419e+08,9.557055e+08
PRT,MLI,1969,416.67,DOTS_IP,3.736089e+08,5.35025e+08,7.212506e+06,1.6212514e+07
PRT,MLT,1969,16666.68,DOTS_IP,3.736089e+08,5.35025e+08,1.5950013e+07,5.980005e+07
PRT,MMR,1969,15000.013,DOTS_IP,3.736089e+08,5.35025e+08,5.4847964e+07,7.0051304e+07
PRT,MNG,1969,0.0,DOTS_IP,3.736089e+08,5.35025e+08,,
PRT,MOZ,1969,3.3875028e+07,DOTS_IP,3.736089e+08,5.35025e+08,7.080025e+07,1.445577e+08
PRT,MRT,1969,12500.011,DOTS_XP,3.736089e+08,5.35025e+08,3.9107532e+07,1.8822516e+07
PRT,MTQ,1969,0.0,DOTS_IP,3.736089e+08,5.35025e+08,2.1872936e+07,5.3030876e+07
PRT,MUS,1969,35833.363,DOTS_IP,3.736089e+08,5.35025e+08,3.198264e+07,2.6686688e+07
PRT,MWI,1969,233333.53,DOTS_XP,3.736089e+08,5.35025e+08,2.1985852e+07,3.381128e+07
PRT,MYS,1969,162500.14,DOTS_IP,3.736089e+08,5.35025e+08,7.80991e+08,5.1659875e+08
PRT,NAM,1969,0.0,DOTS_IP,3.736089e+08,5.35025e+08,,
PRT,NCL,1969,0.0,DOTS_IP,3.736089e+08,5.35025e+08,5.6926716e+07,5.4503796e+07
PRT,NER,1969,0.0,DOTS_IP,3.736089e+08,5.35025e+08,1.5469597e+07,2.042585e+07
PRT,NGA,1969,416667.0,DOTS_IP,3.736089e+08,5.35025e+08,3.711253e+08,2.8983357e+08
PRT,NIC,1969,23333.354,DOTS_IP,3.736089e+08,5.35025e+08,6.999506e+07,7.3745896e+07
PRT,NLD,1969,6.708339e+06,DOTS_IP,3.736089e+08,5.35025e+08,4.151212e+09,5.1172265e+09
PRT,NOR,1969,5.4125045e+06,DOTS_IP,3.736089e+08,5.35025e+08,9.178758e+08,1.2262052e+09
PRT,NRU,1969,0.0,DOTS_IP,3.736089e+08,5.35025e+08,,
PRT,NZL,1969,320833.6,DOTS_IP,3.736089e+08,5.35025e+08,5.530454e+08,4.1942954e+08
PRT,OMN,1969,0.0,DOTS_IP,3.736089e+08,5.35025e+08,1.7390848e+08,4.2490452e+07
PRT,PAK,1969,75000.06,DOTS_IP,3.736089e+08,5.35025e+08,2.805586e+08,4.1984202e+08
PRT,PAN,1969,55416.715,DOTS_IP,3.736089e+08,5.35025e+08,7.713631e+07,2.5045658e+08
PRT,PER,1969,254166.88,DOTS_IP,3.736089e+08,5.35025e+08,4.2028784e+08,2.6344998e+08
PRT,PHL,1969,916667.44,DOTS_IP,3.736089e+08,5.35025e+08,4.769632e+08,5.684866e+08
PRT,PNG,1969,9166.67,DOTS_IP,3.736089e+08,5.35025e+08,4.190712e+07,9.192549e+07
PRT,POL,1969,537500.44,DOTS_XP,3.736089e+08,5.35025e+08,1.3089594e+09,1.337501e+09
PRT,PRK,1969,0.0,DOTS_IP,3.736089e+08,5.35025e+08,3.2514876e+07,
PRT,PRY,1969,9583.342,DOTS_IP,3.736089e+08,5.35025e+08,2.7129606e+07,3.4315256e+07
PRT,PYF,1969,0.0,DOTS_IP,3.736089e+08,5.35025e+08,5.7488045e+06,4.5743364e+07
PRT,QAT,1969,0.0,DOTS_IP,3.736089e+08,5.35025e+08,9.654591e+07,2.2033352e+07
PRT,REU,1969,4166.67,DOTS_XP,3.736089e+08,5.35025e+08,9.498583e+06,3.0444238e+07
PRT,ROM,1969,1.0333342e+06,DOTS_IP,3.736089e+08,5.35025e+08,6.757422e+08,7.978173e+08
PRT,RWA,1969,4166.67,DOTS_XP,3.736089e+08,5.35025e+08,5.9166715e+06,9.750008e+06
PRT,SAU,1969,291666.9,DOTS_IP,3.736089e+08,5.35025e+08,9.145258e+08,3.2145114e+08
PRT,SDN,1969,0.0,DOTS_IP,3.736089e+08,5.35025e+08,1.000805e+08,1.0665967e+08
PRT,SEN,1969,0.0,DOTS_IP,3.736089e+08,5.35025e+08,5.9045464e+07,8.649299e+07
PRT,SGP,1969,395833.66,DOTS_IP,3.736089e+08,5.35025e+08,6.453047e+08,8.4974234e+08
PRT,SHN,1969,0.0,DOTS_IP,3.736089e+08,5.35025e+08,,
PRT,SLB,1969,0.0,DOTS_IP,3.736089e+08,5.35025e+08,3.0165358e+06,4.5852955e+06
PRT,SLE,1969,8333.34,DOTS_XP,3.736089e+08,5.35025e+08,5.7750424e+07,4.6470456e+07
PRT,SLV,1969,20000.018,DOTS_IP,3.736089e+08,5.35025e+08,8.5810904e+07,8.683924e+07
PRT,SOM,1969,4166.67,DOTS_XP,3.736089e+08,5.35025e+08,,
PRT,SPM,1969,0.0,DOTS_IP,3.736089e+08,5.35025e+08,500417.06,4.0000035e+06
PRT,STP,1969,1.5000012e+06,DOTS_IP,3.736089e+08,5.35025e+08,3.5416695e+06,3.333336e+06
PRT,SUR,1969,41666.7,DOTS_XP,3.736089e+08,5.35025e+08,5.838171e+07,4.5858372e+07
PRT,SWE,1969,2.1791684e+07,DOTS_IP,3.736089e+08,5.35025e+08,2.3708772e+09,2.4595855e+09
PRT,SWZ,1969,8333.34,DOTS_XP,3.736089e+08,5.35025e+08,2.5970022e+07,2.070835e+07
PRT,SYC,1969,0.0,DOTS_IP,3.736089e+08,5.35025e+08,1.0432509e+06,3.0000068e+06
PRT,SYR,1969,4166.67,DOTS_IP,3.736089e+08,5.35025e+08,8.610007e+07,1.5379179e+08
PRT,TCD,1969,48333.375,DOTS_IP,3.736089e+08,5.35025e+08,1.2965052e+07,2.2292726e+07
PRT,TGO,1969,833.33,DOTS_IP,3.736089e+08,5.35025e+08,2.6149188e+07,2.5045438e+07
PRT,THA,1969,250000.2,DOTS_IP,3.736089e+08,5.35025e+08,2.9396275e+08,5.201296e+08
PRT,TON,1969,0.0,DOTS_IP,3.736089e+08,5.35025e+08,1.5857346e+06,2.3739352e+06
PRT,TTO,1969,466667.06,DOTS_IP,3.736089e+08,5.35025e+08,1.93046e+08,2.01821e+08
PRT,TUN,1969,150000.12,DOTS_XP,3.736089e+08,5.35025e+08,7.116673e+07,1.0943342e+08
PRT,TUR,1969,587500.5,DOTS_IP,3.736089e+08,5.35025e+08,2.2372936e+08,4.2956592e+08
PRT,TUV,1969,0.0,DOTS_IP,3.736089e+08,5.35025e+08,,
PRT,TWN,1969,75000.06,DOTS_IP,3.736089e+08,5.35025e+08,,
PRT,TZA,1969,0.0,DOTS_IP,3.736089e+08,5.35025e+08,1.0234883e+08,9.881425e+07
PRT,UGA,1969,4166.67,DOTS_XP,3.736089e+08,5.35025e+08,9.7083416e+07,7.274047e+07
PRT,URY,1969,86250.07,DOTS_IP,3.736089e+08,5.35025e+08,8.347548e+07,8.280715e+07
PRT,USA,1969,4.04167e+07,DOTS_IP,3.736089e+08,5.35025e+08,1.637134e+10,1.6003305e+10
PRT,USSR,1969,0.0,DOTS_IP,3.736089e+08,5.35025e+08,1.2500011e+10,1.1071439e+10
PRT,VCT,1969,0.0,DOTS_IP,3.736089e+08,5.35025e+08,1.579168e+06,5.086671e+06
PRT,VEN,1969,1.541668e+06,DOTS_IP,3.736089e+08,5.35025e+08,1.219826e+09,7.2066726e+08
PRT,VNM,1969,279166.9,DOTS_XP,3.736089e+08,5.35025e+08,1.5592096e+07,3.5837072e+08
PRT,VUT,1969,0.0,DOTS_IP,3.736089e+08,5.35025e+08,4.523754e+06,4.712504e+06
PRT,WDEU,1969,2.7500022e+07,DOTS_IP,3.736089e+08,5.35025e+08,1.2132093e+10,1.0461676e+10
PRT,WSM,1969,0.0,DOTS_IP,3.736089e+08,5.35025e+08,2.684169e+06,4.262087e+06
PRT,YAR,1969,20833.35,COW,3.736089e+08,5.35025e+08,,
PRT,YMD,1969,20833.35,COW,3.736089e+08,5.35025e+08,,
PRT,YUG,1969,325000.28,DOTS_XP,3.736089e+08,5.35025e+08,6.135172e+08,8.781299e+08
PRT,ZAF,1969,2.145835e+06,DOTS_XP,3.736089e+08,5.35025e+08,1.0014458e+09,1.15762e+09
PRT,ZMB,1969,118181.766,DOTS_IP,3.736089e+08,5.35025e+08,4.4711702e+08,1.8188056e+08
PRT,ZWE,1969,0.0,DOTS_IP,3.736089e+08,5.35025e+08,1.3527512e+08,1.3383137e+08
PRY,PRT,1969,4166.67,DOTS_IP,2.7129606e+07,3.4315256e+07,3.736089e+08,5.35025e+08
PYF,PRT,1969,,,5.7488045e+06,4.5743364e+07,3.736089e+08,5.35025e+08
QAT,PRT,1969,0.0,DOTS_IP,9.654591e+07,2.2033352e+07,3.736089e+08,5.35025e+08
REU,PRT,1969,0.0,DOTS_IP,9.498583e+06,3.0444238e+07,3.736089e+08,5.35025e+08
ROM,PRT,1969,783334.0,DOTS_IP,6.757422e+08,7.978173e+08,3.736089e+08,5.35025e+08
RWA,PRT,1969,0.0,DOTS_IP,5.9166715e+06,9.750008e+06,3.736089e+08,5.35025e+08
SAU,PRT,1969,483333.75,DOTS_IP,9.145258e+08,3.2145114e+08,3.736089e+08,5.35025e+08
SDN,PRT,1969,108333.42,DOTS_IP,1.000805e+08,1.0665967e+08,3.736089e+08,5.35025e+08
SEN,PRT,1969,1666.67,DOTS_XP,5.9045464e+07,8.649299e+07,3.736089e+08,5.35025e+08
SGP,PRT,1969,83333.41,DOTS_IP,6.453047e+08,8.4974234e+08,3.736089e+08,5.35025e+08
SHN,PRT,1969,0.0,DOTS_IP,,,3.736089e+08,5.35025e+08
SLB,PRT,1969,0.0,DOTS_IP,3.0165358e+06,4.5852955e+06,3.736089e+08,5.35025e+08
SLE,PRT,1969,0.0,DOTS_IP,5.7750424e+07,4.6470456e+07,3.736089e+08,5.35025e+08
SLV,PRT,1969,0.0,DOTS_IP,8.5810904e+07,8.683924e+07,3.736089e+08,5.35025e+08
SOM,PRT,1969,0.0,DOTS_IP,,,3.736089e+08,5.35025e+08
SPM,PRT,1969,0.0,DOTS_IP,500417.06,4.0000035e+06,3.736089e+08,5.35025e+08
STP,PRT,1969,1.2791678e+06,DOTS_IP,3.5416695e+06,3.333336e+06,3.736089e+08,5.35025e+08
SUR,PRT,1969,0.0,DOTS_IP,5.838171e+07,4.5858372e+07,3.736089e+08,5.35025e+08
SWE,PRT,1969,1.3095844e+07,DOTS_IP,2.3708772e+09,2.4595855e+09,3.736089e+08,5.35025e+08
SWZ,PRT,1969,,,2.5970022e+07,2.070835e+07,3.736089e+08,5.35025e+08
SYC,PRT,1969,0.0,DOTS_IP,1.0432509e+06,3.0000068e+06,3.736089e+08,5.35025e+08
SYR,PRT,1969,0.0,DOTS_IP,8.610007e+07,1.5379179e+08,3.736089e+08,5.35025e+08
TCD,PRT,1969,20833.352,DOTS_IP,1.2965052e+07,2.2292726e+07,3.736089e+08,5.35025e+08
TGO,PRT,1969,0.0,DOTS_IP,2.6149188e+07,2.5045438e+07,3.736089e+08,5.35025e+08
THA,PRT,1969,462500.38,DOTS_IP,2.9396275e+08,5.201296e+08,3.736089e+08,5.35025e+08
TON,PRT,1969,0.0,DOTS_IP,1.5857346e+06,2.3739352e+06,3.736089e+08,5.35025e+08
TTO,PRT,1969,87500.07,DOTS_IP,1.93046e+08,2.01821e+08,3.736089e+08,5.35025e+08
TUN,PRT,1969,0.0,DOTS_IP,7.116673e+07,1.0943342e+08,3.736089e+08,5.35025e+08
TUR,PRT,1969,2.9708358e+06,DOTS_IP,2.2372936e+08,4.2956592e+08,3.736089e+08,5.35025e+08
TUV,PRT,1969,0.0,DOTS_IP,,,3.736089e+08,5.35025e+08
TWN,PRT,1969,,,,,3.736089e+08,5.35025e+08
TZA,PRT,1969,12500.011,DOTS_IP,1.0234883e+08,9.881425e+07,3.736089e+08,5.35025e+08
UGA,PRT,1969,0.0,DOTS_IP,9.7083416e+07,7.274047e+07,3.736089e+08,5.35025e+08
URY,PRT,1969,41666.703,DOTS_IP,8.347548e+07,8.280715e+07,3.736089e+08,5.35025e+08
USA,PRT,1969,2.5375022e+07,DOTS_IP,1.637134e+10,1.6003305e+10,3.736089e+08,5.35025e+08
USSR,PRT,1969,320833.6,DOTS_IP,1.2500011e+10,1.1071439e+10,3.736089e+08,5.35025e+08
VCT,PRT,1969,0.0,DOTS_IP,1.579168e+06,5.086671e+06,3.736089e+08,5.35025e+08
VEN,PRT,1969,158333.47,DOTS_IP,1.219826e+09,7.2066726e+08,3.736089e+08,5.35025e+08
VNM,PRT,1969,0.0,DOTS_IP,1.5592096e+07,3.5837072e+08,3.736089e+08,5.35025e+08
VUT,PRT,1969,0.0,DOTS_IP,4.523754e+06,4.712504e+06,3.736089e+08,5.35025e+08
WDEU,PRT,1969,8.16084e+07,DOTS_IP,1.2132093e+10,1.0461676e+10,3.736089e+08,5.35025e+08
WSM,PRT,1969,0.0,DOTS_IP,2.684169e+06,4.262087e+06,3.736089e+08,5.35025e+08
YAR,PRT,1969,0.0,COW,,,3.736089e+08,5.35025e+08
YMD,PRT,1969,0.0,COW,,,3.736089e+08,5.35025e+08
YUG,PRT,1969,83333.41,DOTS_IP,6.135172e+08,8.781299e+08,3.736089e+08,5.35025e+08
ZAF,PRT,1969,1.5250012e+06,DOTS_IP,1.0014458e+09,1.15762e+09,3.736089e+08,5.35025e+08
ZMB,PRT,1969,725000.6,DOTS_IP,4.4711702e+08,1.8188056e+08,3.736089e+08,5.35025e+08
ZWE,PRT,1969,0.0,DOTS_IP,1.3527512e+08,1.3383137e+08,3.736089e+08,5.35025e+08
AFG,PRT,1970,0.0,DOTS_IP,3.524628e+07,4.7617464e+07,4.2811955e+08,6.5193805e+08
AGO,PRT,1970,6.2200052e+07,DOTS_IP,1.9398891e+08,1.9628171e+08,4.2811955e+08,6.5193805e+08
ALB,PRT,1970,0.0,DOTS_IP,8.509515e+06,1.1958343e+07,4.2811955e+08,6.5193805e+08
ANT,PRT,1970,1.1333342e+06,DOTS_IP,2.8491232e+08,4.1933616e+08,4.2811955e+08,6.5193805e+08
ARE,PRT,1970,0.0,DOTS_IP,2.180506e+08,1.12875096e+08,4.2811955e+08,6.5193805e+08
ARG,PRT,1970,3.0166692e+06,DOTS_IP,8.616526e+08,7.374373e+08,4.2811955e+08,6.5193805e+08
ATG,PRT,1970,0.0,DOTS_IP,5.833338e+06,1.5000013e+07,4.2811955e+08,6.5193805e+08
AUS,PRT,1970,1.945835e+06,DOTS_IP,2.0030417e+09,2.0806601e+09,4.2811955e+08,6.5193805e+08
AUT,PRT,1970,1.0154175e+07,DOTS_IP,1.187001e+09,1.4765846e+09,4.2811955e+08,6.5193805e+08
BDI,PRT,1970,104166.75,DOTS_IP,1.4177511e+07,9.309549e+06,4.2811955e+08,6.5193805e+08
BEL,PRT,1970,1.7966682e+07,DOTS_IP,4.8330875e+09,4.7689897e+09,4.2811955e+08,6.5193805e+08
BEN,PRT,1970,0.0,DOTS_IP,1.3594595e+07,2.6489188e+07,4.2811955e+08,6.5193805e+08
BFA,PRT,1970,0.0,DOTS_IP,7.84959e+06,1.9635434e+07,4.2811955e+08,6.5193805e+08
BGD,PRT,1970,0.0,DOTS_IP,,,4.2811955e+08,6.5193805e+08
BGR,PRT,1970,216666.84,DOTS_IP,8.19089e+08,7.478639e+08,4.2811955e+08,6.5193805e+08
BHR,PRT,1970,8.454174e+06,DOTS_IP,9.070258e+07,1.0223217e+08,4.2811955e+08,6.5193805e+08
BHS,PRT,1970,,DOTS_IP,4.5641516e+07,1.4033762e+08,4.2811955e+08,6.5193805e+08
BLZ,PRT,1970,0.0,DOTS_IP,1.0083342e+07,2.0092516e+07,4.2811955e+08,6.5193805e+08
BMU,PRT,1970,0.0,DOTS_IP,1.6817098e+07,6.733881e+07,4.2811955e+08,6.5193805e+08
BOL,PRT,1970,0.0,DOTS_IP,9.513425e+07,6.60538e+07,4.2811955e+08,6.5193805e+08
BRA,PRT,1970,6.112505e+06,DOTS_IP,1.2204911e+09,1.3059302e+09,4.2811955e+08,6.5193805e+08
BRB,PRT,1970,6666.6724,DOTS_XP,1.89646e+07,5.783797e+07,4.2811955e+08,6.5193805e+08
BRN,PRT,1970,0.0,DOTS_IP,4.5537536e+07,3.5000028e+07,4.2811955e+08,6.5193805e+08
BWA,PRT,1970,0.0,DOTS_IP,1.0677342e+07,2.387352e+07,4.2811955e+08,6.5193805e+08
CAF,PRT,1970,0.0,DOTS_IP,1.988585e+07,1.4796073e+07,4.2811955e+08,6.5193805e+08
CAN,PRT,1970,4.7333375e+06,DOTS_IP,7.2017756e+09,6.325922e+09,4.2811955e+08,6.5193805e+08
CHE,PRT,1970,2.2762518e+07,DOTS_IP,2.1974198e+09,2.8267832e+09,4.2811955e+08,6.5193805e+08
CHL,PRT,1970,8333.34,DOTS_IP,5.4050963e+08,3.87842e+08,4.2811955e+08,6.5193805e+08
CHN,PRT,1970,116666.766,DOTS_IP,9.6135494e+08,9.49505e+08,4.2811955e+08,6.5193805e+08
CIV,PRT,1970,12500.011,DOTS_IP,2.4125046e+08,1.6156264e+08,4.2811955e+08,6.5193805e+08
CMR,PRT,1970,12500.011,DOTS_IP,9.828418e+07,1.00841336e+08,4.2811955e+08,6.5193805e+08
COD,PRT,1970,291666.9,DOTS_IP,3.7432883e+08,2.220002e+08,4.2811955e+08,6.5193805e+08
COG,PRT,1970,62500.05,DOTS_IP,3.1420406e+07,3.3445406e+07,4.2811955e+08,6.5193805e+08
COL,PRT,1970,437500.38,DOTS_IP,3.2944986e+08,3.5167946e+08,4.2811955e+08,6.5193805e+08
COM,PRT,1970,0.0,DOTS_IP,1.9174724e+06,4.0350032e+06,4.2811955e+08,6.5193805e+08
CPV,PRT,1970,504167.1,DOTS_IP,666667.25,6.8750055e+06,4.2811955e+08,6.5193805e+08
CRI,PRT,1970,5416.6714,DOTS_XP,1.1934885e+08,1.3194344e+08,4.2811955e+08,6.5193805e+08
CUB,PRT,1970,87500.07,DOTS_IP,4.358337e+08,5.462505e+08,4.2811955e+08,6.5193805e+08
CYP,PRT,1970,0.0,DOTS_IP,4.4443372e+07,9.82305e+07,4.2811955e+08,6.5193805e+08
CZSK,PRT,1970,558333.8,DOTS_IP,1.6630131e+09,1.6203717e+09,4.2811955e+08,6.5193805e+08
DJI,PRT,1970,0.0,DOTS_IP,801894.6,1.234751e+07,4.2811955e+08,6.5193805e+08
DMA,PRT,1970,0.0,DOTS_IP,2.4602105e+06,6.565422e+06,4.2811955e+08,6.5193805e+08
DNK,PRT,1970,8.2791735e+06,DOTS_IP,1.396222e+09,1.8351224e+09,4.2811955e+08,6.5193805e+08
DOM,PRT,1970,0.0,DOTS_IP,9.6885496e+07,1.1620051e+08,4.2811955e+08,6.5193805e+08
DZA,PRT,1970,58333.383,DOTS_IP,4.4186966e+08,5.2370877e+08,4.2811955e+08,6.5193805e+08
ECU,PRT,1970,0.0,DOTS_IP,1.3786845e+08,1.2075893e+08,4.2811955e+08,6.5193805e+08
EDEU,PRT,1970,95833.414,DOTS_IP,6.095371e+08,5.1737667e+08,4.2811955e+08,6.5193805e+08
EGY,PRT,1970,820834.0,DOTS_IP,3.220711e+08,4.05279e+08,4.2811955e+08,6.5193805e+08
ESP,PRT,1970,2.8842352e+07,ESP TENA JUNGUITO,1.0154431e+09,1.9784934e+09,4.2811955e+08,6.5193805e+08
ETH,PRT,1970,6250.01,DOTS_XP,5.7268796e+07,7.151631e+07,4.2811955e+08,6.5193805e+08
FIN,PRT,1970,4.3041705e+06,DOTS_IP,9.6098835e+08,1.1034427e+09,4.2811955e+08,6.5193805e+08
FJI,PRT,1970,0.0,DOTS_IP,2.9810858e+07,4.329462e+07,4.2811955e+08,6.5193805e+08
FLK,PRT,1970,0.0,DOTS_IP,654167.2,462500.38,4.2811955e+08,6.5193805e+08
FRA,PRT,1970,4.563754e+07,DOTS_IP,7.5406316e+09,7.971382e+09,4.2811955e+08,6.5193805e+08
FRO,PRT,1970,954584.1,DOTS_XP,1.3941678e+07,1.2684177e+07,4.2811955e+08,6.5193805e+08
GAB,PRT,1970,0.0,DOTS_IP,7.375782e+07,3.354711e+07,4.2811955e+08,6.5193805e+08
GBR,PRT,1970,9.170424e+07,DOTS_IP,8.062382e+09,9.053049e+09,4.2811955e+08,6.5193805e+08
GHA,PRT,1970,0.0,DOTS_IP,1.9085432e+08,1.7126682e+08,4.2811955e+08,6.5193805e+08
GIB,PRT,1970,16666.68,DOTS_IP,1.4125012e+06,1.4939596e+07,4.2811955e+08,6.5193805e+08
GIN,PRT,1970,8333.34,DOTS_IP,2.326127e+07,3.2500028e+07,4.2811955e+08,6.5193805e+08
GLP,PRT,1970,0.0,DOTS_IP,1.5675013e+07,5.3203376e+07,4.2811955e+08,6.5193805e+08
GMB,PRT,1970,240416.88,DOTS_XP,6.992506e+06,8.516257e+06,4.2811955e+08,6.5193805e+08
GNB,PRT,1970,1.6250014e+06,DOTS_IP,3.278336e+06,1.1333343e+07,4.2811955e+08,6.5193805e+08
GNQ,PRT,1970,,,1.0362509e+07,9.887508e+06,4.2811955e+08,6.5193805e+08
GRC,PRT,1970,1.2833344e+06,DOTS_IP,2.8232806e+08,8.530122e+08,4.2811955e+08,6.5193805e+08
GRD,PRT,1970,0.0,DOTS_IP,2.5158355e+06,9.237091e+06,4.2811955e+08,6.5193805e+08
GRL,PRT,1970,0.0,DOTS_IP,6.162505e+06,2.250502e+07,4.2811955e+08,6.5193805e+08
GTM,PRT,1970,212500.17,DOTS_IP,1.3413428e+08,1.1943756e+08,4.2811955e+08,6.5193805e+08
GUF,PRT,1970,0.0,DOTS_IP,5.6150045e+06,2.1204184e+07,4.2811955e+08,6.5193805e+08
GUY,PRT,1970,4166.67,DOTS_IP,6.100463e+07,5.5881296e+07,4.2811955e+08,6.5193805e+08
HKG,PRT,1970,604167.2,DOTS_IP,1.04295917e+09,1.206751e+09,4.2811955e+08,6.5193805e+08
HND,PRT,1970,8333.34,DOTS_IP,8.962007e+07,9.193924e+07,4.2811955e+08,6.5193805e+08
HTI,PRT,1970,0.0,DOTS_IP,2.2342102e+07,2.7693546e+07,4.2811955e+08,6.5193805e+08
HUN,PRT,1970,75000.06,DOTS_IP,1.8888904e+08,2.0416683e+08,4.2811955e+08,6.5193805e+08
IDN,PRT,1970,575000.5,DOTS_IP,5.5082995e+08,4.4660672e+08,4.2811955e+08,6.5193805e+08
IND,PRT,1970,162500.14,DOTS_IP,8.434382e+08,8.727507e+08,4.2811955e+08,6.5193805e+08
IRL,PRT,1970,320833.6,DOTS_IP,4.97149e+08,6.5378394e+08,4.2811955e+08,6.5193805e+08
IRN,PRT,1970,2.250002e+06,DOTS_IP,1.109827e+09,6.3110426e+08,4.2811955e+08,6.5193805e+08
IRQ,PRT,1970,2.0116684e+07,DOTS_IP,4.6125075e+08,2.1075851e+08,4.2811955e+08,6.5193805e+08
ISL,PRT,1970,2.5875022e+06,DOTS_IP,6.427089e+07,6.5545056e+07,4.2811955e+08,6.5193805e+08
ISR,PRT,1970,737500.6,DOTS_IP,3.2570026e+08,8.6641734e+08,4.2811955e+08,6.5193805e+08
ITA,PRT,1970,3.5000028e+07,DOTS_IP,5.493338e+09,6.2217554e+09,4.2811955e+08,6.5193805e+08
JAM,PRT,1970,4166.67,DOTS_IP,1.502283e+08,2.1886186e+08,4.2811955e+08,6.5193805e+08
JOR,PRT,1970,0.0,DOTS_IP,1.5148043e+07,8.394223e+07,4.2811955e+08,6.5193805e+08
JPN,PRT,1970,1.6920848e+07,DOTS_IP,7.892048e+09,7.8224645e+09,4.2811955e+08,6.5193805e+08
KEN,PRT,1970,0.0,DOTS_IP,1.2996265e+08,1.8478974e+08,4.2811955e+08,6.5193805e+08
KHM,PRT,1970,0.0,DOTS_IP,1.5986907e+07,2.2106874e+07,4.2811955e+08,6.5193805e+08
KIR,PRT,1970,0.0,DOTS_IP,3.2650028e+06,,4.2811955e+08,6.5193805e+08
KNA,PRT,1970,0.0,DOTS_IP,1.7279222e+06,5.000004e+06,4.2811955e+08,6.5193805e+08
KOR,PRT,1970,4166.67,DOTS_IP,3.4945862e+08,8.26709e+08,4.2811955e+08,6.5193805e+08
KWT,PRT,1970,0.0,DOTS_IP,8.47641e+08,2.5912523e+08,4.2811955e+08,6.5193805e+08
LAO,PRT,1970,0.0,DOTS_IP,2.279926e+06,2.667934e+07,4.2811955e+08,6.5193805e+08
LBN,PRT,1970,37500.03,DOTS_IP,1.31081736e+08,2.6716864e+08,4.2811955e+08,6.5193805e+08
LBR,PRT,1970,0.0,DOTS_IP,1.375847e+08,1.8390402e+08,4.2811955e+08,6.5193805e+08
LBY,PRT,1970,929167.44,DOTS_IP,1.0552821e+09,2.5003419e+08,4.2811955e+08,6.5193805e+08
LCA,PRT,1970,0.0,DOTS_IP,3.901045e+06,1.1371884e+07,4.2811955e+08,6.5193805e+08
LKA,PRT,1970,166666.81,DOTS_IP,1.3967346e+08,1.620318e+08,4.2811955e+08,6.5193805e+08
LSO,PRT,1970,,,2.4715855e+06,1.3358344e+07,4.2811955e+08,6.5193805e+08
LUX,PRT,1970,883334.06,COW,,,4.2811955e+08,6.5193805e+08
MAC,PRT,1970,2.250002e+06,DOTS_IP,1.8842402e+07,2.7063856e+07,4.2811955e+08,6.5193805e+08
MAR,PRT,1970,1.8375015e+06,DOTS_IP,2.3512102e+08,2.857044e+08,4.2811955e+08,6.5193805e+08
MDG,PRT,1970,133333.44,DOTS_IP,6.325297e+07,7.0999224e+07,4.2811955e+08,6.5193805e+08
MDV,PRT,1970,0.0,DOTS_IP,1.6102639e+06,987588.3,4.2811955e+08,6.5193805e+08
MEX,PRT,1970,791667.3,DOTS_IP,7.727285e+08,1.1080195e+09,4.2811955e+08,6.5193805e+08
MLI,PRT,1970,0.0,DOTS_IP,1.4788762e+07,1.8674598e+07,4.2811955e+08,6.5193805e+08
MLT,PRT,1970,16666.68,DOTS_IP,1.6058347e+07,6.6008388e+07,4.2811955e+08,6.5193805e+08
MMR,PRT,1970,4166.67,DOTS_IP,5.2040308e+07,6.847123e+07,4.2811955e+08,6.5193805e+08
MNG,PRT,1970,0.0,DOTS_IP,,,4.2811955e+08,6.5193805e+08
MOZ,PRT,1970,2.6591688e+07,DOTS_IP,8.30634e+07,1.6400298e+08,4.2811955e+08,6.5193805e+08
MRT,PRT,1970,345833.62,DOTS_IP,4.1370452e+07,2.327377e+07,4.2811955e+08,6.5193805e+08
MTQ,PRT,1970,0.0,DOTS_IP,1.7834598e+07,6.0796716e+07,4.2811955e+08,6.5193805e+08
MUS,PRT,1970,0.0,DOTS_IP,2.9750442e+07,3.0309192e+07,4.2811955e+08,6.5193805e+08
MWI,PRT,1970,75000.06,DOTS_IP,2.4645854e+07,3.9252116e+07,4.2811955e+08,6.5193805e+08
MYS,PRT,1970,1.7666681e+06,DOTS_IP,8.041764e+08,5.828421e+08,4.2811955e+08,6.5193805e+08
NAM,PRT,1970,0.0,DOTS_IP,,,4.2811955e+08,6.5193805e+08
NCL,PRT,1970,0.0,DOTS_IP,8.401215e+07,9.5993e+07,4.2811955e+08,6.5193805e+08
NER,PRT,1970,0.0,DOTS_IP,1.4433762e+07,2.4319186e+07,4.2811955e+08,6.5193805e+08
NGA,PRT,1970,2.1958352e+06,DOTS_IP,5.2678358e+08,4.4112538e+08,4.2811955e+08,6.5193805e+08
NIC,PRT,1970,170833.47,DOTS_IP,7.878798e+07,8.281257e+07,4.2811955e+08,6.5193805e+08
NLD,PRT,1970,1.6350014e+07,DOTS_IP,4.901254e+09,6.1537106e+09,4.2811955e+08,6.5193805e+08
NOR,PRT,1970,3.91667e+06,DOTS_IP,1.0218094e+09,1.5405722e+09,4.2811955e+08,6.5193805e+08
NPL,PRT,1970,0.0,DOTS_IP,1.768314e+07,3.1448566e+07,4.2811955e+08,6.5193805e+08
NRU,PRT,1970,0.0,DOTS_IP,,,4.2811955e+08,6.5193805e+08
NZL,PRT,1970,1.0791676e+06,DOTS_IP,5.709412e+08,5.1902544e+08,4.2811955e+08,6.5193805e+08
OMN,PRT,1970,0.0,DOTS_IP,1.9211058e+08,5.6604212e+07,4.2811955e+08,6.5193805e+08
PAK,PRT,1970,2.6125022e+06,DOTS_IP,3.0155024e+08,4.593879e+08,4.2811955e+08,6.5193805e+08
PAN,PRT,1970,12500.011,DOTS_IP,8.7951736e+07,2.7208592e+08,4.2811955e+08,6.5193805e+08
PER,PRT,1970,358333.62,DOTS_IP,4.6086912e+08,2.750482e+08,4.2811955e+08,6.5193805e+08
PHL,PRT,1970,54166.71,DOTS_IP,5.209899e+08,5.4264845e+08,4.2811955e+08,6.5193805e+08
PNG,PRT,1970,0.0,DOTS_IP,4.3786704e+07,1.2601302e+08,4.2811955e+08,6.5193805e+08
POL,PRT,1970,1.8166681e+06,DOTS_IP,1.4781678e+09,1.5033345e+09,4.2811955e+08,6.5193805e+08
PRK,PRT,1970,0.0,DOTS_IP,3.5774576e+07,,4.2811955e+08,6.5193805e+08
PRT,AFG,1970,4166.67,DOTS_XP,4.2811955e+08,6.5193805e+08,3.524628e+07,4.7617464e+07
PRT,AGO,1970,5.402338e+07,DOTS_IP,4.2811955e+08,6.5193805e+08,1.9398891e+08,1.9628171e+08
PRT,ALB,1970,0.0,DOTS_IP,4.2811955e+08,6.5193805e+08,8.509515e+06,1.1958343e+07
PRT,ANT,1970,100000.09,DOTS_IP,4.2811955e+08,6.5193805e+08,2.8491232e+08,4.1933616e+08
PRT,ARE,1970,0.0,DOTS_IP,4.2811955e+08,6.5193805e+08,2.180506e+08,1.12875096e+08
PRT,ARG,1970,637500.56,DOTS_IP,4.2811955e+08,6.5193805e+08,8.616526e+08,7.374373e+08
PRT,ATG,1970,0.0,DOTS_IP,4.2811955e+08,6.5193805e+08,5.833338e+06,1.5000013e+07
PRT,AUS,1970,1.6125014e+06,DOTS_IP,4.2811955e+08,6.5193805e+08,2.0030417e+09,2.0806601e+09
PRT,AUT,1970,6.291672e+06,DOTS_IP,4.2811955e+08,6.5193805e+08,1.187001e+09,1.4765846e+09
PRT,BDI,1970,0.0,DOTS_IP,4.2811955e+08,6.5193805e+08,1.4177511e+07,9.309549e+06
PRT,BEL,1970,1.1208343e+07,DOTS_IP,4.2811955e+08,6.5193805e+08,4.8330875e+09,4.7689897e+09
PRT,BEN,1970,0.0,DOTS_IP,4.2811955e+08,6.5193805e+08,1.3594595e+07,2.6489188e+07
PRT,BFA,1970,0.0,DOTS_IP,4.2811955e+08,6.5193805e+08,7.84959e+06,1.9635434e+07
PRT,BGD,1970,0.0,DOTS_IP,4.2811955e+08,6.5193805e+08,,
PRT,BGR,1970,170833.47,DOTS_XP,4.2811955e+08,6.5193805e+08,8.19089e+08,7.478639e+08
PRT,BHR,1970,16666.68,DOTS_XP,4.2811955e+08,6.5193805e+08,9.070258e+07,1.0223217e+08
PRT,BHS,1970,58333.38,DOTS_IP,4.2811955e+08,6.5193805e+08,4.5641516e+07,1.4033762e+08
PRT,BLZ,1970,7083.34,DOTS_IP,4.2811955e+08,6.5193805e+08,1.0083342e+07,2.0092516e+07
PRT,BMU,1970,0.0,DOTS_IP,4.2811955e+08,6.5193805e+08,1.6817098e+07,6.733881e+07
PRT,BOL,1970,54166.71,DOTS_XP,4.2811955e+08,6.5193805e+08,9.513425e+07,6.60538e+07
PRT,BRA,1970,5.477088e+06,DOTS_IP,4.2811955e+08,6.5193805e+08,1.2204911e+09,1.3059302e+09
PRT,BRB,1970,106666.76,DOTS_IP,4.2811955e+08,6.5193805e+08,1.89646e+07,5.783797e+07
PRT,BRN,1970,0.0,DOTS_IP,4.2811955e+08,6.5193805e+08,4.5537536e+07,3.5000028e+07
PRT,BWA,1970,0.0,DOTS_IP,4.2811955e+08,6.5193805e+08,1.0677342e+07,2.387352e+07
PRT,CAF,1970,92916.74,DOTS_IP,4.2811955e+08,6.5193805e+08,1.988585e+07,1.4796073e+07
PRT,CAN,1970,6.125005e+06,DOTS_IP,4.2811955e+08,6.5193805e+08,7.2017756e+09,6.325922e+09
PRT,CHE,1970,1.0000008e+07,DOTS_IP,4.2811955e+08,6.5193805e+08,2.1974198e+09,2.8267832e+09
PRT,CHL,1970,191666.83,DOTS_IP,4.2811955e+08,6.5193805e+08,5.4050963e+08,3.87842e+08
PRT,CHN,1970,8333.34,DOTS_XP,4.2811955e+08,6.5193805e+08,9.6135494e+08,9.49505e+08
PRT,CIV,1970,8333.34,DOTS_XP,4.2811955e+08,6.5193805e+08,2.4125046e+08,1.6156264e+08
PRT,CMR,1970,0.0,DOTS_IP,4.2811955e+08,6.5193805e+08,9.828418e+07,1.00841336e+08
PRT,COD,1970,1.8333349e+06,DOTS_IP,4.2811955e+08,6.5193805e+08,3.7432883e+08,2.220002e+08
PRT,COG,1970,833.33,DOTS_IP,4.2811955e+08,6.5193805e+08,3.1420406e+07,3.3445406e+07
PRT,COL,1970,95833.414,DOTS_IP,4.2811955e+08,6.5193805e+08,3.2944986e+08,3.5167946e+08
PRT,COM,1970,0.0,DOTS_IP,4.2811955e+08,6.5193805e+08,1.9174724e+06,4.0350032e+06
PRT,CPV,1970,3.91667e+06,DOTS_IP,4.2811955e+08,6.5193805e+08,666667.25,6.8750055e+06
PRT,CRI,1970,77083.4,DOTS_IP,4.2811955e+08,6.5193805e+08,1.1934885e+08,1.3194344e+08
PRT,CUB,1970,0.0,DOTS_IP,4.2811955e+08,6.5193805e+08,4.358337e+08,5.462505e+08
PRT,CYP,1970,779584.0,DOTS_IP,4.2811955e+08,6.5193805e+08,4.4443372e+07,9.82305e+07
PRT,CZSK,1970,1.3208344e+06,DOTS_XP,4.2811955e+08,6.5193805e+08,1.6630131e+09,1.6203717e+09
PRT,DJI,1970,4166.67,DOTS_XP,4.2811955e+08,6.5193805e+08,801894.6,1.234751e+07
PRT,DMA,1970,0.0,DOTS_IP,4.2811955e+08,6.5193805e+08,2.4602105e+06,6.565422e+06
PRT,DNK,1970,1.1941677e+07,DOTS_IP,4.2811955e+08,6.5193805e+08,1.396222e+09,1.8351224e+09
PRT,DOM,1970,137500.11,DOTS_XP,4.2811955e+08,6.5193805e+08,9.6885496e+07,1.1620051e+08
PRT,DZA,1970,0.0,DOTS_IP,4.2811955e+08,6.5193805e+08,4.4186966e+08,5.2370877e+08
PRT,ECU,1970,100000.086,DOTS_IP,4.2811955e+08,6.5193805e+08,1.3786845e+08,1.2075893e+08
PRT,EDEU,1970,241666.88,DOTS_XP,4.2811955e+08,6.5193805e+08,6.095371e+08,5.1737667e+08
PRT,EGY,1970,37500.03,DOTS_IP,4.2811955e+08,6.5193805e+08,3.220711e+08,4.05279e+08
PRT,ESP,1970,8.251264e+06,ESP TENA JUNGUITO,4.2811955e+08,6.5193805e+08,1.0154431e+09,1.9784934e+09
PRT,ETH,1970,416.66702,DOTS_IP,4.2811955e+08,6.5193805e+08,5.7268796e+07,7.151631e+07
PRT,FIN,1970,7.8500065e+06,DOTS_IP,4.2811955e+08,6.5193805e+08,9.6098835e+08,1.1034427e+09
PRT,FJI,1970,4583.337,DOTS_IP,4.2811955e+08,6.5193805e+08,2.9810858e+07,4.329462e+07
PRT,FRA,1970,2.0041684e+07,DOTS_IP,4.2811955e+08,6.5193805e+08,7.5406316e+09,7.971382e+09
PRT,FRO,1970,17916.68,DOTS_IP,4.2811955e+08,6.5193805e+08,1.3941678e+07,1.2684177e+07
PRT,GAB,1970,4166.67,DOTS_XP,4.2811955e+08,6.5193805e+08,7.375782e+07,3.354711e+07
PRT,GBR,1970,8.637507e+07,DOTS_IP,4.2811955e+08,6.5193805e+08,8.062382e+09,9.053049e+09
PRT,GHA,1970,416.66702,DOTS_IP,4.2811955e+08,6.5193805e+08,1.9085432e+08,1.7126682e+08
PRT,GIB,1970,145833.45,DOTS_XP,4.2811955e+08,6.5193805e+08,1.4125012e+06,1.4939596e+07
PRT,GIN,1970,0.0,DOTS_IP,4.2811955e+08,6.5193805e+08,2.326127e+07,3.2500028e+07
PRT,GLP,1970,0.0,DOTS_IP,4.2811955e+08,6.5193805e+08,1.5675013e+07,5.3203376e+07
PRT,GMB,1970,8750.007,DOTS_IP,4.2811955e+08,6.5193805e+08,6.992506e+06,8.516257e+06
PRT,GNB,1970,6.291672e+06,DOTS_IP,4.2811955e+08,6.5193805e+08,3.278336e+06,1.1333343e+07
PRT,GNQ,1970,0.0,DOTS_IP,4.2811955e+08,6.5193805e+08,1.0362509e+07,9.887508e+06
PRT,GRC,1970,1.125001e+06,DOTS_IP,4.2811955e+08,6.5193805e+08,2.8232806e+08,8.530122e+08
PRT,GRD,1970,0.0,DOTS_IP,4.2811955e+08,6.5193805e+08,2.5158355e+06,9.237091e+06
PRT,GRL,1970,0.0,DOTS_IP,4.2811955e+08,6.5193805e+08,6.162505e+06,2.250502e+07
PRT,GTM,1970,202500.17,DOTS_IP,4.2811955e+08,6.5193805e+08,1.3413428e+08,1.1943756e+08
PRT,GUF,1970,4166.67,DOTS_XP,4.2811955e+08,6.5193805e+08,5.6150045e+06,2.1204184e+07
PRT,GUY,1970,22916.686,DOTS_IP,4.2811955e+08,6.5193805e+08,6.100463e+07,5.5881296e+07
PRT,HKG,1970,583333.8,DOTS_IP,4.2811955e+08,6.5193805e+08,1.04295917e+09,1.206751e+09
PRT,HND,1970,20416.684,DOTS_IP,4.2811955e+08,6.5193805e+08,8.962007e+07,9.193924e+07
PRT,HTI,1970,6666.6724,DOTS_IP,4.2811955e+08,6.5193805e+08,2.2342102e+07,2.7693546e+07
PRT,HUN,1970,191666.83,DOTS_XP,4.2811955e+08,6.5193805e+08,1.8888904e+08,2.0416683e+08
PRT,IDN,1970,116666.766,DOTS_XP,4.2811955e+08,6.5193805e+08,5.5082995e+08,4.4660672e+08
PRT,IND,1970,4166.67,DOTS_IP,4.2811955e+08,6.5193805e+08,8.434382e+08,8.727507e+08
PRT,IRL,1970,2.2583352e+06,DOTS_IP,4.2811955e+08,6.5193805e+08,4.97149e+08,6.5378394e+08
PRT,IRN,1970,250000.2,DOTS_XP,4.2811955e+08,6.5193805e+08,1.109827e+09,6.3110426e+08
PRT,IRQ,1970,1.0833342e+06,DOTS_IP,4.2811955e+08,6.5193805e+08,4.6125075e+08,2.1075851e+08
PRT,ISL,1970,222083.52,DOTS_IP,4.2811955e+08,6.5193805e+08,6.427089e+07,6.5545056e+07
PRT,ISR,1970,1.3625011e+06,DOTS_IP,4.2811955e+08,6.5193805e+08,3.2570026e+08,8.6641734e+08
PRT,ITA,1970,1.1916677e+07,DOTS_IP,4.2811955e+08,6.5193805e+08,5.493338e+09,6.2217554e+09
PRT,JAM,1970,110000.09,DOTS_IP,4.2811955e+08,6.5193805e+08,1.502283e+08,2.1886186e+08
PRT,JOR,1970,183333.48,DOTS_IP,4.2811955e+08,6.5193805e+08,1.5148043e+07,8.394223e+07
PRT,JPN,1970,3.91667e+06,DOTS_IP,4.2811955e+08,6.5193805e+08,7.892048e+09,7.8224645e+09
PRT,KEN,1970,4166.67,DOTS_XP,4.2811955e+08,6.5193805e+08,1.2996265e+08,1.8478974e+08
PRT,KHM,1970,0.0,DOTS_IP,4.2811955e+08,6.5193805e+08,1.5986907e+07,2.2106874e+07
PRT,KIR,1970,0.0,DOTS_IP,4.2811955e+08,6.5193805e+08,3.2650028e+06,
PRT,KNA,1970,0.0,DOTS_IP,4.2811955e+08,6.5193805e+08,1.7279222e+06,5.000004e+06
PRT,KOR,1970,58333.383,DOTS_XP,4.2811955e+08,6.5193805e+08,3.4945862e+08,8.26709e+08
PRT,KWT,1970,0.0,DOTS_IP,4.2811955e+08,6.5193805e+08,8.47641e+08,2.5912523e+08
PRT,LAO,1970,1666.6681,DOTS_IP,4.2811955e+08,6.5193805e+08,2.279926e+06,2.667934e+07
PRT,LBN,1970,579167.1,DOTS_IP,4.2811955e+08,6.5193805e+08,1.31081736e+08,2.6716864e+08
PRT,LBR,1970,2500.0022,DOTS_IP,4.2811955e+08,6.5193805e+08,1.375847e+08,1.8390402e+08
PRT,LBY,1970,0.0,DOTS_IP,4.2811955e+08,6.5193805e+08,1.0552821e+09,2.5003419e+08
PRT,LCA,1970,0.0,DOTS_IP,4.2811955e+08,6.5193805e+08,3.901045e+06,1.1371884e+07
PRT,LKA,1970,62500.05,DOTS_XP,4.2811955e+08,6.5193805e+08,1.3967346e+08,1.620318e+08
PRT,LSO,1970,0.0,DOTS_IP,4.2811955e+08,6.5193805e+08,2.4715855e+06,1.3358344e+07
PRT,LUX,1970,550000.44,COW,4.2811955e+08,6.5193805e+08,,
PRT,MAC,1970,252500.2,DOTS_IP,4.2811955e+08,6.5193805e+08,1.8842402e+07,2.7063856e+07
PRT,MAR,1970,3.145836e+06,DOTS_IP,4.2811955e+08,6.5193805e+08,2.3512102e+08,2.857044e+08
PRT,MDG,1970,20833.352,DOTS_XP,4.2811955e+08,6.5193805e+08,6.325297e+07,7.0999224e+07
PRT,MDV,1970,0.0,DOTS_IP,4.2811955e+08,6.5193805e+08,1.6102639e+06,987588.3
PRT,MEX,1970,666667.25,DOTS_IP,4.2811955e+08,6.5193805e+08,7.727285e+08,1.1080195e+09
PRT,MLI,1970,0.0,DOTS_IP,4.2811955e+08,6.5193805e+08,1.4788762e+07,1.8674598e+07
PRT,MLT,1970,20833.352,DOTS_IP,4.2811955e+08,6.5193805e+08,1.6058347e+07,6.6008388e+07
PRT,MMR,1970,6666.6724,DOTS_IP,4.2811955e+08,6.5193805e+08,5.2040308e+07,6.847123e+07
PRT,MNG,1970,0.0,DOTS_IP,4.2811955e+08,6.5193805e+08,,
PRT,MOZ,1970,3.722628e+07,DOTS_IP,4.2811955e+08,6.5193805e+08,8.30634e+07,1.6400298e+08
PRT,MRT,1970,0.0,DOTS_IP,4.2811955e+08,6.5193805e+08,4.1370452e+07,2.327377e+07
PRT,MTQ,1970,0.0,DOTS_IP,4.2811955e+08,6.5193805e+08,1.7834598e+07,6.0796716e+07
PRT,MUS,1970,28333.357,DOTS_IP,4.2811955e+08,6.5193805e+08,2.9750442e+07,3.0309192e+07
PRT,MWI,1970,50000.043,DOTS_XP,4.2811955e+08,6.5193805e+08,2.4645854e+07,3.9252116e+07
PRT,MYS,1970,325000.28,DOTS_IP,4.2811955e+08,6.5193805e+08,8.041764e+08,5.828421e+08
PRT,NAM,1970,0.0,DOTS_IP,4.2811955e+08,6.5193805e+08,,
PRT,NCL,1970,0.0,DOTS_IP,4.2811955e+08,6.5193805e+08,8.401215e+07,9.5993e+07
PRT,NER,1970,0.0,DOTS_IP,4.2811955e+08,6.5193805e+08,1.4433762e+07,2.4319186e+07
PRT,NGA,1970,462500.38,DOTS_XP,4.2811955e+08,6.5193805e+08,5.2678358e+08,4.4112538e+08
PRT,NIC,1970,49166.707,DOTS_IP,4.2811955e+08,6.5193805e+08,7.878798e+07,8.281257e+07
PRT,NLD,1970,8.500007e+06,DOTS_IP,4.2811955e+08,6.5193805e+08,4.901254e+09,6.1537106e+09
PRT,NOR,1970,6.1333385e+06,DOTS_IP,4.2811955e+08,6.5193805e+08,1.0218094e+09,1.5405722e+09
PRT,NRU,1970,0.0,DOTS_IP,4.2811955e+08,6.5193805e+08,,
PRT,NZL,1970,358333.62,DOTS_IP,4.2811955e+08,6.5193805e+08,5.709412e+08,5.1902544e+08
PRT,OMN,1970,0.0,DOTS_IP,4.2811955e+08,6.5193805e+08,1.9211058e+08,5.6604212e+07
PRT,PAK,1970,154166.8,DOTS_IP,4.2811955e+08,6.5193805e+08,3.0155024e+08,4.593879e+08
PRT,PAN,1970,81250.07,DOTS_IP,4.2811955e+08,6.5193805e+08,8.7951736e+07,2.7208592e+08
PRT,PER,1970,287500.25,DOTS_IP,4.2811955e+08,6.5193805e+08,4.6086912e+08,2.750482e+08
PRT,PHL,1970,583333.8,DOTS_IP,4.2811955e+08,6.5193805e+08,5.209899e+08,5.4264845e+08
PRT,PNG,1970,15416.68,DOTS_IP,4.2811955e+08,6.5193805e+08,4.3786704e+07,1.2601302e+08
PRT,POL,1970,441667.03,DOTS_XP,4.2811955e+08,6.5193805e+08,1.4781678e+09,1.5033345e+09
PRT,PRK,1970,0.0,DOTS_IP,4.2811955e+08,6.5193805e+08,3.5774576e+07,
PRT,PRY,1970,18333.348,DOTS_IP,4.2811955e+08,6.5193805e+08,3.0635442e+07,3.1201732e+07
PRT,PYF,1970,16666.68,DOTS_XP,4.2811955e+08,6.5193805e+08,7.591872e+06,5.6287132e+07
PRT,QAT,1970,0.0,DOTS_IP,4.2811955e+08,6.5193805e+08,9.537133e+07,2.6666688e+07
PRT,REU,1970,8333.34,DOTS_XP,4.2811955e+08,6.5193805e+08,8.462087e+06,2.6826618e+07
PRT,ROM,1970,850000.7,DOTS_IP,4.2811955e+08,6.5193805e+08,7.6729235e+08,8.985216e+08
PRT,RWA,1970,8333.34,DOTS_XP,4.2811955e+08,6.5193805e+08,1.0291675e+07,1.2041677e+07
PRT,SAU,1970,166666.81,DOTS_IP,4.2811955e+08,6.5193805e+08,1.0813792e+09,2.9785408e+08
PRT,SDN,1970,0.0,DOTS_IP,4.2811955e+08,6.5193805e+08,1.2435052e+08,1.1980594e+08
PRT,SEN,1970,0.0,DOTS_IP,4.2811955e+08,6.5193805e+08,6.6596308e+07,7.945882e+07
PRT,SGP,1970,458333.72,DOTS_IP,4.2811955e+08,6.5193805e+08,6.4734637e+08,1.02560083e+09
PRT,SHN,1970,0.0,DOTS_IP,4.2811955e+08,6.5193805e+08,,
PRT,SLB,1970,0.0,DOTS_IP,4.2811955e+08,6.5193805e+08,3.3254695e+06,5.377421e+06
PRT,SLE,1970,0.0,DOTS_IP,4.2811955e+08,6.5193805e+08,5.002296e+07,4.952421e+07
PRT,SLV,1970,36250.03,DOTS_IP,4.2811955e+08,6.5193805e+08,1.0019717e+08,8.899007e+07
PRT,SOM,1970,8333.34,DOTS_XP,4.2811955e+08,6.5193805e+08,,
PRT,SPM,1970,0.0,DOTS_IP,4.2811955e+08,6.5193805e+08,1.125001e+06,4.791671e+06
PRT,STP,1970,1.9166682e+06,DOTS_IP,4.2811955e+08,6.5193805e+08,3.3750028e+06,3.7500032e+06
PRT,SUR,1970,29166.69,DOTS_XP,4.2811955e+08,6.5193805e+08,6.2925884e+07,4.808921e+07
PRT,SWE,1970,2.350002e+07,DOTS_IP,4.2811955e+08,6.5193805e+08,2.825919e+09,2.9188357e+09
PRT,SWZ,1970,4166.67,DOTS_XP,4.2811955e+08,6.5193805e+08,2.9685858e+07,2.493752e+07
PRT,SYC,1970,0.0,DOTS_IP,4.2811955e+08,6.5193805e+08,892500.75,4.1940035e+06
PRT,SYR,1970,4166.67,DOTS_XP,4.2811955e+08,6.5193805e+08,8.6438824e+07,1.4988762e+08
PRT,TCD,1970,38750.03,DOTS_IP,4.2811955e+08,6.5193805e+08,1.2312052e+07,2.5830354e+07
PRT,TGO,1970,2500.0022,DOTS_IP,4.2811955e+08,6.5193805e+08,2.7340856e+07,2.7932106e+07
PRT,THA,1970,316666.94,DOTS_IP,4.2811955e+08,6.5193805e+08,2.958961e+08,5.410505e+08
PRT,TON,1970,0.0,DOTS_IP,4.2811955e+08,6.5193805e+08,1.247401e+06,2.5848688e+06
PRT,TTO,1970,345833.62,DOTS_IP,4.2811955e+08,6.5193805e+08,2.0017517e+08,2.2654603e+08
PRT,TUN,1970,12500.011,DOTS_XP,4.2811955e+08,6.5193805e+08,7.661256e+07,1.2739178e+08
PRT,TUR,1970,387500.3,DOTS_IP,4.2811955e+08,6.5193805e+08,2.4520437e+08,4.6601594e+08
PRT,TUV,1970,0.0,DOTS_IP,4.2811955e+08,6.5193805e+08,,
PRT,TWN,1970,104166.75,DOTS_IP,4.2811955e+08,6.5193805e+08,,
PRT,TZA,1970,0.0,DOTS_IP,4.2811955e+08,6.5193805e+08,1.08569256e+08,1.326597e+08
PRT,UGA,1970,0.0,DOTS_IP,4.2811955e+08,6.5193805e+08,1.1633176e+08,7.163298e+07
PRT,URY,1970,99583.414,DOTS_IP,4.2811955e+08,6.5193805e+08,9.701274e+07,1.0034603e+08
PRT,USA,1970,4.2250036e+07,DOTS_IP,4.2811955e+08,6.5193805e+08,1.8529348e+10,1.7791056e+10
PRT,USSR,1970,0.0,DOTS_IP,4.2811955e+08,6.5193805e+08,2.732646e+09,2.6436001e+09
PRT,VCT,1970,0.0,DOTS_IP,4.2811955e+08,6.5193805e+08,1.4737512e+06,6.3577135e+06
PRT,VEN,1970,2.0000016e+06,DOTS_IP,4.2811955e+08,6.5193805e+08,1.3216677e+09,8.15834e+08
PRT,VNM,1970,179166.81,DOTS_XP,4.2811955e+08,6.5193805e+08,1.04691e+07,3.531552e+08
PRT,VUT,1970,0.0,DOTS_IP,4.2811955e+08,6.5193805e+08,5.2508375e+06,5.845005e+06
PRT,WDEU,1970,3.083336e+07,DOTS_IP,4.2811955e+08,6.5193805e+08,1.4263762e+10,1.2481677e+10
PRT,WSM,1970,0.0,DOTS_IP,4.2811955e+08,6.5193805e+08,1.8750016e+06,5.583338e+06
PRT,YAR,1970,4166.67,COW,4.2811955e+08,6.5193805e+08,,
PRT,YMD,1970,12500.01,COW,4.2811955e+08,6.5193805e+08,,
PRT,YUG,1970,283333.56,DOTS_XP,4.2811955e+08,6.5193805e+08,7.0121306e+08,1.1933926e+09
PRT,ZAF,1970,2.8500025e+06,DOTS_XP,4.2811955e+08,6.5193805e+08,9.929706e+08,1.3997061e+09
PRT,ZMB,1970,137121.36,DOTS_IP,4.2811955e+08,6.5193805e+08,4.3575536e+08,1.987485e+08
PRT,ZWE,1970,0.0,DOTS_IP,4.2811955e+08,6.5193805e+08,1.5435013e+08,1.5764597e+08
PRY,PRT,1970,50000.043,DOTS_IP,3.0635442e+07,3.1201732e+07,4.2811955e+08,6.5193805e+08
PYF,PRT,1970,,,7.591872e+06,5.6287132e+07,4.2811955e+08,6.5193805e+08
QAT,PRT,1970,0.0,DOTS_IP,9.537133e+07,2.6666688e+07,4.2811955e+08,6.5193805e+08
REU,PRT,1970,12500.01,DOTS_IP,8.462087e+06,2.6826618e+07,4.2811955e+08,6.5193805e+08
ROM,PRT,1970,495833.75,DOTS_IP,7.6729235e+08,8.985216e+08,4.2811955e+08,6.5193805e+08
RWA,PRT,1970,0.0,DOTS_IP,1.0291675e+07,1.2041677e+07,4.2811955e+08,6.5193805e+08
SAU,PRT,1970,6.7041725e+06,DOTS_IP,1.0813792e+09,2.9785408e+08,4.2811955e+08,6.5193805e+08
SDN,PRT,1970,487500.4,DOTS_IP,1.2435052e+08,1.1980594e+08,4.2811955e+08,6.5193805e+08
SEN,PRT,1970,116666.766,DOTS_IP,6.6596308e+07,7.945882e+07,4.2811955e+08,6.5193805e+08
SGP,PRT,1970,62500.05,DOTS_IP,6.4734637e+08,1.02560083e+09,4.2811955e+08,6.5193805e+08
SHN,PRT,1970,0.0,DOTS_IP,,,4.2811955e+08,6.5193805e+08
SLB,PRT,1970,0.0,DOTS_IP,3.3254695e+06,5.377421e+06,4.2811955e+08,6.5193805e+08
SLE,PRT,1970,4166.67,DOTS_IP,5.002296e+07,4.952421e+07,4.2811955e+08,6.5193805e+08
SLV,PRT,1970,0.0,DOTS_IP,1.0019717e+08,8.899007e+07,4.2811955e+08,6.5193805e+08
SOM,PRT,1970,0.0,DOTS_IP,,,4.2811955e+08,6.5193805e+08
SPM,PRT,1970,0.0,DOTS_IP,1.125001e+06,4.791671e+06,4.2811955e+08,6.5193805e+08
STP,PRT,1970,979167.5,DOTS_IP,3.3750028e+06,3.7500032e+06,4.2811955e+08,6.5193805e+08
SUR,PRT,1970,0.0,DOTS_IP,6.2925884e+07,4.808921e+07,4.2811955e+08,6.5193805e+08
SWE,PRT,1970,1.6950014e+07,DOTS_IP,2.825919e+09,2.9188357e+09,4.2811955e+08,6.5193805e+08
SWZ,PRT,1970,,,2.9685858e+07,2.493752e+07,4.2811955e+08,6.5193805e+08
SYC,PRT,1970,0.0,DOTS_IP,892500.75,4.1940035e+06,4.2811955e+08,6.5193805e+08
SYR,PRT,1970,166666.81,DOTS_IP,8.6438824e+07,1.4988762e+08,4.2811955e+08,6.5193805e+08
TCD,PRT,1970,0.0,DOTS_IP,1.2312052e+07,2.5830354e+07,4.2811955e+08,6.5193805e+08
TGO,PRT,1970,45833.37,DOTS_IP,2.7340856e+07,2.7932106e+07,4.2811955e+08,6.5193805e+08
THA,PRT,1970,1.0083342e+06,DOTS_IP,2.958961e+08,5.410505e+08,4.2811955e+08,6.5193805e+08
TON,PRT,1970,0.0,DOTS_IP,1.247401e+06,2.5848688e+06,4.2811955e+08,6.5193805e+08
TTO,PRT,1970,4166.67,DOTS_IP,2.0017517e+08,2.2654603e+08,4.2811955e+08,6.5193805e+08
TUN,PRT,1970,0.0,DOTS_IP,7.661256e+07,1.2739178e+08,4.2811955e+08,6.5193805e+08
TUR,PRT,1970,2.6958355e+06,DOTS_IP,2.4520437e+08,4.6601594e+08,4.2811955e+08,6.5193805e+08
TUV,PRT,1970,0.0,DOTS_IP,,,4.2811955e+08,6.5193805e+08
TWN,PRT,1970,,,,,4.2811955e+08,6.5193805e+08
TZA,PRT,1970,0.0,DOTS_IP,1.08569256e+08,1.326597e+08,4.2811955e+08,6.5193805e+08
UGA,PRT,1970,104166.75,DOTS_IP,1.1633176e+08,7.163298e+07,4.2811955e+08,6.5193805e+08
URY,PRT,1970,37500.03,DOTS_IP,9.701274e+07,1.0034603e+08,4.2811955e+08,6.5193805e+08
USA,PRT,1970,4.4700036e+07,DOTS_IP,1.8529348e+10,1.7791056e+10,4.2811955e+08,6.5193805e+08
USSR,PRT,1970,408333.7,DOTS_IP,2.732646e+09,2.6436001e+09,4.2811955e+08,6.5193805e+08
VCT,PRT,1970,0.0,DOTS_IP,1.4737512e+06,6.3577135e+06,4.2811955e+08,6.5193805e+08
VEN,PRT,1970,187500.16,DOTS_IP,1.3216677e+09,8.15834e+08,4.2811955e+08,6.5193805e+08
VNM,PRT,1970,0.0,DOTS_IP,1.04691e+07,3.531552e+08,4.2811955e+08,6.5193805e+08
VUT,PRT,1970,0.0,DOTS_IP,5.2508375e+06,5.845005e+06,4.2811955e+08,6.5193805e+08
WDEU,PRT,1970,9.982092e+07,DOTS_IP,1.4263762e+10,1.2481677e+10,4.2811955e+08,6.5193805e+08
WSM,PRT,1970,0.0,DOTS_IP,1.8750016e+06,5.583338e+06,4.2811955e+08,6.5193805e+08
YAR,PRT,1970,0.0,COW,,,4.2811955e+08,6.5193805e+08
YMD,PRT,1970,0.0,COW,,,4.2811955e+08,6.5193805e+08
YUG,PRT,1970,33333.36,DOTS_IP,7.0121306e+08,1.1933926e+09,4.2811955e+08,6.5193805e+08
ZAF,PRT,1970,1.995835e+06,DOTS_IP,9.929706e+08,1.3997061e+09,4.2811955e+08,6.5193805e+08
ZMB,PRT,1970,1.175001e+06,DOTS_IP,4.3575536e+08,1.987485e+08,4.2811955e+08,6.5193805e+08
ZWE,PRT,1970,0.0,DOTS_IP,1.5435013e+08,1.5764597e+08,4.2811955e+08,6.5193805e+08
AFG,PRT,1971,0.0,DOTS_IP,4.1050908e+07,5.9980348e+07,4.6876982e+08,7.3098144e+08
AGO,PRT,1971,6.850447e+07,DOTS_IP,2.0937842e+08,1.7336346e+08,4.6876982e+08,7.3098144e+08
ALB,PRT,1971,0.0,DOTS_IP,1.3547322e+07,1.4049355e+07,4.6876982e+08,7.3098144e+08
ANT,PRT,1971,973880.4,DOTS_IP,2.9365578e+08,3.600851e+08,4.6876982e+08,7.3098144e+08
ARE,PRT,1971,0.0,DOTS_IP,3.5784682e+08,1.2808376e+08,4.6876982e+08,7.3098144e+08
ARG,PRT,1971,3.1723022e+06,DOTS_IP,8.0841594e+08,7.683711e+08,4.6876982e+08,7.3098144e+08
ATG,PRT,1971,0.0,DOTS_IP,6.57472e+06,1.808048e+07,4.6876982e+08,7.3098144e+08
AUS,PRT,1971,1.8039388e+06,DOTS_IP,2.2333276e+09,2.1137478e+09,4.6876982e+08,7.3098144e+08
AUT,PRT,1971,1.0264781e+07,DOTS_IP,1.3000425e+09,1.7205631e+09,4.6876982e+08,7.3098144e+08
BDI,PRT,1971,32873.598,DOTS_IP,1.2334698e+07,1.2271263e+07,4.6876982e+08,7.3098144e+08
BEL,PRT,1971,2.0147408e+07,DOTS_IP,5.222916e+09,5.2961014e+09,4.6876982e+08,7.3098144e+08
BEN,PRT,1971,0.0,DOTS_IP,1.8426886e+07,3.1683164e+07,4.6876982e+08,7.3098144e+08
BFA,PRT,1971,12327.6,DOTS_IP,6.5262315e+06,2.0790498e+07,4.6876982e+08,7.3098144e+08
BGD,PRT,1971,0.0,DOTS_IP,,,4.6876982e+08,7.3098144e+08
BGR,PRT,1971,0.0,DOTS_IP,9.131555e+08,8.780342e+08,4.6876982e+08,7.3098144e+08
BHR,PRT,1971,6.6651225e+06,DOTS_IP,1.0886709e+08,1.2080667e+08,4.6876982e+08,7.3098144e+08
BHS,PRT,1971,0.0,DOTS_IP,1.22129496e+08,2.107773e+08,4.6876982e+08,7.3098144e+08
BLZ,PRT,1971,0.0,DOTS_IP,1.2728247e+07,1.725031e+07,4.6876982e+08,7.3098144e+08
BMU,PRT,1971,375580.88,DOTS_XP,3.7632052e+07,6.5601324e+07,4.6876982e+08,7.3098144e+08
BOL,PRT,1971,0.0,DOTS_IP,8.7219e+07,7.038362e+07,4.6876982e+08,7.3098144e+08
BRA,PRT,1971,1.0363402e+07,DOTS_IP,1.2716271e+09,1.6719965e+09,4.6876982e+08,7.3098144e+08
BRB,PRT,1971,21367.84,DOTS_XP,1.7811328e+07,5.4463336e+07,4.6876982e+08,7.3098144e+08
BRN,PRT,1971,0.0,DOTS_IP,6.0972308e+07,6.1301044e+07,4.6876982e+08,7.3098144e+08
BWA,PRT,1971,0.0,DOTS_IP,1.743209e+07,3.3963852e+07,4.6876982e+08,7.3098144e+08
CAF,PRT,1971,410.92,DOTS_XP,1.8341414e+07,1.3998289e+07,4.6876982e+08,7.3098144e+08
CAN,PRT,1971,6.3158405e+06,DOTS_IP,7.876876e+09,7.221343e+09,4.6876982e+08,7.3098144e+08
CHE,PRT,1971,2.9923194e+07,DOTS_IP,2.4053202e+09,3.0856837e+09,4.6876982e+08,7.3098144e+08
CHL,PRT,1971,36982.8,DOTS_IP,4.4486323e+08,4.0268515e+08,4.6876982e+08,7.3098144e+08
CHN,PRT,1971,94511.6,DOTS_IP,1.143389e+09,8.746514e+08,4.6876982e+08,7.3098144e+08
CIV,PRT,1971,184914.0,DOTS_IP,2.2923949e+08,1.6415432e+08,4.6876982e+08,7.3098144e+08
CMR,PRT,1971,12327.6,DOTS_IP,9.0966184e+07,1.02617816e+08,4.6876982e+08,7.3098144e+08
COD,PRT,1971,336954.4,DOTS_IP,2.7234912e+08,2.364368e+08,4.6876982e+08,7.3098144e+08
COG,PRT,1971,205460.0,DOTS_IP,3.1142394e+07,4.4493036e+07,4.6876982e+08,7.3098144e+08
COL,PRT,1971,0.0,DOTS_IP,3.0417565e+08,3.8193782e+08,4.6876982e+08,7.3098144e+08
COM,PRT,1971,0.0,DOTS_IP,2.342244e+06,4.150292e+06,4.6876982e+08,7.3098144e+08
CPV,PRT,1971,554742.0,DOTS_IP,657472.0,8.300584e+06,4.6876982e+08,7.3098144e+08
CRI,PRT,1971,8218.399,DOTS_IP,1.1359883e+08,1.4373941e+08,4.6876982e+08,7.3098144e+08
CUB,PRT,1971,0.0,DOTS_IP,3.533912e+08,5.6994605e+08,4.6876982e+08,7.3098144e+08
CYP,PRT,1971,24244.28,DOTS_XP,4.7495364e+07,1.1534479e+08,4.6876982e+08,7.3098144e+08
CZSK,PRT,1971,994426.4,DOTS_IP,8.376209e+08,7.139102e+08,4.6876982e+08,7.3098144e+08
DJI,PRT,1971,0.0,DOTS_IP,1.6197719e+06,1.4637381e+07,4.6876982e+08,7.3098144e+08
DMA,PRT,1971,0.0,DOTS_IP,2.5549442e+06,6.870418e+06,4.6876982e+08,7.3098144e+08
DNK,PRT,1971,7.7951525e+06,DOTS_IP,1.5127116e+09,1.8957957e+09,4.6876982e+08,7.3098144e+08
DOM,PRT,1971,0.0,DOTS_IP,1.0463626e+08,1.3940667e+08,4.6876982e+08,7.3098144e+08
DZA,PRT,1971,0.0,DOTS_IP,3.665165e+08,5.170836e+08,4.6876982e+08,7.3098144e+08
ECU,PRT,1971,0.0,DOTS_IP,1.2421495e+08,1.4021413e+08,4.6876982e+08,7.3098144e+08
EDEU,PRT,1971,82184.0,DOTS_IP,6.7892506e+08,5.4567546e+08,4.6876982e+08,7.3098144e+08
EGY,PRT,1971,649253.56,DOTS_IP,3.2464733e+08,3.9621824e+08,4.6876982e+08,7.3098144e+08
ESP,PRT,1971,3.4546544e+07,ESP TENA JUNGUITO,1.2332266e+09,2.0402917e+09,4.6876982e+08,7.3098144e+08
ETH,PRT,1971,16436.799,DOTS_IP,5.7004652e+07,7.717447e+07,4.6876982e+08,7.3098144e+08
FIN,PRT,1971,2.5107212e+06,DOTS_IP,9.6871514e+08,1.145945e+09,4.6876982e+08,7.3098144e+08
FJI,PRT,1971,0.0,DOTS_IP,2.9122722e+07,5.2638852e+07,4.6876982e+08,7.3098144e+08
FLK,PRT,1971,0.0,DOTS_IP,851015.3,2.3175888e+06,4.6876982e+08,7.3098144e+08
FRA,PRT,1971,4.818448e+07,DOTS_IP,8.5506284e+09,8.741665e+09,4.6876982e+08,7.3098144e+08
FRO,PRT,1971,616790.94,DOTS_XP,1.5455934e+07,1.6698556e+07,4.6876982e+08,7.3098144e+08
GAB,PRT,1971,16436.799,DOTS_IP,8.4401736e+07,3.7601644e+07,4.6876982e+08,7.3098144e+08
GBR,PRT,1971,9.933991e+07,DOTS_IP,9.299489e+09,9.985848e+09,4.6876982e+08,7.3098144e+08
GHA,PRT,1971,4109.1997,DOTS_IP,1.6126536e+08,1.712168e+08,4.6876982e+08,7.3098144e+08
GIB,PRT,1971,49310.4,DOTS_IP,2.696868e+06,1.6345576e+07,4.6876982e+08,7.3098144e+08
GIN,PRT,1971,0.0,DOTS_IP,2.4937502e+07,3.28736e+07,4.6876982e+08,7.3098144e+08
GLP,PRT,1971,0.0,DOTS_IP,1.718262e+07,5.0790532e+07,4.6876982e+08,7.3098144e+08
GMB,PRT,1971,299971.6,DOTS_IP,7.915552e+06,9.179131e+06,4.6876982e+08,7.3098144e+08
GNB,PRT,1971,1.0108632e+06,DOTS_IP,2.1585628e+06,1.2574152e+07,4.6876982e+08,7.3098144e+08
GNQ,PRT,1971,,,1.1649582e+07,9.60279e+06,4.6876982e+08,7.3098144e+08
GRC,PRT,1971,1.047846e+06,DOTS_IP,3.043839e+08,9.715452e+08,4.6876982e+08,7.3098144e+08
GRD,PRT,1971,0.0,DOTS_IP,2.1199322e+06,9.581832e+06,4.6876982e+08,7.3098144e+08
GRL,PRT,1971,0.0,DOTS_IP,7.7524165e+06,2.5101048e+07,4.6876982e+08,7.3098144e+08
GTM,PRT,1971,45201.2,DOTS_IP,1.3473163e+08,1.2447917e+08,4.6876982e+08,7.3098144e+08
GUF,PRT,1971,0.0,DOTS_IP,4.7687265e+06,1.879593e+07,4.6876982e+08,7.3098144e+08
GUY,PRT,1971,0.0,DOTS_IP,6.939946e+07,5.508013e+07,4.6876982e+08,7.3098144e+08
HKG,PRT,1971,534196.0,DOTS_IP,1.159534e+09,1.369884e+09,4.6876982e+08,7.3098144e+08
HND,PRT,1971,0.0,DOTS_IP,9.3431704e+07,7.9467816e+07,4.6876982e+08,7.3098144e+08
HTI,PRT,1971,0.0,DOTS_IP,2.5574838e+07,2.9904142e+07,4.6876982e+08,7.3098144e+08
HUN,PRT,1971,24655.2,DOTS_IP,2.0195125e+08,2.4110507e+08,4.6876982e+08,7.3098144e+08
IDN,PRT,1971,291753.2,DOTS_IP,6.5103014e+08,5.415796e+08,4.6876982e+08,7.3098144e+08
IND,PRT,1971,119166.8,DOTS_IP,8.66922e+08,1.02592416e+09,4.6876982e+08,7.3098144e+08
IRL,PRT,1971,410920.0,DOTS_IP,6.6004915e+08,7.775603e+08,4.6876982e+08,7.3098144e+08
IRN,PRT,1971,3.143538e+06,DOTS_IP,1.5720319e+09,7.977476e+08,4.6876982e+08,7.3098144e+08
IRQ,PRT,1971,1.9231056e+07,DOTS_IP,6.319658e+08,2.7016502e+08,4.6876982e+08,7.3098144e+08
ISL,PRT,1971,3.1106642e+06,DOTS_IP,6.466476e+07,8.613376e+07,4.6876982e+08,7.3098144e+08
ISR,PRT,1971,476667.2,DOTS_IP,3.9501328e+08,9.813714e+08,4.6876982e+08,7.3098144e+08
ITA,PRT,1971,3.786217e+07,DOTS_IP,6.189195e+09,6.541764e+09,4.6876982e+08,7.3098144e+08
JAM,PRT,1971,12738.52,DOTS_XP,1.5431522e+08,2.2864042e+08,4.6876982e+08,7.3098144e+08
JOR,PRT,1971,0.0,DOTS_IP,1.4466438e+07,9.300076e+07,4.6876982e+08,7.3098144e+08
JPN,PRT,1971,2.0114534e+07,DOTS_IP,9.69689e+09,8.060648e+09,4.6876982e+08,7.3098144e+08
KEN,PRT,1971,0.0,DOTS_IP,1.3918768e+08,2.3401482e+08,4.6876982e+08,7.3098144e+08
KHM,PRT,1971,0.0,DOTS_IP,5.230115e+06,3.664282e+07,4.6876982e+08,7.3098144e+08
KIR,PRT,1971,0.0,DOTS_IP,3.9534612e+06,1.7669559e+06,4.6876982e+08,7.3098144e+08
KNA,PRT,1971,0.0,DOTS_IP,1.6768576e+06,6.3472345e+06,4.6876982e+08,7.3098144e+08
KOR,PRT,1971,57528.8,DOTS_IP,4.403008e+08,9.838247e+08,4.6876982e+08,7.3098144e+08
KWT,PRT,1971,0.0,DOTS_IP,1.1296764e+09,2.6726237e+08,4.6876982e+08,7.3098144e+08
LAO,PRT,1971,0.0,DOTS_IP,2.275675e+06,2.0015914e+07,4.6876982e+08,7.3098144e+08
LBN,PRT,1971,213678.39,DOTS_IP,1.6806459e+08,3.3924746e+08,4.6876982e+08,7.3098144e+08
LBR,PRT,1971,0.0,DOTS_IP,1.52296e+08,1.5886762e+08,4.6876982e+08,7.3098144e+08
LBY,PRT,1971,0.0,DOTS_IP,1.1369272e+09,3.108725e+08,4.6876982e+08,7.3098144e+08
LCA,PRT,1971,0.0,DOTS_IP,2.5544308e+06,1.438072e+07,4.6876982e+08,7.3098144e+08
LKA,PRT,1971,102730.0,DOTS_IP,1.3320382e+08,1.3562291e+08,4.6876982e+08,7.3098144e+08
LSO,PRT,1971,,,1.731662e+06,1.6084724e+07,4.6876982e+08,7.3098144e+08
LUX,PRT,1971,924570.0,COW,,,4.6876982e+08,7.3098144e+08
MAC,PRT,1971,2.7038535e+06,DOTS_IP,2.4013678e+07,3.037726e+07,4.6876982e+08,7.3098144e+08
MAR,PRT,1971,2.0833644e+06,DOTS_IP,2.2665032e+08,2.8664544e+08,4.6876982e+08,7.3098144e+08
MDG,PRT,1971,127385.195,DOTS_IP,6.6480468e+07,8.7666904e+07,4.6876982e+08,7.3098144e+08
MDV,PRT,1971,0.0,DOTS_IP,1.7717309e+06,1.4388815e+06,4.6876982e+08,7.3098144e+08
MEX,PRT,1971,945116.0,DOTS_IP,7.9668883e+08,1.0870264e+09,4.6876982e+08,7.3098144e+08
MLI,PRT,1971,4109.1997,DOTS_IP,1.4839554e+07,2.4420976e+07,4.6876982e+08,7.3098144e+08
MLT,PRT,1971,12327.6,DOTS_IP,1.85366e+07,6.353234e+07,4.6876982e+08,7.3098144e+08
MMR,PRT,1971,4109.1997,DOTS_IP,5.2931836e+07,7.8974824e+07,4.6876982e+08,7.3098144e+08
MNG,PRT,1971,0.0,DOTS_IP,,,4.6876982e+08,7.3098144e+08
MOZ,PRT,1971,2.4573016e+07,DOTS_IP,8.243649e+07,1.5240414e+08,4.6876982e+08,7.3098144e+08
MRT,PRT,1971,0.0,DOTS_IP,4.7764108e+07,2.5851388e+07,4.6876982e+08,7.3098144e+08
MTQ,PRT,1971,0.0,DOTS_IP,1.978703e+07,6.378212e+07,4.6876982e+08,7.3098144e+08
MUS,PRT,1971,0.0,DOTS_IP,2.795571e+07,3.4139644e+07,4.6876982e+08,7.3098144e+08
MWI,PRT,1971,230115.2,DOTS_IP,2.9617058e+07,4.4807536e+07,4.6876982e+08,7.3098144e+08
MYS,PRT,1971,1.5738236e+06,DOTS_IP,7.93327e+08,6.476077e+08,4.6876982e+08,7.3098144e+08
NAM,PRT,1971,0.0,DOTS_IP,,,4.6876982e+08,7.3098144e+08
NCL,PRT,1971,0.0,DOTS_IP,8.208497e+07,9.572053e+07,4.6876982e+08,7.3098144e+08
NER,PRT,1971,349282.0,DOTS_IP,1.6539119e+07,2.2152286e+07,4.6876982e+08,7.3098144e+08
NGA,PRT,1971,3.575004e+06,DOTS_IP,7.95386e+08,6.204892e+08,4.6876982e+08,7.3098144e+08
NIC,PRT,1971,4109.1997,DOTS_IP,8.354003e+07,8.6622344e+07,4.6876982e+08,7.3098144e+08
NLD,PRT,1971,1.869275e+07,DOTS_IP,5.7421957e+09,6.735884e+09,4.6876982e+08,7.3098144e+08
NOR,PRT,1971,8.399205e+06,DOTS_IP,1.0542657e+09,1.6776877e+09,4.6876982e+08,7.3098144e+08
NPL,PRT,1971,0.0,DOTS_IP,1.9598336e+07,3.4752656e+07,4.6876982e+08,7.3098144e+08
NRU,PRT,1971,0.0,DOTS_IP,,,4.6876982e+08,7.3098144e+08
NZL,PRT,1971,1.109484e+06,DOTS_IP,6.2592506e+08,5.536736e+08,4.6876982e+08,7.3098144e+08
OMN,PRT,1971,0.0,DOTS_IP,2.4589453e+08,7.551271e+07,4.6876982e+08,7.3098144e+08
PAK,PRT,1971,2.4819568e+06,DOTS_IP,2.7328643e+08,3.8444298e+08,4.6876982e+08,7.3098144e+08
PAN,PRT,1971,4.7379075e+06,DOTS_IP,1.3507434e+08,3.2102304e+08,4.6876982e+08,7.3098144e+08
PER,PRT,1971,484885.6,DOTS_IP,3.9308115e+08,3.3785862e+08,4.6876982e+08,7.3098144e+08
PHL,PRT,1971,65747.195,DOTS_IP,5.616893e+08,5.755687e+08,4.6876982e+08,7.3098144e+08
PNG,PRT,1971,0.0,DOTS_IP,4.9201916e+07,1.4615109e+08,4.6876982e+08,7.3098144e+08
POL,PRT,1971,6.2583115e+06,DOTS_IP,1.5912055e+09,1.8250848e+09,4.6876982e+08,7.3098144e+08
PRK,PRT,1971,0.0,DOTS_IP,3.7473364e+07,,4.6876982e+08,7.3098144e+08
PRT,AFG,1971,0.0,DOTS_IP,4.6876982e+08,7.3098144e+08,4.1050908e+07,5.9980348e+07
PRT,AGO,1971,5.4770704e+07,DOTS_IP,4.6876982e+08,7.3098144e+08,2.0937842e+08,1.7336346e+08
PRT,ALB,1971,0.0,DOTS_IP,4.6876982e+08,7.3098144e+08,1.3547322e+07,1.4049355e+07
PRT,ANT,1971,139712.8,DOTS_IP,4.6876982e+08,7.3098144e+08,2.9365578e+08,3.600851e+08
PRT,ARE,1971,0.0,DOTS_IP,4.6876982e+08,7.3098144e+08,3.5784682e+08,1.2808376e+08
PRT,ARG,1971,665690.4,DOTS_IP,4.6876982e+08,7.3098144e+08,8.0841594e+08,7.683711e+08
PRT,ATG,1971,0.0,DOTS_IP,4.6876982e+08,7.3098144e+08,6.57472e+06,1.808048e+07
PRT,AUS,1971,1.9765251e+06,DOTS_IP,4.6876982e+08,7.3098144e+08,2.2333276e+09,2.1137478e+09
PRT,AUT,1971,6.944548e+06,DOTS_IP,4.6876982e+08,7.3098144e+08,1.3000425e+09,1.7205631e+09
PRT,BDI,1971,0.0,DOTS_IP,4.6876982e+08,7.3098144e+08,1.2334698e+07,1.2271263e+07
PRT,BEL,1971,1.4834212e+07,DOTS_IP,4.6876982e+08,7.3098144e+08,5.222916e+09,5.2961014e+09
PRT,BEN,1971,0.0,DOTS_IP,4.6876982e+08,7.3098144e+08,1.8426886e+07,3.1683164e+07
PRT,BFA,1971,0.0,DOTS_IP,4.6876982e+08,7.3098144e+08,6.5262315e+06,2.0790498e+07
PRT,BGD,1971,0.0,DOTS_IP,4.6876982e+08,7.3098144e+08,,
PRT,BGR,1971,69856.4,DOTS_XP,4.6876982e+08,7.3098144e+08,9.131555e+08,8.780342e+08
PRT,BHR,1971,57528.8,DOTS_XP,4.6876982e+08,7.3098144e+08,1.0886709e+08,1.2080667e+08
PRT,BHS,1971,41092.0,DOTS_IP,4.6876982e+08,7.3098144e+08,1.22129496e+08,2.107773e+08
PRT,BLZ,1971,0.0,DOTS_IP,4.6876982e+08,7.3098144e+08,1.2728247e+07,1.725031e+07
PRT,BMU,1971,147520.28,DOTS_IP,4.6876982e+08,7.3098144e+08,3.7632052e+07,6.5601324e+07
PRT,BOL,1971,49310.4,DOTS_XP,4.6876982e+08,7.3098144e+08,8.7219e+07,7.038362e+07
PRT,BRA,1971,5.6049485e+06,DOTS_IP,4.6876982e+08,7.3098144e+08,1.2716271e+09,1.6719965e+09
PRT,BRB,1971,37393.72,DOTS_IP,4.6876982e+08,7.3098144e+08,1.7811328e+07,5.4463336e+07
PRT,BRN,1971,4109.2,DOTS_IP,4.6876982e+08,7.3098144e+08,6.0972308e+07,6.1301044e+07
PRT,BWA,1971,0.0,DOTS_IP,4.6876982e+08,7.3098144e+08,1.743209e+07,3.3963852e+07
PRT,CAF,1971,82184.0,DOTS_IP,4.6876982e+08,7.3098144e+08,1.8341414e+07,1.3998289e+07
PRT,CAN,1971,8.382768e+06,DOTS_IP,4.6876982e+08,7.3098144e+08,7.876876e+09,7.221343e+09
PRT,CHE,1971,1.2574152e+07,DOTS_IP,4.6876982e+08,7.3098144e+08,2.4053202e+09,3.0856837e+09
PRT,CHL,1971,205460.0,DOTS_IP,4.6876982e+08,7.3098144e+08,4.4486323e+08,4.0268515e+08
PRT,CHN,1971,12327.6,DOTS_XP,4.6876982e+08,7.3098144e+08,1.143389e+09,8.746514e+08
PRT,CIV,1971,0.0,DOTS_IP,4.6876982e+08,7.3098144e+08,2.2923949e+08,1.6415432e+08
PRT,CMR,1971,0.0,DOTS_IP,4.6876982e+08,7.3098144e+08,9.0966184e+07,1.02617816e+08
PRT,COD,1971,1.2985071e+06,DOTS_XP,4.6876982e+08,7.3098144e+08,2.7234912e+08,2.364368e+08
PRT,COG,1971,0.0,DOTS_IP,4.6876982e+08,7.3098144e+08,3.1142394e+07,4.4493036e+07
PRT,COL,1971,61638.0,DOTS_IP,4.6876982e+08,7.3098144e+08,3.0417565e+08,3.8193782e+08
PRT,COM,1971,0.0,DOTS_IP,4.6876982e+08,7.3098144e+08,2.342244e+06,4.150292e+06
PRT,CPV,1971,4.31466e+06,DOTS_IP,4.6876982e+08,7.3098144e+08,657472.0,8.300584e+06
PRT,CRI,1971,56296.04,DOTS_IP,4.6876982e+08,7.3098144e+08,1.1359883e+08,1.4373941e+08
PRT,CUB,1971,94511.6,DOTS_XP,4.6876982e+08,7.3098144e+08,3.533912e+08,5.6994605e+08
PRT,CYP,1971,655417.4,DOTS_IP,4.6876982e+08,7.3098144e+08,4.7495364e+07,1.1534479e+08
PRT,CZSK,1971,998535.56,DOTS_XP,4.6876982e+08,7.3098144e+08,8.376209e+08,7.139102e+08
PRT,DJI,1971,8218.4,DOTS_XP,4.6876982e+08,7.3098144e+08,1.6197719e+06,1.4637381e+07
PRT,DMA,1971,0.0,DOTS_IP,4.6876982e+08,7.3098144e+08,2.5549442e+06,6.870418e+06
PRT,DNK,1971,1.2089266e+07,DOTS_IP,4.6876982e+08,7.3098144e+08,1.5127116e+09,1.8957957e+09
PRT,DOM,1971,73965.6,DOTS_XP,4.6876982e+08,7.3098144e+08,1.0463626e+08,1.3940667e+08
PRT,DZA,1971,0.0,DOTS_IP,4.6876982e+08,7.3098144e+08,3.665165e+08,5.170836e+08
PRT,ECU,1971,156149.6,DOTS_IP,4.6876982e+08,7.3098144e+08,1.2421495e+08,1.4021413e+08
PRT,EDEU,1971,127385.195,DOTS_XP,4.6876982e+08,7.3098144e+08,6.7892506e+08,5.4567546e+08
PRT,EGY,1971,0.0,DOTS_IP,4.6876982e+08,7.3098144e+08,3.2464733e+08,3.9621824e+08
PRT,ESP,1971,8.584748e+06,ESP TENA JUNGUITO,4.6876982e+08,7.3098144e+08,1.2332266e+09,2.0402917e+09
PRT,ETH,1971,0.0,DOTS_IP,4.6876982e+08,7.3098144e+08,5.7004652e+07,7.717447e+07
PRT,FIN,1971,6.554174e+06,DOTS_IP,4.6876982e+08,7.3098144e+08,9.6871514e+08,1.145945e+09
PRT,FJI,1971,13971.28,DOTS_IP,4.6876982e+08,7.3098144e+08,2.9122722e+07,5.2638852e+07
PRT,FRA,1971,2.1655484e+07,DOTS_IP,4.6876982e+08,7.3098144e+08,8.5506284e+09,8.741665e+09
PRT,FRO,1971,13971.28,DOTS_IP,4.6876982e+08,7.3098144e+08,1.5455934e+07,1.6698556e+07
PRT,GAB,1971,12738.52,DOTS_IP,4.6876982e+08,7.3098144e+08,8.4401736e+07,3.7601644e+07
PRT,GBR,1971,1.0548316e+08,DOTS_IP,4.6876982e+08,7.3098144e+08,9.299489e+09,9.985848e+09
PRT,GHA,1971,1232.76,DOTS_IP,4.6876982e+08,7.3098144e+08,1.6126536e+08,1.712168e+08
PRT,GIB,1971,156149.6,DOTS_XP,4.6876982e+08,7.3098144e+08,2.696868e+06,1.6345576e+07
PRT,GIN,1971,4109.1997,DOTS_XP,4.6876982e+08,7.3098144e+08,2.4937502e+07,3.28736e+07
PRT,GLP,1971,0.0,DOTS_IP,4.6876982e+08,7.3098144e+08,1.718262e+07,5.0790532e+07
PRT,GMB,1971,2054.5999,DOTS_IP,4.6876982e+08,7.3098144e+08,7.915552e+06,9.179131e+06
PRT,GNB,1971,6.697996e+06,DOTS_IP,4.6876982e+08,7.3098144e+08,2.1585628e+06,1.2574152e+07
PRT,GNQ,1971,0.0,DOTS_IP,4.6876982e+08,7.3098144e+08,1.1649582e+07,9.60279e+06
PRT,GRC,1971,1.0026448e+06,DOTS_IP,4.6876982e+08,7.3098144e+08,3.043839e+08,9.715452e+08
PRT,GRD,1971,0.0,DOTS_IP,4.6876982e+08,7.3098144e+08,2.1199322e+06,9.581832e+06
PRT,GRL,1971,0.0,DOTS_IP,4.6876982e+08,7.3098144e+08,7.7524165e+06,2.5101048e+07
PRT,GTM,1971,149985.8,DOTS_IP,4.6876982e+08,7.3098144e+08,1.3473163e+08,1.2447917e+08
PRT,GUF,1971,0.0,DOTS_IP,4.6876982e+08,7.3098144e+08,4.7687265e+06,1.879593e+07
PRT,GUY,1971,14793.12,DOTS_IP,4.6876982e+08,7.3098144e+08,6.939946e+07,5.508013e+07
PRT,HKG,1971,821840.0,DOTS_IP,4.6876982e+08,7.3098144e+08,1.159534e+09,1.369884e+09
PRT,HND,1971,49310.4,DOTS_IP,4.6876982e+08,7.3098144e+08,9.3431704e+07,7.9467816e+07
PRT,HTI,1971,5752.88,DOTS_IP,4.6876982e+08,7.3098144e+08,2.5574838e+07,2.9904142e+07
PRT,HUN,1971,283534.78,DOTS_XP,4.6876982e+08,7.3098144e+08,2.0195125e+08,2.4110507e+08
PRT,IDN,1971,164368.0,DOTS_XP,4.6876982e+08,7.3098144e+08,6.5103014e+08,5.415796e+08
PRT,IND,1971,0.0,DOTS_IP,4.6876982e+08,7.3098144e+08,8.66922e+08,1.02592416e+09
PRT,IRL,1971,2.342244e+06,DOTS_IP,4.6876982e+08,7.3098144e+08,6.6004915e+08,7.775603e+08
PRT,IRN,1971,312299.2,DOTS_XP,4.6876982e+08,7.3098144e+08,1.5720319e+09,7.977476e+08
PRT,IRQ,1971,1.356036e+06,DOTS_IP,4.6876982e+08,7.3098144e+08,6.319658e+08,2.7016502e+08
PRT,ISL,1971,531319.56,DOTS_IP,4.6876982e+08,7.3098144e+08,6.466476e+07,8.613376e+07
PRT,ISR,1971,1.6518984e+06,DOTS_IP,4.6876982e+08,7.3098144e+08,3.9501328e+08,9.813714e+08
PRT,ITA,1971,1.1629036e+07,DOTS_IP,4.6876982e+08,7.3098144e+08,6.189195e+09,6.541764e+09
PRT,JAM,1971,150396.72,DOTS_IP,4.6876982e+08,7.3098144e+08,1.5431522e+08,2.2864042e+08
PRT,JOR,1971,184914.0,DOTS_IP,4.6876982e+08,7.3098144e+08,1.4466438e+07,9.300076e+07
PRT,JPN,1971,3.780464e+06,DOTS_IP,4.6876982e+08,7.3098144e+08,9.69689e+09,8.060648e+09
PRT,KEN,1971,0.0,DOTS_IP,4.6876982e+08,7.3098144e+08,1.3918768e+08,2.3401482e+08
PRT,KIR,1971,0.0,DOTS_IP,4.6876982e+08,7.3098144e+08,3.9534612e+06,1.7669559e+06
PRT,KNA,1971,0.0,DOTS_IP,4.6876982e+08,7.3098144e+08,1.6768576e+06,6.3472345e+06
PRT,KOR,1971,131494.39,DOTS_XP,4.6876982e+08,7.3098144e+08,4.403008e+08,9.838247e+08
PRT,KWT,1971,0.0,DOTS_IP,4.6876982e+08,7.3098144e+08,1.1296764e+09,2.6726237e+08
PRT,LAO,1971,1643.6799,DOTS_IP,4.6876982e+08,7.3098144e+08,2.275675e+06,2.0015914e+07
PRT,LBN,1971,862932.0,DOTS_IP,4.6876982e+08,7.3098144e+08,1.6806459e+08,3.3924746e+08
PRT,LBR,1971,2876.44,DOTS_IP,4.6876982e+08,7.3098144e+08,1.52296e+08,1.5886762e+08
PRT,LBY,1971,4109.1997,DOTS_XP,4.6876982e+08,7.3098144e+08,1.1369272e+09,3.108725e+08
PRT,LCA,1971,0.0,DOTS_IP,4.6876982e+08,7.3098144e+08,2.5544308e+06,1.438072e+07
PRT,LKA,1971,226006.0,DOTS_XP,4.6876982e+08,7.3098144e+08,1.3320382e+08,1.3562291e+08
PRT,LSO,1971,0.0,DOTS_IP,4.6876982e+08,7.3098144e+08,1.731662e+06,1.6084724e+07
PRT,LUX,1971,682127.2,COW,4.6876982e+08,7.3098144e+08,,
PRT,MAC,1971,281480.2,DOTS_IP,4.6876982e+08,7.3098144e+08,2.4013678e+07,3.037726e+07
PRT,MAR,1971,2.1285655e+06,DOTS_IP,4.6876982e+08,7.3098144e+08,2.2665032e+08,2.8664544e+08
PRT,MDG,1971,12327.6,DOTS_XP,4.6876982e+08,7.3098144e+08,6.6480468e+07,8.7666904e+07
PRT,MDV,1971,0.0,DOTS_IP,4.6876982e+08,7.3098144e+08,1.7717309e+06,1.4388815e+06
PRT,MEX,1971,616380.0,DOTS_IP,4.6876982e+08,7.3098144e+08,7.9668883e+08,1.0870264e+09
PRT,MLI,1971,0.0,DOTS_IP,4.6876982e+08,7.3098144e+08,1.4839554e+07,2.4420976e+07
PRT,MLT,1971,24655.2,DOTS_IP,4.6876982e+08,7.3098144e+08,1.85366e+07,6.353234e+07
PRT,MMR,1971,20546.0,DOTS_IP,4.6876982e+08,7.3098144e+08,5.2931836e+07,7.8974824e+07
PRT,MNG,1971,0.0,DOTS_IP,4.6876982e+08,7.3098144e+08,,
PRT,MOZ,1971,3.648189e+07,DOTS_IP,4.6876982e+08,7.3098144e+08,8.243649e+07,1.5240414e+08
PRT,MRT,1971,0.0,DOTS_IP,4.6876982e+08,7.3098144e+08,4.7764108e+07,2.5851388e+07
PRT,MTQ,1971,0.0,DOTS_IP,4.6876982e+08,7.3098144e+08,1.978703e+07,6.378212e+07
PRT,MUS,1971,20135.08,DOTS_IP,4.6876982e+08,7.3098144e+08,2.795571e+07,3.4139644e+07
PRT,MWI,1971,208336.44,DOTS_IP,4.6876982e+08,7.3098144e+08,2.9617058e+07,4.4807536e+07
PRT,MYS,1971,349282.0,DOTS_IP,4.6876982e+08,7.3098144e+08,7.93327e+08,6.476077e+08
PRT,NAM,1971,0.0,DOTS_IP,4.6876982e+08,7.3098144e+08,,
PRT,NCL,1971,0.0,DOTS_IP,4.6876982e+08,7.3098144e+08,8.208497e+07,9.572053e+07
PRT,NER,1971,0.0,DOTS_IP,4.6876982e+08,7.3098144e+08,1.6539119e+07,2.2152286e+07
PRT,NGA,1971,591724.8,DOTS_XP,4.6876982e+08,7.3098144e+08,7.95386e+08,6.204892e+08
PRT,NIC,1971,42735.68,DOTS_IP,4.6876982e+08,7.3098144e+08,8.354003e+07,8.6622344e+07
PRT,NLD,1971,1.1464668e+07,DOTS_IP,4.6876982e+08,7.3098144e+08,5.7421957e+09,6.735884e+09
PRT,NOR,1971,6.928111e+06,DOTS_IP,4.6876982e+08,7.3098144e+08,1.0542657e+09,1.6776877e+09
PRT,NRU,1971,0.0,DOTS_IP,4.6876982e+08,7.3098144e+08,,
PRT,NZL,1971,505431.6,DOTS_IP,4.6876982e+08,7.3098144e+08,6.2592506e+08,5.536736e+08
PRT,OMN,1971,0.0,DOTS_IP,4.6876982e+08,7.3098144e+08,2.4589453e+08,7.551271e+07
PRT,PAK,1971,160258.8,DOTS_IP,4.6876982e+08,7.3098144e+08,2.7328643e+08,3.8444298e+08
PRT,PAN,1971,271207.2,DOTS_IP,4.6876982e+08,7.3098144e+08,1.3507434e+08,3.2102304e+08
PRT,PER,1971,423247.6,DOTS_IP,4.6876982e+08,7.3098144e+08,3.9308115e+08,3.3785862e+08
PRT,PHL,1971,657472.0,DOTS_IP,4.6876982e+08,7.3098144e+08,5.616893e+08,5.755687e+08
PRT,PNG,1971,24244.28,DOTS_IP,4.6876982e+08,7.3098144e+08,4.9201916e+07,1.4615109e+08
PRT,POL,1971,521868.4,DOTS_XP,4.6876982e+08,7.3098144e+08,1.5912055e+09,1.8250848e+09
PRT,PRK,1971,0.0,DOTS_IP,4.6876982e+08,7.3098144e+08,3.7473364e+07,
PRT,PRY,1971,27531.639,DOTS_IP,4.6876982e+08,7.3098144e+08,3.2488642e+07,3.629765e+07
PRT,PYF,1971,12327.6,DOTS_XP,4.6876982e+08,7.3098144e+08,7.097615e+06,5.740502e+07
PRT,QAT,1971,0.0,DOTS_IP,4.6876982e+08,7.3098144e+08,1.2938104e+08,4.423965e+07
PRT,REU,1971,0.0,DOTS_IP,4.6876982e+08,7.3098144e+08,7.179197e+06,2.853879e+07
PRT,ROM,1971,821840.0,DOTS_IP,4.6876982e+08,7.3098144e+08,8.6206086e+08,9.504743e+08
PRT,RWA,1971,0.0,DOTS_IP,4.6876982e+08,7.3098144e+08,9.163516e+06,1.3437084e+07
PRT,SAU,1971,164368.0,DOTS_IP,4.6876982e+08,7.3098144e+08,1.6512329e+09,3.502608e+08
PRT,SDN,1971,0.0,DOTS_IP,4.6876982e+08,7.3098144e+08,1.3499502e+08,1.3621669e+08
PRT,SEN,1971,0.0,DOTS_IP,4.6876982e+08,7.3098144e+08,5.7129384e+07,8.9588776e+07
PRT,SGP,1971,521868.4,DOTS_IP,4.6876982e+08,7.3098144e+08,7.236835e+08,1.1663183e+09
PRT,SHN,1971,0.0,DOTS_IP,4.6876982e+08,7.3098144e+08,,
PRT,SLB,1971,0.0,DOTS_IP,4.6876982e+08,7.3098144e+08,4.241516e+06,6.175922e+06
PRT,SLE,1971,0.0,DOTS_IP,4.6876982e+08,7.3098144e+08,5.449128e+07,4.6360404e+07
PRT,SLV,1971,33695.44,DOTS_IP,4.6876982e+08,7.3098144e+08,1.0064705e+08,1.0176926e+08
PRT,SOM,1971,0.0,DOTS_IP,4.6876982e+08,7.3098144e+08,,
PRT,SPM,1971,0.0,DOTS_IP,4.6876982e+08,7.3098144e+08,1.0273e+06,4.643396e+06
PRT,STP,1971,1.33549e+06,DOTS_XP,4.6876982e+08,7.3098144e+08,2.87644e+06,3.28736e+06
PRT,SUR,1971,43557.52,DOTS_IP,4.6876982e+08,7.3098144e+08,7.2894744e+07,5.180838e+07
PRT,SWE,1971,2.46552e+07,DOTS_IP,4.6876982e+08,7.3098144e+08,3.0656686e+09,2.907711e+09
PRT,SWZ,1971,0.0,DOTS_IP,4.6876982e+08,7.3098144e+08,3.2020326e+07,2.747255e+07
PRT,SYC,1971,0.0,DOTS_IP,4.6876982e+08,7.3098144e+08,761052.56,6.2921715e+06
PRT,SYR,1971,168477.2,DOTS_IP,4.6876982e+08,7.3098144e+08,8.542739e+07,1.8091163e+08
PRT,TCD,1971,0.0,DOTS_IP,4.6876982e+08,7.3098144e+08,1.1563576e+07,2.5624314e+07
PRT,TGO,1971,0.0,DOTS_IP,4.6876982e+08,7.3098144e+08,2.5535802e+07,2.983197e+07
PRT,THA,1971,382155.6,DOTS_IP,4.6876982e+08,7.3098144e+08,3.4038144e+08,5.3194003e+08
PRT,TON,1971,0.0,DOTS_IP,4.6876982e+08,7.3098144e+08,1.02658906e+06,2.9421172e+06
PRT,TTO,1971,226006.0,DOTS_IP,4.6876982e+08,7.3098144e+08,2.1303736e+08,2.801948e+08
PRT,TUN,1971,12327.6,DOTS_XP,4.6876982e+08,7.3098144e+08,9.057334e+07,1.420756e+08
PRT,TUR,1971,1.5368408e+06,DOTS_IP,4.6876982e+08,7.3098144e+08,2.7802848e+08,5.0841414e+08
PRT,TUV,1971,0.0,DOTS_IP,4.6876982e+08,7.3098144e+08,,
PRT,TWN,1971,172586.39,DOTS_IP,4.6876982e+08,7.3098144e+08,,
PRT,TZA,1971,0.0,DOTS_IP,4.6876982e+08,7.3098144e+08,1.1539044e+08,1.5687405e+08
PRT,UGA,1971,0.0,DOTS_IP,4.6876982e+08,7.3098144e+08,1.0712479e+08,1.0131684e+08
PRT,URY,1971,50132.24,DOTS_IP,4.6876982e+08,7.3098144e+08,8.969662e+07,9.1503816e+07
PRT,USA,1971,5.0255516e+07,DOTS_IP,4.6876982e+08,7.3098144e+08,1.883452e+10,2.002746e+10
PRT,USSR,1971,0.0,DOTS_IP,4.6876982e+08,7.3098144e+08,2.9043354e+09,2.753444e+09
PRT,VCT,1971,0.0,DOTS_IP,4.6876982e+08,7.3098144e+08,1.2349214e+06,7.493989e+06
PRT,VEN,1971,1.808048e+06,DOTS_IP,4.6876982e+08,7.3098144e+08,1.3617962e+09,8.2886675e+08
PRT,VNM,1971,139712.8,DOTS_XP,4.6876982e+08,7.3098144e+08,1.017479e+07,3.3605834e+08
PRT,VUT,1971,0.0,DOTS_IP,4.6876982e+08,7.3098144e+08,5.6156325e+06,7.913497e+06
PRT,WDEU,1971,3.0819e+07,DOTS_IP,4.6876982e+08,7.3098144e+08,1.601232e+10,1.4136059e+10
PRT,WSM,1971,0.0,DOTS_IP,4.6876982e+08,7.3098144e+08,2.588796e+06,5.424144e+06
PRT,YAR,1971,16436.8,COW,4.6876982e+08,7.3098144e+08,,
PRT,YMD,1971,20546.0,COW,4.6876982e+08,7.3098144e+08,,
PRT,YUG,1971,135603.6,DOTS_XP,4.6876982e+08,7.3098144e+08,7.477429e+08,1.3325847e+09
PRT,ZAF,1971,3.0490262e+06,DOTS_XP,4.6876982e+08,7.3098144e+08,9.6617875e+08,1.5432803e+09
PRT,ZMB,1971,175575.02,DOTS_IP,4.6876982e+08,7.3098144e+08,2.7911616e+08,2.29701e+08
PRT,ZWE,1971,0.0,DOTS_IP,4.6876982e+08,7.3098144e+08,1.6599606e+08,1.8744526e+08
PRY,PRT,1971,0.0,DOTS_IP,3.2488642e+07,3.629765e+07,4.6876982e+08,7.3098144e+08
PYF,PRT,1971,0.0,DOTS_IP,7.097615e+06,5.740502e+07,4.6876982e+08,7.3098144e+08
QAT,PRT,1971,0.0,DOTS_IP,1.2938104e+08,4.423965e+07,4.6876982e+08,7.3098144e+08
REU,PRT,1971,20546.0,DOTS_IP,7.179197e+06,2.853879e+07,4.6876982e+08,7.3098144e+08
ROM,PRT,1971,1.33549e+06,DOTS_IP,8.6206086e+08,9.504743e+08,4.6876982e+08,7.3098144e+08
RWA,PRT,1971,0.0,DOTS_IP,9.163516e+06,1.3437084e+07,4.6876982e+08,7.3098144e+08
SAU,PRT,1971,9.196389e+06,DOTS_IP,1.6512329e+09,3.502608e+08,4.6876982e+08,7.3098144e+08
SDN,PRT,1971,497213.2,DOTS_IP,1.3499502e+08,1.3621669e+08,4.6876982e+08,7.3098144e+08
SEN,PRT,1971,184914.0,DOTS_IP,5.7129384e+07,8.9588776e+07,4.6876982e+08,7.3098144e+08
SGP,PRT,1971,49310.4,DOTS_IP,7.236835e+08,1.1663183e+09,4.6876982e+08,7.3098144e+08
SHN,PRT,1971,0.0,DOTS_IP,,,4.6876982e+08,7.3098144e+08
SLB,PRT,1971,0.0,DOTS_IP,4.241516e+06,6.175922e+06,4.6876982e+08,7.3098144e+08
SLE,PRT,1971,0.0,DOTS_IP,5.449128e+07,4.6360404e+07,4.6876982e+08,7.3098144e+08
SLV,PRT,1971,405578.03,DOTS_XP,1.0064705e+08,1.0176926e+08,4.6876982e+08,7.3098144e+08
SOM,PRT,1971,0.0,DOTS_IP,,,4.6876982e+08,7.3098144e+08
SPM,PRT,1971,0.0,DOTS_IP,1.0273e+06,4.643396e+06,4.6876982e+08,7.3098144e+08
STP,PRT,1971,1.1135931e+06,DOTS_IP,2.87644e+06,3.28736e+06,4.6876982e+08,7.3098144e+08
SUR,PRT,1971,0.0,DOTS_IP,7.2894744e+07,5.180838e+07,4.6876982e+08,7.3098144e+08
SWE,PRT,1971,1.9350222e+07,DOTS_IP,3.0656686e+09,2.907711e+09,4.6876982e+08,7.3098144e+08
SWZ,PRT,1971,,,3.2020326e+07,2.747255e+07,4.6876982e+08,7.3098144e+08
SYC,PRT,1971,0.0,DOTS_IP,761052.56,6.2921715e+06,4.6876982e+08,7.3098144e+08
SYR,PRT,1971,4109.1997,DOTS_IP,8.542739e+07,1.8091163e+08,4.6876982e+08,7.3098144e+08
TCD,PRT,1971,147931.2,DOTS_XP,1.1563576e+07,2.5624314e+07,4.6876982e+08,7.3098144e+08
TGO,PRT,1971,0.0,DOTS_IP,2.5535802e+07,2.983197e+07,4.6876982e+08,7.3098144e+08
THA,PRT,1971,1.088938e+06,DOTS_IP,3.4038144e+08,5.3194003e+08,4.6876982e+08,7.3098144e+08
TON,PRT,1971,0.0,DOTS_IP,1.02658906e+06,2.9421172e+06,4.6876982e+08,7.3098144e+08
TTO,PRT,1971,152040.39,DOTS_IP,2.1303736e+08,2.801948e+08,4.6876982e+08,7.3098144e+08
TUN,PRT,1971,0.0,DOTS_IP,9.057334e+07,1.420756e+08,4.6876982e+08,7.3098144e+08
TUR,PRT,1971,3.8462112e+06,DOTS_IP,2.7802848e+08,5.0841414e+08,4.6876982e+08,7.3098144e+08
TUV,PRT,1971,0.0,DOTS_IP,,,4.6876982e+08,7.3098144e+08
TWN,PRT,1971,57528.8,DOTS_IP,,,4.6876982e+08,7.3098144e+08
TZA,PRT,1971,0.0,DOTS_IP,1.1539044e+08,1.5687405e+08,4.6876982e+08,7.3098144e+08
UGA,PRT,1971,131494.39,DOTS_IP,1.0712479e+08,1.0131684e+08,4.6876982e+08,7.3098144e+08
URY,PRT,1971,891696.4,DOTS_IP,8.969662e+07,9.1503816e+07,4.6876982e+08,7.3098144e+08
USA,PRT,1971,4.9951436e+07,DOTS_IP,1.883452e+10,2.002746e+10,4.6876982e+08,7.3098144e+08
USSR,PRT,1971,197241.6,DOTS_IP,2.9043354e+09,2.753444e+09,4.6876982e+08,7.3098144e+08
VCT,PRT,1971,0.0,DOTS_IP,1.2349214e+06,7.493989e+06,4.6876982e+08,7.3098144e+08
VEN,PRT,1971,69856.4,DOTS_IP,1.3617962e+09,8.2886675e+08,4.6876982e+08,7.3098144e+08
VNM,PRT,1971,4109.1997,DOTS_IP,1.017479e+07,3.3605834e+08,4.6876982e+08,7.3098144e+08
VUT,PRT,1971,0.0,DOTS_IP,5.6156325e+06,7.913497e+06,4.6876982e+08,7.3098144e+08
WDEU,PRT,1971,1.1391936e+08,DOTS_IP,1.601232e+10,1.4136059e+10,4.6876982e+08,7.3098144e+08
WSM,PRT,1971,0.0,DOTS_IP,2.588796e+06,5.424144e+06,4.6876982e+08,7.3098144e+08
YAR,PRT,1971,0.0,COW,,,4.6876982e+08,7.3098144e+08
YMD,PRT,1971,0.0,COW,,,4.6876982e+08,7.3098144e+08
YUG,PRT,1971,994426.4,DOTS_IP,7.477429e+08,1.3325847e+09,4.6876982e+08,7.3098144e+08
ZAF,PRT,1971,2.1532208e+06,DOTS_IP,9.6617875e+08,1.5432803e+09,4.6876982e+08,7.3098144e+08
ZMB,PRT,1971,534196.0,DOTS_IP,2.7911616e+08,2.29701e+08,4.6876982e+08,7.3098144e+08
ZWE,PRT,1971,0.0,DOTS_IP,1.6599606e+08,1.8744526e+08,4.6876982e+08,7.3098144e+08
AFG,PRT,1972,124120.9,DOTS_IP,4.9876036e+07,6.566396e+07,5.4290394e+08,8.750003e+08
AGO,PRT,1972,6.854276e+07,DOTS_IP,2.2301507e+08,1.9221675e+08,5.4290394e+08,8.750003e+08
ALB,PRT,1972,0.0,DOTS_IP,1.3347801e+07,1.6335512e+07,5.4290394e+08,8.750003e+08
ANT,PRT,1972,380370.5,DOTS_IP,3.0229046e+08,3.489479e+08,5.4290394e+08,8.750003e+08
ARE,PRT,1972,0.0,DOTS_IP,4.6336333e+08,1.9843328e+08,5.4290394e+08,8.750003e+08
ARG,PRT,1972,5.012883e+06,DOTS_IP,8.603649e+08,7.6274694e+08,5.4290394e+08,8.750003e+08
ATG,PRT,1972,0.0,DOTS_IP,7.20702e+06,1.881833e+07,5.4290394e+08,8.750003e+08
AUS,PRT,1972,1.9378876e+06,DOTS_IP,2.690723e+09,2.024592e+09,5.4290394e+08,8.750003e+08
AUT,PRT,1972,1.186756e+07,DOTS_IP,1.551271e+09,2.0840301e+09,5.4290394e+08,8.750003e+08
BDI,PRT,1972,84081.9,DOTS_IP,1.1344177e+07,1.2652324e+07,5.4290394e+08,8.750003e+08
BEL,PRT,1972,2.1116568e+07,DOTS_IP,6.464817e+09,6.199719e+09,5.4290394e+08,8.750003e+08
BEN,PRT,1972,76074.1,DOTS_IP,1.6737503e+07,3.73696e+07,5.4290394e+08,8.750003e+08
BFA,PRT,1972,0.0,DOTS_IP,8.1939815e+06,2.3693078e+07,5.4290394e+08,8.750003e+08
BGD,PRT,1972,1.8978486e+06,DOTS_XP,1.0504232e+08,2.7334944e+08,5.4290394e+08,8.750003e+08
BGR,PRT,1972,0.0,DOTS_IP,9.5819834e+08,9.5819834e+08,5.4290394e+08,8.750003e+08
BHR,PRT,1972,5.1089765e+06,DOTS_IP,1.3912392e+08,1.1725698e+08,5.4290394e+08,8.750003e+08
BHS,PRT,1972,640624.0,DOTS_XP,1.374579e+08,1.941491e+08,5.4290394e+08,8.750003e+08
BLZ,PRT,1972,0.0,DOTS_IP,1.0562288e+07,1.6014836e+07,5.4290394e+08,8.750003e+08
BMU,PRT,1972,33632.76,DOTS_XP,1.4317946e+07,4.9176228e+07,5.4290394e+08,8.750003e+08
BOL,PRT,1972,56054.6,DOTS_IP,9.6236536e+07,7.4224696e+07,5.4290394e+08,8.750003e+08
BRA,PRT,1972,2.0988444e+07,DOTS_IP,1.6129591e+09,2.106648e+09,5.4290394e+08,8.750003e+08
BRB,PRT,1972,42441.34,DOTS_XP,1.7941476e+07,5.667841e+07,5.4290394e+08,8.750003e+08
BRN,PRT,1972,0.0,DOTS_IP,7.062479e+07,4.264554e+07,5.4290394e+08,8.750003e+08
BWA,PRT,1972,0.0,DOTS_IP,2.3339254e+07,4.384991e+07,5.4290394e+08,8.750003e+08
CAF,PRT,1972,0.0,DOTS_IP,1.8283408e+07,1.6217979e+07,5.4290394e+08,8.750003e+08
CAN,PRT,1972,6.802626e+06,DOTS_IP,8.5878733e+09,8.5503283e+09,5.4290394e+08,8.750003e+08
CHE,PRT,1972,3.3656784e+07,DOTS_IP,2.9012762e+09,3.746418e+09,5.4290394e+08,8.750003e+08
CHL,PRT,1972,40039.0,DOTS_IP,3.5380182e+08,4.06974e+08,5.4290394e+08,8.750003e+08
CHN,PRT,1972,184179.4,DOTS_IP,1.478456e+09,1.1413878e+09,5.4290394e+08,8.750003e+08
CIV,PRT,1972,516503.1,DOTS_IP,2.7582256e+08,1.8283659e+08,5.4290394e+08,8.750003e+08
CMR,PRT,1972,8007.8,DOTS_IP,9.859436e+07,1.2140225e+08,5.4290394e+08,8.750003e+08
COD,PRT,1972,648631.8,DOTS_IP,2.9532765e+08,3.0693898e+08,5.4290394e+08,8.750003e+08
COG,PRT,1972,496483.6,DOTS_IP,4.041617e+07,4.3491164e+07,5.4290394e+08,8.750003e+08
COL,PRT,1972,276269.1,DOTS_IP,3.6122106e+08,3.4411117e+08,5.4290394e+08,8.750003e+08
COM,PRT,1972,0.0,DOTS_IP,2.4158078e+06,4.444329e+06,5.4290394e+08,8.750003e+08
CPV,PRT,1972,664647.4,DOTS_IP,733514.44,1.005696e+07,5.4290394e+08,8.750003e+08
CRI,PRT,1972,0.0,DOTS_IP,1.355232e+08,1.4952645e+08,5.4290394e+08,8.750003e+08
CUB,PRT,1972,4003.9,DOTS_IP,3.3432566e+08,5.1730387e+08,5.4290394e+08,8.750003e+08
CYP,PRT,1972,8007.8,DOTS_IP,5.356938e+07,1.4017358e+08,5.4290394e+08,8.750003e+08
CZSK,PRT,1972,1.1010725e+06,DOTS_IP,9.881593e+08,8.279256e+08,5.4290394e+08,8.750003e+08
DJI,PRT,1972,0.0,DOTS_IP,1.9815665e+06,1.712348e+07,5.4290394e+08,8.750003e+08
DMA,PRT,1972,0.0,DOTS_IP,2.8137848e+06,6.8521145e+06,5.4290394e+08,8.750003e+08
DNK,PRT,1972,1.0386117e+07,DOTS_IP,1.764707e+09,2.022574e+09,5.4290394e+08,8.750003e+08
DOM,PRT,1972,4003.9,DOTS_IP,1.4562424e+08,1.4961347e+08,5.4290394e+08,8.750003e+08
DZA,PRT,1972,0.0,DOTS_IP,5.1546205e+08,6.0406483e+08,5.4290394e+08,8.750003e+08
ECU,PRT,1972,0.0,DOTS_IP,1.5878386e+08,1.356746e+08,5.4290394e+08,8.750003e+08
EDEU,PRT,1972,68066.3,DOTS_IP,7.583344e+08,6.7580986e+08,5.4290394e+08,8.750003e+08
EGY,PRT,1972,764744.9,DOTS_IP,3.3042186e+08,3.9030688e+08,5.4290394e+08,8.750003e+08
ESP,PRT,1972,4.1673148e+07,ESP TENA JUNGUITO,1.5368588e+09,2.721307e+09,5.4290394e+08,8.750003e+08
ETH,PRT,1972,4003.9,DOTS_IP,6.6779044e+07,7.579742e+07,5.4290394e+08,8.750003e+08
FIN,PRT,1972,3.207124e+06,DOTS_IP,1.1798893e+09,1.2815643e+09,5.4290394e+08,8.750003e+08
FJI,PRT,1972,0.0,DOTS_IP,3.0396808e+07,6.33425e+07,5.4290394e+08,8.750003e+08
FLK,PRT,1972,0.0,DOTS_IP,732713.7,336728.0,5.4290394e+08,8.750003e+08
FRA,PRT,1972,5.5494052e+07,DOTS_IP,1.0589835e+10,1.081045e+10,5.4290394e+08,8.750003e+08
FRO,PRT,1972,833612.0,DOTS_XP,1.849081e+07,1.8701816e+07,5.4290394e+08,8.750003e+08
GAB,PRT,1972,40039.0,DOTS_IP,1.1154454e+08,5.454313e+07,5.4290394e+08,8.750003e+08
GBR,PRT,1972,1.1370275e+08,DOTS_IP,9.90697e+09,1.130313e+10,5.4290394e+08,8.750003e+08
GHA,PRT,1972,0.0,DOTS_IP,1.7197472e+08,1.16314104e+08,5.4290394e+08,8.750003e+08
GIB,PRT,1972,16015.6,DOTS_IP,2.3578968e+06,1.5814204e+07,5.4290394e+08,8.750003e+08
GIN,PRT,1972,4003.9,DOTS_IP,2.0295368e+07,4.284173e+07,5.4290394e+08,8.750003e+08
GLP,PRT,1972,0.0,DOTS_IP,2.064651e+07,5.9311372e+07,5.4290394e+08,8.750003e+08
GMB,PRT,1972,1.0530258e+06,DOTS_IP,9.530483e+06,9.977318e+06,5.4290394e+08,8.750003e+08
GNB,PRT,1972,1.1170881e+06,DOTS_IP,2.3619008e+06,1.281248e+07,5.4290394e+08,8.750003e+08
GNQ,PRT,1972,,,7.695496e+06,1.0356488e+07,5.4290394e+08,8.750003e+08
GRC,PRT,1972,1.5254859e+06,DOTS_IP,3.772484e+08,1.1901215e+09,5.4290394e+08,8.750003e+08
GRD,PRT,1972,0.0,DOTS_IP,2.1952182e+06,8.978746e+06,5.4290394e+08,8.750003e+08
GRL,PRT,1972,0.0,DOTS_IP,8.763336e+06,2.9644076e+07,5.4290394e+08,8.750003e+08
GTM,PRT,1972,336327.6,DOTS_IP,1.5511149e+08,1.29739176e+08,5.4290394e+08,8.750003e+08
GUF,PRT,1972,16015.6,DOTS_IP,3.8033045e+06,1.8092422e+07,5.4290394e+08,8.750003e+08
GUY,PRT,1972,0.0,DOTS_IP,6.809873e+07,5.8456544e+07,5.4290394e+08,8.750003e+08
HKG,PRT,1972,496483.6,DOTS_IP,1.3887526e+09,1.5585981e+09,5.4290394e+08,8.750003e+08
HND,PRT,1972,3603.51,DOTS_XP,9.88739e+07,7.719319e+07,5.4290394e+08,8.750003e+08
HTI,PRT,1972,0.0,DOTS_IP,2.9955578e+07,3.843118e+07,5.4290394e+08,8.750003e+08
HUN,PRT,1972,48046.8,DOTS_IP,2.5794218e+08,2.4707382e+08,5.4290394e+08,8.750003e+08
IDN,PRT,1972,348339.3,DOTS_IP,8.6195174e+08,7.012317e+08,5.4290394e+08,8.750003e+08
IND,PRT,1972,148144.3,DOTS_IP,9.76327e+08,9.755116e+08,5.4290394e+08,8.750003e+08
IRL,PRT,1972,780760.5,DOTS_IP,6.7425197e+08,8.432374e+08,5.4290394e+08,8.750003e+08
IRN,PRT,1972,3.207124e+06,DOTS_IP,1.8246991e+09,9.7486854e+08,5.4290394e+08,8.750003e+08
IRQ,PRT,1972,1.6119701e+07,DOTS_IP,5.175955e+08,2.871597e+08,5.4290394e+08,8.750003e+08
ISL,PRT,1972,4.1880795e+06,DOTS_IP,7.654296e+07,9.3597976e+07,5.4290394e+08,8.750003e+08
ISR,PRT,1972,776756.6,DOTS_IP,4.6011216e+08,9.8976806e+08,5.4290394e+08,8.750003e+08
ITA,PRT,1972,4.756233e+07,DOTS_IP,7.424912e+09,7.7189586e+09,5.4290394e+08,8.750003e+08
JAM,PRT,1972,4003.9,DOTS_IP,1.6345827e+08,2.4453941e+08,5.4290394e+08,8.750003e+08
JOR,PRT,1972,0.0,DOTS_IP,1.9878562e+07,1.0682405e+08,5.4290394e+08,8.750003e+08
JPN,PRT,1972,2.640572e+07,DOTS_IP,1.1579439e+10,9.533086e+09,5.4290394e+08,8.750003e+08
KEN,PRT,1972,0.0,DOTS_IP,1.4776405e+08,2.1609728e+08,5.4290394e+08,8.750003e+08
KHM,PRT,1972,0.0,DOTS_IP,2.364303e+06,5.531355e+07,5.4290394e+08,8.750003e+08
KIR,PRT,1972,0.0,DOTS_IP,4.0323275e+06,2.0740202e+06,5.4290394e+08,8.750003e+08
KNA,PRT,1972,0.0,DOTS_IP,2.5249995e+06,6.369164e+06,5.4290394e+08,8.750003e+08
KOR,PRT,1972,48046.8,DOTS_IP,6.503535e+08,1.0096635e+09,5.4290394e+08,8.750003e+08
KWT,PRT,1972,0.0,DOTS_IP,1.2794916e+09,3.1975146e+08,5.4290394e+08,8.750003e+08
LAO,PRT,1972,0.0,DOTS_IP,5.1325995e+06,1.9828186e+07,5.4290394e+08,8.750003e+08
LBN,PRT,1972,60058.5,DOTS_IP,2.1764032e+08,4.1882294e+08,5.4290394e+08,8.750003e+08
LBR,PRT,1972,8007.8,DOTS_IP,1.650796e+08,2.7713994e+08,5.4290394e+08,8.750003e+08
LBY,PRT,1972,0.0,DOTS_IP,9.7159635e+08,4.5673222e+08,5.4290394e+08,8.750003e+08
LCA,PRT,1972,0.0,DOTS_IP,3.1461685e+06,1.4316024e+07,5.4290394e+08,8.750003e+08
LKA,PRT,1972,192187.2,DOTS_IP,1.294625e+08,1.3401613e+08,5.4290394e+08,8.750003e+08
LSO,PRT,1972,,,3.1758655e+06,2.2338078e+07,5.4290394e+08,8.750003e+08
LUX,PRT,1972,972947.7,COW,,,5.4290394e+08,8.750003e+08
MAC,PRT,1972,2.5825155e+06,DOTS_IP,3.797852e+07,4.1358284e+07,5.4290394e+08,8.750003e+08
MAR,PRT,1972,2.318258e+06,DOTS_IP,2.7522768e+08,3.1191184e+08,5.4290394e+08,8.750003e+08
MDG,PRT,1972,112109.2,DOTS_IP,7.148192e+07,8.102011e+07,5.4290394e+08,8.750003e+08
MDV,PRT,1972,0.0,DOTS_IP,1.381918e+06,2.1512075e+06,5.4290394e+08,8.750003e+08
MEX,PRT,1972,1.921872e+06,DOTS_IP,9.8666906e+08,1.2787343e+09,5.4290394e+08,8.750003e+08
MLI,PRT,1972,80078.0,DOTS_IP,1.6709876e+07,3.1444228e+07,5.4290394e+08,8.750003e+08
MLT,PRT,1972,12011.7,DOTS_IP,2.6890192e+07,6.915937e+07,5.4290394e+08,8.750003e+08
MMR,PRT,1972,0.0,DOTS_IP,4.923676e+07,6.811333e+07,5.4290394e+08,8.750003e+08
MNG,PRT,1972,0.0,DOTS_IP,,,5.4290394e+08,8.750003e+08
MOZ,PRT,1972,2.7542828e+07,DOTS_IP,1.0894809e+08,1.791433e+08,5.4290394e+08,8.750003e+08
MRT,PRT,1972,0.0,DOTS_IP,5.4635216e+07,3.0031434e+07,5.4290394e+08,8.750003e+08
MTQ,PRT,1972,0.0,DOTS_IP,2.6134256e+07,6.923184e+07,5.4290394e+08,8.750003e+08
MUS,PRT,1972,0.0,DOTS_IP,4.25026e+07,4.8117268e+07,5.4290394e+08,8.750003e+08
MWI,PRT,1972,472460.2,DOTS_IP,3.2532088e+07,5.1917372e+07,5.4290394e+08,8.750003e+08
MYS,PRT,1972,1.7977511e+06,DOTS_IP,8.331906e+08,6.5596205e+08,5.4290394e+08,8.750003e+08
NAM,PRT,1972,0.0,DOTS_IP,,,5.4290394e+08,8.750003e+08
NCL,PRT,1972,0.0,DOTS_IP,7.6002424e+07,8.3550984e+07,5.4290394e+08,8.750003e+08
NER,PRT,1972,1.4053689e+06,DOTS_IP,2.1684322e+07,2.7355046e+07,5.4290394e+08,8.750003e+08
NGA,PRT,1972,424413.4,DOTS_IP,9.55416e+08,6.024668e+08,5.4290394e+08,8.750003e+08
NIC,PRT,1972,896873.6,DOTS_IP,1.037979e+08,8.746519e+07,5.4290394e+08,8.750003e+08
NLD,PRT,1972,2.1833266e+07,DOTS_IP,6.723589e+09,7.6339343e+09,5.4290394e+08,8.750003e+08
NOR,PRT,1972,1.0017758e+07,DOTS_IP,1.3111931e+09,1.7489556e+09,5.4290394e+08,8.750003e+08
NPL,PRT,1972,0.0,DOTS_IP,2.321273e+07,3.407567e+07,5.4290394e+08,8.750003e+08
NRU,PRT,1972,0.0,DOTS_IP,,,5.4290394e+08,8.750003e+08
NZL,PRT,1972,1.0530258e+06,DOTS_IP,7.69063e+08,6.102464e+08,5.4290394e+08,8.750003e+08
OMN,PRT,1972,0.0,DOTS_IP,1.592455e+08,7.243641e+07,5.4290394e+08,8.750003e+08
PAK,PRT,1972,2.6585895e+06,DOTS_IP,2.819334e+08,3.2170173e+08,5.4290394e+08,8.750003e+08
PAN,PRT,1972,128124.8,DOTS_IP,1.03297016e+08,4.2968115e+08,5.4290394e+08,8.750003e+08
PER,PRT,1972,468456.3,DOTS_IP,4.1207418e+08,3.6596054e+08,5.4290394e+08,8.750003e+08
PHL,PRT,1972,56054.6,DOTS_IP,5.370999e+08,5.5870464e+08,5.4290394e+08,8.750003e+08
PNG,PRT,1972,0.0,DOTS_IP,8.742635e+07,1.32918664e+08,5.4290394e+08,8.750003e+08
POL,PRT,1972,4.1920832e+06,DOTS_IP,1.9728736e+09,2.3472384e+09,5.4290394e+08,8.750003e+08
PRK,PRT,1972,0.0,DOTS_IP,4.4970348e+07,,5.4290394e+08,8.750003e+08
PRT,AFG,1972,4003.9,DOTS_XP,5.4290394e+08,8.750003e+08,4.9876036e+07,6.566396e+07
PRT,AGO,1972,3.6518772e+07,DOTS_IP,5.4290394e+08,8.750003e+08,2.2301507e+08,1.9221675e+08
PRT,ALB,1972,0.0,DOTS_IP,5.4290394e+08,8.750003e+08,1.3347801e+07,1.6335512e+07
PRT,ANT,1972,128124.8,DOTS_IP,5.4290394e+08,8.750003e+08,3.0229046e+08,3.489479e+08
PRT,ARE,1972,0.0,DOTS_IP,5.4290394e+08,8.750003e+08,4.6336333e+08,1.9843328e+08
PRT,ARG,1972,900877.5,DOTS_IP,5.4290394e+08,8.750003e+08,8.603649e+08,7.6274694e+08
PRT,ATG,1972,0.0,DOTS_IP,5.4290394e+08,8.750003e+08,7.20702e+06,1.881833e+07
PRT,AUS,1972,2.3142542e+06,DOTS_IP,5.4290394e+08,8.750003e+08,2.690723e+09,2.024592e+09
PRT,AUT,1972,8.648424e+06,DOTS_IP,5.4290394e+08,8.750003e+08,1.551271e+09,2.0840301e+09
PRT,BDI,1972,0.0,DOTS_IP,5.4290394e+08,8.750003e+08,1.1344177e+07,1.2652324e+07
PRT,BEL,1972,1.4173806e+07,DOTS_IP,5.4290394e+08,8.750003e+08,6.464817e+09,6.199719e+09
PRT,BEN,1972,0.0,DOTS_IP,5.4290394e+08,8.750003e+08,1.6737503e+07,3.73696e+07
PRT,BFA,1972,0.0,DOTS_IP,5.4290394e+08,8.750003e+08,8.1939815e+06,2.3693078e+07
PRT,BGD,1972,0.0,DOTS_IP,5.4290394e+08,8.750003e+08,1.0504232e+08,2.7334944e+08
PRT,BGR,1972,272265.2,DOTS_XP,5.4290394e+08,8.750003e+08,9.5819834e+08,9.5819834e+08
PRT,BHR,1972,16015.6,DOTS_XP,5.4290394e+08,8.750003e+08,1.3912392e+08,1.1725698e+08
PRT,BHS,1972,40039.0,DOTS_IP,5.4290394e+08,8.750003e+08,1.374579e+08,1.941491e+08
PRT,BLZ,1972,0.0,DOTS_IP,5.4290394e+08,8.750003e+08,1.0562288e+07,1.6014836e+07
PRT,BMU,1972,130126.75,DOTS_IP,5.4290394e+08,8.750003e+08,1.4317946e+07,4.9176228e+07
PRT,BOL,1972,74072.15,DOTS_IP,5.4290394e+08,8.750003e+08,9.6236536e+07,7.4224696e+07
PRT,BRA,1972,7.156971e+06,DOTS_IP,5.4290394e+08,8.750003e+08,1.6129591e+09,2.106648e+09
PRT,BRB,1972,49247.97,DOTS_IP,5.4290394e+08,8.750003e+08,1.7941476e+07,5.667841e+07
PRT,BRN,1972,4003.9,DOTS_IP,5.4290394e+08,8.750003e+08,7.062479e+07,4.264554e+07
PRT,BWA,1972,0.0,DOTS_IP,5.4290394e+08,8.750003e+08,2.3339254e+07,4.384991e+07
PRT,CAF,1972,64062.4,DOTS_IP,5.4290394e+08,8.750003e+08,1.8283408e+07,1.6217979e+07
PRT,CAN,1972,9.809555e+06,DOTS_IP,5.4290394e+08,8.750003e+08,8.5878733e+09,8.5503283e+09
PRT,CHE,1972,1.5815405e+07,DOTS_IP,5.4290394e+08,8.750003e+08,2.9012762e+09,3.746418e+09
PRT,CHL,1972,324315.9,DOTS_IP,5.4290394e+08,8.750003e+08,3.5380182e+08,4.06974e+08
PRT,CHN,1972,4003.9,DOTS_XP,5.4290394e+08,8.750003e+08,1.478456e+09,1.1413878e+09
PRT,CIV,1972,16015.6,DOTS_XP,5.4290394e+08,8.750003e+08,2.7582256e+08,1.8283659e+08
PRT,CMR,1972,800.78,DOTS_IP,5.4290394e+08,8.750003e+08,9.859436e+07,1.2140225e+08
PRT,COD,1972,1.481443e+06,DOTS_IP,5.4290394e+08,8.750003e+08,2.9532765e+08,3.0693898e+08
PRT,COG,1972,24023.4,DOTS_XP,5.4290394e+08,8.750003e+08,4.041617e+07,4.3491164e+07
PRT,COL,1972,76074.1,DOTS_IP,5.4290394e+08,8.750003e+08,3.6122106e+08,3.4411117e+08
PRT,COM,1972,0.0,DOTS_IP,5.4290394e+08,8.750003e+08,2.4158078e+06,4.444329e+06
PRT,CPV,1972,5.365226e+06,DOTS_IP,5.4290394e+08,8.750003e+08,733514.44,1.005696e+07
PRT,CRI,1972,197392.27,DOTS_IP,5.4290394e+08,8.750003e+08,1.355232e+08,1.4952645e+08
PRT,CUB,1972,0.0,DOTS_IP,5.4290394e+08,8.750003e+08,3.3432566e+08,5.1730387e+08
PRT,CYP,1972,761141.4,DOTS_IP,5.4290394e+08,8.750003e+08,5.356938e+07,1.4017358e+08
PRT,CZSK,1972,664647.4,DOTS_XP,5.4290394e+08,8.750003e+08,9.881593e+08,8.279256e+08
PRT,DJI,1972,4003.9,DOTS_XP,5.4290394e+08,8.750003e+08,1.9815665e+06,1.712348e+07
PRT,DMA,1972,0.0,DOTS_IP,5.4290394e+08,8.750003e+08,2.8137848e+06,6.8521145e+06
PRT,DNK,1972,1.6407982e+07,DOTS_IP,5.4290394e+08,8.750003e+08,1.764707e+09,2.022574e+09
PRT,DOM,1972,116113.1,DOTS_XP,5.4290394e+08,8.750003e+08,1.4562424e+08,1.4961347e+08
PRT,DZA,1972,0.0,DOTS_IP,5.4290394e+08,8.750003e+08,5.1546205e+08,6.0406483e+08
PRT,ECU,1972,108105.3,DOTS_IP,5.4290394e+08,8.750003e+08,1.5878386e+08,1.356746e+08
PRT,EDEU,1972,136132.6,DOTS_XP,5.4290394e+08,8.750003e+08,7.583344e+08,6.7580986e+08
PRT,EGY,1972,0.0,DOTS_IP,5.4290394e+08,8.750003e+08,3.3042186e+08,3.9030688e+08
PRT,ESP,1972,1.0635623e+07,ESP TENA JUNGUITO,5.4290394e+08,8.750003e+08,1.5368588e+09,2.721307e+09
PRT,ETH,1972,400.39,DOTS_IP,5.4290394e+08,8.750003e+08,6.6779044e+07,7.579742e+07
PRT,FIN,1972,1.0041781e+07,DOTS_IP,5.4290394e+08,8.750003e+08,1.1798893e+09,1.2815643e+09
PRT,FJI,1972,15214.82,DOTS_IP,5.4290394e+08,8.750003e+08,3.0396808e+07,6.33425e+07
PRT,FRA,1972,2.8307572e+07,DOTS_IP,5.4290394e+08,8.750003e+08,1.0589835e+10,1.081045e+10
PRT,FRO,1972,25224.57,DOTS_IP,5.4290394e+08,8.750003e+08,1.849081e+07,1.8701816e+07
PRT,GAB,1972,4003.9,DOTS_XP,5.4290394e+08,8.750003e+08,1.1154454e+08,5.454313e+07
PRT,GBR,1972,1.2680351e+08,DOTS_IP,5.4290394e+08,8.750003e+08,9.90697e+09,1.130313e+10
PRT,GHA,1972,2001.95,DOTS_IP,5.4290394e+08,8.750003e+08,1.7197472e+08,1.16314104e+08
PRT,GIB,1972,156152.1,DOTS_XP,5.4290394e+08,8.750003e+08,2.3578968e+06,1.5814204e+07
PRT,GIN,1972,204198.9,DOTS_XP,5.4290394e+08,8.750003e+08,2.0295368e+07,4.284173e+07
PRT,GLP,1972,38037.05,DOTS_IP,5.4290394e+08,8.750003e+08,2.064651e+07,5.9311372e+07
PRT,GMB,1972,1601.56,DOTS_IP,5.4290394e+08,8.750003e+08,9.530483e+06,9.977318e+06
PRT,GNB,1972,7.327137e+06,DOTS_IP,5.4290394e+08,8.750003e+08,2.3619008e+06,1.281248e+07
PRT,GNQ,1972,60058.5,DOTS_XP,5.4290394e+08,8.750003e+08,7.695496e+06,1.0356488e+07
PRT,GRC,1972,1.1531232e+06,DOTS_IP,5.4290394e+08,8.750003e+08,3.772484e+08,1.1901215e+09
PRT,GRD,1972,0.0,DOTS_IP,5.4290394e+08,8.750003e+08,2.1952182e+06,8.978746e+06
PRT,GRL,1972,0.0,DOTS_IP,5.4290394e+08,8.750003e+08,8.763336e+06,2.9644076e+07
PRT,GTM,1972,185380.56,DOTS_IP,5.4290394e+08,8.750003e+08,1.5511149e+08,1.29739176e+08
PRT,GUF,1972,8007.8,DOTS_XP,5.4290394e+08,8.750003e+08,3.8033045e+06,1.8092422e+07
PRT,GUY,1972,0.0,DOTS_IP,5.4290394e+08,8.750003e+08,6.809873e+07,5.8456544e+07
PRT,HKG,1972,1.161131e+06,DOTS_IP,5.4290394e+08,8.750003e+08,1.3887526e+09,1.5585981e+09
PRT,HND,1972,78476.44,DOTS_IP,5.4290394e+08,8.750003e+08,9.88739e+07,7.719319e+07
PRT,HTI,1972,12412.09,DOTS_IP,5.4290394e+08,8.750003e+08,2.9955578e+07,3.843118e+07
PRT,HUN,1972,300292.5,DOTS_XP,5.4290394e+08,8.750003e+08,2.5794218e+08,2.4707382e+08
PRT,IDN,1972,316308.1,DOTS_XP,5.4290394e+08,8.750003e+08,8.6195174e+08,7.012317e+08
PRT,IND,1972,4003.9,DOTS_XP,5.4290394e+08,8.750003e+08,9.76327e+08,9.755116e+08
PRT,IRL,1972,3.6996035e+06,DOTS_IP,5.4290394e+08,8.750003e+08,6.7425197e+08,8.432374e+08
PRT,IRN,1972,188183.3,DOTS_XP,5.4290394e+08,8.750003e+08,1.8246991e+09,9.7486854e+08
PRT,IRQ,1972,800780.0,DOTS_IP,5.4290394e+08,8.750003e+08,5.175955e+08,2.871597e+08
PRT,ISL,1972,548534.3,DOTS_IP,5.4290394e+08,8.750003e+08,7.654296e+07,9.3597976e+07
PRT,ISR,1972,2.2261685e+06,DOTS_IP,5.4290394e+08,8.750003e+08,4.6011216e+08,9.8976806e+08
PRT,ITA,1972,1.5855444e+07,DOTS_IP,5.4290394e+08,8.750003e+08,7.424912e+09,7.7189586e+09
PRT,JAM,1972,154150.16,DOTS_IP,5.4290394e+08,8.750003e+08,1.6345827e+08,2.4453941e+08
PRT,JOR,1972,180175.5,DOTS_IP,5.4290394e+08,8.750003e+08,1.9878562e+07,1.0682405e+08
PRT,JPN,1972,5.925772e+06,DOTS_IP,5.4290394e+08,8.750003e+08,1.1579439e+10,9.533086e+09
PRT,KEN,1972,0.0,DOTS_IP,5.4290394e+08,8.750003e+08,1.4776405e+08,2.1609728e+08
PRT,KIR,1972,0.0,DOTS_IP,5.4290394e+08,8.750003e+08,4.0323275e+06,2.0740202e+06
PRT,KNA,1972,0.0,DOTS_IP,5.4290394e+08,8.750003e+08,2.5249995e+06,6.369164e+06
PRT,KOR,1972,36035.1,DOTS_XP,5.4290394e+08,8.750003e+08,6.503535e+08,1.0096635e+09
PRT,KWT,1972,0.0,DOTS_IP,5.4290394e+08,8.750003e+08,1.2794916e+09,3.1975146e+08
PRT,LAO,1972,3203.1199,DOTS_IP,5.4290394e+08,8.750003e+08,5.1325995e+06,1.9828186e+07
PRT,LBN,1972,1.1811505e+06,DOTS_IP,5.4290394e+08,8.750003e+08,2.1764032e+08,4.1882294e+08
PRT,LBR,1972,4003.9,DOTS_XP,5.4290394e+08,8.750003e+08,1.650796e+08,2.7713994e+08
PRT,LBY,1972,0.0,DOTS_IP,5.4290394e+08,8.750003e+08,9.7159635e+08,4.5673222e+08
PRT,LCA,1972,0.0,DOTS_IP,5.4290394e+08,8.750003e+08,3.1461685e+06,1.4316024e+07
PRT,LKA,1972,16015.6,DOTS_XP,5.4290394e+08,8.750003e+08,1.294625e+08,1.3401613e+08
PRT,LSO,1972,0.0,DOTS_IP,5.4290394e+08,8.750003e+08,3.1758655e+06,2.2338078e+07
PRT,LUX,1972,652635.7,COW,5.4290394e+08,8.750003e+08,,
PRT,MAC,1972,429618.47,DOTS_IP,5.4290394e+08,8.750003e+08,3.797852e+07,4.1358284e+07
PRT,MAR,1972,2.562496e+06,DOTS_IP,5.4290394e+08,8.750003e+08,2.7522768e+08,3.1191184e+08
PRT,MDG,1972,4003.9,DOTS_XP,5.4290394e+08,8.750003e+08,7.148192e+07,8.102011e+07
PRT,MDV,1972,0.0,DOTS_IP,5.4290394e+08,8.750003e+08,1.381918e+06,2.1512075e+06
PRT,MEX,1972,440429.0,DOTS_IP,5.4290394e+08,8.750003e+08,9.8666906e+08,1.2787343e+09
PRT,MLI,1972,0.0,DOTS_IP,5.4290394e+08,8.750003e+08,1.6709876e+07,3.1444228e+07
PRT,MLT,1972,24023.4,DOTS_IP,5.4290394e+08,8.750003e+08,2.6890192e+07,6.915937e+07
PRT,MMR,1972,6406.2397,DOTS_IP,5.4290394e+08,8.750003e+08,4.923676e+07,6.811333e+07
PRT,MNG,1972,0.0,DOTS_IP,5.4290394e+08,8.750003e+08,,
PRT,MOZ,1972,3.1326514e+07,DOTS_IP,5.4290394e+08,8.750003e+08,1.0894809e+08,1.791433e+08
PRT,MRT,1972,0.0,DOTS_IP,5.4290394e+08,8.750003e+08,5.4635216e+07,3.0031434e+07
PRT,MTQ,1972,78076.05,DOTS_IP,5.4290394e+08,8.750003e+08,2.6134256e+07,6.923184e+07
PRT,MUS,1972,45244.07,DOTS_IP,5.4290394e+08,8.750003e+08,4.25026e+07,4.8117268e+07
PRT,MWI,1972,184980.17,DOTS_IP,5.4290394e+08,8.750003e+08,3.2532088e+07,5.1917372e+07
PRT,MYS,1972,724705.9,DOTS_IP,5.4290394e+08,8.750003e+08,8.331906e+08,6.5596205e+08
PRT,NAM,1972,0.0,DOTS_IP,5.4290394e+08,8.750003e+08,,
PRT,NCL,1972,0.0,DOTS_IP,5.4290394e+08,8.750003e+08,7.6002424e+07,8.3550984e+07
PRT,NER,1972,0.0,DOTS_IP,5.4290394e+08,8.750003e+08,2.1684322e+07,2.7355046e+07
PRT,NGA,1972,228222.3,DOTS_XP,5.4290394e+08,8.750003e+08,9.55416e+08,6.024668e+08
PRT,NIC,1972,71669.81,DOTS_IP,5.4290394e+08,8.750003e+08,1.037979e+08,8.746519e+07
PRT,NLD,1972,1.2051739e+07,DOTS_IP,5.4290394e+08,8.750003e+08,6.723589e+09,7.6339343e+09
PRT,NOR,1972,9.761508e+06,DOTS_IP,5.4290394e+08,8.750003e+08,1.3111931e+09,1.7489556e+09
PRT,NRU,1972,0.0,DOTS_IP,5.4290394e+08,8.750003e+08,,
PRT,NZL,1972,520507.0,DOTS_IP,5.4290394e+08,8.750003e+08,7.69063e+08,6.102464e+08
PRT,OMN,1972,0.0,DOTS_IP,5.4290394e+08,8.750003e+08,1.592455e+08,7.243641e+07
PRT,PAK,1972,268261.3,DOTS_IP,5.4290394e+08,8.750003e+08,2.819334e+08,3.2170173e+08
PRT,PAN,1972,171366.92,DOTS_IP,5.4290394e+08,8.750003e+08,1.03297016e+08,4.2968115e+08
PRT,PER,1972,480468.0,DOTS_IP,5.4290394e+08,8.750003e+08,4.1207418e+08,3.6596054e+08
PRT,PHL,1972,640624.0,DOTS_IP,5.4290394e+08,8.750003e+08,5.370999e+08,5.5870464e+08
PRT,PNG,1972,22421.84,DOTS_IP,5.4290394e+08,8.750003e+08,8.742635e+07,1.32918664e+08
PRT,POL,1972,744725.4,DOTS_XP,5.4290394e+08,8.750003e+08,1.9728736e+09,2.3472384e+09
PRT,PRK,1972,0.0,DOTS_IP,5.4290394e+08,8.750003e+08,4.4970348e+07,
PRT,PRY,1972,28027.3,DOTS_IP,5.4290394e+08,8.750003e+08,4.6978268e+07,4.095098e+07
PRT,PYF,1972,16015.6,DOTS_XP,5.4290394e+08,8.750003e+08,5.8540055e+06,6.2298668e+07
PRT,QAT,1972,0.0,DOTS_IP,5.4290394e+08,8.750003e+08,1.5784576e+08,5.5590148e+07
PRT,REU,1972,4003.9,DOTS_XP,5.4290394e+08,8.750003e+08,8.953045e+06,3.1748386e+07
PRT,ROM,1972,1.0330062e+06,DOTS_IP,5.4290394e+08,8.750003e+08,1.04181075e+09,1.1562062e+09
PRT,RWA,1972,0.0,DOTS_IP,5.4290394e+08,8.750003e+08,9.242202e+06,1.3733377e+07
PRT,SAU,1972,280273.0,DOTS_IP,5.4290394e+08,8.750003e+08,2.2680878e+09,5.136696e+08
PRT,SDN,1972,0.0,DOTS_IP,5.4290394e+08,8.750003e+08,1.4329117e+08,1.3557605e+08
PRT,SEN,1972,0.0,DOTS_IP,5.4290394e+08,8.750003e+08,8.8430136e+07,1.11257976e+08
PRT,SGP,1972,416405.6,DOTS_IP,5.4290394e+08,8.750003e+08,8.764537e+08,1.3592239e+09
PRT,SHN,1972,0.0,DOTS_IP,5.4290394e+08,8.750003e+08,,
PRT,SLB,1972,0.0,DOTS_IP,5.4290394e+08,8.750003e+08,4.366213e+06,6.628216e+06
PRT,SLE,1972,4003.9,DOTS_XP,5.4290394e+08,8.750003e+08,5.6989e+07,4.7878236e+07
PRT,SLV,1972,46845.63,DOTS_IP,5.4290394e+08,8.750003e+08,1.2080446e+08,1.11348856e+08
PRT,SOM,1972,800.77997,DOTS_IP,5.4290394e+08,8.750003e+08,,
PRT,SPM,1972,0.0,DOTS_IP,5.4290394e+08,8.750003e+08,1.7457004e+06,5.694747e+06
PRT,STP,1972,1.3252909e+06,DOTS_XP,5.4290394e+08,8.750003e+08,2.80273e+06,3.20312e+06
PRT,SUR,1972,89286.97,DOTS_IP,5.4290394e+08,8.750003e+08,6.9378376e+07,5.7751452e+07
PRT,SWE,1972,3.4273384e+07,DOTS_IP,5.4290394e+08,8.750003e+08,3.5069757e+09,3.227824e+09
PRT,SWZ,1972,20019.5,DOTS_XP,5.4290394e+08,8.750003e+08,3.2660894e+07,2.7738618e+07
PRT,SYC,1972,0.0,DOTS_IP,5.4290394e+08,8.750003e+08,1.04925e+06,8.375238e+06
PRT,SYR,1972,4003.9,DOTS_IP,5.4290394e+08,8.750003e+08,1.15044056e+08,2.1602242e+08
PRT,TCD,1972,8007.8,DOTS_XP,5.4290394e+08,8.750003e+08,1.4344132e+07,2.4898132e+07
PRT,TGO,1972,0.0,DOTS_IP,5.4290394e+08,8.750003e+08,2.3966946e+07,3.3989908e+07
PRT,THA,1972,340331.5,DOTS_IP,5.4290394e+08,8.750003e+08,4.328296e+08,5.9427085e+08
PRT,TON,1972,0.0,DOTS_IP,5.4290394e+08,8.750003e+08,1.00195194e+06,3.6441735e+06
PRT,TTO,1972,248241.8,DOTS_IP,5.4290394e+08,8.750003e+08,2.2286509e+08,3.061742e+08
PRT,TUN,1972,108105.3,DOTS_XP,5.4290394e+08,8.750003e+08,1.2446925e+08,1.852408e+08
PRT,TUR,1972,516503.1,DOTS_IP,5.4290394e+08,8.750003e+08,3.5730803e+08,6.661294e+08
PRT,TUV,1972,0.0,DOTS_IP,5.4290394e+08,8.750003e+08,,
PRT,TWN,1972,320312.0,DOTS_IP,5.4290394e+08,8.750003e+08,,
PRT,TZA,1972,0.0,DOTS_IP,5.4290394e+08,8.750003e+08,1.28017496e+08,1.6325906e+08
PRT,UGA,1972,0.0,DOTS_IP,5.4290394e+08,8.750003e+08,1.1337843e+08,6.483955e+07
PRT,URY,1972,50048.75,DOTS_IP,5.4290394e+08,8.750003e+08,8.5717896e+07,7.622305e+07
PRT,USA,1972,6.4622944e+07,DOTS_IP,5.4290394e+08,8.750003e+08,2.0487565e+10,2.3753538e+10
PRT,USSR,1972,100097.5,DOTS_XP,5.4290394e+08,8.750003e+08,3.0306742e+09,3.5779297e+09
PRT,VCT,1972,0.0,DOTS_IP,5.4290394e+08,8.750003e+08,1.3733418e+06,7.3439535e+06
PRT,VEN,1972,2.202145e+06,DOTS_IP,5.4290394e+08,8.750003e+08,1.326657e+09,9.483638e+08
PRT,VNM,1972,234628.55,DOTS_IP,5.4290394e+08,8.750003e+08,1.444527e+07,2.747651e+08
PRT,VUT,1972,0.0,DOTS_IP,5.4290394e+08,8.750003e+08,5.3388e+06,1.0374906e+07
PRT,WDEU,1972,3.963861e+07,DOTS_IP,5.4290394e+08,8.750003e+08,1.8711826e+10,1.6168189e+10
PRT,WSM,1972,0.0,DOTS_IP,5.4290394e+08,8.750003e+08,2.2281705e+06,7.769386e+06
PRT,YAR,1972,4003.9,COW,5.4290394e+08,8.750003e+08,,
PRT,YMD,1972,4003.9,COW,5.4290394e+08,8.750003e+08,,
PRT,YUG,1972,148144.3,DOTS_XP,5.4290394e+08,8.750003e+08,8.958887e+08,1.2891638e+09
PRT,ZAF,1972,4.2281185e+06,DOTS_XP,5.4290394e+08,8.750003e+08,1.1556288e+09,1.3414801e+09
PRT,ZMB,1972,136860.52,DOTS_IP,5.4290394e+08,8.750003e+08,3.036746e+08,2.2638933e+08
PRT,ZWE,1972,0.0,DOTS_IP,5.4290394e+08,8.750003e+08,2.0631616e+08,1.913572e+08
PRY,PRT,1972,52050.7,DOTS_IP,4.6978268e+07,4.095098e+07,5.4290394e+08,8.750003e+08
PYF,PRT,1972,0.0,DOTS_IP,5.8540055e+06,6.2298668e+07,5.4290394e+08,8.750003e+08
QAT,PRT,1972,0.0,DOTS_IP,1.5784576e+08,5.5590148e+07,5.4290394e+08,8.750003e+08
REU,PRT,1972,0.0,DOTS_IP,8.953045e+06,3.1748386e+07,5.4290394e+08,8.750003e+08
ROM,PRT,1972,2.4303672e+06,DOTS_IP,1.04181075e+09,1.1562062e+09,5.4290394e+08,8.750003e+08
RWA,PRT,1972,0.0,DOTS_IP,9.242202e+06,1.3733377e+07,5.4290394e+08,8.750003e+08
SAU,PRT,1972,1.1955645e+07,DOTS_IP,2.2680878e+09,5.136696e+08,5.4290394e+08,8.750003e+08
SDN,PRT,1972,3.7876895e+06,DOTS_IP,1.4329117e+08,1.3557605e+08,5.4290394e+08,8.750003e+08
SEN,PRT,1972,348339.3,DOTS_IP,8.8430136e+07,1.11257976e+08,5.4290394e+08,8.750003e+08
SGP,PRT,1972,84081.9,DOTS_IP,8.764537e+08,1.3592239e+09,5.4290394e+08,8.750003e+08
SHN,PRT,1972,0.0,DOTS_IP,,,5.4290394e+08,8.750003e+08
SLB,PRT,1972,0.0,DOTS_IP,4.366213e+06,6.628216e+06,5.4290394e+08,8.750003e+08
SLE,PRT,1972,0.0,DOTS_IP,5.6989e+07,4.7878236e+07,5.4290394e+08,8.750003e+08
SLV,PRT,1972,3603.51,DOTS_XP,1.2080446e+08,1.11348856e+08,5.4290394e+08,8.750003e+08
SOM,PRT,1972,0.0,DOTS_IP,,,5.4290394e+08,8.750003e+08
SPM,PRT,1972,0.0,DOTS_IP,1.7457004e+06,5.694747e+06,5.4290394e+08,8.750003e+08
STP,PRT,1972,964939.9,DOTS_IP,2.80273e+06,3.20312e+06,5.4290394e+08,8.750003e+08
SUR,PRT,1972,0.0,DOTS_IP,6.9378376e+07,5.7751452e+07,5.4290394e+08,8.750003e+08
SWE,PRT,1972,2.6193514e+07,DOTS_IP,3.5069757e+09,3.227824e+09,5.4290394e+08,8.750003e+08
SWZ,PRT,1972,,,3.2660894e+07,2.7738618e+07,5.4290394e+08,8.750003e+08
SYC,PRT,1972,0.0,DOTS_IP,1.04925e+06,8.375238e+06,5.4290394e+08,8.750003e+08
SYR,PRT,1972,32031.2,DOTS_IP,1.15044056e+08,2.1602242e+08,5.4290394e+08,8.750003e+08
TCD,PRT,1972,796776.1,DOTS_IP,1.4344132e+07,2.4898132e+07,5.4290394e+08,8.750003e+08
TGO,PRT,1972,0.0,DOTS_IP,2.3966946e+07,3.3989908e+07,5.4290394e+08,8.750003e+08
THA,PRT,1972,1.0290023e+06,DOTS_IP,4.328296e+08,5.9427085e+08,5.4290394e+08,8.750003e+08
TON,PRT,1972,0.0,DOTS_IP,1.00195194e+06,3.6441735e+06,5.4290394e+08,8.750003e+08
TTO,PRT,1972,80078.0,DOTS_IP,2.2286509e+08,3.061742e+08,5.4290394e+08,8.750003e+08
TUN,PRT,1972,5.6735265e+06,DOTS_IP,1.2446925e+08,1.852408e+08,5.4290394e+08,8.750003e+08
TUR,PRT,1972,7.0628795e+06,DOTS_IP,3.5730803e+08,6.661294e+08,5.4290394e+08,8.750003e+08
TUV,PRT,1972,0.0,DOTS_IP,,,5.4290394e+08,8.750003e+08
TWN,PRT,1972,120117.0,DOTS_IP,,,5.4290394e+08,8.750003e+08
TZA,PRT,1972,216210.6,DOTS_IP,1.28017496e+08,1.6325906e+08,5.4290394e+08,8.750003e+08
UGA,PRT,1972,652635.7,DOTS_IP,1.1337843e+08,6.483955e+07,5.4290394e+08,8.750003e+08
URY,PRT,1972,2.5865195e+06,DOTS_IP,8.5717896e+07,7.622305e+07,5.4290394e+08,8.750003e+08
USA,PRT,1972,7.774773e+07,DOTS_IP,2.0487565e+10,2.3753538e+10,5.4290394e+08,8.750003e+08
USSR,PRT,1972,24023.4,DOTS_IP,3.0306742e+09,3.5779297e+09,5.4290394e+08,8.750003e+08
VCT,PRT,1972,0.0,DOTS_IP,1.3733418e+06,7.3439535e+06,5.4290394e+08,8.750003e+08
VEN,PRT,1972,40039.0,DOTS_IP,1.326657e+09,9.483638e+08,5.4290394e+08,8.750003e+08
VNM,PRT,1972,16015.6,DOTS_IP,1.444527e+07,2.747651e+08,5.4290394e+08,8.750003e+08
VUT,PRT,1972,0.0,DOTS_IP,5.3388e+06,1.0374906e+07,5.4290394e+08,8.750003e+08
WDEU,PRT,1972,1.2954619e+08,DOTS_IP,1.8711826e+10,1.6168189e+10,5.4290394e+08,8.750003e+08
WSM,PRT,1972,0.0,DOTS_IP,2.2281705e+06,7.769386e+06,5.4290394e+08,8.750003e+08
YAR,PRT,1972,0.0,COW,,,5.4290394e+08,8.750003e+08
YMD,PRT,1972,0.0,COW,,,5.4290394e+08,8.750003e+08
YUG,PRT,1972,1.1050764e+06,DOTS_IP,8.958887e+08,1.2891638e+09,5.4290394e+08,8.750003e+08
ZAF,PRT,1972,3.0950148e+06,DOTS_IP,1.1556288e+09,1.3414801e+09,5.4290394e+08,8.750003e+08
ZMB,PRT,1972,396386.1,DOTS_IP,3.036746e+08,2.2638933e+08,5.4290394e+08,8.750003e+08
ZWE,PRT,1972,0.0,DOTS_IP,2.0631616e+08,1.913572e+08,5.4290394e+08,8.750003e+08
AFG,PRT,1973,134696.42,DOTS_IP,6.490572e+07,7.020541e+07,7.946369e+08,1.2321661e+09
AGO,PRT,1973,7.7201464e+07,DOTS_IP,3.2741843e+08,3.1878048e+08,7.946369e+08,1.2321661e+09
ALB,PRT,1973,32653.68,DOTS_IP,1.9999562e+07,2.260451e+07,7.946369e+08,1.2321661e+09
ANT,PRT,1973,330618.5,DOTS_IP,5.5404314e+08,6.5452256e+08,7.946369e+08,1.2321661e+09
ARE,PRT,1973,0.0,DOTS_IP,7.174895e+08,3.457501e+08,7.946369e+08,1.2321661e+09
ARG,PRT,1973,1.6281941e+07,DOTS_IP,1.4345754e+09,9.149847e+08,7.946369e+08,1.2321661e+09
ATG,PRT,1973,0.0,DOTS_IP,1.224513e+07,1.9592208e+07,7.946369e+08,1.2321661e+09
AUS,PRT,1973,5.277651e+06,DOTS_IP,3.9085558e+09,3.0870748e+09,7.946369e+08,1.2321661e+09
AUT,PRT,1973,1.6228879e+07,DOTS_IP,2.1543265e+09,2.9020142e+09,7.946369e+08,1.2321661e+09
BDI,PRT,1973,0.0,DOTS_IP,1.2953381e+07,1.2774446e+07,7.946369e+08,1.2321661e+09
BEL,PRT,1973,3.5551692e+07,DOTS_IP,9.153439e+09,9.000456e+09,7.946369e+08,1.2321661e+09
BEN,PRT,1973,0.0,DOTS_IP,2.2755534e+07,4.5558004e+07,7.946369e+08,1.2321661e+09
BFA,PRT,1973,61225.65,DOTS_IP,1.0382757e+07,3.1594884e+07,7.946369e+08,1.2321661e+09
BGD,PRT,1973,1.322474e+06,DOTS_XP,1.4572522e+08,4.0529747e+08,7.946369e+08,1.2321661e+09
BGR,PRT,1973,600011.4,DOTS_IP,1.1163652e+09,1.1163652e+09,7.946369e+08,1.2321661e+09
BHR,PRT,1973,3.6653755e+06,DOTS_IP,1.9613229e+08,2.0792638e+08,7.946369e+08,1.2321661e+09
BHS,PRT,1973,77552.49,DOTS_XP,2.1622042e+08,3.122957e+08,7.946369e+08,1.2321661e+09
BLZ,PRT,1973,0.0,DOTS_IP,1.3615768e+07,1.789585e+07,7.946369e+08,1.2321661e+09
BMU,PRT,1973,674706.7,DOTS_XP,1.4063123e+07,6.5855348e+07,7.946369e+08,1.2321661e+09
BOL,PRT,1973,155104.98,DOTS_IP,1.3808426e+08,9.3634424e+07,7.946369e+08,1.2321661e+09
BRA,PRT,1973,3.5384344e+07,DOTS_IP,2.5689016e+09,3.1429696e+09,7.946369e+08,1.2321661e+09
BRB,PRT,1973,33470.023,DOTS_XP,2.1855108e+07,6.879844e+07,7.946369e+08,1.2321661e+09
BRN,PRT,1973,0.0,DOTS_IP,1.4234147e+08,5.399694e+07,7.946369e+08,1.2321661e+09
BWA,PRT,1973,24490.26,DOTS_IP,3.482009e+07,6.761883e+07,7.946369e+08,1.2321661e+09
CAF,PRT,1973,0.0,DOTS_IP,2.2426138e+07,2.2612748e+07,7.946369e+08,1.2321661e+09
CAN,PRT,1973,7.906272e+06,DOTS_IP,1.0865567e+10,1.0788246e+10,7.946369e+08,1.2321661e+09
CHE,PRT,1973,5.1707104e+07,DOTS_IP,4.28594e+09,5.3355715e+09,7.946369e+08,1.2321661e+09
CHL,PRT,1973,36735.39,DOTS_IP,5.022381e+08,4.7827117e+08,7.946369e+08,1.2321661e+09
CHN,PRT,1973,236739.17,DOTS_IP,2.3984538e+09,2.125575e+09,7.946369e+08,1.2321661e+09
CIV,PRT,1973,453069.8,DOTS_IP,4.176823e+08,2.9005856e+08,7.946369e+08,1.2321661e+09
CMR,PRT,1973,36735.39,DOTS_IP,1.5042203e+08,1.3707117e+08,7.946369e+08,1.2321661e+09
COD,PRT,1973,351027.06,DOTS_IP,5.033587e+08,3.1914893e+08,7.946369e+08,1.2321661e+09
COG,PRT,1973,624501.6,DOTS_IP,5.8599476e+07,5.5227428e+07,7.946369e+08,1.2321661e+09
COL,PRT,1973,461233.22,DOTS_IP,4.7899683e+08,4.337429e+08,7.946369e+08,1.2321661e+09
COM,PRT,1973,0.0,DOTS_IP,2.3355545e+06,6.081748e+06,7.946369e+08,1.2321661e+09
CPV,PRT,1973,579602.8,DOTS_IP,775524.9,1.5450905e+07,7.946369e+08,1.2321661e+09
CRI,PRT,1973,0.0,DOTS_IP,1.7880706e+08,1.8577413e+08,7.946369e+08,1.2321661e+09
CUB,PRT,1973,187758.66,DOTS_IP,5.755211e+08,7.3185056e+08,7.946369e+08,1.2321661e+09
CYP,PRT,1973,40817.1,DOTS_IP,7.017929e+07,1.8884962e+08,7.946369e+08,1.2321661e+09
CZSK,PRT,1973,1.3836996e+06,DOTS_IP,1.3155675e+09,1.1292581e+09,7.946369e+08,1.2321661e+09
DJI,PRT,1973,0.0,DOTS_IP,4.422347e+06,2.380494e+07,7.946369e+08,1.2321661e+09
DMA,PRT,1973,0.0,DOTS_IP,3.4870865e+06,6.7277195e+06,7.946369e+08,1.2321661e+09
DNK,PRT,1973,1.0302236e+07,DOTS_IP,2.551273e+09,3.180093e+09,7.946369e+08,1.2321661e+09
DOM,PRT,1973,28571.97,DOTS_IP,1.9583595e+08,1.837764e+08,7.946369e+08,1.2321661e+09
DZA,PRT,1973,110206.17,DOTS_IP,7.710187e+08,9.829574e+08,7.946369e+08,1.2321661e+09
ECU,PRT,1973,20408.55,DOTS_XP,2.6036534e+08,1.9747624e+08,7.946369e+08,1.2321661e+09
EDEU,PRT,1973,57143.94,DOTS_IP,9.461949e+08,9.5492666e+08,7.946369e+08,1.2321661e+09
EGY,PRT,1973,869404.25,DOTS_IP,4.590495e+08,5.354392e+08,7.946369e+08,1.2321661e+09
ESP,PRT,1973,5.5472536e+07,ESP TENA JUNGUITO,2.2179814e+09,3.914654e+09,7.946369e+08,1.2321661e+09
ETH,PRT,1973,0.0,DOTS_IP,9.8509624e+07,8.915516e+07,7.946369e+08,1.2321661e+09
FIN,PRT,1973,5.8327635e+06,DOTS_IP,1.563141e+09,1.7663273e+09,7.946369e+08,1.2321661e+09
FJI,PRT,1973,1224.51,DOTS_XP,3.8148476e+07,8.975843e+07,7.946369e+08,1.2321661e+09
FLK,PRT,1973,0.0,DOTS_IP,2.0449368e+06,553888.06,7.946369e+08,1.2321661e+09
FRA,PRT,1973,8.5413864e+07,DOTS_IP,1.4961671e+10,1.5397965e+10,7.946369e+08,1.2321661e+09
FRO,PRT,1973,467763.97,DOTS_XP,3.2058566e+07,2.7941346e+07,7.946369e+08,1.2321661e+09
GAB,PRT,1973,0.0,DOTS_IP,1.954879e+08,7.918992e+07,7.946369e+08,1.2321661e+09
GBR,PRT,1973,1.45815e+08,DOTS_IP,1.2664158e+10,1.6070059e+10,7.946369e+08,1.2321661e+09
GHA,PRT,1973,0.0,DOTS_IP,2.5586525e+08,1.8379246e+08,7.946369e+08,1.2321661e+09
GIB,PRT,1973,0.0,DOTS_IP,1.3298211e+06,1.9539146e+07,7.946369e+08,1.2321661e+09
GIN,PRT,1973,228575.77,DOTS_IP,2.3260032e+07,7.551163e+07,7.946369e+08,1.2321661e+09
GLP,PRT,1973,0.0,DOTS_IP,3.1705908e+07,8.259177e+07,7.946369e+08,1.2321661e+09
GMB,PRT,1973,473478.34,DOTS_IP,1.1488381e+07,1.2812896e+07,7.946369e+08,1.2321661e+09
GNB,PRT,1973,1.4612521e+06,DOTS_IP,3.4531265e+06,1.7428902e+07,7.946369e+08,1.2321661e+09
GNQ,PRT,1973,,,7.7919845e+06,7.318098e+06,7.946369e+08,1.2321661e+09
GRC,PRT,1973,3.3306752e+06,DOTS_IP,6.026432e+08,1.7718598e+09,7.946369e+08,1.2321661e+09
GRD,PRT,1973,0.0,DOTS_IP,3.024139e+06,9.588345e+06,7.946369e+08,1.2321661e+09
GRL,PRT,1973,0.0,DOTS_IP,1.3759853e+07,3.8936656e+07,7.946369e+08,1.2321661e+09
GTM,PRT,1973,232657.47,DOTS_IP,2.0741822e+08,1.7895144e+08,7.946369e+08,1.2321661e+09
GUF,PRT,1973,24490.26,DOTS_IP,4.0445665e+06,2.368902e+07,7.946369e+08,1.2321661e+09
GUY,PRT,1973,0.0,DOTS_IP,6.757394e+07,7.173687e+07,7.946369e+08,1.2321661e+09
HKG,PRT,1973,1.3551278e+06,DOTS_IP,2.0574675e+09,2.2955538e+09,7.946369e+08,1.2321661e+09
HND,PRT,1973,3673.539,DOTS_XP,1.2557299e+08,1.0703917e+08,7.946369e+08,1.2321661e+09
HTI,PRT,1973,0.0,DOTS_IP,3.8431748e+07,5.687395e+07,7.946369e+08,1.2321661e+09
HUN,PRT,1973,155104.98,DOTS_IP,3.5010234e+08,3.1092422e+08,7.946369e+08,1.2321661e+09
IDN,PRT,1973,600011.4,DOTS_IP,1.5329189e+09,1.1303706e+09,7.946369e+08,1.2321661e+09
IND,PRT,1973,155104.98,DOTS_IP,1.2075168e+09,1.319923e+09,7.946369e+08,1.2321661e+09
IRL,PRT,1973,693890.7,DOTS_IP,8.860003e+08,1.1515615e+09,7.946369e+08,1.2321661e+09
IRN,PRT,1973,2.110244e+06,DOTS_IP,2.8334124e+09,1.6121103e+09,7.946369e+08,1.2321661e+09
IRQ,PRT,1973,1.6930934e+07,DOTS_IP,8.218976e+08,3.6935392e+08,7.946369e+08,1.2321661e+09
ISL,PRT,1973,5.5388805e+06,DOTS_IP,1.1953737e+08,1.4316189e+08,7.946369e+08,1.2321661e+09
ISR,PRT,1973,1.6122755e+06,DOTS_IP,5.9552154e+08,1.730592e+09,7.946369e+08,1.2321661e+09
ITA,PRT,1973,6.3903252e+07,DOTS_IP,9.067682e+09,1.1351276e+10,7.946369e+08,1.2321661e+09
JAM,PRT,1973,4898.052,DOTS_XP,1.7600763e+08,2.7122147e+08,7.946369e+08,1.2321661e+09
JOR,PRT,1973,4081.71,DOTS_IP,2.771073e+07,1.350189e+08,7.946369e+08,1.2321661e+09
JPN,PRT,1973,5.3343868e+07,DOTS_IP,1.5103389e+10,1.5659112e+10,7.946369e+08,1.2321661e+09
KEN,PRT,1973,0.0,DOTS_IP,2.1840952e+08,2.5159906e+08,7.946369e+08,1.2321661e+09
KHM,PRT,1973,0.0,DOTS_IP,6.435632e+06,8.418661e+07,7.946369e+08,1.2321661e+09
KIR,PRT,1973,0.0,DOTS_IP,5.592759e+06,3.022098e+06,7.946369e+08,1.2321661e+09
KNA,PRT,1973,0.0,DOTS_IP,3.4533592e+06,7.413814e+06,7.946369e+08,1.2321661e+09
KOR,PRT,1973,12245.13,DOTS_IP,1.3163107e+09,1.730686e+09,7.946369e+08,1.2321661e+09
KWT,PRT,1973,0.0,DOTS_IP,1.5407512e+09,4.3437558e+08,7.946369e+08,1.2321661e+09
LAO,PRT,1973,0.0,DOTS_IP,2.4526996e+07,2.7012646e+07,7.946369e+08,1.2321661e+09
LBN,PRT,1973,146941.56,DOTS_IP,3.4773078e+08,5.794594e+08,7.946369e+08,1.2321661e+09
LBR,PRT,1973,4081.71,DOTS_IP,2.6227109e+08,4.6058323e+08,7.946369e+08,1.2321661e+09
LBY,PRT,1973,4081.71,DOTS_IP,1.6311908e+09,7.419677e+08,7.946369e+08,1.2321661e+09
LCA,PRT,1973,0.0,DOTS_IP,4.0130352e+06,1.5452048e+07,7.946369e+08,1.2321661e+09
LKA,PRT,1973,114287.88,DOTS_IP,1.6484925e+08,1.7241389e+08,7.946369e+08,1.2321661e+09
LSO,PRT,1973,,,5.1693225e+06,3.5917332e+07,7.946369e+08,1.2321661e+09
LUX,PRT,1973,1.7510536e+06,COW,,,7.946369e+08,1.2321661e+09
MAC,PRT,1973,5.4082655e+06,DOTS_IP,5.526413e+07,6.0988096e+07,7.946369e+08,1.2321661e+09
MAR,PRT,1973,2.5633138e+06,DOTS_IP,4.1198246e+08,4.6707008e+08,7.946369e+08,1.2321661e+09
MDG,PRT,1973,273474.56,DOTS_IP,8.73988e+07,8.297014e+07,7.946369e+08,1.2321661e+09
MDV,PRT,1973,0.0,DOTS_IP,1.4285985e+06,3.0486292e+06,7.946369e+08,1.2321661e+09
MEX,PRT,1973,1.02859094e+06,DOTS_IP,1.4024617e+09,1.8929572e+09,7.946369e+08,1.2321661e+09
MLI,PRT,1973,36735.39,DOTS_IP,2.1340404e+07,5.15471e+07,7.946369e+08,1.2321661e+09
MLT,PRT,1973,20408.55,DOTS_IP,4.01926e+07,9.6879384e+07,7.946369e+08,1.2321661e+09
MMR,PRT,1973,8163.42,DOTS_IP,6.934458e+07,6.0451164e+07,7.946369e+08,1.2321661e+09
MNG,PRT,1973,0.0,DOTS_IP,,,7.946369e+08,1.2321661e+09
MOZ,PRT,1973,3.6633348e+07,DOTS_IP,1.4894152e+08,2.3949515e+08,7.946369e+08,1.2321661e+09
MRT,PRT,1973,0.0,DOTS_IP,6.860579e+07,4.721926e+07,7.946369e+08,1.2321661e+09
MTQ,PRT,1973,0.0,DOTS_IP,2.886626e+07,9.958026e+07,7.946369e+08,1.2321661e+09
MUS,PRT,1973,0.0,DOTS_IP,5.7289732e+07,6.9822136e+07,7.946369e+08,1.2321661e+09
MWI,PRT,1973,526540.56,DOTS_IP,4.055138e+07,5.843376e+07,7.946369e+08,1.2321661e+09
MYS,PRT,1973,3.3796558e+06,DOTS_IP,1.4614455e+09,1.0232506e+09,7.946369e+08,1.2321661e+09
NAM,PRT,1973,0.0,DOTS_IP,,,7.946369e+08,1.2321661e+09
NCL,PRT,1973,0.0,DOTS_IP,8.3248104e+07,8.8616376e+07,7.946369e+08,1.2321661e+09
NER,PRT,1973,987773.8,DOTS_IP,2.7368274e+07,3.5219036e+07,7.946369e+08,1.2321661e+09
NGA,PRT,1973,281638.0,DOTS_IP,1.4552707e+09,7.596879e+08,7.946369e+08,1.2321661e+09
NIC,PRT,1973,1.1510422e+06,DOTS_IP,1.2879469e+08,1.3346661e+08,7.946369e+08,1.2321661e+09
NLD,PRT,1973,3.931911e+07,DOTS_IP,9.82692e+09,1.1017363e+10,7.946369e+08,1.2321661e+09
NOR,PRT,1973,7.7511675e+06,DOTS_IP,1.9124731e+09,2.545032e+09,7.946369e+08,1.2321661e+09
NPL,PRT,1973,0.0,DOTS_IP,2.565069e+07,4.2248964e+07,7.946369e+08,1.2321661e+09
NRU,PRT,1973,0.0,DOTS_IP,,,7.946369e+08,1.2321661e+09
NZL,PRT,1973,2.2122868e+06,DOTS_IP,1.07344045e+09,8.902781e+08,7.946369e+08,1.2321661e+09
OMN,PRT,1973,0.0,DOTS_IP,1.821161e+08,7.208178e+07,7.946369e+08,1.2321661e+09
PAK,PRT,1973,2.6286212e+06,DOTS_IP,3.8918755e+08,4.094306e+08,7.946369e+08,1.2321661e+09
PAN,PRT,1973,16326.84,DOTS_IP,1.6106264e+08,6.040926e+08,7.946369e+08,1.2321661e+09
PER,PRT,1973,375517.3,DOTS_IP,4.563658e+08,5.141306e+08,7.946369e+08,1.2321661e+09
PHL,PRT,1973,73470.78,DOTS_IP,8.3890995e+08,7.600205e+08,7.946369e+08,1.2321661e+09
PNG,PRT,1973,0.0,DOTS_IP,2.1082931e+08,1.4521786e+08,7.946369e+08,1.2321661e+09
POL,PRT,1973,9.396096e+06,DOTS_IP,2.625364e+09,3.4633756e+09,7.946369e+08,1.2321661e+09
PRK,PRT,1973,334700.22,DOTS_IP,7.142039e+07,,7.946369e+08,1.2321661e+09
PRT,AFG,1973,0.0,DOTS_IP,7.946369e+08,1.2321661e+09,6.490572e+07,7.020541e+07
PRT,AGO,1973,5.8518256e+07,DOTS_IP,7.946369e+08,1.2321661e+09,3.2741843e+08,3.1878048e+08
PRT,ALB,1973,0.0,DOTS_IP,7.946369e+08,1.2321661e+09,1.9999562e+07,2.260451e+07
PRT,ANT,1973,155104.98,DOTS_IP,7.946369e+08,1.2321661e+09,5.5404314e+08,6.5452256e+08
PRT,ARE,1973,0.0,DOTS_IP,7.946369e+08,1.2321661e+09,7.174895e+08,3.457501e+08
PRT,ARG,1973,946956.7,DOTS_IP,7.946369e+08,1.2321661e+09,1.4345754e+09,9.149847e+08
PRT,ATG,1973,0.0,DOTS_IP,7.946369e+08,1.2321661e+09,1.224513e+07,1.9592208e+07
PRT,AUS,1973,3.6204768e+06,DOTS_IP,7.946369e+08,1.2321661e+09,3.9085558e+09,3.0870748e+09
PRT,AUT,1973,1.3306375e+07,DOTS_IP,7.946369e+08,1.2321661e+09,2.1543265e+09,2.9020142e+09
PRT,BDI,1973,0.0,DOTS_IP,7.946369e+08,1.2321661e+09,1.2953381e+07,1.2774446e+07
PRT,BEL,1973,2.0857538e+07,DOTS_IP,7.946369e+08,1.2321661e+09,9.153439e+09,9.000456e+09
PRT,BEN,1973,0.0,DOTS_IP,7.946369e+08,1.2321661e+09,2.2755534e+07,4.5558004e+07
PRT,BFA,1973,0.0,DOTS_IP,7.946369e+08,1.2321661e+09,1.0382757e+07,3.1594884e+07
PRT,BGD,1973,32653.68,DOTS_IP,7.946369e+08,1.2321661e+09,1.4572522e+08,4.0529747e+08
PRT,BGR,1973,322455.1,DOTS_XP,7.946369e+08,1.2321661e+09,1.1163652e+09,1.1163652e+09
PRT,BHR,1973,28571.97,DOTS_IP,7.946369e+08,1.2321661e+09,1.9613229e+08,2.0792638e+08
PRT,BHS,1973,65307.36,DOTS_IP,7.946369e+08,1.2321661e+09,2.1622042e+08,3.122957e+08
PRT,BLZ,1973,0.0,DOTS_IP,7.946369e+08,1.2321661e+09,1.3615768e+07,1.789585e+07
PRT,BMU,1973,119185.93,DOTS_IP,7.946369e+08,1.2321661e+09,1.4063123e+07,6.5855348e+07
PRT,BOL,1973,97961.04,DOTS_XP,7.946369e+08,1.2321661e+09,1.3808426e+08,9.3634424e+07
PRT,BRA,1973,9.747532e+06,DOTS_IP,7.946369e+08,1.2321661e+09,2.5689016e+09,3.1429696e+09
PRT,BRB,1973,44898.81,DOTS_IP,7.946369e+08,1.2321661e+09,2.1855108e+07,6.879844e+07
PRT,BRN,1973,4081.71,DOTS_IP,7.946369e+08,1.2321661e+09,1.4234147e+08,5.399694e+07
PRT,BWA,1973,0.0,DOTS_IP,7.946369e+08,1.2321661e+09,3.482009e+07,6.761883e+07
PRT,CAF,1973,53470.402,DOTS_IP,7.946369e+08,1.2321661e+09,2.2426138e+07,2.2612748e+07
PRT,CAN,1973,1.1551239e+07,DOTS_IP,7.946369e+08,1.2321661e+09,1.0865567e+10,1.0788246e+10
PRT,CHE,1973,2.2204502e+07,DOTS_IP,7.946369e+08,1.2321661e+09,4.28594e+09,5.3355715e+09
PRT,CHL,1973,126533.01,DOTS_IP,7.946369e+08,1.2321661e+09,5.022381e+08,4.7827117e+08
PRT,CHN,1973,28571.97,DOTS_XP,7.946369e+08,1.2321661e+09,2.3984538e+09,2.125575e+09
PRT,CIV,1973,61225.65,DOTS_IP,7.946369e+08,1.2321661e+09,4.176823e+08,2.9005856e+08
PRT,CMR,1973,408.17,DOTS_IP,7.946369e+08,1.2321661e+09,1.5042203e+08,1.3707117e+08
PRT,COD,1973,1.7143182e+06,DOTS_IP,7.946369e+08,1.2321661e+09,5.033587e+08,3.1914893e+08
PRT,COG,1973,8163.42,DOTS_XP,7.946369e+08,1.2321661e+09,5.8599476e+07,5.5227428e+07
PRT,COL,1973,273474.56,DOTS_IP,7.946369e+08,1.2321661e+09,4.7899683e+08,4.337429e+08
PRT,COM,1973,0.0,DOTS_IP,7.946369e+08,1.2321661e+09,2.3355545e+06,6.081748e+06
PRT,CPV,1973,7.265444e+06,DOTS_IP,7.946369e+08,1.2321661e+09,775524.9,1.5450905e+07
PRT,CRI,1973,108981.66,DOTS_IP,7.946369e+08,1.2321661e+09,1.7880706e+08,1.8577413e+08
PRT,CUB,1973,118369.586,DOTS_XP,7.946369e+08,1.2321661e+09,5.755211e+08,7.3185056e+08
PRT,CYP,1973,474294.7,DOTS_IP,7.946369e+08,1.2321661e+09,7.017929e+07,1.8884962e+08
PRT,CZSK,1973,930629.9,DOTS_XP,7.946369e+08,1.2321661e+09,1.3155675e+09,1.1292581e+09
PRT,DJI,1973,4081.71,DOTS_XP,7.946369e+08,1.2321661e+09,4.422347e+06,2.380494e+07
PRT,DMA,1973,0.0,DOTS_IP,7.946369e+08,1.2321661e+09,3.4870865e+06,6.7277195e+06
PRT,DNK,1973,2.6976022e+07,DOTS_IP,7.946369e+08,1.2321661e+09,2.551273e+09,3.180093e+09
PRT,DOM,1973,151023.27,DOTS_XP,7.946369e+08,1.2321661e+09,1.9583595e+08,1.837764e+08
PRT,DZA,1973,0.0,DOTS_IP,7.946369e+08,1.2321661e+09,7.710187e+08,9.829574e+08
PRT,ECU,1973,248984.31,DOTS_IP,7.946369e+08,1.2321661e+09,2.6036534e+08,1.9747624e+08
PRT,EDEU,1973,130614.72,DOTS_XP,7.946369e+08,1.2321661e+09,9.461949e+08,9.5492666e+08
PRT,EGY,1973,0.0,DOTS_IP,7.946369e+08,1.2321661e+09,4.590495e+08,5.354392e+08
PRT,ESP,1973,1.4320405e+07,ESP TENA JUNGUITO,7.946369e+08,1.2321661e+09,2.2179814e+09,3.914654e+09
PRT,ETH,1973,0.0,DOTS_IP,7.946369e+08,1.2321661e+09,9.8509624e+07,8.915516e+07
PRT,FIN,1973,1.4734973e+07,DOTS_IP,7.946369e+08,1.2321661e+09,1.563141e+09,1.7663273e+09
PRT,FJI,1973,18775.865,DOTS_IP,7.946369e+08,1.2321661e+09,3.8148476e+07,8.975843e+07
PRT,FRA,1973,4.1715076e+07,DOTS_IP,7.946369e+08,1.2321661e+09,1.4961671e+10,1.5397965e+10
PRT,FRO,1973,28163.8,DOTS_IP,7.946369e+08,1.2321661e+09,3.2058566e+07,2.7941346e+07
PRT,GAB,1973,0.0,DOTS_IP,7.946369e+08,1.2321661e+09,1.954879e+08,7.918992e+07
PRT,GBR,1973,1.902485e+08,DOTS_IP,7.946369e+08,1.2321661e+09,1.2664158e+10,1.6070059e+10
PRT,GHA,1973,13061.472,DOTS_IP,7.946369e+08,1.2321661e+09,2.5586525e+08,1.8379246e+08
PRT,GIB,1973,216330.62,DOTS_XP,7.946369e+08,1.2321661e+09,1.3298211e+06,1.9539146e+07
PRT,GIN,1973,1.5837035e+06,DOTS_XP,7.946369e+08,1.2321661e+09,2.3260032e+07,7.551163e+07
PRT,GLP,1973,33061.85,DOTS_IP,7.946369e+08,1.2321661e+09,3.1705908e+07,8.259177e+07
PRT,GMB,1973,2449.026,DOTS_IP,7.946369e+08,1.2321661e+09,1.1488381e+07,1.2812896e+07
PRT,GNB,1973,1.0000189e+07,DOTS_IP,7.946369e+08,1.2321661e+09,3.4531265e+06,1.7428902e+07
PRT,GNQ,1973,0.0,DOTS_IP,7.946369e+08,1.2321661e+09,7.7919845e+06,7.318098e+06
PRT,GRC,1973,2.2857575e+06,DOTS_IP,7.946369e+08,1.2321661e+09,6.026432e+08,1.7718598e+09
PRT,GRD,1973,39592.59,DOTS_IP,7.946369e+08,1.2321661e+09,3.024139e+06,9.588345e+06
PRT,GRL,1973,0.0,DOTS_IP,7.946369e+08,1.2321661e+09,1.3759853e+07,3.8936656e+07
PRT,GTM,1973,219596.0,DOTS_IP,7.946369e+08,1.2321661e+09,2.0741822e+08,1.7895144e+08
PRT,GUF,1973,4081.71,DOTS_XP,7.946369e+08,1.2321661e+09,4.0445665e+06,2.368902e+07
PRT,GUY,1973,0.0,DOTS_IP,7.946369e+08,1.2321661e+09,6.757394e+07,7.173687e+07
PRT,HKG,1973,1.3061472e+06,DOTS_IP,7.946369e+08,1.2321661e+09,2.0574675e+09,2.2955538e+09
PRT,HND,1973,90205.79,DOTS_IP,7.946369e+08,1.2321661e+09,1.2557299e+08,1.0703917e+08
PRT,HTI,1973,6122.565,DOTS_IP,7.946369e+08,1.2321661e+09,3.8431748e+07,5.687395e+07
PRT,HUN,1973,355108.78,DOTS_XP,7.946369e+08,1.2321661e+09,3.5010234e+08,3.1092422e+08
PRT,IDN,1973,110206.17,DOTS_XP,7.946369e+08,1.2321661e+09,1.5329189e+09,1.1303706e+09
PRT,IND,1973,0.0,DOTS_IP,7.946369e+08,1.2321661e+09,1.2075168e+09,1.319923e+09
PRT,IRL,1973,4.7470285e+06,DOTS_IP,7.946369e+08,1.2321661e+09,8.860003e+08,1.1515615e+09
PRT,IRN,1973,285719.7,DOTS_IP,7.946369e+08,1.2321661e+09,2.8334124e+09,1.6121103e+09
PRT,IRQ,1973,1.4285985e+06,DOTS_IP,7.946369e+08,1.2321661e+09,8.218976e+08,3.6935392e+08
PRT,ISL,1973,515111.8,DOTS_IP,7.946369e+08,1.2321661e+09,1.1953737e+08,1.4316189e+08
PRT,ISR,1973,1.322474e+06,DOTS_IP,7.946369e+08,1.2321661e+09,5.9552154e+08,1.730592e+09
PRT,ITA,1973,2.4857614e+07,DOTS_IP,7.946369e+08,1.2321661e+09,9.067682e+09,1.1351276e+10
PRT,JAM,1973,36735.39,DOTS_IP,7.946369e+08,1.2321661e+09,1.7600763e+08,2.7122147e+08
PRT,JOR,1973,114287.88,DOTS_IP,7.946369e+08,1.2321661e+09,2.771073e+07,1.350189e+08
PRT,JPN,1973,1.2898204e+07,DOTS_IP,7.946369e+08,1.2321661e+09,1.5103389e+10,1.5659112e+10
PRT,KEN,1973,16326.84,DOTS_XP,7.946369e+08,1.2321661e+09,2.1840952e+08,2.5159906e+08
PRT,KIR,1973,0.0,DOTS_IP,7.946369e+08,1.2321661e+09,5.592759e+06,3.022098e+06
PRT,KNA,1973,0.0,DOTS_IP,7.946369e+08,1.2321661e+09,3.4533592e+06,7.413814e+06
PRT,KOR,1973,159186.69,DOTS_XP,7.946369e+08,1.2321661e+09,1.3163107e+09,1.730686e+09
PRT,KWT,1973,0.0,DOTS_IP,7.946369e+08,1.2321661e+09,1.5407512e+09,4.3437558e+08
PRT,LAO,1973,816.342,DOTS_IP,7.946369e+08,1.2321661e+09,2.4526996e+07,2.7012646e+07
PRT,LBN,1973,1.5428864e+06,DOTS_IP,7.946369e+08,1.2321661e+09,3.4773078e+08,5.794594e+08
PRT,LBR,1973,816.34,DOTS_IP,7.946369e+08,1.2321661e+09,2.6227109e+08,4.6058323e+08
PRT,LBY,1973,408171.0,DOTS_IP,7.946369e+08,1.2321661e+09,1.6311908e+09,7.419677e+08
PRT,LCA,1973,0.0,DOTS_IP,7.946369e+08,1.2321661e+09,4.0130352e+06,1.5452048e+07
PRT,LKA,1973,97961.04,DOTS_XP,7.946369e+08,1.2321661e+09,1.6484925e+08,1.7241389e+08
PRT,LSO,1973,0.0,DOTS_IP,7.946369e+08,1.2321661e+09,5.1693225e+06,3.5917332e+07
PRT,LUX,1973,1.02859094e+06,COW,7.946369e+08,1.2321661e+09,,
PRT,MAC,1973,459600.53,DOTS_IP,7.946369e+08,1.2321661e+09,5.526413e+07,6.0988096e+07
PRT,MAR,1973,3.3959828e+06,DOTS_IP,7.946369e+08,1.2321661e+09,4.1198246e+08,4.6707008e+08
PRT,MDG,1973,0.0,DOTS_IP,7.946369e+08,1.2321661e+09,8.73988e+07,8.297014e+07
PRT,MDV,1973,0.0,DOTS_IP,7.946369e+08,1.2321661e+09,1.4285985e+06,3.0486292e+06
PRT,MEX,1973,938793.3,DOTS_IP,7.946369e+08,1.2321661e+09,1.4024617e+09,1.8929572e+09
PRT,MLI,1973,0.0,DOTS_IP,7.946369e+08,1.2321661e+09,2.1340404e+07,5.15471e+07
PRT,MLT,1973,44898.81,DOTS_IP,7.946369e+08,1.2321661e+09,4.01926e+07,9.6879384e+07
PRT,MMR,1973,25714.773,DOTS_IP,7.946369e+08,1.2321661e+09,6.934458e+07,6.0451164e+07
PRT,MNG,1973,0.0,DOTS_IP,7.946369e+08,1.2321661e+09,,
PRT,MOZ,1973,3.645212e+07,DOTS_IP,7.946369e+08,1.2321661e+09,1.4894152e+08,2.3949515e+08
PRT,MRT,1973,0.0,DOTS_IP,7.946369e+08,1.2321661e+09,6.860579e+07,4.721926e+07
PRT,MTQ,1973,90205.79,DOTS_IP,7.946369e+08,1.2321661e+09,2.886626e+07,9.958026e+07
PRT,MUS,1973,75919.805,DOTS_IP,7.946369e+08,1.2321661e+09,5.7289732e+07,6.9822136e+07
PRT,MWI,1973,224085.88,DOTS_IP,7.946369e+08,1.2321661e+09,4.055138e+07,5.843376e+07
PRT,MYS,1973,942875.0,DOTS_IP,7.946369e+08,1.2321661e+09,1.4614455e+09,1.0232506e+09
PRT,NAM,1973,0.0,DOTS_IP,7.946369e+08,1.2321661e+09,,
PRT,NCL,1973,0.0,DOTS_IP,7.946369e+08,1.2321661e+09,8.3248104e+07,8.8616376e+07
PRT,NER,1973,408.17,DOTS_IP,7.946369e+08,1.2321661e+09,2.7368274e+07,3.5219036e+07
PRT,NGA,1973,220412.34,DOTS_XP,7.946369e+08,1.2321661e+09,1.4552707e+09,7.596879e+08
PRT,NIC,1973,48572.348,DOTS_IP,7.946369e+08,1.2321661e+09,1.2879469e+08,1.3346661e+08
PRT,NLD,1973,1.7959524e+07,DOTS_IP,7.946369e+08,1.2321661e+09,9.82692e+09,1.1017363e+10
PRT,NOR,1973,1.44166e+07,DOTS_IP,7.946369e+08,1.2321661e+09,1.9124731e+09,2.545032e+09
PRT,NRU,1973,0.0,DOTS_IP,7.946369e+08,1.2321661e+09,,
PRT,NZL,1973,857159.1,DOTS_IP,7.946369e+08,1.2321661e+09,1.07344045e+09,8.902781e+08
PRT,OMN,1973,4081.71,DOTS_IP,7.946369e+08,1.2321661e+09,1.821161e+08,7.208178e+07
PRT,PAK,1973,1.661256e+06,DOTS_IP,7.946369e+08,1.2321661e+09,3.8918755e+08,4.094306e+08
PRT,PAN,1973,87348.59,DOTS_IP,7.946369e+08,1.2321661e+09,1.6106264e+08,6.040926e+08
PRT,PER,1973,587766.25,DOTS_IP,7.946369e+08,1.2321661e+09,4.563658e+08,5.141306e+08
PRT,PHL,1973,653073.6,DOTS_IP,7.946369e+08,1.2321661e+09,8.3890995e+08,7.600205e+08
PRT,PNG,1973,20408.55,DOTS_IP,7.946369e+08,1.2321661e+09,2.1082931e+08,1.4521786e+08
PRT,POL,1973,1.3306375e+06,DOTS_XP,7.946369e+08,1.2321661e+09,2.625364e+09,3.4633756e+09
PRT,PRK,1973,0.0,DOTS_IP,7.946369e+08,1.2321661e+09,7.142039e+07,
PRT,PRY,1973,30612.824,DOTS_IP,7.946369e+08,1.2321661e+09,7.460305e+07,6.4005332e+07
PRT,PYF,1973,20408.55,DOTS_XP,7.946369e+08,1.2321661e+09,7.547366e+06,8.519398e+07
PRT,QAT,1973,0.0,DOTS_IP,7.946369e+08,1.2321661e+09,2.5409053e+08,7.936477e+07
PRT,REU,1973,0.0,DOTS_IP,7.946369e+08,1.2321661e+09,1.3456651e+07,4.6566612e+07
PRT,ROM,1973,1.0489995e+06,DOTS_IP,7.946369e+08,1.2321661e+09,1.5089715e+09,1.5593357e+09
PRT,RWA,1973,0.0,DOTS_IP,7.946369e+08,1.2321661e+09,1.350148e+07,1.3876589e+07
PRT,SAU,1973,81634.2,DOTS_IP,7.946369e+08,1.2321661e+09,3.7934979e+09,8.067092e+08
PRT,SDN,1973,0.0,DOTS_IP,7.946369e+08,1.2321661e+09,1.7824746e+08,1.779854e+08
PRT,SEN,1973,0.0,DOTS_IP,7.946369e+08,1.2321661e+09,9.304173e+07,1.4765912e+08
PRT,SGP,1973,616338.2,DOTS_IP,7.946369e+08,1.2321661e+09,1.4908773e+09,2.0926845e+09
PRT,SHN,1973,0.0,DOTS_IP,7.946369e+08,1.2321661e+09,,
PRT,SLB,1973,0.0,DOTS_IP,7.946369e+08,1.2321661e+09,5.6214125e+06,7.5341835e+06
PRT,SLE,1973,0.0,DOTS_IP,7.946369e+08,1.2321661e+09,9.662854e+07,6.40408e+07
PRT,SLV,1973,61225.65,DOTS_IP,7.946369e+08,1.2321661e+09,1.6040304e+08,1.5144818e+08
PRT,SOM,1973,0.0,DOTS_IP,7.946369e+08,1.2321661e+09,,
PRT,SPM,1973,0.0,DOTS_IP,7.946369e+08,1.2321661e+09,2.1420815e+06,6.9703365e+06
PRT,STP,1973,1.9184038e+06,DOTS_IP,7.946369e+08,1.2321661e+09,5.34704e+06,4.08171e+06
PRT,SUR,1973,68572.73,DOTS_IP,7.946369e+08,1.2321661e+09,8.62249e+07,6.4142852e+07
PRT,SWE,1973,5.0164216e+07,DOTS_IP,7.946369e+08,1.2321661e+09,4.965033e+09,4.337021e+09
PRT,SWZ,1973,53062.23,DOTS_XP,7.946369e+08,1.2321661e+09,4.403471e+07,3.9347764e+07
PRT,SYC,1973,0.0,DOTS_IP,7.946369e+08,1.2321661e+09,1.4759994e+06,1.0133988e+07
PRT,SYR,1973,0.0,DOTS_IP,7.946369e+08,1.2321661e+09,1.4328027e+08,2.6009795e+08
PRT,TCD,1973,0.0,DOTS_IP,7.946369e+08,1.2321661e+09,1.5557438e+07,3.3521818e+07
PRT,TGO,1973,0.0,DOTS_IP,7.946369e+08,1.2321661e+09,3.270062e+07,4.1212616e+07
PRT,THA,1973,387762.44,DOTS_IP,7.946369e+08,1.2321661e+09,6.3805696e+08,8.2948506e+08
PRT,TON,1973,0.0,DOTS_IP,7.946369e+08,1.2321661e+09,1.8550229e+06,4.635802e+06
PRT,TTO,1973,428579.56,DOTS_IP,7.946369e+08,1.2321661e+09,2.9917165e+08,3.2179795e+08
PRT,TUN,1973,48980.52,DOTS_XP,7.946369e+08,1.2321661e+09,1.7371758e+08,2.7876854e+08
PRT,TUR,1973,318373.38,DOTS_IP,7.946369e+08,1.2321661e+09,5.3736525e+08,9.4141075e+08
PRT,TUV,1973,0.0,DOTS_IP,7.946369e+08,1.2321661e+09,,
PRT,TWN,1973,1.4285985e+06,DOTS_IP,7.946369e+08,1.2321661e+09,,
PRT,TZA,1973,0.0,DOTS_IP,7.946369e+08,1.2321661e+09,1.4378648e+08,2.1128374e+08
PRT,UGA,1973,0.0,DOTS_IP,7.946369e+08,1.2321661e+09,1.2668771e+08,6.634248e+07
PRT,URY,1973,80001.516,DOTS_IP,7.946369e+08,1.2321661e+09,1.3124861e+08,1.1778998e+08
PRT,USA,1973,8.6368984e+07,DOTS_IP,7.946369e+08,1.2321661e+09,2.940026e+10,3.0317146e+10
PRT,USSR,1973,244902.6,DOTS_XP,7.946369e+08,1.2321661e+09,4.3614484e+09,4.8886625e+09
PRT,VCT,1973,0.0,DOTS_IP,7.946369e+08,1.2321661e+09,2.1089582e+06,7.9379055e+06
PRT,VEN,1973,3.0204655e+06,DOTS_IP,7.946369e+08,1.2321661e+09,1.9559555e+09,1.1322255e+09
PRT,VNM,1973,106124.46,DOTS_XP,7.946369e+08,1.2321661e+09,3.1916932e+07,2.9962054e+08
PRT,VUT,1973,1632.68,DOTS_IP,7.946369e+08,1.2321661e+09,7.6752475e+06,1.254636e+07
PRT,WDEU,1973,6.408285e+07,DOTS_IP,7.946369e+08,1.2321661e+09,2.75944e+10,2.2411895e+10
PRT,WSM,1973,0.0,DOTS_IP,7.946369e+08,1.2321661e+09,2.6669892e+06,9.622631e+06
PRT,YAR,1973,0.0,COW,7.946369e+08,1.2321661e+09,,
PRT,YMD,1973,4081.71,COW,7.946369e+08,1.2321661e+09,,
PRT,YUG,1973,208167.2,DOTS_XP,7.946369e+08,1.2321661e+09,1.164618e+09,1.9113114e+09
PRT,ZAF,1973,3.1143448e+06,DOTS_XP,7.946369e+08,1.2321661e+09,1.6253491e+09,1.9016424e+09
PRT,ZMB,1973,74954.89,DOTS_IP,7.946369e+08,1.2321661e+09,4.638292e+08,2.2544109e+08
PRT,ZWE,1973,0.0,DOTS_IP,7.946369e+08,1.2321661e+09,2.8081267e+08,2.4747366e+08
PRY,PRT,1973,1.1592056e+06,DOTS_IP,7.460305e+07,6.4005332e+07,7.946369e+08,1.2321661e+09
PYF,PRT,1973,0.0,DOTS_IP,7.547366e+06,8.519398e+07,7.946369e+08,1.2321661e+09
QAT,PRT,1973,0.0,DOTS_IP,2.5409053e+08,7.936477e+07,7.946369e+08,1.2321661e+09
REU,PRT,1973,0.0,DOTS_IP,1.3456651e+07,4.6566612e+07,7.946369e+08,1.2321661e+09
ROM,PRT,1973,489805.2,DOTS_IP,1.5089715e+09,1.5593357e+09,7.946369e+08,1.2321661e+09
RWA,PRT,1973,0.0,DOTS_IP,1.350148e+07,1.3876589e+07,7.946369e+08,1.2321661e+09
SAU,PRT,1973,1.9543228e+07,DOTS_IP,3.7934979e+09,8.067092e+08,7.946369e+08,1.2321661e+09
SDN,PRT,1973,2.040855e+06,DOTS_IP,1.7824746e+08,1.779854e+08,7.946369e+08,1.2321661e+09
SEN,PRT,1973,334700.22,DOTS_IP,9.304173e+07,1.4765912e+08,7.946369e+08,1.2321661e+09
SGP,PRT,1973,110206.17,DOTS_IP,1.4908773e+09,2.0926845e+09,7.946369e+08,1.2321661e+09
SHN,PRT,1973,0.0,DOTS_IP,,,7.946369e+08,1.2321661e+09
SLB,PRT,1973,0.0,DOTS_IP,5.6214125e+06,7.5341835e+06,7.946369e+08,1.2321661e+09
SLE,PRT,1973,0.0,DOTS_IP,9.662854e+07,6.40408e+07,7.946369e+08,1.2321661e+09
SLV,PRT,1973,0.0,DOTS_IP,1.6040304e+08,1.5144818e+08,7.946369e+08,1.2321661e+09
SOM,PRT,1973,0.0,DOTS_IP,,,7.946369e+08,1.2321661e+09
SPM,PRT,1973,0.0,DOTS_IP,2.1420815e+06,6.9703365e+06,7.946369e+08,1.2321661e+09
STP,PRT,1973,1.7755439e+06,DOTS_IP,5.34704e+06,4.08171e+06,7.946369e+08,1.2321661e+09
SUR,PRT,1973,24490.26,DOTS_IP,8.62249e+07,6.4142852e+07,7.946369e+08,1.2321661e+09
SWE,PRT,1973,5.635617e+07,DOTS_IP,4.965033e+09,4.337021e+09,7.946369e+08,1.2321661e+09
SWZ,PRT,1973,,,4.403471e+07,3.9347764e+07,7.946369e+08,1.2321661e+09
SYC,PRT,1973,0.0,DOTS_IP,1.4759994e+06,1.0133988e+07,7.946369e+08,1.2321661e+09
SYR,PRT,1973,330618.5,DOTS_IP,1.4328027e+08,2.6009795e+08,7.946369e+08,1.2321661e+09
TCD,PRT,1973,167350.11,DOTS_IP,1.5557438e+07,3.3521818e+07,7.946369e+08,1.2321661e+09
TGO,PRT,1973,0.0,DOTS_IP,3.270062e+07,4.1212616e+07,7.946369e+08,1.2321661e+09
THA,PRT,1973,763279.75,DOTS_IP,6.3805696e+08,8.2948506e+08,7.946369e+08,1.2321661e+09
TON,PRT,1973,0.0,DOTS_IP,1.8550229e+06,4.635802e+06,7.946369e+08,1.2321661e+09
TTO,PRT,1973,0.0,DOTS_IP,2.9917165e+08,3.2179795e+08,7.946369e+08,1.2321661e+09
TUN,PRT,1973,114287.88,DOTS_IP,1.7371758e+08,2.7876854e+08,7.946369e+08,1.2321661e+09
TUR,PRT,1973,1.0918574e+07,DOTS_IP,5.3736525e+08,9.4141075e+08,7.946369e+08,1.2321661e+09
TUV,PRT,1973,0.0,DOTS_IP,,,7.946369e+08,1.2321661e+09
TWN,PRT,1973,122451.3,DOTS_IP,,,7.946369e+08,1.2321661e+09
TZA,PRT,1973,706135.8,DOTS_IP,1.4378648e+08,2.1128374e+08,7.946369e+08,1.2321661e+09
UGA,PRT,1973,1.1877776e+06,DOTS_IP,1.2668771e+08,6.634248e+07,7.946369e+08,1.2321661e+09
URY,PRT,1973,1.253085e+06,DOTS_IP,1.3124861e+08,1.1778998e+08,7.946369e+08,1.2321661e+09
USA,PRT,1973,1.0055293e+08,DOTS_IP,2.940026e+10,3.0317146e+10,7.946369e+08,1.2321661e+09
USSR,PRT,1973,12245.13,DOTS_IP,4.3614484e+09,4.8886625e+09,7.946369e+08,1.2321661e+09
VCT,PRT,1973,0.0,DOTS_IP,2.1089582e+06,7.9379055e+06,7.946369e+08,1.2321661e+09
VEN,PRT,1973,359190.47,DOTS_IP,1.9559555e+09,1.1322255e+09,7.946369e+08,1.2321661e+09
VNM,PRT,1973,0.0,DOTS_IP,3.1916932e+07,2.9962054e+08,7.946369e+08,1.2321661e+09
VUT,PRT,1973,0.0,DOTS_IP,7.6752475e+06,1.254636e+07,7.946369e+08,1.2321661e+09
WDEU,PRT,1973,1.7816256e+08,DOTS_IP,2.75944e+10,2.2411895e+10,7.946369e+08,1.2321661e+09
WSM,PRT,1973,0.0,DOTS_IP,2.6669892e+06,9.622631e+06,7.946369e+08,1.2321661e+09
YAR,PRT,1973,200003.8,COW,,,7.946369e+08,1.2321661e+09
YMD,PRT,1973,200003.8,COW,,,7.946369e+08,1.2321661e+09
YUG,PRT,1973,4.0980368e+06,DOTS_IP,1.164618e+09,1.9113114e+09,7.946369e+08,1.2321661e+09
ZAF,PRT,1973,5.6531685e+06,DOTS_IP,1.6253491e+09,1.9016424e+09,7.946369e+08,1.2321661e+09
ZMB,PRT,1973,771443.2,DOTS_IP,4.638292e+08,2.2544109e+08,7.946369e+08,1.2321661e+09
ZWE,PRT,1973,0.0,DOTS_IP,2.8081267e+08,2.4747366e+08,7.946369e+08,1.2321661e+09
