source_id,source_pdf_filename,source_pdf_sha256,publication_year,reference_year,table_title,page_number,flow,partner_group_source,series_name_source,value_source,printed_total_value_source,currency_source,unit_source,unit_multiplier,valuation_basis,territorial_definition,cell_status,footnote,transcriber,transcription_date,entry_pass,adjudication_status
ine_external_trade_yearbook,ine_external_trade_1962_volume_i.pdf,4f65453197d811905bcb7fe919926ddb09fe3c850875af5ae232c2c600a948dc,1963,1962,Quadro I - Comercio especial. Importacao,29,M,World,total_imports_special_trade_current_escudos,16829535,16829535,PTE,thousand current escudos,1000,special trade; import values declared by importers and accepted by customs per explanatory note,INE statistical territories as printed in the 1962 volume; metropolitan-territory scope remains pending territorial-definition review,transcribed,Explanatory note defines special trade and value conventions on Volume I PDF pages 9-11.,visual_transcription_pass_1,2026-08-07,pass_1,double_entry_verified
ine_external_trade_yearbook,ine_external_trade_1962_volume_i.pdf,4f65453197d811905bcb7fe919926ddb09fe3c850875af5ae232c2c600a948dc,1963,1962,Quadro II - Comercio especial. Exportacao,33,X,World,total_exports_special_trade_current_escudos,10631829,10631829,PTE,thousand current escudos,1000,special trade; export values follow INE explanatory note conventions,INE statistical territories as printed in the 1962 volume; metropolitan-territory scope remains pending territorial-definition review,transcribed,Explanatory note defines special trade and value conventions on Volume I PDF pages 9-11.,visual_transcription_pass_1,2026-08-07,pass_1,double_entry_verified
ine_external_trade_yearbook,ine_external_trade_1962_volume_i.pdf,4f65453197d811905bcb7fe919926ddb09fe3c850875af5ae232c2c600a948dc,1963,1962,Quadro III - Comercio especial por territorios estatisticos - Importacao,38,M,Ultramar,imports_from_overseas_territories_special_trade_current_escudos,2122236,2122236,PTE,thousand current escudos,1000,special trade; import values declared by importers and accepted by customs per explanatory note,Ultramar row in INE statistical-territory table; individual overseas territories are listed separately below the aggregate row,transcribed,Volume I PDF page 23 lists Portuguese overseas statistical territories; page 38 prints the Ultramar import aggregate.,visual_transcription_pass_1,2026-08-07,pass_1,double_entry_verified
ine_external_trade_yearbook,ine_external_trade_1962_volume_i.pdf,4f65453197d811905bcb7fe919926ddb09fe3c850875af5ae232c2c600a948dc,1963,1962,Quadro III - Comercio especial por territorios estatisticos - Exportacao,39,X,Ultramar,exports_to_overseas_territories_special_trade_current_escudos,2390852,2390852,PTE,thousand current escudos,1000,special trade; export values follow INE explanatory note conventions,Ultramar row in INE statistical-territory table; individual overseas territories are listed separately below the aggregate row,transcribed,Volume I PDF page 23 lists Portuguese overseas statistical territories; page 39 prints the Ultramar export aggregate.,visual_transcription_pass_1,2026-08-07,pass_1,double_entry_verified
ine_external_trade_yearbook,ine_external_trade_1965_volume_i.pdf,d6b95a6b73d54ce1935955b6be7cfed9f20e1d7a3535e1b8c2432edaaff4c6f3,1966,1965,Quadro I - Comercio especial. Importacao,30,M,World,total_imports_special_trade_current_escudos,26552743,26552743,PTE,thousand current escudos,1000,special trade; import values to be confirmed from source notes,INE statistical territories as printed in the 1965 volume; verify against page 23,transcribed,Pass 1 visual transcription from queued page candidate; requires independent pass 2 confirmation.,visual_transcription_pass_1,2026-08-07,pass_1,double_entry_verified
ine_external_trade_yearbook,ine_external_trade_1965_volume_i.pdf,d6b95a6b73d54ce1935955b6be7cfed9f20e1d7a3535e1b8c2432edaaff4c6f3,1966,1965,Quadro II - Comercio especial. Exportacao,38,X,World,total_exports_special_trade_current_escudos,16572637,16572637,PTE,thousand current escudos,1000,special trade; export values to be confirmed from source notes,INE statistical territories as printed in the 1965 volume; verify against page 23,transcribed,Pass 1 visual transcription from queued page candidate; requires independent pass 2 confirmation.,visual_transcription_pass_1,2026-08-07,pass_1,double_entry_verified
ine_external_trade_yearbook,ine_external_trade_1965_volume_i.pdf,d6b95a6b73d54ce1935955b6be7cfed9f20e1d7a3535e1b8c2432edaaff4c6f3,1966,1965,Quadro III - Comercio especial por territorios estatisticos - Importacao,48,M,Ultramar,imports_from_overseas_territories_special_trade_current_escudos,3651273,3651273,PTE,thousand current escudos,1000,special trade; import values to be confirmed from source notes,INE statistical territories as printed in the 1965 volume; verify against page 23,transcribed,Pass 1 visual transcription from queued page candidate; requires independent pass 2 confirmation.,visual_transcription_pass_1,2026-08-07,pass_1,double_entry_verified
ine_external_trade_yearbook,ine_external_trade_1965_volume_i.pdf,d6b95a6b73d54ce1935955b6be7cfed9f20e1d7a3535e1b8c2432edaaff4c6f3,1966,1965,Quadro III - Comercio especial por territorios estatisticos - Exportacao,50,X,Ultramar,exports_to_overseas_territories_special_trade_current_escudos,4140029,4140029,PTE,thousand current escudos,1000,special trade; export values to be confirmed from source notes,INE statistical territories as printed in the 1965 volume; verify against page 23,transcribed,Pass 1 visual transcription from queued page candidate; requires independent pass 2 confirmation.,visual_transcription_pass_1,2026-08-07,pass_1,double_entry_verified
ine_external_trade_yearbook,ine_external_trade_1970_volume_i.pdf,465a1d41cc1ebff60c479337d6214100a2c2ebf3b1cad16b3e609408a890d454,1971,1970,Quadro n.o 1 - Movimento comercial por seccoes da CMCE,24,M,World,total_imports_special_trade_current_escudos,45495031,45495031,PTE,thousand current escudos,1000,special trade; import values to be confirmed from source notes,INE statistical territories as printed in the 1970 volume; verify against page 18,transcribed,Pass 1 visual transcription from queued page candidate; requires independent pass 2 confirmation.,visual_transcription_pass_1,2026-08-07,pass_1,double_entry_verified
ine_external_trade_yearbook,ine_external_trade_1970_volume_i.pdf,465a1d41cc1ebff60c479337d6214100a2c2ebf3b1cad16b3e609408a890d454,1971,1970,Quadro n.o 1 - Movimento comercial por seccoes da CMCE,24,X,World,total_exports_special_trade_current_escudos,27298661,27298661,PTE,thousand current escudos,1000,special trade; export values to be confirmed from source notes,INE statistical territories as printed in the 1970 volume; verify against page 18,transcribed,Pass 1 visual transcription from queued page candidate; requires independent pass 2 confirmation.,visual_transcription_pass_1,2026-08-07,pass_1,double_entry_verified
ine_external_trade_yearbook,ine_external_trade_1970_volume_i.pdf,465a1d41cc1ebff60c479337d6214100a2c2ebf3b1cad16b3e609408a890d454,1971,1970,Quadro n.o 2 - Comercio especial por paises e territorios estatisticos,25,M,Provincias Ultramarinas,imports_from_overseas_territories_special_trade_current_escudos,6716990,6716990,PTE,thousand current escudos,1000,special trade; import values to be confirmed from source notes,INE statistical territories as printed in the 1970 volume; verify against page 18,transcribed,Pass 1 visual transcription from queued page candidate; requires independent pass 2 confirmation.,visual_transcription_pass_1,2026-08-07,pass_1,double_entry_verified
ine_external_trade_yearbook,ine_external_trade_1970_volume_i.pdf,465a1d41cc1ebff60c479337d6214100a2c2ebf3b1cad16b3e609408a890d454,1971,1970,Quadro n.o 2 - Comercio especial por paises e territorios estatisticos,25,X,Provincias Ultramarinas,exports_to_overseas_territories_special_trade_current_escudos,6687814,6687814,PTE,thousand current escudos,1000,special trade; export values to be confirmed from source notes,INE statistical territories as printed in the 1970 volume; verify against page 18,transcribed,Pass 1 visual transcription from queued page candidate; requires independent pass 2 confirmation.,visual_transcription_pass_1,2026-08-07,pass_1,double_entry_verified
ine_external_trade_yearbook,ine_external_trade_1970_volume_i.pdf,465a1d41cc1ebff60c479337d6214100a2c2ebf3b1cad16b3e609408a890d454,1971,1970,Quadro n.o 2 - Comercio especial por paises e territorios estatisticos,25,M,CEE,imports_from_eec_special_trade_current_escudos,15047905,15047905,PTE,thousand current escudos,1000,special trade; import values to be confirmed from source notes,INE statistical territories as printed in the 1970 volume; verify against page 18,transcribed,Pass 1 visual transcription from queued page candidate; requires independent pass 2 confirmation.,visual_transcription_pass_1,2026-08-07,pass_1,double_entry_verified
ine_external_trade_yearbook,ine_external_trade_1970_volume_i.pdf,465a1d41cc1ebff60c479337d6214100a2c2ebf3b1cad16b3e609408a890d454,1971,1970,Quadro n.o 2 - Comercio especial por paises e territorios estatisticos,25,X,CEE,exports_to_eec_special_trade_current_escudos,5005444,5005444,PTE,thousand current escudos,1000,special trade; export values to be confirmed from source notes,INE statistical territories as printed in the 1970 volume; verify against page 18,transcribed,Pass 1 visual transcription from queued page candidate; requires independent pass 2 confirmation.,visual_transcription_pass_1,2026-08-07,pass_1,double_entry_verified
ine_external_trade_yearbook,ine_external_trade_1970_volume_i.pdf,465a1d41cc1ebff60c479337d6214100a2c2ebf3b1cad16b3e609408a890d454,1971,1970,Quadro n.o 2 - Comercio especial por paises e territorios estatisticos,25,M,EFTA,imports_from_efta_special_trade_current_escudos,11023880,11023880,PTE,thousand current escudos,1000,special trade; import values to be confirmed from source notes,INE statistical territories as printed in the 1970 volume; verify against page 18,transcribed,Pass 1 visual transcription from queued page candidate; requires independent pass 2 confirmation.,visual_transcription_pass_1,2026-08-07,pass_1,double_entry_verified
ine_external_trade_yearbook,ine_external_trade_1970_volume_i.pdf,465a1d41cc1ebff60c479337d6214100a2c2ebf3b1cad16b3e609408a890d454,1971,1970,Quadro n.o 2 - Comercio especial por paises e territorios estatisticos,25,X,EFTA,exports_to_efta_special_trade_current_escudos,9671172,9671172,PTE,thousand current escudos,1000,special trade; export values to be confirmed from source notes,INE statistical territories as printed in the 1970 volume; verify against page 18,transcribed,Pass 1 visual transcription from queued page candidate; requires independent pass 2 confirmation.,visual_transcription_pass_1,2026-08-07,pass_1,double_entry_verified
ine_external_trade_yearbook,ine_external_trade_1973_volume_i.pdf,ef13f704b430a739a258e56e080d21d930b074fe49774b6726989329a339225f,1974,1973,Quadro n.o 1 - Movimento comercial por seccoes da CMCE,23,M,World,total_imports_special_trade_current_escudos,74775538,74775538,PTE,thousand current escudos,1000,special trade; import values to be confirmed from source notes,INE statistical territories as printed in the 1973 volume; verify against page 17,transcribed,Pass 1 visual transcription from queued page candidate; requires independent pass 2 confirmation.,visual_transcription_pass_1,2026-08-07,pass_1,double_entry_verified
ine_external_trade_yearbook,ine_external_trade_1973_volume_i.pdf,ef13f704b430a739a258e56e080d21d930b074fe49774b6726989329a339225f,1974,1973,Quadro n.o 1 - Movimento comercial por seccoes da CMCE,23,X,World,total_exports_special_trade_current_escudos,45410493,45410493,PTE,thousand current escudos,1000,special trade; export values to be confirmed from source notes,INE statistical territories as printed in the 1973 volume; verify against page 17,transcribed,Pass 1 visual transcription from queued page candidate; requires independent pass 2 confirmation.,visual_transcription_pass_1,2026-08-07,pass_1,double_entry_verified
ine_external_trade_yearbook,ine_external_trade_1973_volume_i.pdf,ef13f704b430a739a258e56e080d21d930b074fe49774b6726989329a339225f,1974,1973,Quadro n.o 2 - Comercio especial por paises e territorios estatisticos,24,M,Provincias Ultramarinas,imports_from_overseas_territories_special_trade_current_escudos,7538574,7538574,PTE,thousand current escudos,1000,special trade; import values to be confirmed from source notes,INE statistical territories as printed in the 1973 volume; verify against page 17,transcribed,Pass 1 visual transcription from queued page candidate; requires independent pass 2 confirmation.,visual_transcription_pass_1,2026-08-07,pass_1,double_entry_verified
ine_external_trade_yearbook,ine_external_trade_1973_volume_i.pdf,ef13f704b430a739a258e56e080d21d930b074fe49774b6726989329a339225f,1974,1973,Quadro n.o 2 - Comercio especial por paises e territorios estatisticos,24,X,Provincias Ultramarinas,exports_to_overseas_territories_special_trade_current_escudos,6739823,6739823,PTE,thousand current escudos,1000,special trade; export values to be confirmed from source notes,INE statistical territories as printed in the 1973 volume; verify against page 17,transcribed,Pass 1 visual transcription from queued page candidate; requires independent pass 2 confirmation.,visual_transcription_pass_1,2026-08-07,pass_1,double_entry_verified
ine_external_trade_yearbook,ine_external_trade_1973_volume_i.pdf,ef13f704b430a739a258e56e080d21d930b074fe49774b6726989329a339225f,1974,1973,Quadro n.o 2 - Comercio especial por paises e territorios estatisticos,24,M,CEE,imports_from_eec_special_trade_current_escudos,33583125,33583125,PTE,thousand current escudos,1000,special trade; import values to be confirmed from source notes,INE statistical territories as printed in the 1973 volume; verify against page 17,transcribed,Pass 1 visual transcription from queued page candidate; requires independent pass 2 confirmation.,visual_transcription_pass_1,2026-08-07,pass_1,double_entry_verified
ine_external_trade_yearbook,ine_external_trade_1973_volume_i.pdf,ef13f704b430a739a258e56e080d21d930b074fe49774b6726989329a339225f,1974,1973,Quadro n.o 2 - Comercio especial por paises e territorios estatisticos,24,X,CEE,exports_to_eec_special_trade_current_escudos,22083664,22083664,PTE,thousand current escudos,1000,special trade; export values to be confirmed from source notes,INE statistical territories as printed in the 1973 volume; verify against page 17,transcribed,Pass 1 visual transcription from queued page candidate; requires independent pass 2 confirmation.,visual_transcription_pass_1,2026-08-07,pass_1,double_entry_verified
ine_external_trade_yearbook,ine_external_trade_1973_volume_i.pdf,ef13f704b430a739a258e56e080d21d930b074fe49774b6726989329a339225f,1974,1973,Quadro n.o 2 - Comercio especial por paises e territorios estatisticos,24,M,EFTA,imports_from_efta_special_trade_current_escudos,8669779,8669779,PTE,thousand current escudos,1000,special trade; import values to be confirmed from source notes,INE statistical territories as printed in the 1973 volume; verify against page 17,transcribed,Pass 1 visual transcription from queued page candidate; requires independent pass 2 confirmation.,visual_transcription_pass_1,2026-08-07,pass_1,double_entry_verified
ine_external_trade_yearbook,ine_external_trade_1973_volume_i.pdf,ef13f704b430a739a258e56e080d21d930b074fe49774b6726989329a339225f,1974,1973,Quadro n.o 2 - Comercio especial por paises e territorios estatisticos,24,X,EFTA,exports_to_efta_special_trade_current_escudos,6272880,6272880,PTE,thousand current escudos,1000,special trade; export values to be confirmed from source notes,INE statistical territories as printed in the 1973 volume; verify against page 17,transcribed,Pass 1 visual transcription from queued page candidate; requires independent pass 2 confirmation.,visual_transcription_pass_1,2026-08-07,pass_1,double_entry_verified
ine_external_trade_yearbook,ine_external_trade_1962_volume_i.pdf,4f65453197d811905bcb7fe919926ddb09fe3c850875af5ae232c2c600a948dc,1963,1962,"Quadro III - Comercio especial, por territorios estatisticos",38,M,Austria,imports_from_austria_special_trade_current_escudos,120290,120290,PTE,thousand current escudos,1000,special trade; import values declared by importers and accepted by customs per explanatory note,INE statistical territories as printed in the 1962 volume; metropolitan-territory scope remains pending territorial-definition review,transcribed,"Quadro III Europa import subtotal printed as 10 614 295; all fourteen printed European rows sum to 10 614 795, an unresolved +500 residual in the source block outside the eleven fixed-sample rows transcribed here.",visual_transcription_pass_1,2026-08-11,pass_1,double_entry_verified
ine_external_trade_yearbook,ine_external_trade_1962_volume_i.pdf,4f65453197d811905bcb7fe919926ddb09fe3c850875af5ae232c2c600a948dc,1963,1962,"Quadro III - Comercio especial, por territorios estatisticos",38,M,Belgica-Luxemburgo,imports_from_belgium_luxembourg_special_trade_current_escudos,667762,667762,PTE,thousand current escudos,1000,special trade; import values declared by importers and accepted by customs per explanatory note,INE statistical territories as printed in the 1962 volume; metropolitan-territory scope remains pending territorial-definition review,transcribed,"Quadro III Europa import subtotal printed as 10 614 295; all fourteen printed European rows sum to 10 614 795, an unresolved +500 residual in the source block outside the eleven fixed-sample rows transcribed here.",visual_transcription_pass_1,2026-08-11,pass_1,double_entry_verified
ine_external_trade_yearbook,ine_external_trade_1962_volume_i.pdf,4f65453197d811905bcb7fe919926ddb09fe3c850875af5ae232c2c600a948dc,1963,1962,"Quadro III - Comercio especial, por territorios estatisticos",38,M,Dinamarca,imports_from_denmark_special_trade_current_escudos,93676,93676,PTE,thousand current escudos,1000,special trade; import values declared by importers and accepted by customs per explanatory note,INE statistical territories as printed in the 1962 volume; metropolitan-territory scope remains pending territorial-definition review,transcribed,"Quadro III Europa import subtotal printed as 10 614 295; all fourteen printed European rows sum to 10 614 795, an unresolved +500 residual in the source block outside the eleven fixed-sample rows transcribed here.",visual_transcription_pass_1,2026-08-11,pass_1,double_entry_verified
ine_external_trade_yearbook,ine_external_trade_1962_volume_i.pdf,4f65453197d811905bcb7fe919926ddb09fe3c850875af5ae232c2c600a948dc,1963,1962,"Quadro III - Comercio especial, por territorios estatisticos",38,M,Franca,imports_from_france_special_trade_current_escudos,1584261,1584261,PTE,thousand current escudos,1000,special trade; import values declared by importers and accepted by customs per explanatory note,INE statistical territories as printed in the 1962 volume; metropolitan-territory scope remains pending territorial-definition review,transcribed,"Quadro III Europa import subtotal printed as 10 614 295; all fourteen printed European rows sum to 10 614 795, an unresolved +500 residual in the source block outside the eleven fixed-sample rows transcribed here.",visual_transcription_pass_1,2026-08-11,pass_1,double_entry_verified
ine_external_trade_yearbook,ine_external_trade_1962_volume_i.pdf,4f65453197d811905bcb7fe919926ddb09fe3c850875af5ae232c2c600a948dc,1963,1962,"Quadro III - Comercio especial, por territorios estatisticos",38,M,Holanda,imports_from_netherlands_special_trade_current_escudos,485775,485775,PTE,thousand current escudos,1000,special trade; import values declared by importers and accepted by customs per explanatory note,INE statistical territories as printed in the 1962 volume; metropolitan-territory scope remains pending territorial-definition review,transcribed,"Quadro III Europa import subtotal printed as 10 614 295; all fourteen printed European rows sum to 10 614 795, an unresolved +500 residual in the source block outside the eleven fixed-sample rows transcribed here.",visual_transcription_pass_1,2026-08-11,pass_1,double_entry_verified
ine_external_trade_yearbook,ine_external_trade_1962_volume_i.pdf,4f65453197d811905bcb7fe919926ddb09fe3c850875af5ae232c2c600a948dc,1963,1962,"Quadro III - Comercio especial, por territorios estatisticos",38,M,Italia,imports_from_italy_special_trade_current_escudos,689394,689394,PTE,thousand current escudos,1000,special trade; import values declared by importers and accepted by customs per explanatory note,INE statistical territories as printed in the 1962 volume; metropolitan-territory scope remains pending territorial-definition review,transcribed,"Quadro III Europa import subtotal printed as 10 614 295; all fourteen printed European rows sum to 10 614 795, an unresolved +500 residual in the source block outside the eleven fixed-sample rows transcribed here.",visual_transcription_pass_1,2026-08-11,pass_1,double_entry_verified
ine_external_trade_yearbook,ine_external_trade_1962_volume_i.pdf,4f65453197d811905bcb7fe919926ddb09fe3c850875af5ae232c2c600a948dc,1963,1962,"Quadro III - Comercio especial, por territorios estatisticos",38,M,Noruega,imports_from_norway_special_trade_current_escudos,124726,124726,PTE,thousand current escudos,1000,special trade; import values declared by importers and accepted by customs per explanatory note,INE statistical territories as printed in the 1962 volume; metropolitan-territory scope remains pending territorial-definition review,transcribed,"Quadro III Europa import subtotal printed as 10 614 295; all fourteen printed European rows sum to 10 614 795, an unresolved +500 residual in the source block outside the eleven fixed-sample rows transcribed here.",visual_transcription_pass_1,2026-08-11,pass_1,double_entry_verified
ine_external_trade_yearbook,ine_external_trade_1962_volume_i.pdf,4f65453197d811905bcb7fe919926ddb09fe3c850875af5ae232c2c600a948dc,1963,1962,"Quadro III - Comercio especial, por territorios estatisticos",38,M,Reino Unido,imports_from_united_kingdom_special_trade_current_escudos,2500089,2500089,PTE,thousand current escudos,1000,special trade; import values declared by importers and accepted by customs per explanatory note,INE statistical territories as printed in the 1962 volume; metropolitan-territory scope remains pending territorial-definition review,transcribed,"Quadro III Europa import subtotal printed as 10 614 295; all fourteen printed European rows sum to 10 614 795, an unresolved +500 residual in the source block outside the eleven fixed-sample rows transcribed here.",visual_transcription_pass_1,2026-08-11,pass_1,double_entry_verified
ine_external_trade_yearbook,ine_external_trade_1962_volume_i.pdf,4f65453197d811905bcb7fe919926ddb09fe3c850875af5ae232c2c600a948dc,1963,1962,"Quadro III - Comercio especial, por territorios estatisticos",38,M,Republica Federal da Alemanha,imports_from_west_germany_special_trade_current_escudos,2684897,2684897,PTE,thousand current escudos,1000,special trade; import values declared by importers and accepted by customs per explanatory note,INE statistical territories as printed in the 1962 volume; metropolitan-territory scope remains pending territorial-definition review,transcribed,"Quadro III Europa import subtotal printed as 10 614 295; all fourteen printed European rows sum to 10 614 795, an unresolved +500 residual in the source block outside the eleven fixed-sample rows transcribed here.",visual_transcription_pass_1,2026-08-11,pass_1,double_entry_verified
ine_external_trade_yearbook,ine_external_trade_1962_volume_i.pdf,4f65453197d811905bcb7fe919926ddb09fe3c850875af5ae232c2c600a948dc,1963,1962,"Quadro III - Comercio especial, por territorios estatisticos",38,M,Suecia,imports_from_sweden_special_trade_current_escudos,478741,478741,PTE,thousand current escudos,1000,special trade; import values declared by importers and accepted by customs per explanatory note,INE statistical territories as printed in the 1962 volume; metropolitan-territory scope remains pending territorial-definition review,transcribed,"Quadro III Europa import subtotal printed as 10 614 295; all fourteen printed European rows sum to 10 614 795, an unresolved +500 residual in the source block outside the eleven fixed-sample rows transcribed here.",visual_transcription_pass_1,2026-08-11,pass_1,double_entry_verified
ine_external_trade_yearbook,ine_external_trade_1962_volume_i.pdf,4f65453197d811905bcb7fe919926ddb09fe3c850875af5ae232c2c600a948dc,1963,1962,"Quadro III - Comercio especial, por territorios estatisticos",38,M,Suica,imports_from_switzerland_liechtenstein_special_trade_current_escudos,597808,597808,PTE,thousand current escudos,1000,special trade; import values declared by importers and accepted by customs per explanatory note,INE statistical territories as printed in the 1962 volume; metropolitan-territory scope remains pending territorial-definition review,transcribed,"Quadro III Europa import subtotal printed as 10 614 295; all fourteen printed European rows sum to 10 614 795, an unresolved +500 residual in the source block outside the eleven fixed-sample rows transcribed here.",visual_transcription_pass_1,2026-08-11,pass_1,double_entry_verified
ine_external_trade_yearbook,ine_external_trade_1962_volume_i.pdf,4f65453197d811905bcb7fe919926ddb09fe3c850875af5ae232c2c600a948dc,1963,1962,"Quadro III - Comercio especial, por territorios estatisticos",39,X,Austria,exports_to_austria_special_trade_current_escudos,84164,84164,PTE,thousand current escudos,1000,special trade; export values follow INE explanatory note conventions,INE statistical territories as printed in the 1962 volume; metropolitan-territory scope remains pending territorial-definition review,transcribed,Quadro III Europa export subtotal printed as 5 201 448; all fourteen printed European rows sum exactly to that subtotal.,visual_transcription_pass_1,2026-08-11,pass_1,double_entry_verified
ine_external_trade_yearbook,ine_external_trade_1962_volume_i.pdf,4f65453197d811905bcb7fe919926ddb09fe3c850875af5ae232c2c600a948dc,1963,1962,"Quadro III - Comercio especial, por territorios estatisticos",39,X,Belgica-Luxemburgo,exports_to_belgium_luxembourg_special_trade_current_escudos,304020,304020,PTE,thousand current escudos,1000,special trade; export values follow INE explanatory note conventions,INE statistical territories as printed in the 1962 volume; metropolitan-territory scope remains pending territorial-definition review,transcribed,Quadro III Europa export subtotal printed as 5 201 448; all fourteen printed European rows sum exactly to that subtotal.,visual_transcription_pass_1,2026-08-11,pass_1,double_entry_verified
ine_external_trade_yearbook,ine_external_trade_1962_volume_i.pdf,4f65453197d811905bcb7fe919926ddb09fe3c850875af5ae232c2c600a948dc,1963,1962,"Quadro III - Comercio especial, por territorios estatisticos",39,X,Dinamarca,exports_to_denmark_special_trade_current_escudos,225934,225934,PTE,thousand current escudos,1000,special trade; export values follow INE explanatory note conventions,INE statistical territories as printed in the 1962 volume; metropolitan-territory scope remains pending territorial-definition review,transcribed,Quadro III Europa export subtotal printed as 5 201 448; all fourteen printed European rows sum exactly to that subtotal.,visual_transcription_pass_1,2026-08-11,pass_1,double_entry_verified
ine_external_trade_yearbook,ine_external_trade_1962_volume_i.pdf,4f65453197d811905bcb7fe919926ddb09fe3c850875af5ae232c2c600a948dc,1963,1962,"Quadro III - Comercio especial, por territorios estatisticos",39,X,Franca,exports_to_france_special_trade_current_escudos,506623,506623,PTE,thousand current escudos,1000,special trade; export values follow INE explanatory note conventions,INE statistical territories as printed in the 1962 volume; metropolitan-territory scope remains pending territorial-definition review,transcribed,Quadro III Europa export subtotal printed as 5 201 448; all fourteen printed European rows sum exactly to that subtotal.,visual_transcription_pass_1,2026-08-11,pass_1,double_entry_verified
ine_external_trade_yearbook,ine_external_trade_1962_volume_i.pdf,4f65453197d811905bcb7fe919926ddb09fe3c850875af5ae232c2c600a948dc,1963,1962,"Quadro III - Comercio especial, por territorios estatisticos",39,X,Holanda,exports_to_netherlands_special_trade_current_escudos,242404,242404,PTE,thousand current escudos,1000,special trade; export values follow INE explanatory note conventions,INE statistical territories as printed in the 1962 volume; metropolitan-territory scope remains pending territorial-definition review,transcribed,Quadro III Europa export subtotal printed as 5 201 448; all fourteen printed European rows sum exactly to that subtotal.,visual_transcription_pass_1,2026-08-11,pass_1,double_entry_verified
ine_external_trade_yearbook,ine_external_trade_1962_volume_i.pdf,4f65453197d811905bcb7fe919926ddb09fe3c850875af5ae232c2c600a948dc,1963,1962,"Quadro III - Comercio especial, por territorios estatisticos",39,X,Italia,exports_to_italy_special_trade_current_escudos,565508,565508,PTE,thousand current escudos,1000,special trade; export values follow INE explanatory note conventions,INE statistical territories as printed in the 1962 volume; metropolitan-territory scope remains pending territorial-definition review,transcribed,Quadro III Europa export subtotal printed as 5 201 448; all fourteen printed European rows sum exactly to that subtotal.,visual_transcription_pass_1,2026-08-11,pass_1,double_entry_verified
ine_external_trade_yearbook,ine_external_trade_1962_volume_i.pdf,4f65453197d811905bcb7fe919926ddb09fe3c850875af5ae232c2c600a948dc,1963,1962,"Quadro III - Comercio especial, por territorios estatisticos",39,X,Noruega,exports_to_norway_special_trade_current_escudos,103085,103085,PTE,thousand current escudos,1000,special trade; export values follow INE explanatory note conventions,INE statistical territories as printed in the 1962 volume; metropolitan-territory scope remains pending territorial-definition review,transcribed,Quadro III Europa export subtotal printed as 5 201 448; all fourteen printed European rows sum exactly to that subtotal.,visual_transcription_pass_1,2026-08-11,pass_1,double_entry_verified
ine_external_trade_yearbook,ine_external_trade_1962_volume_i.pdf,4f65453197d811905bcb7fe919926ddb09fe3c850875af5ae232c2c600a948dc,1963,1962,"Quadro III - Comercio especial, por territorios estatisticos",39,X,Reino Unido,exports_to_united_kingdom_special_trade_current_escudos,1277168,1277168,PTE,thousand current escudos,1000,special trade; export values follow INE explanatory note conventions,INE statistical territories as printed in the 1962 volume; metropolitan-territory scope remains pending territorial-definition review,transcribed,Quadro III Europa export subtotal printed as 5 201 448; all fourteen printed European rows sum exactly to that subtotal.,visual_transcription_pass_1,2026-08-11,pass_1,double_entry_verified
ine_external_trade_yearbook,ine_external_trade_1962_volume_i.pdf,4f65453197d811905bcb7fe919926ddb09fe3c850875af5ae232c2c600a948dc,1963,1962,"Quadro III - Comercio especial, por territorios estatisticos",39,X,Republica Federal da Alemanha,exports_to_west_germany_special_trade_current_escudos,854693,854693,PTE,thousand current escudos,1000,special trade; export values follow INE explanatory note conventions,INE statistical territories as printed in the 1962 volume; metropolitan-territory scope remains pending territorial-definition review,transcribed,Quadro III Europa export subtotal printed as 5 201 448; all fourteen printed European rows sum exactly to that subtotal.,visual_transcription_pass_1,2026-08-11,pass_1,double_entry_verified
ine_external_trade_yearbook,ine_external_trade_1962_volume_i.pdf,4f65453197d811905bcb7fe919926ddb09fe3c850875af5ae232c2c600a948dc,1963,1962,"Quadro III - Comercio especial, por territorios estatisticos",39,X,Suecia,exports_to_sweden_special_trade_current_escudos,291559,291559,PTE,thousand current escudos,1000,special trade; export values follow INE explanatory note conventions,INE statistical territories as printed in the 1962 volume; metropolitan-territory scope remains pending territorial-definition review,transcribed,Quadro III Europa export subtotal printed as 5 201 448; all fourteen printed European rows sum exactly to that subtotal.,visual_transcription_pass_1,2026-08-11,pass_1,double_entry_verified
ine_external_trade_yearbook,ine_external_trade_1962_volume_i.pdf,4f65453197d811905bcb7fe919926ddb09fe3c850875af5ae232c2c600a948dc,1963,1962,"Quadro III - Comercio especial, por territorios estatisticos",39,X,Suica,exports_to_switzerland_liechtenstein_special_trade_current_escudos,171119,171119,PTE,thousand current escudos,1000,special trade; export values follow INE explanatory note conventions,INE statistical territories as printed in the 1962 volume; metropolitan-territory scope remains pending territorial-definition review,transcribed,Quadro III Europa export subtotal printed as 5 201 448; all fourteen printed European rows sum exactly to that subtotal.,visual_transcription_pass_1,2026-08-11,pass_1,double_entry_verified
ine_external_trade_yearbook,ine_external_trade_1965_volume_i.pdf,d6b95a6b73d54ce1935955b6be7cfed9f20e1d7a3535e1b8c2432edaaff4c6f3,1966,1965,"Quadro III - Comercio especial, por territorios estatisticos",48,M,Austria,imports_from_austria_special_trade_current_escudos,215235,215235,PTE,thousand current escudos,1000,special trade; import values to be confirmed from source notes,INE statistical territories as printed in the 1965 volume; verify against page 23,transcribed,"Quadro III Europa import subtotal printed as 16 744 498; all fourteen printed European rows sum to 16 744 598, an unresolved +100 residual in the source block outside the eleven fixed-sample rows transcribed here.",visual_transcription_pass_1,2026-08-11,pass_1,double_entry_verified
ine_external_trade_yearbook,ine_external_trade_1965_volume_i.pdf,d6b95a6b73d54ce1935955b6be7cfed9f20e1d7a3535e1b8c2432edaaff4c6f3,1966,1965,"Quadro III - Comercio especial, por territorios estatisticos",48,M,Belgica-Luxemburgo,imports_from_belgium_luxembourg_special_trade_current_escudos,913533,913533,PTE,thousand current escudos,1000,special trade; import values to be confirmed from source notes,INE statistical territories as printed in the 1965 volume; verify against page 23,transcribed,"Printed Europa import subtotal 16 744 498; the printed country rows reproduce it exactly. This cell reads 913 533, confirmed independently by the retrospective 1965 column printed in the 1967 volume.",visual_transcription_pass_1,2026-08-11,pass_1,double_entry_verified
ine_external_trade_yearbook,ine_external_trade_1965_volume_i.pdf,d6b95a6b73d54ce1935955b6be7cfed9f20e1d7a3535e1b8c2432edaaff4c6f3,1966,1965,"Quadro III - Comercio especial, por territorios estatisticos",48,M,Dinamarca,imports_from_denmark_special_trade_current_escudos,256880,256880,PTE,thousand current escudos,1000,special trade; import values to be confirmed from source notes,INE statistical territories as printed in the 1965 volume; verify against page 23,transcribed,"Quadro III Europa import subtotal printed as 16 744 498; all fourteen printed European rows sum to 16 744 598, an unresolved +100 residual in the source block outside the eleven fixed-sample rows transcribed here.",visual_transcription_pass_1,2026-08-11,pass_1,double_entry_verified
ine_external_trade_yearbook,ine_external_trade_1965_volume_i.pdf,d6b95a6b73d54ce1935955b6be7cfed9f20e1d7a3535e1b8c2432edaaff4c6f3,1966,1965,"Quadro III - Comercio especial, por territorios estatisticos",48,M,Franca,imports_from_france_special_trade_current_escudos,1997745,1997745,PTE,thousand current escudos,1000,special trade; import values to be confirmed from source notes,INE statistical territories as printed in the 1965 volume; verify against page 23,transcribed,"Quadro III Europa import subtotal printed as 16 744 498; all fourteen printed European rows sum to 16 744 598, an unresolved +100 residual in the source block outside the eleven fixed-sample rows transcribed here.",visual_transcription_pass_1,2026-08-11,pass_1,double_entry_verified
ine_external_trade_yearbook,ine_external_trade_1965_volume_i.pdf,d6b95a6b73d54ce1935955b6be7cfed9f20e1d7a3535e1b8c2432edaaff4c6f3,1966,1965,"Quadro III - Comercio especial, por territorios estatisticos",48,M,Holanda,imports_from_netherlands_special_trade_current_escudos,667496,667496,PTE,thousand current escudos,1000,special trade; import values to be confirmed from source notes,INE statistical territories as printed in the 1965 volume; verify against page 23,transcribed,"Quadro III Europa import subtotal printed as 16 744 498; all fourteen printed European rows sum to 16 744 598, an unresolved +100 residual in the source block outside the eleven fixed-sample rows transcribed here.",visual_transcription_pass_1,2026-08-11,pass_1,double_entry_verified
ine_external_trade_yearbook,ine_external_trade_1965_volume_i.pdf,d6b95a6b73d54ce1935955b6be7cfed9f20e1d7a3535e1b8c2432edaaff4c6f3,1966,1965,"Quadro III - Comercio especial, por territorios estatisticos",48,M,Italia,imports_from_italy_special_trade_current_escudos,1359322,1359322,PTE,thousand current escudos,1000,special trade; import values to be confirmed from source notes,INE statistical territories as printed in the 1965 volume; verify against page 23,transcribed,"Quadro III Europa import subtotal printed as 16 744 498; all fourteen printed European rows sum to 16 744 598, an unresolved +100 residual in the source block outside the eleven fixed-sample rows transcribed here.",visual_transcription_pass_1,2026-08-11,pass_1,double_entry_verified
ine_external_trade_yearbook,ine_external_trade_1965_volume_i.pdf,d6b95a6b73d54ce1935955b6be7cfed9f20e1d7a3535e1b8c2432edaaff4c6f3,1966,1965,"Quadro III - Comercio especial, por territorios estatisticos",48,M,Noruega,imports_from_norway_special_trade_current_escudos,204506,204506,PTE,thousand current escudos,1000,special trade; import values to be confirmed from source notes,INE statistical territories as printed in the 1965 volume; verify against page 23,transcribed,"Quadro III Europa import subtotal printed as 16 744 498; all fourteen printed European rows sum to 16 744 598, an unresolved +100 residual in the source block outside the eleven fixed-sample rows transcribed here.",visual_transcription_pass_1,2026-08-11,pass_1,double_entry_verified
ine_external_trade_yearbook,ine_external_trade_1965_volume_i.pdf,d6b95a6b73d54ce1935955b6be7cfed9f20e1d7a3535e1b8c2432edaaff4c6f3,1966,1965,"Quadro III - Comercio especial, por territorios estatisticos",48,M,Reino Unido,imports_from_united_kingdom_special_trade_current_escudos,3448199,3448199,PTE,thousand current escudos,1000,special trade; import values to be confirmed from source notes,INE statistical territories as printed in the 1965 volume; verify against page 23,transcribed,"Quadro III Europa import subtotal printed as 16 744 498; all fourteen printed European rows sum to 16 744 598, an unresolved +100 residual in the source block outside the eleven fixed-sample rows transcribed here.",visual_transcription_pass_1,2026-08-11,pass_1,double_entry_verified
ine_external_trade_yearbook,ine_external_trade_1965_volume_i.pdf,d6b95a6b73d54ce1935955b6be7cfed9f20e1d7a3535e1b8c2432edaaff4c6f3,1966,1965,"Quadro III - Comercio especial, por territorios estatisticos",48,M,Republica Federal da Alemanha,imports_from_west_germany_special_trade_current_escudos,4321899,4321899,PTE,thousand current escudos,1000,special trade; import values to be confirmed from source notes,INE statistical territories as printed in the 1965 volume; verify against page 23,transcribed,"Quadro III Europa import subtotal printed as 16 744 498; all fourteen printed European rows sum to 16 744 598, an unresolved +100 residual in the source block outside the eleven fixed-sample rows transcribed here.",visual_transcription_pass_1,2026-08-11,pass_1,double_entry_verified
ine_external_trade_yearbook,ine_external_trade_1965_volume_i.pdf,d6b95a6b73d54ce1935955b6be7cfed9f20e1d7a3535e1b8c2432edaaff4c6f3,1966,1965,"Quadro III - Comercio especial, por territorios estatisticos",48,M,Suecia,imports_from_sweden_special_trade_current_escudos,654298,654298,PTE,thousand current escudos,1000,special trade; import values to be confirmed from source notes,INE statistical territories as printed in the 1965 volume; verify against page 23,transcribed,"Quadro III Europa import subtotal printed as 16 744 498; all fourteen printed European rows sum to 16 744 598, an unresolved +100 residual in the source block outside the eleven fixed-sample rows transcribed here.",visual_transcription_pass_1,2026-08-11,pass_1,double_entry_verified
ine_external_trade_yearbook,ine_external_trade_1965_volume_i.pdf,d6b95a6b73d54ce1935955b6be7cfed9f20e1d7a3535e1b8c2432edaaff4c6f3,1966,1965,"Quadro III - Comercio especial, por territorios estatisticos",48,M,Suica,imports_from_switzerland_liechtenstein_special_trade_current_escudos,920507,920507,PTE,thousand current escudos,1000,special trade; import values to be confirmed from source notes,INE statistical territories as printed in the 1965 volume; verify against page 23,transcribed,"Quadro III Europa import subtotal printed as 16 744 498; all fourteen printed European rows sum to 16 744 598, an unresolved +100 residual in the source block outside the eleven fixed-sample rows transcribed here.",visual_transcription_pass_1,2026-08-11,pass_1,double_entry_verified
ine_external_trade_yearbook,ine_external_trade_1965_volume_i.pdf,d6b95a6b73d54ce1935955b6be7cfed9f20e1d7a3535e1b8c2432edaaff4c6f3,1966,1965,"Quadro III - Comercio especial, por territorios estatisticos",50,X,Austria,exports_to_austria_special_trade_current_escudos,181753,181753,PTE,thousand current escudos,1000,special trade; export values to be confirmed from source notes,INE statistical territories as printed in the 1965 volume; verify against page 23,transcribed,Quadro III Europa export subtotal printed as 8 860 518; all fourteen printed European rows sum exactly to that subtotal.,visual_transcription_pass_1,2026-08-11,pass_1,double_entry_verified
ine_external_trade_yearbook,ine_external_trade_1965_volume_i.pdf,d6b95a6b73d54ce1935955b6be7cfed9f20e1d7a3535e1b8c2432edaaff4c6f3,1966,1965,"Quadro III - Comercio especial, por territorios estatisticos",50,X,Belgica-Luxemburgo,exports_to_belgium_luxembourg_special_trade_current_escudos,401618,401618,PTE,thousand current escudos,1000,special trade; export values to be confirmed from source notes,INE statistical territories as printed in the 1965 volume; verify against page 23,transcribed,Quadro III Europa export subtotal printed as 8 860 518; all fourteen printed European rows sum exactly to that subtotal.,visual_transcription_pass_1,2026-08-11,pass_1,double_entry_verified
ine_external_trade_yearbook,ine_external_trade_1965_volume_i.pdf,d6b95a6b73d54ce1935955b6be7cfed9f20e1d7a3535e1b8c2432edaaff4c6f3,1966,1965,"Quadro III - Comercio especial, por territorios estatisticos",50,X,Dinamarca,exports_to_denmark_special_trade_current_escudos,345997,345997,PTE,thousand current escudos,1000,special trade; export values to be confirmed from source notes,INE statistical territories as printed in the 1965 volume; verify against page 23,transcribed,Quadro III Europa export subtotal printed as 8 860 518; all fourteen printed European rows sum exactly to that subtotal.,visual_transcription_pass_1,2026-08-11,pass_1,double_entry_verified
ine_external_trade_yearbook,ine_external_trade_1965_volume_i.pdf,d6b95a6b73d54ce1935955b6be7cfed9f20e1d7a3535e1b8c2432edaaff4c6f3,1966,1965,"Quadro III - Comercio especial, por territorios estatisticos",50,X,Franca,exports_to_france_special_trade_current_escudos,763626,763626,PTE,thousand current escudos,1000,special trade; export values to be confirmed from source notes,INE statistical territories as printed in the 1965 volume; verify against page 23,transcribed,Quadro III Europa export subtotal printed as 8 860 518; all fourteen printed European rows sum exactly to that subtotal.,visual_transcription_pass_1,2026-08-11,pass_1,double_entry_verified
ine_external_trade_yearbook,ine_external_trade_1965_volume_i.pdf,d6b95a6b73d54ce1935955b6be7cfed9f20e1d7a3535e1b8c2432edaaff4c6f3,1966,1965,"Quadro III - Comercio especial, por territorios estatisticos",50,X,Holanda,exports_to_netherlands_special_trade_current_escudos,444746,444746,PTE,thousand current escudos,1000,special trade; export values to be confirmed from source notes,INE statistical territories as printed in the 1965 volume; verify against page 23,transcribed,Quadro III Europa export subtotal printed as 8 860 518; all fourteen printed European rows sum exactly to that subtotal.,visual_transcription_pass_1,2026-08-11,pass_1,double_entry_verified
ine_external_trade_yearbook,ine_external_trade_1965_volume_i.pdf,d6b95a6b73d54ce1935955b6be7cfed9f20e1d7a3535e1b8c2432edaaff4c6f3,1966,1965,"Quadro III - Comercio especial, por territorios estatisticos",50,X,Italia,exports_to_italy_special_trade_current_escudos,487482,487482,PTE,thousand current escudos,1000,special trade; export values to be confirmed from source notes,INE statistical territories as printed in the 1965 volume; verify against page 23,transcribed,Quadro III Europa export subtotal printed as 8 860 518; all fourteen printed European rows sum exactly to that subtotal.,visual_transcription_pass_1,2026-08-11,pass_1,double_entry_verified
ine_external_trade_yearbook,ine_external_trade_1965_volume_i.pdf,d6b95a6b73d54ce1935955b6be7cfed9f20e1d7a3535e1b8c2432edaaff4c6f3,1966,1965,"Quadro III - Comercio especial, por territorios estatisticos",50,X,Noruega,exports_to_norway_special_trade_current_escudos,147547,147547,PTE,thousand current escudos,1000,special trade; export values to be confirmed from source notes,INE statistical territories as printed in the 1965 volume; verify against page 23,transcribed,Quadro III Europa export subtotal printed as 8 860 518; all fourteen printed European rows sum exactly to that subtotal.,visual_transcription_pass_1,2026-08-11,pass_1,double_entry_verified
ine_external_trade_yearbook,ine_external_trade_1965_volume_i.pdf,d6b95a6b73d54ce1935955b6be7cfed9f20e1d7a3535e1b8c2432edaaff4c6f3,1966,1965,"Quadro III - Comercio especial, por territorios estatisticos",50,X,Reino Unido,exports_to_united_kingdom_special_trade_current_escudos,2922252,2922252,PTE,thousand current escudos,1000,special trade; export values to be confirmed from source notes,INE statistical territories as printed in the 1965 volume; verify against page 23,transcribed,Quadro III Europa export subtotal printed as 8 860 518; all fourteen printed European rows sum exactly to that subtotal.,visual_transcription_pass_1,2026-08-11,pass_1,double_entry_verified
ine_external_trade_yearbook,ine_external_trade_1965_volume_i.pdf,d6b95a6b73d54ce1935955b6be7cfed9f20e1d7a3535e1b8c2432edaaff4c6f3,1966,1965,"Quadro III - Comercio especial, por territorios estatisticos",50,X,Republica Federal da Alemanha,exports_to_west_germany_special_trade_current_escudos,1338767,1338767,PTE,thousand current escudos,1000,special trade; export values to be confirmed from source notes,INE statistical territories as printed in the 1965 volume; verify against page 23,transcribed,Quadro III Europa export subtotal printed as 8 860 518; all fourteen printed European rows sum exactly to that subtotal.,visual_transcription_pass_1,2026-08-11,pass_1,double_entry_verified
ine_external_trade_yearbook,ine_external_trade_1965_volume_i.pdf,d6b95a6b73d54ce1935955b6be7cfed9f20e1d7a3535e1b8c2432edaaff4c6f3,1966,1965,"Quadro III - Comercio especial, por territorios estatisticos",50,X,Suecia,exports_to_sweden_special_trade_current_escudos,555512,555512,PTE,thousand current escudos,1000,special trade; export values to be confirmed from source notes,INE statistical territories as printed in the 1965 volume; verify against page 23,transcribed,Quadro III Europa export subtotal printed as 8 860 518; all fourteen printed European rows sum exactly to that subtotal.,visual_transcription_pass_1,2026-08-11,pass_1,double_entry_verified
ine_external_trade_yearbook,ine_external_trade_1965_volume_i.pdf,d6b95a6b73d54ce1935955b6be7cfed9f20e1d7a3535e1b8c2432edaaff4c6f3,1966,1965,"Quadro III - Comercio especial, por territorios estatisticos",50,X,Suica,exports_to_switzerland_liechtenstein_special_trade_current_escudos,297722,297722,PTE,thousand current escudos,1000,special trade; export values to be confirmed from source notes,INE statistical territories as printed in the 1965 volume; verify against page 23,transcribed,Quadro III Europa export subtotal printed as 8 860 518; all fourteen printed European rows sum exactly to that subtotal.,visual_transcription_pass_1,2026-08-11,pass_1,double_entry_verified
ine_external_trade_yearbook,ine_external_trade_1970_volume_i.pdf,465a1d41cc1ebff60c479337d6214100a2c2ebf3b1cad16b3e609408a890d454,1971,1970,Quadro n.o 2 - Comercio especial por paises e territorios estatisticos,25,M,Austria,imports_from_austria_special_trade_current_escudos,705741,705741,PTE,thousand current escudos,1000,special trade; import values to be confirmed from source notes,INE statistical territories as printed in the 1970 volume; verify against page 18,transcribed,Printed C.E.E. import subtotal 15 047 905 and E.F.T.A. import subtotal 11 023 880 each reconcile exactly with their printed member rows. Dinamarca is transcribed excluding the separately printed Gronelandia row (7).,visual_transcription_pass_1,2026-08-11,pass_1,double_entry_verified
ine_external_trade_yearbook,ine_external_trade_1970_volume_i.pdf,465a1d41cc1ebff60c479337d6214100a2c2ebf3b1cad16b3e609408a890d454,1971,1970,Quadro n.o 2 - Comercio especial por paises e territorios estatisticos,25,M,Belgica-Luxemburgo,imports_from_belgium_luxembourg_special_trade_current_escudos,1257626,1257626,PTE,thousand current escudos,1000,special trade; import values to be confirmed from source notes,INE statistical territories as printed in the 1970 volume; verify against page 18,transcribed,Printed C.E.E. import subtotal 15 047 905 and E.F.T.A. import subtotal 11 023 880 each reconcile exactly with their printed member rows. Dinamarca is transcribed excluding the separately printed Gronelandia row (7).,visual_transcription_pass_1,2026-08-11,pass_1,double_entry_verified
ine_external_trade_yearbook,ine_external_trade_1970_volume_i.pdf,465a1d41cc1ebff60c479337d6214100a2c2ebf3b1cad16b3e609408a890d454,1971,1970,Quadro n.o 2 - Comercio especial por paises e territorios estatisticos,25,M,Dinamarca,imports_from_denmark_special_trade_current_escudos,415663,415663,PTE,thousand current escudos,1000,special trade; import values to be confirmed from source notes,INE statistical territories as printed in the 1970 volume; verify against page 18,transcribed,Printed C.E.E. import subtotal 15 047 905 and E.F.T.A. import subtotal 11 023 880 each reconcile exactly with their printed member rows. Dinamarca is transcribed excluding the separately printed Gronelandia row (7).,visual_transcription_pass_1,2026-08-11,pass_1,double_entry_verified
ine_external_trade_yearbook,ine_external_trade_1970_volume_i.pdf,465a1d41cc1ebff60c479337d6214100a2c2ebf3b1cad16b3e609408a890d454,1971,1970,Quadro n.o 2 - Comercio especial por paises e territorios estatisticos,25,M,Franca,imports_from_france_special_trade_current_escudos,3176225,3176225,PTE,thousand current escudos,1000,special trade; import values to be confirmed from source notes,INE statistical territories as printed in the 1970 volume; verify against page 18,transcribed,Printed C.E.E. import subtotal 15 047 905 and E.F.T.A. import subtotal 11 023 880 each reconcile exactly with their printed member rows. Dinamarca is transcribed excluding the separately printed Gronelandia row (7).,visual_transcription_pass_1,2026-08-11,pass_1,double_entry_verified
ine_external_trade_yearbook,ine_external_trade_1970_volume_i.pdf,465a1d41cc1ebff60c479337d6214100a2c2ebf3b1cad16b3e609408a890d454,1971,1970,Quadro n.o 2 - Comercio especial por paises e territorios estatisticos,25,M,Holanda,imports_from_netherlands_special_trade_current_escudos,1132195,1132195,PTE,thousand current escudos,1000,special trade; import values to be confirmed from source notes,INE statistical territories as printed in the 1970 volume; verify against page 18,transcribed,Printed C.E.E. import subtotal 15 047 905 and E.F.T.A. import subtotal 11 023 880 each reconcile exactly with their printed member rows. Dinamarca is transcribed excluding the separately printed Gronelandia row (7).,visual_transcription_pass_1,2026-08-11,pass_1,double_entry_verified
ine_external_trade_yearbook,ine_external_trade_1970_volume_i.pdf,465a1d41cc1ebff60c479337d6214100a2c2ebf3b1cad16b3e609408a890d454,1971,1970,Quadro n.o 2 - Comercio especial por paises e territorios estatisticos,25,M,Italia,imports_from_italy_special_trade_current_escudos,2432272,2432272,PTE,thousand current escudos,1000,special trade; import values to be confirmed from source notes,INE statistical territories as printed in the 1970 volume; verify against page 18,transcribed,Printed C.E.E. import subtotal 15 047 905 and E.F.T.A. import subtotal 11 023 880 each reconcile exactly with their printed member rows. Dinamarca is transcribed excluding the separately printed Gronelandia row (7).,visual_transcription_pass_1,2026-08-11,pass_1,double_entry_verified
ine_external_trade_yearbook,ine_external_trade_1970_volume_i.pdf,465a1d41cc1ebff60c479337d6214100a2c2ebf3b1cad16b3e609408a890d454,1971,1970,Quadro n.o 2 - Comercio especial por paises e territorios estatisticos,25,M,Noruega,imports_from_norway_special_trade_current_escudos,277278,277278,PTE,thousand current escudos,1000,special trade; import values to be confirmed from source notes,INE statistical territories as printed in the 1970 volume; verify against page 18,transcribed,Printed C.E.E. import subtotal 15 047 905 and E.F.T.A. import subtotal 11 023 880 each reconcile exactly with their printed member rows. Dinamarca is transcribed excluding the separately printed Gronelandia row (7).,visual_transcription_pass_1,2026-08-11,pass_1,double_entry_verified
ine_external_trade_yearbook,ine_external_trade_1970_volume_i.pdf,465a1d41cc1ebff60c479337d6214100a2c2ebf3b1cad16b3e609408a890d454,1971,1970,Quadro n.o 2 - Comercio especial por paises e territorios estatisticos,25,M,Reino Unido,imports_from_united_kingdom_special_trade_current_escudos,6369218,6369218,PTE,thousand current escudos,1000,special trade; import values to be confirmed from source notes,INE statistical territories as printed in the 1970 volume; verify against page 18,transcribed,Printed C.E.E. import subtotal 15 047 905 and E.F.T.A. import subtotal 11 023 880 each reconcile exactly with their printed member rows. Dinamarca is transcribed excluding the separately printed Gronelandia row (7).,visual_transcription_pass_1,2026-08-11,pass_1,double_entry_verified
ine_external_trade_yearbook,ine_external_trade_1970_volume_i.pdf,465a1d41cc1ebff60c479337d6214100a2c2ebf3b1cad16b3e609408a890d454,1971,1970,Quadro n.o 2 - Comercio especial por paises e territorios estatisticos,25,M,Alemanha (Republica Federal),imports_from_west_germany_special_trade_current_escudos,7049587,7049587,PTE,thousand current escudos,1000,special trade; import values to be confirmed from source notes,INE statistical territories as printed in the 1970 volume; verify against page 18,transcribed,Printed C.E.E. import subtotal 15 047 905 and E.F.T.A. import subtotal 11 023 880 each reconcile exactly with their printed member rows. Dinamarca is transcribed excluding the separately printed Gronelandia row (7).,visual_transcription_pass_1,2026-08-11,pass_1,double_entry_verified
ine_external_trade_yearbook,ine_external_trade_1970_volume_i.pdf,465a1d41cc1ebff60c479337d6214100a2c2ebf3b1cad16b3e609408a890d454,1971,1970,Quadro n.o 2 - Comercio especial por paises e territorios estatisticos,25,M,Suecia,imports_from_sweden_special_trade_current_escudos,1200558,1200558,PTE,thousand current escudos,1000,special trade; import values to be confirmed from source notes,INE statistical territories as printed in the 1970 volume; verify against page 18,transcribed,Printed C.E.E. import subtotal 15 047 905 and E.F.T.A. import subtotal 11 023 880 each reconcile exactly with their printed member rows. Dinamarca is transcribed excluding the separately printed Gronelandia row (7).,visual_transcription_pass_1,2026-08-11,pass_1,double_entry_verified
ine_external_trade_yearbook,ine_external_trade_1970_volume_i.pdf,465a1d41cc1ebff60c479337d6214100a2c2ebf3b1cad16b3e609408a890d454,1971,1970,Quadro n.o 2 - Comercio especial por paises e territorios estatisticos,25,M,Suica,imports_from_switzerland_liechtenstein_special_trade_current_escudos,1577830,1577830,PTE,thousand current escudos,1000,special trade; import values to be confirmed from source notes,INE statistical territories as printed in the 1970 volume; verify against page 18,transcribed,Printed C.E.E. import subtotal 15 047 905 and E.F.T.A. import subtotal 11 023 880 each reconcile exactly with their printed member rows. Dinamarca is transcribed excluding the separately printed Gronelandia row (7).,visual_transcription_pass_1,2026-08-11,pass_1,double_entry_verified
ine_external_trade_yearbook,ine_external_trade_1970_volume_i.pdf,465a1d41cc1ebff60c479337d6214100a2c2ebf3b1cad16b3e609408a890d454,1971,1970,Quadro n.o 2 - Comercio especial por paises e territorios estatisticos,25,X,Austria,exports_to_austria_special_trade_current_escudos,389993,389993,PTE,thousand current escudos,1000,special trade; export values to be confirmed from source notes,INE statistical territories as printed in the 1970 volume; verify against page 18,transcribed,Printed C.E.E. export subtotal 5 005 444 and E.F.T.A. export subtotal 9 671 172 each reconcile exactly with their printed member rows. Dinamarca is transcribed excluding the separately printed Gronelandia row (102).,visual_transcription_pass_1,2026-08-11,pass_1,double_entry_verified
ine_external_trade_yearbook,ine_external_trade_1970_volume_i.pdf,465a1d41cc1ebff60c479337d6214100a2c2ebf3b1cad16b3e609408a890d454,1971,1970,Quadro n.o 2 - Comercio especial por paises e territorios estatisticos,25,X,Belgica-Luxemburgo,exports_to_belgium_luxembourg_special_trade_current_escudos,439672,439672,PTE,thousand current escudos,1000,special trade; export values to be confirmed from source notes,INE statistical territories as printed in the 1970 volume; verify against page 18,transcribed,Printed C.E.E. export subtotal 5 005 444 and E.F.T.A. export subtotal 9 671 172 each reconcile exactly with their printed member rows. Dinamarca is transcribed excluding the separately printed Gronelandia row (102).,visual_transcription_pass_1,2026-08-11,pass_1,double_entry_verified
ine_external_trade_yearbook,ine_external_trade_1970_volume_i.pdf,465a1d41cc1ebff60c479337d6214100a2c2ebf3b1cad16b3e609408a890d454,1971,1970,Quadro n.o 2 - Comercio especial por paises e territorios estatisticos,25,X,Dinamarca,exports_to_denmark_special_trade_current_escudos,750907,750907,PTE,thousand current escudos,1000,special trade; export values to be confirmed from source notes,INE statistical territories as printed in the 1970 volume; verify against page 18,transcribed,Printed C.E.E. export subtotal 5 005 444 and E.F.T.A. export subtotal 9 671 172 each reconcile exactly with their printed member rows. Dinamarca is transcribed excluding the separately printed Gronelandia row (102).,visual_transcription_pass_1,2026-08-11,pass_1,double_entry_verified
ine_external_trade_yearbook,ine_external_trade_1970_volume_i.pdf,465a1d41cc1ebff60c479337d6214100a2c2ebf3b1cad16b3e609408a890d454,1971,1970,Quadro n.o 2 - Comercio especial por paises e territorios estatisticos,25,X,Franca,exports_to_france_special_trade_current_escudos,1245152,1245152,PTE,thousand current escudos,1000,special trade; export values to be confirmed from source notes,INE statistical territories as printed in the 1970 volume; verify against page 18,transcribed,Printed C.E.E. export subtotal 5 005 444 and E.F.T.A. export subtotal 9 671 172 each reconcile exactly with their printed member rows. Dinamarca is transcribed excluding the separately printed Gronelandia row (102).,visual_transcription_pass_1,2026-08-11,pass_1,double_entry_verified
ine_external_trade_yearbook,ine_external_trade_1970_volume_i.pdf,465a1d41cc1ebff60c479337d6214100a2c2ebf3b1cad16b3e609408a890d454,1971,1970,Quadro n.o 2 - Comercio especial por paises e territorios estatisticos,25,X,Holanda,exports_to_netherlands_special_trade_current_escudos,758642,758642,PTE,thousand current escudos,1000,special trade; export values to be confirmed from source notes,INE statistical territories as printed in the 1970 volume; verify against page 18,transcribed,Printed C.E.E. export subtotal 5 005 444 and E.F.T.A. export subtotal 9 671 172 each reconcile exactly with their printed member rows. Dinamarca is transcribed excluding the separately printed Gronelandia row (102).,visual_transcription_pass_1,2026-08-11,pass_1,double_entry_verified
ine_external_trade_yearbook,ine_external_trade_1970_volume_i.pdf,465a1d41cc1ebff60c479337d6214100a2c2ebf3b1cad16b3e609408a890d454,1971,1970,Quadro n.o 2 - Comercio especial por paises e territorios estatisticos,25,X,Italia,exports_to_italy_special_trade_current_escudos,834189,834189,PTE,thousand current escudos,1000,special trade; export values to be confirmed from source notes,INE statistical territories as printed in the 1970 volume; verify against page 18,transcribed,Printed C.E.E. export subtotal 5 005 444 and E.F.T.A. export subtotal 9 671 172 each reconcile exactly with their printed member rows. Dinamarca is transcribed excluding the separately printed Gronelandia row (102).,visual_transcription_pass_1,2026-08-11,pass_1,double_entry_verified
ine_external_trade_yearbook,ine_external_trade_1970_volume_i.pdf,465a1d41cc1ebff60c479337d6214100a2c2ebf3b1cad16b3e609408a890d454,1971,1970,Quadro n.o 2 - Comercio especial por paises e territorios estatisticos,25,X,Noruega,exports_to_norway_special_trade_current_escudos,390673,390673,PTE,thousand current escudos,1000,special trade; export values to be confirmed from source notes,INE statistical territories as printed in the 1970 volume; verify against page 18,transcribed,Printed C.E.E. export subtotal 5 005 444 and E.F.T.A. export subtotal 9 671 172 each reconcile exactly with their printed member rows. Dinamarca is transcribed excluding the separately printed Gronelandia row (102).,visual_transcription_pass_1,2026-08-11,pass_1,double_entry_verified
ine_external_trade_yearbook,ine_external_trade_1970_volume_i.pdf,465a1d41cc1ebff60c479337d6214100a2c2ebf3b1cad16b3e609408a890d454,1971,1970,Quadro n.o 2 - Comercio especial por paises e territorios estatisticos,25,X,Reino Unido,exports_to_united_kingdom_special_trade_current_escudos,5570288,5570288,PTE,thousand current escudos,1000,special trade; export values to be confirmed from source notes,INE statistical territories as printed in the 1970 volume; verify against page 18,transcribed,Printed C.E.E. export subtotal 5 005 444 and E.F.T.A. export subtotal 9 671 172 each reconcile exactly with their printed member rows. Dinamarca is transcribed excluding the separately printed Gronelandia row (102).,visual_transcription_pass_1,2026-08-11,pass_1,double_entry_verified
ine_external_trade_yearbook,ine_external_trade_1970_volume_i.pdf,465a1d41cc1ebff60c479337d6214100a2c2ebf3b1cad16b3e609408a890d454,1971,1970,Quadro n.o 2 - Comercio especial por paises e territorios estatisticos,25,X,Alemanha (Republica Federal),exports_to_west_germany_special_trade_current_escudos,1727789,1727789,PTE,thousand current escudos,1000,special trade; export values to be confirmed from source notes,INE statistical territories as printed in the 1970 volume; verify against page 18,transcribed,Printed C.E.E. export subtotal 5 005 444 and E.F.T.A. export subtotal 9 671 172 each reconcile exactly with their printed member rows. Dinamarca is transcribed excluding the separately printed Gronelandia row (102).,visual_transcription_pass_1,2026-08-11,pass_1,double_entry_verified
ine_external_trade_yearbook,ine_external_trade_1970_volume_i.pdf,465a1d41cc1ebff60c479337d6214100a2c2ebf3b1cad16b3e609408a890d454,1971,1970,Quadro n.o 2 - Comercio especial por paises e territorios estatisticos,25,X,Suecia,exports_to_sweden_special_trade_current_escudos,1450493,1450493,PTE,thousand current escudos,1000,special trade; export values to be confirmed from source notes,INE statistical territories as printed in the 1970 volume; verify against page 18,transcribed,Printed C.E.E. export subtotal 5 005 444 and E.F.T.A. export subtotal 9 671 172 each reconcile exactly with their printed member rows. Dinamarca is transcribed excluding the separately printed Gronelandia row (102).,visual_transcription_pass_1,2026-08-11,pass_1,double_entry_verified
ine_external_trade_yearbook,ine_external_trade_1970_volume_i.pdf,465a1d41cc1ebff60c479337d6214100a2c2ebf3b1cad16b3e609408a890d454,1971,1970,Quadro n.o 2 - Comercio especial por paises e territorios estatisticos,25,X,Suica,exports_to_switzerland_liechtenstein_special_trade_current_escudos,577628,577628,PTE,thousand current escudos,1000,special trade; export values to be confirmed from source notes,INE statistical territories as printed in the 1970 volume; verify against page 18,transcribed,Printed C.E.E. export subtotal 5 005 444 and E.F.T.A. export subtotal 9 671 172 each reconcile exactly with their printed member rows. Dinamarca is transcribed excluding the separately printed Gronelandia row (102).,visual_transcription_pass_1,2026-08-11,pass_1,double_entry_verified
ine_external_trade_yearbook,ine_external_trade_1973_volume_i.pdf,ef13f704b430a739a258e56e080d21d930b074fe49774b6726989329a339225f,1974,1973,Quadro n.o 2 - Comercio especial por paises e territorios estatisticos,24,M,Austria,imports_from_austria_special_trade_current_escudos,1011704,1011704,PTE,thousand current escudos,1000,special trade; import values to be confirmed from source notes,INE statistical territories as printed in the 1973 volume; verify against page 17,transcribed,"United Kingdom, Ireland and Denmark are printed under C.E.E. from 1973. The printed C.E.E. import subtotal 33 583 125 reconciles exactly with its member rows; the printed E.F.T.A. import subtotal 8 669 779 exceeds its printed member rows by 9 001, a residual carried by the Islandia row outside the fixed sample. Dinamarca excludes the separately printed Gronelandia row.",visual_transcription_pass_1,2026-08-11,pass_1,double_entry_verified
ine_external_trade_yearbook,ine_external_trade_1973_volume_i.pdf,ef13f704b430a739a258e56e080d21d930b074fe49774b6726989329a339225f,1974,1973,Quadro n.o 2 - Comercio especial por paises e territorios estatisticos,24,M,Belgica-Luxemburgo,imports_from_belgium_luxembourg_special_trade_current_escudos,2157181,2157181,PTE,thousand current escudos,1000,special trade; import values to be confirmed from source notes,INE statistical territories as printed in the 1973 volume; verify against page 17,transcribed,"United Kingdom, Ireland and Denmark are printed under C.E.E. from 1973. The printed C.E.E. import subtotal 33 583 125 reconciles exactly with its member rows; the printed E.F.T.A. import subtotal 8 669 779 exceeds its printed member rows by 9 001, a residual carried by the Islandia row outside the fixed sample. Dinamarca excludes the separately printed Gronelandia row.",visual_transcription_pass_1,2026-08-11,pass_1,double_entry_verified
ine_external_trade_yearbook,ine_external_trade_1973_volume_i.pdf,ef13f704b430a739a258e56e080d21d930b074fe49774b6726989329a339225f,1974,1973,Quadro n.o 2 - Comercio especial por paises e territorios estatisticos,24,M,Dinamarca,imports_from_denmark_special_trade_current_escudos,616458,616458,PTE,thousand current escudos,1000,special trade; import values to be confirmed from source notes,INE statistical territories as printed in the 1973 volume; verify against page 17,transcribed,"United Kingdom, Ireland and Denmark are printed under C.E.E. from 1973. The printed C.E.E. import subtotal 33 583 125 reconciles exactly with its member rows; the printed E.F.T.A. import subtotal 8 669 779 exceeds its printed member rows by 9 001, a residual carried by the Islandia row outside the fixed sample. Dinamarca excludes the separately printed Gronelandia row.",visual_transcription_pass_1,2026-08-11,pass_1,double_entry_verified
ine_external_trade_yearbook,ine_external_trade_1973_volume_i.pdf,ef13f704b430a739a258e56e080d21d930b074fe49774b6726989329a339225f,1974,1973,Quadro n.o 2 - Comercio especial por paises e territorios estatisticos,24,M,Franca,imports_from_france_special_trade_current_escudos,5191631,5191631,PTE,thousand current escudos,1000,special trade; import values to be confirmed from source notes,INE statistical territories as printed in the 1973 volume; verify against page 17,transcribed,"United Kingdom, Ireland and Denmark are printed under C.E.E. from 1973. The printed C.E.E. import subtotal 33 583 125 reconciles exactly with its member rows; the printed E.F.T.A. import subtotal 8 669 779 exceeds its printed member rows by 9 001, a residual carried by the Islandia row outside the fixed sample. Dinamarca excludes the separately printed Gronelandia row.",visual_transcription_pass_1,2026-08-11,pass_1,double_entry_verified
ine_external_trade_yearbook,ine_external_trade_1973_volume_i.pdf,ef13f704b430a739a258e56e080d21d930b074fe49774b6726989329a339225f,1974,1973,Quadro n.o 2 - Comercio especial por paises e territorios estatisticos,24,M,Holanda,imports_from_netherlands_special_trade_current_escudos,2367421,2367421,PTE,thousand current escudos,1000,special trade; import values to be confirmed from source notes,INE statistical territories as printed in the 1973 volume; verify against page 17,transcribed,"United Kingdom, Ireland and Denmark are printed under C.E.E. from 1973. The printed C.E.E. import subtotal 33 583 125 reconciles exactly with its member rows; the printed E.F.T.A. import subtotal 8 669 779 exceeds its printed member rows by 9 001, a residual carried by the Islandia row outside the fixed sample. Dinamarca excludes the separately printed Gronelandia row.",visual_transcription_pass_1,2026-08-11,pass_1,double_entry_verified
ine_external_trade_yearbook,ine_external_trade_1973_volume_i.pdf,ef13f704b430a739a258e56e080d21d930b074fe49774b6726989329a339225f,1974,1973,Quadro n.o 2 - Comercio especial por paises e territorios estatisticos,24,M,Italia,imports_from_italy_special_trade_current_escudos,3896748,3896748,PTE,thousand current escudos,1000,special trade; import values to be confirmed from source notes,INE statistical territories as printed in the 1973 volume; verify against page 17,transcribed,"United Kingdom, Ireland and Denmark are printed under C.E.E. from 1973. The printed C.E.E. import subtotal 33 583 125 reconciles exactly with its member rows; the printed E.F.T.A. import subtotal 8 669 779 exceeds its printed member rows by 9 001, a residual carried by the Islandia row outside the fixed sample. Dinamarca excludes the separately printed Gronelandia row.",visual_transcription_pass_1,2026-08-11,pass_1,double_entry_verified
ine_external_trade_yearbook,ine_external_trade_1973_volume_i.pdf,ef13f704b430a739a258e56e080d21d930b074fe49774b6726989329a339225f,1974,1973,Quadro n.o 2 - Comercio especial por paises e territorios estatisticos,24,M,Noruega,imports_from_norway_special_trade_current_escudos,470273,470273,PTE,thousand current escudos,1000,special trade; import values to be confirmed from source notes,INE statistical territories as printed in the 1973 volume; verify against page 17,transcribed,"United Kingdom, Ireland and Denmark are printed under C.E.E. from 1973. The printed C.E.E. import subtotal 33 583 125 reconciles exactly with its member rows; the printed E.F.T.A. import subtotal 8 669 779 exceeds its printed member rows by 9 001, a residual carried by the Islandia row outside the fixed sample. Dinamarca excludes the separately printed Gronelandia row.",visual_transcription_pass_1,2026-08-11,pass_1,double_entry_verified
ine_external_trade_yearbook,ine_external_trade_1973_volume_i.pdf,ef13f704b430a739a258e56e080d21d930b074fe49774b6726989329a339225f,1974,1973,Quadro n.o 2 - Comercio especial por paises e territorios estatisticos,24,M,Reino Unido,imports_from_united_kingdom_special_trade_current_escudos,8515734,8515734,PTE,thousand current escudos,1000,special trade; import values to be confirmed from source notes,INE statistical territories as printed in the 1973 volume; verify against page 17,transcribed,"United Kingdom, Ireland and Denmark are printed under C.E.E. from 1973. The printed C.E.E. import subtotal 33 583 125 reconciles exactly with its member rows; the printed E.F.T.A. import subtotal 8 669 779 exceeds its printed member rows by 9 001, a residual carried by the Islandia row outside the fixed sample. Dinamarca excludes the separately printed Gronelandia row.",visual_transcription_pass_1,2026-08-11,pass_1,double_entry_verified
ine_external_trade_yearbook,ine_external_trade_1973_volume_i.pdf,ef13f704b430a739a258e56e080d21d930b074fe49774b6726989329a339225f,1974,1973,Quadro n.o 2 - Comercio especial por paises e territorios estatisticos,24,M,Alemanha (Republica Federal),imports_from_west_germany_special_trade_current_escudos,10794121,10794121,PTE,thousand current escudos,1000,special trade; import values to be confirmed from source notes,INE statistical territories as printed in the 1973 volume; verify against page 17,transcribed,"United Kingdom, Ireland and Denmark are printed under C.E.E. from 1973. The printed C.E.E. import subtotal 33 583 125 reconciles exactly with its member rows; the printed E.F.T.A. import subtotal 8 669 779 exceeds its printed member rows by 9 001, a residual carried by the Islandia row outside the fixed sample. Dinamarca excludes the separately printed Gronelandia row.",visual_transcription_pass_1,2026-08-11,pass_1,double_entry_verified
ine_external_trade_yearbook,ine_external_trade_1973_volume_i.pdf,ef13f704b430a739a258e56e080d21d930b074fe49774b6726989329a339225f,1974,1973,Quadro n.o 2 - Comercio especial por paises e territorios estatisticos,24,M,Suecia,imports_from_sweden_special_trade_current_escudos,3386291,3386291,PTE,thousand current escudos,1000,special trade; import values to be confirmed from source notes,INE statistical territories as printed in the 1973 volume; verify against page 17,transcribed,"United Kingdom, Ireland and Denmark are printed under C.E.E. from 1973. The printed C.E.E. import subtotal 33 583 125 reconciles exactly with its member rows; the printed E.F.T.A. import subtotal 8 669 779 exceeds its printed member rows by 9 001, a residual carried by the Islandia row outside the fixed sample. Dinamarca excludes the separately printed Gronelandia row.",visual_transcription_pass_1,2026-08-11,pass_1,double_entry_verified
ine_external_trade_yearbook,ine_external_trade_1973_volume_i.pdf,ef13f704b430a739a258e56e080d21d930b074fe49774b6726989329a339225f,1974,1973,Quadro n.o 2 - Comercio especial por paises e territorios estatisticos,24,M,Suica,imports_from_switzerland_liechtenstein_special_trade_current_escudos,3127465,3127465,PTE,thousand current escudos,1000,special trade; import values to be confirmed from source notes,INE statistical territories as printed in the 1973 volume; verify against page 17,transcribed,"United Kingdom, Ireland and Denmark are printed under C.E.E. from 1973. The printed C.E.E. import subtotal 33 583 125 reconciles exactly with its member rows; the printed E.F.T.A. import subtotal 8 669 779 exceeds its printed member rows by 9 001, a residual carried by the Islandia row outside the fixed sample. Dinamarca excludes the separately printed Gronelandia row.",visual_transcription_pass_1,2026-08-11,pass_1,double_entry_verified
ine_external_trade_yearbook,ine_external_trade_1973_volume_i.pdf,ef13f704b430a739a258e56e080d21d930b074fe49774b6726989329a339225f,1974,1973,Quadro n.o 2 - Comercio especial por paises e territorios estatisticos,24,X,Austria,exports_to_austria_special_trade_current_escudos,743358,743358,PTE,thousand current escudos,1000,special trade; export values to be confirmed from source notes,INE statistical territories as printed in the 1973 volume; verify against page 17,transcribed,"United Kingdom, Ireland and Denmark are printed under C.E.E. from 1973. Printed C.E.E. export subtotal 22 083 664 reconciles with its member rows to within one unit of source rounding, and printed E.F.T.A. export subtotal 6 272 880 reconciles exactly. Dinamarca excludes the separately printed Gronelandia row (6).",visual_transcription_pass_1,2026-08-11,pass_1,double_entry_verified
ine_external_trade_yearbook,ine_external_trade_1973_volume_i.pdf,ef13f704b430a739a258e56e080d21d930b074fe49774b6726989329a339225f,1974,1973,Quadro n.o 2 - Comercio especial por paises e territorios estatisticos,24,X,Belgica-Luxemburgo,exports_to_belgium_luxembourg_special_trade_current_escudos,1279508,1279508,PTE,thousand current escudos,1000,special trade; export values to be confirmed from source notes,INE statistical territories as printed in the 1973 volume; verify against page 17,transcribed,"United Kingdom, Ireland and Denmark are printed under C.E.E. from 1973. Printed C.E.E. export subtotal 22 083 664 reconciles with its member rows to within one unit of source rounding, and printed E.F.T.A. export subtotal 6 272 880 reconciles exactly. Dinamarca excludes the separately printed Gronelandia row (6).",visual_transcription_pass_1,2026-08-11,pass_1,double_entry_verified
ine_external_trade_yearbook,ine_external_trade_1973_volume_i.pdf,ef13f704b430a739a258e56e080d21d930b074fe49774b6726989329a339225f,1974,1973,Quadro n.o 2 - Comercio especial por paises e territorios estatisticos,24,X,Dinamarca,exports_to_denmark_special_trade_current_escudos,1432346,1432346,PTE,thousand current escudos,1000,special trade; export values to be confirmed from source notes,INE statistical territories as printed in the 1973 volume; verify against page 17,transcribed,"United Kingdom, Ireland and Denmark are printed under C.E.E. from 1973. Printed C.E.E. export subtotal 22 083 664 reconciles with its member rows to within one unit of source rounding, and printed E.F.T.A. export subtotal 6 272 880 reconciles exactly. Dinamarca excludes the separately printed Gronelandia row (6).",visual_transcription_pass_1,2026-08-11,pass_1,double_entry_verified
ine_external_trade_yearbook,ine_external_trade_1973_volume_i.pdf,ef13f704b430a739a258e56e080d21d930b074fe49774b6726989329a339225f,1974,1973,Quadro n.o 2 - Comercio especial por paises e territorios estatisticos,24,X,Franca,exports_to_france_special_trade_current_escudos,2344103,2344103,PTE,thousand current escudos,1000,special trade; export values to be confirmed from source notes,INE statistical territories as printed in the 1973 volume; verify against page 17,transcribed,"United Kingdom, Ireland and Denmark are printed under C.E.E. from 1973. Printed C.E.E. export subtotal 22 083 664 reconciles with its member rows to within one unit of source rounding, and printed E.F.T.A. export subtotal 6 272 880 reconciles exactly. Dinamarca excludes the separately printed Gronelandia row (6).",visual_transcription_pass_1,2026-08-11,pass_1,double_entry_verified
ine_external_trade_yearbook,ine_external_trade_1973_volume_i.pdf,ef13f704b430a739a258e56e080d21d930b074fe49774b6726989329a339225f,1974,1973,Quadro n.o 2 - Comercio especial por paises e territorios estatisticos,24,X,Holanda,exports_to_netherlands_special_trade_current_escudos,1177610,1177610,PTE,thousand current escudos,1000,special trade; export values to be confirmed from source notes,INE statistical territories as printed in the 1973 volume; verify against page 17,transcribed,"United Kingdom, Ireland and Denmark are printed under C.E.E. from 1973. Printed C.E.E. export subtotal 22 083 664 reconciles with its member rows to within one unit of source rounding, and printed E.F.T.A. export subtotal 6 272 880 reconciles exactly. Dinamarca excludes the separately printed Gronelandia row (6).",visual_transcription_pass_1,2026-08-11,pass_1,double_entry_verified
ine_external_trade_yearbook,ine_external_trade_1973_volume_i.pdf,ef13f704b430a739a258e56e080d21d930b074fe49774b6726989329a339225f,1974,1973,Quadro n.o 2 - Comercio especial por paises e territorios estatisticos,24,X,Italia,exports_to_italy_special_trade_current_escudos,1443468,1443468,PTE,thousand current escudos,1000,special trade; export values to be confirmed from source notes,INE statistical territories as printed in the 1973 volume; verify against page 17,transcribed,"United Kingdom, Ireland and Denmark are printed under C.E.E. from 1973. Printed C.E.E. export subtotal 22 083 664 reconciles with its member rows to within one unit of source rounding, and printed E.F.T.A. export subtotal 6 272 880 reconciles exactly. Dinamarca excludes the separately printed Gronelandia row (6).",visual_transcription_pass_1,2026-08-11,pass_1,double_entry_verified
ine_external_trade_yearbook,ine_external_trade_1973_volume_i.pdf,ef13f704b430a739a258e56e080d21d930b074fe49774b6726989329a339225f,1974,1973,Quadro n.o 2 - Comercio especial por paises e territorios estatisticos,24,X,Noruega,exports_to_norway_special_trade_current_escudos,782675,782675,PTE,thousand current escudos,1000,special trade; export values to be confirmed from source notes,INE statistical territories as printed in the 1973 volume; verify against page 17,transcribed,"United Kingdom, Ireland and Denmark are printed under C.E.E. from 1973. Printed C.E.E. export subtotal 22 083 664 reconciles with its member rows to within one unit of source rounding, and printed E.F.T.A. export subtotal 6 272 880 reconciles exactly. Dinamarca excludes the separately printed Gronelandia row (6).",visual_transcription_pass_1,2026-08-11,pass_1,double_entry_verified
ine_external_trade_yearbook,ine_external_trade_1973_volume_i.pdf,ef13f704b430a739a258e56e080d21d930b074fe49774b6726989329a339225f,1974,1973,Quadro n.o 2 - Comercio especial por paises e territorios estatisticos,24,X,Reino Unido,exports_to_united_kingdom_special_trade_current_escudos,10791927,10791927,PTE,thousand current escudos,1000,special trade; export values to be confirmed from source notes,INE statistical territories as printed in the 1973 volume; verify against page 17,transcribed,"United Kingdom, Ireland and Denmark are printed under C.E.E. from 1973. Printed C.E.E. export subtotal 22 083 664 reconciles with its member rows to within one unit of source rounding, and printed E.F.T.A. export subtotal 6 272 880 reconciles exactly. Dinamarca excludes the separately printed Gronelandia row (6).",visual_transcription_pass_1,2026-08-11,pass_1,double_entry_verified
ine_external_trade_yearbook,ine_external_trade_1973_volume_i.pdf,ef13f704b430a739a258e56e080d21d930b074fe49774b6726989329a339225f,1974,1973,Quadro n.o 2 - Comercio especial por paises e territorios estatisticos,24,X,Alemanha (Republica Federal),exports_to_west_germany_special_trade_current_escudos,3416934,3416934,PTE,thousand current escudos,1000,special trade; export values to be confirmed from source notes,INE statistical territories as printed in the 1973 volume; verify against page 17,transcribed,"United Kingdom, Ireland and Denmark are printed under C.E.E. from 1973. Printed C.E.E. export subtotal 22 083 664 reconciles with its member rows to within one unit of source rounding, and printed E.F.T.A. export subtotal 6 272 880 reconciles exactly. Dinamarca excludes the separately printed Gronelandia row (6).",visual_transcription_pass_1,2026-08-11,pass_1,double_entry_verified
ine_external_trade_yearbook,ine_external_trade_1973_volume_i.pdf,ef13f704b430a739a258e56e080d21d930b074fe49774b6726989329a339225f,1974,1973,Quadro n.o 2 - Comercio especial por paises e territorios estatisticos,24,X,Suecia,exports_to_sweden_special_trade_current_escudos,2557298,2557298,PTE,thousand current escudos,1000,special trade; export values to be confirmed from source notes,INE statistical territories as printed in the 1973 volume; verify against page 17,transcribed,"United Kingdom, Ireland and Denmark are printed under C.E.E. from 1973. Printed C.E.E. export subtotal 22 083 664 reconciles with its member rows to within one unit of source rounding, and printed E.F.T.A. export subtotal 6 272 880 reconciles exactly. Dinamarca excludes the separately printed Gronelandia row (6).",visual_transcription_pass_1,2026-08-11,pass_1,double_entry_verified
ine_external_trade_yearbook,ine_external_trade_1973_volume_i.pdf,ef13f704b430a739a258e56e080d21d930b074fe49774b6726989329a339225f,1974,1973,Quadro n.o 2 - Comercio especial por paises e territorios estatisticos,24,X,Suica,exports_to_switzerland_liechtenstein_special_trade_current_escudos,1325102,1325102,PTE,thousand current escudos,1000,special trade; export values to be confirmed from source notes,INE statistical territories as printed in the 1973 volume; verify against page 17,transcribed,"United Kingdom, Ireland and Denmark are printed under C.E.E. from 1973. Printed C.E.E. export subtotal 22 083 664 reconciles with its member rows to within one unit of source rounding, and printed E.F.T.A. export subtotal 6 272 880 reconciles exactly. Dinamarca excludes the separately printed Gronelandia row (6).",visual_transcription_pass_1,2026-08-11,pass_1,double_entry_verified
ine_external_trade_yearbook,ine_external_trade_1962_volume_i.pdf,4f65453197d811905bcb7fe919926ddb09fe3c850875af5ae232c2c600a948dc,1963,1962,"Quadro III - Comercio especial, por territorios estatisticos",38,M,Cabo Verde,imports_from_cabo_verde_special_trade_current_escudos,13605,13605,PTE,thousand current escudos,1000,special trade; import values declared by importers and accepted by customs per explanatory note,INE statistical territories as printed in the 1962 volume; metropolitan-territory scope remains pending territorial-definition review,transcribed,"Printed Ultramar import subtotal 2 122 236; the eight printed territory rows sum to 2 121 516, an unresolved 720 residual in the source block.",visual_transcription_pass_1,2026-08-11,pass_1,double_entry_verified
ine_external_trade_yearbook,ine_external_trade_1962_volume_i.pdf,4f65453197d811905bcb7fe919926ddb09fe3c850875af5ae232c2c600a948dc,1963,1962,"Quadro III - Comercio especial, por territorios estatisticos",38,M,Guine,imports_from_guinea_bissau_special_trade_current_escudos,216207,216207,PTE,thousand current escudos,1000,special trade; import values declared by importers and accepted by customs per explanatory note,INE statistical territories as printed in the 1962 volume; metropolitan-territory scope remains pending territorial-definition review,transcribed,"Printed Ultramar import subtotal 2 122 236; the eight printed territory rows sum to 2 121 516, an unresolved 720 residual in the source block.",visual_transcription_pass_1,2026-08-11,pass_1,double_entry_verified
ine_external_trade_yearbook,ine_external_trade_1962_volume_i.pdf,4f65453197d811905bcb7fe919926ddb09fe3c850875af5ae232c2c600a948dc,1963,1962,"Quadro III - Comercio especial, por territorios estatisticos",38,M,S. Tome e Principe,imports_from_sao_tome_principe_special_trade_current_escudos,63659,63659,PTE,thousand current escudos,1000,special trade; import values declared by importers and accepted by customs per explanatory note,INE statistical territories as printed in the 1962 volume; metropolitan-territory scope remains pending territorial-definition review,transcribed,"Printed Ultramar import subtotal 2 122 236; the eight printed territory rows sum to 2 121 516, an unresolved 720 residual in the source block.",visual_transcription_pass_1,2026-08-11,pass_1,double_entry_verified
ine_external_trade_yearbook,ine_external_trade_1962_volume_i.pdf,4f65453197d811905bcb7fe919926ddb09fe3c850875af5ae232c2c600a948dc,1963,1962,"Quadro III - Comercio especial, por territorios estatisticos",38,M,Angola,imports_from_angola_special_trade_current_escudos,861084,861084,PTE,thousand current escudos,1000,special trade; import values declared by importers and accepted by customs per explanatory note,INE statistical territories as printed in the 1962 volume; metropolitan-territory scope remains pending territorial-definition review,transcribed,"Printed Ultramar import subtotal 2 122 236; the eight printed territory rows sum to 2 121 516, an unresolved 720 residual in the source block.",visual_transcription_pass_1,2026-08-11,pass_1,double_entry_verified
ine_external_trade_yearbook,ine_external_trade_1962_volume_i.pdf,4f65453197d811905bcb7fe919926ddb09fe3c850875af5ae232c2c600a948dc,1963,1962,"Quadro III - Comercio especial, por territorios estatisticos",38,M,Mocambique,imports_from_mozambique_special_trade_current_escudos,954756,954756,PTE,thousand current escudos,1000,special trade; import values declared by importers and accepted by customs per explanatory note,INE statistical territories as printed in the 1962 volume; metropolitan-territory scope remains pending territorial-definition review,transcribed,"Printed Ultramar import subtotal 2 122 236; the eight printed territory rows sum to 2 121 516, an unresolved 720 residual in the source block.",visual_transcription_pass_1,2026-08-11,pass_1,double_entry_verified
ine_external_trade_yearbook,ine_external_trade_1962_volume_i.pdf,4f65453197d811905bcb7fe919926ddb09fe3c850875af5ae232c2c600a948dc,1963,1962,"Quadro III - Comercio especial, por territorios estatisticos",38,M,India,imports_from_portuguese_india_special_trade_current_escudos,204,204,PTE,thousand current escudos,1000,special trade; import values declared by importers and accepted by customs per explanatory note,INE statistical territories as printed in the 1962 volume; metropolitan-territory scope remains pending territorial-definition review,transcribed,"Printed Ultramar import subtotal 2 122 236; the eight printed territory rows sum to 2 121 516, an unresolved 720 residual in the source block.",visual_transcription_pass_1,2026-08-11,pass_1,double_entry_verified
ine_external_trade_yearbook,ine_external_trade_1962_volume_i.pdf,4f65453197d811905bcb7fe919926ddb09fe3c850875af5ae232c2c600a948dc,1963,1962,"Quadro III - Comercio especial, por territorios estatisticos",38,M,Macau,imports_from_macao_special_trade_current_escudos,3949,3949,PTE,thousand current escudos,1000,special trade; import values declared by importers and accepted by customs per explanatory note,INE statistical territories as printed in the 1962 volume; metropolitan-territory scope remains pending territorial-definition review,transcribed,"Printed Ultramar import subtotal 2 122 236; the eight printed territory rows sum to 2 121 516, an unresolved 720 residual in the source block.",visual_transcription_pass_1,2026-08-11,pass_1,double_entry_verified
ine_external_trade_yearbook,ine_external_trade_1962_volume_i.pdf,4f65453197d811905bcb7fe919926ddb09fe3c850875af5ae232c2c600a948dc,1963,1962,"Quadro III - Comercio especial, por territorios estatisticos",38,M,Timor,imports_from_timor_leste_special_trade_current_escudos,8052,8052,PTE,thousand current escudos,1000,special trade; import values declared by importers and accepted by customs per explanatory note,INE statistical territories as printed in the 1962 volume; metropolitan-territory scope remains pending territorial-definition review,transcribed,"Printed Ultramar import subtotal 2 122 236; the eight printed territory rows sum to 2 121 516, an unresolved 720 residual in the source block.",visual_transcription_pass_1,2026-08-11,pass_1,double_entry_verified
ine_external_trade_yearbook,ine_external_trade_1962_volume_i.pdf,4f65453197d811905bcb7fe919926ddb09fe3c850875af5ae232c2c600a948dc,1963,1962,"Quadro III - Comercio especial, por territorios estatisticos",39,X,Cabo Verde,exports_to_cabo_verde_special_trade_current_escudos,59523,59523,PTE,thousand current escudos,1000,special trade; export values follow INE explanatory note conventions,INE statistical territories as printed in the 1962 volume; metropolitan-territory scope remains pending territorial-definition review,transcribed,Printed Ultramar export subtotal 2 390 852; the eight printed territory rows sum exactly to that subtotal.,visual_transcription_pass_1,2026-08-11,pass_1,double_entry_verified
ine_external_trade_yearbook,ine_external_trade_1962_volume_i.pdf,4f65453197d811905bcb7fe919926ddb09fe3c850875af5ae232c2c600a948dc,1963,1962,"Quadro III - Comercio especial, por territorios estatisticos",39,X,Guine,exports_to_guinea_bissau_special_trade_current_escudos,145989,145989,PTE,thousand current escudos,1000,special trade; export values follow INE explanatory note conventions,INE statistical territories as printed in the 1962 volume; metropolitan-territory scope remains pending territorial-definition review,transcribed,Printed Ultramar export subtotal 2 390 852; the eight printed territory rows sum exactly to that subtotal.,visual_transcription_pass_1,2026-08-11,pass_1,double_entry_verified
ine_external_trade_yearbook,ine_external_trade_1962_volume_i.pdf,4f65453197d811905bcb7fe919926ddb09fe3c850875af5ae232c2c600a948dc,1963,1962,"Quadro III - Comercio especial, por territorios estatisticos",39,X,S. Tome e Principe,exports_to_sao_tome_principe_special_trade_current_escudos,43860,43860,PTE,thousand current escudos,1000,special trade; export values follow INE explanatory note conventions,INE statistical territories as printed in the 1962 volume; metropolitan-territory scope remains pending territorial-definition review,transcribed,Printed Ultramar export subtotal 2 390 852; the eight printed territory rows sum exactly to that subtotal.,visual_transcription_pass_1,2026-08-11,pass_1,double_entry_verified
ine_external_trade_yearbook,ine_external_trade_1962_volume_i.pdf,4f65453197d811905bcb7fe919926ddb09fe3c850875af5ae232c2c600a948dc,1963,1962,"Quadro III - Comercio especial, por territorios estatisticos",39,X,Angola,exports_to_angola_special_trade_current_escudos,1286467,1286467,PTE,thousand current escudos,1000,special trade; export values follow INE explanatory note conventions,INE statistical territories as printed in the 1962 volume; metropolitan-territory scope remains pending territorial-definition review,transcribed,Printed Ultramar export subtotal 2 390 852; the eight printed territory rows sum exactly to that subtotal.,visual_transcription_pass_1,2026-08-11,pass_1,double_entry_verified
ine_external_trade_yearbook,ine_external_trade_1962_volume_i.pdf,4f65453197d811905bcb7fe919926ddb09fe3c850875af5ae232c2c600a948dc,1963,1962,"Quadro III - Comercio especial, por territorios estatisticos",39,X,Mocambique,exports_to_mozambique_special_trade_current_escudos,827563,827563,PTE,thousand current escudos,1000,special trade; export values follow INE explanatory note conventions,INE statistical territories as printed in the 1962 volume; metropolitan-territory scope remains pending territorial-definition review,transcribed,Printed Ultramar export subtotal 2 390 852; the eight printed territory rows sum exactly to that subtotal.,visual_transcription_pass_1,2026-08-11,pass_1,double_entry_verified
ine_external_trade_yearbook,ine_external_trade_1962_volume_i.pdf,4f65453197d811905bcb7fe919926ddb09fe3c850875af5ae232c2c600a948dc,1963,1962,"Quadro III - Comercio especial, por territorios estatisticos",39,X,India,exports_to_portuguese_india_special_trade_current_escudos,2962,2962,PTE,thousand current escudos,1000,special trade; export values follow INE explanatory note conventions,INE statistical territories as printed in the 1962 volume; metropolitan-territory scope remains pending territorial-definition review,transcribed,Printed Ultramar export subtotal 2 390 852; the eight printed territory rows sum exactly to that subtotal.,visual_transcription_pass_1,2026-08-11,pass_1,double_entry_verified
ine_external_trade_yearbook,ine_external_trade_1962_volume_i.pdf,4f65453197d811905bcb7fe919926ddb09fe3c850875af5ae232c2c600a948dc,1963,1962,"Quadro III - Comercio especial, por territorios estatisticos",39,X,Macau,exports_to_macao_special_trade_current_escudos,11878,11878,PTE,thousand current escudos,1000,special trade; export values follow INE explanatory note conventions,INE statistical territories as printed in the 1962 volume; metropolitan-territory scope remains pending territorial-definition review,transcribed,Printed Ultramar export subtotal 2 390 852; the eight printed territory rows sum exactly to that subtotal.,visual_transcription_pass_1,2026-08-11,pass_1,double_entry_verified
ine_external_trade_yearbook,ine_external_trade_1962_volume_i.pdf,4f65453197d811905bcb7fe919926ddb09fe3c850875af5ae232c2c600a948dc,1963,1962,"Quadro III - Comercio especial, por territorios estatisticos",39,X,Timor,exports_to_timor_leste_special_trade_current_escudos,12610,12610,PTE,thousand current escudos,1000,special trade; export values follow INE explanatory note conventions,INE statistical territories as printed in the 1962 volume; metropolitan-territory scope remains pending territorial-definition review,transcribed,Printed Ultramar export subtotal 2 390 852; the eight printed territory rows sum exactly to that subtotal.,visual_transcription_pass_1,2026-08-11,pass_1,double_entry_verified
ine_external_trade_yearbook,ine_external_trade_1965_volume_i.pdf,d6b95a6b73d54ce1935955b6be7cfed9f20e1d7a3535e1b8c2432edaaff4c6f3,1966,1965,"Quadro III - Comercio especial, por territorios estatisticos",48,M,Cabo Verde,imports_from_cabo_verde_special_trade_current_escudos,24032,24032,PTE,thousand current escudos,1000,special trade; import values to be confirmed from source notes,INE statistical territories as printed in the 1965 volume; verify against page 23,transcribed,"Printed Ultramar import subtotal 3 651 273; the eight printed territory rows sum to 3 651 279, a 6 unit source-rounding residual.",visual_transcription_pass_1,2026-08-11,pass_1,double_entry_verified
ine_external_trade_yearbook,ine_external_trade_1965_volume_i.pdf,d6b95a6b73d54ce1935955b6be7cfed9f20e1d7a3535e1b8c2432edaaff4c6f3,1966,1965,"Quadro III - Comercio especial, por territorios estatisticos",48,M,Guine,imports_from_guinea_bissau_special_trade_current_escudos,121162,121162,PTE,thousand current escudos,1000,special trade; import values to be confirmed from source notes,INE statistical territories as printed in the 1965 volume; verify against page 23,transcribed,"Printed Ultramar import subtotal 3 651 273; the eight printed territory rows sum to 3 651 279, a 6 unit source-rounding residual.",visual_transcription_pass_1,2026-08-11,pass_1,double_entry_verified
ine_external_trade_yearbook,ine_external_trade_1965_volume_i.pdf,d6b95a6b73d54ce1935955b6be7cfed9f20e1d7a3535e1b8c2432edaaff4c6f3,1966,1965,"Quadro III - Comercio especial, por territorios estatisticos",48,M,S. Tome e Principe,imports_from_sao_tome_principe_special_trade_current_escudos,83111,83111,PTE,thousand current escudos,1000,special trade; import values to be confirmed from source notes,INE statistical territories as printed in the 1965 volume; verify against page 23,transcribed,"Printed Ultramar import subtotal 3 651 273; the eight printed territory rows sum to 3 651 279, a 6 unit source-rounding residual.",visual_transcription_pass_1,2026-08-11,pass_1,double_entry_verified
ine_external_trade_yearbook,ine_external_trade_1965_volume_i.pdf,d6b95a6b73d54ce1935955b6be7cfed9f20e1d7a3535e1b8c2432edaaff4c6f3,1966,1965,"Quadro III - Comercio especial, por territorios estatisticos",48,M,Angola,imports_from_angola_special_trade_current_escudos,2060438,2060438,PTE,thousand current escudos,1000,special trade; import values to be confirmed from source notes,INE statistical territories as printed in the 1965 volume; verify against page 23,transcribed,"Printed Ultramar import subtotal 3 651 273; the eight printed territory rows sum to 3 651 279, a 6 unit source-rounding residual.",visual_transcription_pass_1,2026-08-11,pass_1,double_entry_verified
ine_external_trade_yearbook,ine_external_trade_1965_volume_i.pdf,d6b95a6b73d54ce1935955b6be7cfed9f20e1d7a3535e1b8c2432edaaff4c6f3,1966,1965,"Quadro III - Comercio especial, por territorios estatisticos",48,M,Mocambique,imports_from_mozambique_special_trade_current_escudos,1327319,1327319,PTE,thousand current escudos,1000,special trade; import values to be confirmed from source notes,INE statistical territories as printed in the 1965 volume; verify against page 23,transcribed,"Printed Ultramar import subtotal 3 651 273; the eight printed territory rows sum to 3 651 279, a 6 unit source-rounding residual.",visual_transcription_pass_1,2026-08-11,pass_1,double_entry_verified
ine_external_trade_yearbook,ine_external_trade_1965_volume_i.pdf,d6b95a6b73d54ce1935955b6be7cfed9f20e1d7a3535e1b8c2432edaaff4c6f3,1966,1965,"Quadro III - Comercio especial, por territorios estatisticos",48,M,India,imports_from_portuguese_india_special_trade_current_escudos,28,28,PTE,thousand current escudos,1000,special trade; import values to be confirmed from source notes,INE statistical territories as printed in the 1965 volume; verify against page 23,transcribed,"Printed Ultramar import subtotal 3 651 273; the eight printed territory rows sum to 3 651 279, a 6 unit source-rounding residual.",visual_transcription_pass_1,2026-08-11,pass_1,double_entry_verified
ine_external_trade_yearbook,ine_external_trade_1965_volume_i.pdf,d6b95a6b73d54ce1935955b6be7cfed9f20e1d7a3535e1b8c2432edaaff4c6f3,1966,1965,"Quadro III - Comercio especial, por territorios estatisticos",48,M,Macau,imports_from_macao_special_trade_current_escudos,27623,27623,PTE,thousand current escudos,1000,special trade; import values to be confirmed from source notes,INE statistical territories as printed in the 1965 volume; verify against page 23,transcribed,"Printed Ultramar import subtotal 3 651 273; the eight printed territory rows sum to 3 651 279, a 6 unit source-rounding residual.",visual_transcription_pass_1,2026-08-11,pass_1,double_entry_verified
ine_external_trade_yearbook,ine_external_trade_1965_volume_i.pdf,d6b95a6b73d54ce1935955b6be7cfed9f20e1d7a3535e1b8c2432edaaff4c6f3,1966,1965,"Quadro III - Comercio especial, por territorios estatisticos",48,M,Timor,imports_from_timor_leste_special_trade_current_escudos,7566,7566,PTE,thousand current escudos,1000,special trade; import values to be confirmed from source notes,INE statistical territories as printed in the 1965 volume; verify against page 23,transcribed,"Printed Ultramar import subtotal 3 651 273; the eight printed territory rows sum to 3 651 279, a 6 unit source-rounding residual.",visual_transcription_pass_1,2026-08-11,pass_1,double_entry_verified
ine_external_trade_yearbook,ine_external_trade_1965_volume_i.pdf,d6b95a6b73d54ce1935955b6be7cfed9f20e1d7a3535e1b8c2432edaaff4c6f3,1966,1965,"Quadro III - Comercio especial, por territorios estatisticos",50,X,Cabo Verde,exports_to_cabo_verde_special_trade_current_escudos,93848,93848,PTE,thousand current escudos,1000,special trade; export values to be confirmed from source notes,INE statistical territories as printed in the 1965 volume; verify against page 23,transcribed,Printed Ultramar export subtotal 4 140 029; the printed territory rows sum exactly to that subtotal. The India export cell is printed as not available and is therefore not transcribed.,visual_transcription_pass_1,2026-08-11,pass_1,double_entry_verified
ine_external_trade_yearbook,ine_external_trade_1965_volume_i.pdf,d6b95a6b73d54ce1935955b6be7cfed9f20e1d7a3535e1b8c2432edaaff4c6f3,1966,1965,"Quadro III - Comercio especial, por territorios estatisticos",50,X,Guine,exports_to_guinea_bissau_special_trade_current_escudos,259584,259584,PTE,thousand current escudos,1000,special trade; export values to be confirmed from source notes,INE statistical territories as printed in the 1965 volume; verify against page 23,transcribed,Printed Ultramar export subtotal 4 140 029; the printed territory rows sum exactly to that subtotal. The India export cell is printed as not available and is therefore not transcribed.,visual_transcription_pass_1,2026-08-11,pass_1,double_entry_verified
ine_external_trade_yearbook,ine_external_trade_1965_volume_i.pdf,d6b95a6b73d54ce1935955b6be7cfed9f20e1d7a3535e1b8c2432edaaff4c6f3,1966,1965,"Quadro III - Comercio especial, por territorios estatisticos",50,X,S. Tome e Principe,exports_to_sao_tome_principe_special_trade_current_escudos,58273,58273,PTE,thousand current escudos,1000,special trade; export values to be confirmed from source notes,INE statistical territories as printed in the 1965 volume; verify against page 23,transcribed,Printed Ultramar export subtotal 4 140 029; the printed territory rows sum exactly to that subtotal. The India export cell is printed as not available and is therefore not transcribed.,visual_transcription_pass_1,2026-08-11,pass_1,double_entry_verified
ine_external_trade_yearbook,ine_external_trade_1965_volume_i.pdf,d6b95a6b73d54ce1935955b6be7cfed9f20e1d7a3535e1b8c2432edaaff4c6f3,1966,1965,"Quadro III - Comercio especial, por territorios estatisticos",50,X,Angola,exports_to_angola_special_trade_current_escudos,2342754,2342754,PTE,thousand current escudos,1000,special trade; export values to be confirmed from source notes,INE statistical territories as printed in the 1965 volume; verify against page 23,transcribed,Printed Ultramar export subtotal 4 140 029; the printed territory rows sum exactly to that subtotal. The India export cell is printed as not available and is therefore not transcribed.,visual_transcription_pass_1,2026-08-11,pass_1,double_entry_verified
ine_external_trade_yearbook,ine_external_trade_1965_volume_i.pdf,d6b95a6b73d54ce1935955b6be7cfed9f20e1d7a3535e1b8c2432edaaff4c6f3,1966,1965,"Quadro III - Comercio especial, por territorios estatisticos",50,X,Mocambique,exports_to_mozambique_special_trade_current_escudos,1356150,1356150,PTE,thousand current escudos,1000,special trade; export values to be confirmed from source notes,INE statistical territories as printed in the 1965 volume; verify against page 23,transcribed,Printed Ultramar export subtotal 4 140 029; the printed territory rows sum exactly to that subtotal. The India export cell is printed as not available and is therefore not transcribed.,visual_transcription_pass_1,2026-08-11,pass_1,double_entry_verified
ine_external_trade_yearbook,ine_external_trade_1965_volume_i.pdf,d6b95a6b73d54ce1935955b6be7cfed9f20e1d7a3535e1b8c2432edaaff4c6f3,1966,1965,"Quadro III - Comercio especial, por territorios estatisticos",50,X,Macau,exports_to_macao_special_trade_current_escudos,11879,11879,PTE,thousand current escudos,1000,special trade; export values to be confirmed from source notes,INE statistical territories as printed in the 1965 volume; verify against page 23,transcribed,Printed Ultramar export subtotal 4 140 029; the printed territory rows sum exactly to that subtotal. The India export cell is printed as not available and is therefore not transcribed.,visual_transcription_pass_1,2026-08-11,pass_1,double_entry_verified
ine_external_trade_yearbook,ine_external_trade_1965_volume_i.pdf,d6b95a6b73d54ce1935955b6be7cfed9f20e1d7a3535e1b8c2432edaaff4c6f3,1966,1965,"Quadro III - Comercio especial, por territorios estatisticos",50,X,Timor,exports_to_timor_leste_special_trade_current_escudos,17541,17541,PTE,thousand current escudos,1000,special trade; export values to be confirmed from source notes,INE statistical territories as printed in the 1965 volume; verify against page 23,transcribed,Printed Ultramar export subtotal 4 140 029; the printed territory rows sum exactly to that subtotal. The India export cell is printed as not available and is therefore not transcribed.,visual_transcription_pass_1,2026-08-11,pass_1,double_entry_verified
ine_external_trade_yearbook,ine_external_trade_1970_volume_i.pdf,465a1d41cc1ebff60c479337d6214100a2c2ebf3b1cad16b3e609408a890d454,1971,1970,Quadro n.o 2 - Comercio especial por paises e territorios estatisticos,25,M,Cabo Verde,imports_from_cabo_verde_special_trade_current_escudos,35999,35999,PTE,thousand current escudos,1000,special trade; import values to be confirmed from source notes,INE statistical territories as printed in the 1970 volume; verify against page 18,transcribed,Printed Provincias Ultramarinas import subtotal 6 716 990; the seven printed territory rows sum exactly to that subtotal. The 1970 volume prints no separate India row.,visual_transcription_pass_1,2026-08-11,pass_1,double_entry_verified
ine_external_trade_yearbook,ine_external_trade_1970_volume_i.pdf,465a1d41cc1ebff60c479337d6214100a2c2ebf3b1cad16b3e609408a890d454,1971,1970,Quadro n.o 2 - Comercio especial por paises e territorios estatisticos,25,M,Guine,imports_from_guinea_bissau_special_trade_current_escudos,115507,115507,PTE,thousand current escudos,1000,special trade; import values to be confirmed from source notes,INE statistical territories as printed in the 1970 volume; verify against page 18,transcribed,Printed Provincias Ultramarinas import subtotal 6 716 990; the seven printed territory rows sum exactly to that subtotal. The 1970 volume prints no separate India row.,visual_transcription_pass_1,2026-08-11,pass_1,double_entry_verified
ine_external_trade_yearbook,ine_external_trade_1970_volume_i.pdf,465a1d41cc1ebff60c479337d6214100a2c2ebf3b1cad16b3e609408a890d454,1971,1970,Quadro n.o 2 - Comercio especial por paises e territorios estatisticos,25,M,S. Tome e Principe,imports_from_sao_tome_principe_special_trade_current_escudos,67555,67555,PTE,thousand current escudos,1000,special trade; import values to be confirmed from source notes,INE statistical territories as printed in the 1970 volume; verify against page 18,transcribed,Printed Provincias Ultramarinas import subtotal 6 716 990; the seven printed territory rows sum exactly to that subtotal. The 1970 volume prints no separate India row.,visual_transcription_pass_1,2026-08-11,pass_1,double_entry_verified
ine_external_trade_yearbook,ine_external_trade_1970_volume_i.pdf,465a1d41cc1ebff60c479337d6214100a2c2ebf3b1cad16b3e609408a890d454,1971,1970,Quadro n.o 2 - Comercio especial por paises e territorios estatisticos,25,M,Angola,imports_from_angola_special_trade_current_escudos,4418969,4418969,PTE,thousand current escudos,1000,special trade; import values to be confirmed from source notes,INE statistical territories as printed in the 1970 volume; verify against page 18,transcribed,Printed Provincias Ultramarinas import subtotal 6 716 990; the seven printed territory rows sum exactly to that subtotal. The 1970 volume prints no separate India row.,visual_transcription_pass_1,2026-08-11,pass_1,double_entry_verified
ine_external_trade_yearbook,ine_external_trade_1970_volume_i.pdf,465a1d41cc1ebff60c479337d6214100a2c2ebf3b1cad16b3e609408a890d454,1971,1970,Quadro n.o 2 - Comercio especial por paises e territorios estatisticos,25,M,Mocambique,imports_from_mozambique_special_trade_current_escudos,1913017,1913017,PTE,thousand current escudos,1000,special trade; import values to be confirmed from source notes,INE statistical territories as printed in the 1970 volume; verify against page 18,transcribed,Printed Provincias Ultramarinas import subtotal 6 716 990; the seven printed territory rows sum exactly to that subtotal. The 1970 volume prints no separate India row.,visual_transcription_pass_1,2026-08-11,pass_1,double_entry_verified
ine_external_trade_yearbook,ine_external_trade_1970_volume_i.pdf,465a1d41cc1ebff60c479337d6214100a2c2ebf3b1cad16b3e609408a890d454,1971,1970,Quadro n.o 2 - Comercio especial por paises e territorios estatisticos,25,M,Macau,imports_from_macao_special_trade_current_escudos,156008,156008,PTE,thousand current escudos,1000,special trade; import values to be confirmed from source notes,INE statistical territories as printed in the 1970 volume; verify against page 18,transcribed,Printed Provincias Ultramarinas import subtotal 6 716 990; the seven printed territory rows sum exactly to that subtotal. The 1970 volume prints no separate India row.,visual_transcription_pass_1,2026-08-11,pass_1,double_entry_verified
ine_external_trade_yearbook,ine_external_trade_1970_volume_i.pdf,465a1d41cc1ebff60c479337d6214100a2c2ebf3b1cad16b3e609408a890d454,1971,1970,Quadro n.o 2 - Comercio especial por paises e territorios estatisticos,25,M,Timor,imports_from_timor_leste_special_trade_current_escudos,9935,9935,PTE,thousand current escudos,1000,special trade; import values to be confirmed from source notes,INE statistical territories as printed in the 1970 volume; verify against page 18,transcribed,Printed Provincias Ultramarinas import subtotal 6 716 990; the seven printed territory rows sum exactly to that subtotal. The 1970 volume prints no separate India row.,visual_transcription_pass_1,2026-08-11,pass_1,double_entry_verified
ine_external_trade_yearbook,ine_external_trade_1970_volume_i.pdf,465a1d41cc1ebff60c479337d6214100a2c2ebf3b1cad16b3e609408a890d454,1971,1970,Quadro n.o 2 - Comercio especial por paises e territorios estatisticos,25,X,Cabo Verde,exports_to_cabo_verde_special_trade_current_escudos,206314,206314,PTE,thousand current escudos,1000,special trade; export values to be confirmed from source notes,INE statistical territories as printed in the 1970 volume; verify against page 18,transcribed,"Printed Provincias Ultramarinas export subtotal 6 687 814; the seven printed territory rows sum to 6 687 214, an unresolved 600 residual in the source block. The 1970 volume prints no separate India row.",visual_transcription_pass_1,2026-08-11,pass_1,double_entry_verified
ine_external_trade_yearbook,ine_external_trade_1970_volume_i.pdf,465a1d41cc1ebff60c479337d6214100a2c2ebf3b1cad16b3e609408a890d454,1971,1970,Quadro n.o 2 - Comercio especial por paises e territorios estatisticos,25,X,Guine,exports_to_guinea_bissau_special_trade_current_escudos,429574,429574,PTE,thousand current escudos,1000,special trade; export values to be confirmed from source notes,INE statistical territories as printed in the 1970 volume; verify against page 18,transcribed,"Printed Provincias Ultramarinas export subtotal 6 687 814; the seven printed territory rows sum to 6 687 214, an unresolved 600 residual in the source block. The 1970 volume prints no separate India row.",visual_transcription_pass_1,2026-08-11,pass_1,double_entry_verified
ine_external_trade_yearbook,ine_external_trade_1970_volume_i.pdf,465a1d41cc1ebff60c479337d6214100a2c2ebf3b1cad16b3e609408a890d454,1971,1970,Quadro n.o 2 - Comercio especial por paises e territorios estatisticos,25,X,S. Tome e Principe,exports_to_sao_tome_principe_special_trade_current_escudos,99964,99964,PTE,thousand current escudos,1000,special trade; export values to be confirmed from source notes,INE statistical territories as printed in the 1970 volume; verify against page 18,transcribed,"Printed Provincias Ultramarinas export subtotal 6 687 814; the seven printed territory rows sum to 6 687 214, an unresolved 600 residual in the source block. The 1970 volume prints no separate India row.",visual_transcription_pass_1,2026-08-11,pass_1,double_entry_verified
ine_external_trade_yearbook,ine_external_trade_1970_volume_i.pdf,465a1d41cc1ebff60c479337d6214100a2c2ebf3b1cad16b3e609408a890d454,1971,1970,Quadro n.o 2 - Comercio especial por paises e territorios estatisticos,25,X,Angola,exports_to_angola_special_trade_current_escudos,3415046,3415046,PTE,thousand current escudos,1000,special trade; export values to be confirmed from source notes,INE statistical territories as printed in the 1970 volume; verify against page 18,transcribed,"Printed Provincias Ultramarinas export subtotal 6 687 814; the seven printed territory rows sum to 6 687 214, an unresolved 600 residual in the source block. The 1970 volume prints no separate India row.",visual_transcription_pass_1,2026-08-11,pass_1,double_entry_verified
ine_external_trade_yearbook,ine_external_trade_1970_volume_i.pdf,465a1d41cc1ebff60c479337d6214100a2c2ebf3b1cad16b3e609408a890d454,1971,1970,Quadro n.o 2 - Comercio especial por paises e territorios estatisticos,25,X,Mocambique,exports_to_mozambique_special_trade_current_escudos,2473379,2473379,PTE,thousand current escudos,1000,special trade; export values to be confirmed from source notes,INE statistical territories as printed in the 1970 volume; verify against page 18,transcribed,"Printed Provincias Ultramarinas export subtotal 6 687 814; the seven printed territory rows sum to 6 687 214, an unresolved 600 residual in the source block. The 1970 volume prints no separate India row.",visual_transcription_pass_1,2026-08-11,pass_1,double_entry_verified
ine_external_trade_yearbook,ine_external_trade_1970_volume_i.pdf,465a1d41cc1ebff60c479337d6214100a2c2ebf3b1cad16b3e609408a890d454,1971,1970,Quadro n.o 2 - Comercio especial por paises e territorios estatisticos,25,X,Macau,exports_to_macao_special_trade_current_escudos,16907,16907,PTE,thousand current escudos,1000,special trade; export values to be confirmed from source notes,INE statistical territories as printed in the 1970 volume; verify against page 18,transcribed,"Printed Provincias Ultramarinas export subtotal 6 687 814; the seven printed territory rows sum to 6 687 214, an unresolved 600 residual in the source block. The 1970 volume prints no separate India row.",visual_transcription_pass_1,2026-08-11,pass_1,double_entry_verified
ine_external_trade_yearbook,ine_external_trade_1970_volume_i.pdf,465a1d41cc1ebff60c479337d6214100a2c2ebf3b1cad16b3e609408a890d454,1971,1970,Quadro n.o 2 - Comercio especial por paises e territorios estatisticos,25,X,Timor,exports_to_timor_leste_special_trade_current_escudos,46030,46030,PTE,thousand current escudos,1000,special trade; export values to be confirmed from source notes,INE statistical territories as printed in the 1970 volume; verify against page 18,transcribed,"Printed Provincias Ultramarinas export subtotal 6 687 814; the seven printed territory rows sum to 6 687 214, an unresolved 600 residual in the source block. The 1970 volume prints no separate India row.",visual_transcription_pass_1,2026-08-11,pass_1,double_entry_verified
ine_external_trade_yearbook,ine_external_trade_1973_volume_i.pdf,ef13f704b430a739a258e56e080d21d930b074fe49774b6726989329a339225f,1974,1973,Quadro n.o 2 - Comercio especial por paises e territorios estatisticos,24,M,Cabo Verde,imports_from_cabo_verde_special_trade_current_escudos,36164,36164,PTE,thousand current escudos,1000,special trade; import values to be confirmed from source notes,INE statistical territories as printed in the 1973 volume; verify against page 17,transcribed,"Printed Provincias Ultramarinas import subtotal 7 538 574; the seven printed territory rows sum to 7 538 575, a one unit source-rounding residual. The 1973 volume prints no separate India row.",visual_transcription_pass_1,2026-08-11,pass_1,double_entry_verified
ine_external_trade_yearbook,ine_external_trade_1973_volume_i.pdf,ef13f704b430a739a258e56e080d21d930b074fe49774b6726989329a339225f,1974,1973,Quadro n.o 2 - Comercio especial por paises e territorios estatisticos,24,M,Guine,imports_from_guinea_bissau_special_trade_current_escudos,99295,99295,PTE,thousand current escudos,1000,special trade; import values to be confirmed from source notes,INE statistical territories as printed in the 1973 volume; verify against page 17,transcribed,"Printed Provincias Ultramarinas import subtotal 7 538 574; the seven printed territory rows sum to 7 538 575, a one unit source-rounding residual. The 1973 volume prints no separate India row.",visual_transcription_pass_1,2026-08-11,pass_1,double_entry_verified
ine_external_trade_yearbook,ine_external_trade_1973_volume_i.pdf,ef13f704b430a739a258e56e080d21d930b074fe49774b6726989329a339225f,1974,1973,Quadro n.o 2 - Comercio especial por paises e territorios estatisticos,24,M,S. Tome e Principe,imports_from_sao_tome_principe_special_trade_current_escudos,103400,103400,PTE,thousand current escudos,1000,special trade; import values to be confirmed from source notes,INE statistical territories as printed in the 1973 volume; verify against page 17,transcribed,"Printed Provincias Ultramarinas import subtotal 7 538 574; the seven printed territory rows sum to 7 538 575, a one unit source-rounding residual. The 1973 volume prints no separate India row.",visual_transcription_pass_1,2026-08-11,pass_1,double_entry_verified
ine_external_trade_yearbook,ine_external_trade_1973_volume_i.pdf,ef13f704b430a739a258e56e080d21d930b074fe49774b6726989329a339225f,1974,1973,Quadro n.o 2 - Comercio especial por paises e territorios estatisticos,24,M,Angola,imports_from_angola_special_trade_current_escudos,4760648,4760648,PTE,thousand current escudos,1000,special trade; import values to be confirmed from source notes,INE statistical territories as printed in the 1973 volume; verify against page 17,transcribed,"Printed Provincias Ultramarinas import subtotal 7 538 574; the seven printed territory rows sum to 7 538 575, a one unit source-rounding residual. The 1973 volume prints no separate India row.",visual_transcription_pass_1,2026-08-11,pass_1,double_entry_verified
ine_external_trade_yearbook,ine_external_trade_1973_volume_i.pdf,ef13f704b430a739a258e56e080d21d930b074fe49774b6726989329a339225f,1974,1973,Quadro n.o 2 - Comercio especial por paises e territorios estatisticos,24,M,Mocambique,imports_from_mozambique_special_trade_current_escudos,2222723,2222723,PTE,thousand current escudos,1000,special trade; import values to be confirmed from source notes,INE statistical territories as printed in the 1973 volume; verify against page 17,transcribed,"Printed Provincias Ultramarinas import subtotal 7 538 574; the seven printed territory rows sum to 7 538 575, a one unit source-rounding residual. The 1973 volume prints no separate India row.",visual_transcription_pass_1,2026-08-11,pass_1,double_entry_verified
ine_external_trade_yearbook,ine_external_trade_1973_volume_i.pdf,ef13f704b430a739a258e56e080d21d930b074fe49774b6726989329a339225f,1974,1973,Quadro n.o 2 - Comercio especial por paises e territorios estatisticos,24,M,Macau,imports_from_macao_special_trade_current_escudos,297747,297747,PTE,thousand current escudos,1000,special trade; import values to be confirmed from source notes,INE statistical territories as printed in the 1973 volume; verify against page 17,transcribed,"Printed Provincias Ultramarinas import subtotal 7 538 574; the seven printed territory rows sum to 7 538 575, a one unit source-rounding residual. The 1973 volume prints no separate India row.",visual_transcription_pass_1,2026-08-11,pass_1,double_entry_verified
ine_external_trade_yearbook,ine_external_trade_1973_volume_i.pdf,ef13f704b430a739a258e56e080d21d930b074fe49774b6726989329a339225f,1974,1973,Quadro n.o 2 - Comercio especial por paises e territorios estatisticos,24,M,Timor,imports_from_timor_leste_special_trade_current_escudos,18598,18598,PTE,thousand current escudos,1000,special trade; import values to be confirmed from source notes,INE statistical territories as printed in the 1973 volume; verify against page 17,transcribed,"Printed Provincias Ultramarinas import subtotal 7 538 574; the seven printed territory rows sum to 7 538 575, a one unit source-rounding residual. The 1973 volume prints no separate India row.",visual_transcription_pass_1,2026-08-11,pass_1,double_entry_verified
ine_external_trade_yearbook,ine_external_trade_1973_volume_i.pdf,ef13f704b430a739a258e56e080d21d930b074fe49774b6726989329a339225f,1974,1973,Quadro n.o 2 - Comercio especial por paises e territorios estatisticos,24,X,Cabo Verde,exports_to_cabo_verde_special_trade_current_escudos,377943,377943,PTE,thousand current escudos,1000,special trade; export values to be confirmed from source notes,INE statistical territories as printed in the 1973 volume; verify against page 17,transcribed,"Printed Provincias Ultramarinas export subtotal 6 739 823; the seven printed territory rows sum to 6 739 822, a one unit source-rounding residual. The 1973 volume prints no separate India row.",visual_transcription_pass_1,2026-08-11,pass_1,double_entry_verified
ine_external_trade_yearbook,ine_external_trade_1973_volume_i.pdf,ef13f704b430a739a258e56e080d21d930b074fe49774b6726989329a339225f,1974,1973,Quadro n.o 2 - Comercio especial por paises e territorios estatisticos,24,X,Guine,exports_to_guinea_bissau_special_trade_current_escudos,627487,627487,PTE,thousand current escudos,1000,special trade; export values to be confirmed from source notes,INE statistical territories as printed in the 1973 volume; verify against page 17,transcribed,"Printed Provincias Ultramarinas export subtotal 6 739 823; the seven printed territory rows sum to 6 739 822, a one unit source-rounding residual. The 1973 volume prints no separate India row.",visual_transcription_pass_1,2026-08-11,pass_1,double_entry_verified
ine_external_trade_yearbook,ine_external_trade_1973_volume_i.pdf,ef13f704b430a739a258e56e080d21d930b074fe49774b6726989329a339225f,1974,1973,Quadro n.o 2 - Comercio especial por paises e territorios estatisticos,24,X,S. Tome e Principe,exports_to_sao_tome_principe_special_trade_current_escudos,112698,112698,PTE,thousand current escudos,1000,special trade; export values to be confirmed from source notes,INE statistical territories as printed in the 1973 volume; verify against page 17,transcribed,"Printed Provincias Ultramarinas export subtotal 6 739 823; the seven printed territory rows sum to 6 739 822, a one unit source-rounding residual. The 1973 volume prints no separate India row.",visual_transcription_pass_1,2026-08-11,pass_1,double_entry_verified
ine_external_trade_yearbook,ine_external_trade_1973_volume_i.pdf,ef13f704b430a739a258e56e080d21d930b074fe49774b6726989329a339225f,1974,1973,Quadro n.o 2 - Comercio especial por paises e territorios estatisticos,24,X,Angola,exports_to_angola_special_trade_current_escudos,3271044,3271044,PTE,thousand current escudos,1000,special trade; export values to be confirmed from source notes,INE statistical territories as printed in the 1973 volume; verify against page 17,transcribed,"Printed Provincias Ultramarinas export subtotal 6 739 823; the seven printed territory rows sum to 6 739 822, a one unit source-rounding residual. The 1973 volume prints no separate India row.",visual_transcription_pass_1,2026-08-11,pass_1,double_entry_verified
ine_external_trade_yearbook,ine_external_trade_1973_volume_i.pdf,ef13f704b430a739a258e56e080d21d930b074fe49774b6726989329a339225f,1974,1973,Quadro n.o 2 - Comercio especial por paises e territorios estatisticos,24,X,Mocambique,exports_to_mozambique_special_trade_current_escudos,2252411,2252411,PTE,thousand current escudos,1000,special trade; export values to be confirmed from source notes,INE statistical territories as printed in the 1973 volume; verify against page 17,transcribed,"Printed Provincias Ultramarinas export subtotal 6 739 823; the seven printed territory rows sum to 6 739 822, a one unit source-rounding residual. The 1973 volume prints no separate India row.",visual_transcription_pass_1,2026-08-11,pass_1,double_entry_verified
ine_external_trade_yearbook,ine_external_trade_1973_volume_i.pdf,ef13f704b430a739a258e56e080d21d930b074fe49774b6726989329a339225f,1974,1973,Quadro n.o 2 - Comercio especial por paises e territorios estatisticos,24,X,Macau,exports_to_macao_special_trade_current_escudos,37652,37652,PTE,thousand current escudos,1000,special trade; export values to be confirmed from source notes,INE statistical territories as printed in the 1973 volume; verify against page 17,transcribed,"Printed Provincias Ultramarinas export subtotal 6 739 823; the seven printed territory rows sum to 6 739 822, a one unit source-rounding residual. The 1973 volume prints no separate India row.",visual_transcription_pass_1,2026-08-11,pass_1,double_entry_verified
ine_external_trade_yearbook,ine_external_trade_1973_volume_i.pdf,ef13f704b430a739a258e56e080d21d930b074fe49774b6726989329a339225f,1974,1973,Quadro n.o 2 - Comercio especial por paises e territorios estatisticos,24,X,Timor,exports_to_timor_leste_special_trade_current_escudos,60587,60587,PTE,thousand current escudos,1000,special trade; export values to be confirmed from source notes,INE statistical territories as printed in the 1973 volume; verify against page 17,transcribed,"Printed Provincias Ultramarinas export subtotal 6 739 823; the seven printed territory rows sum to 6 739 822, a one unit source-rounding residual. The 1973 volume prints no separate India row.",visual_transcription_pass_1,2026-08-11,pass_1,double_entry_verified
ine_external_trade_yearbook,ine_external_trade_1960_volume_i.pdf,b7160de354832e3d896af73a6375e0e7cdbf4712ffaece574bbc253e5f4d2013,1961,1960,"Quadro III - Comercio especial, por territorios estatisticos",38,M,World,total_imports_special_trade_current_escudos,15685321,15685321,PTE,thousand current escudos,1000,special trade; import values declared by importers and accepted by customs per explanatory note,INE statistical territories as printed in the 1960 volume; partner rows are grouped by O.E.C.E. participation rather than by continent,transcribed,"Printed Ultramar import subtotal 2 253 156; the eight printed territory rows sum exactly to that subtotal. The 1960 volume prints no separate Austria row, so the eleven-country European benchmark cannot be observed for 1960.",visual_transcription_pass_1,2026-08-11,pass_1,double_entry_verified
ine_external_trade_yearbook,ine_external_trade_1960_volume_i.pdf,b7160de354832e3d896af73a6375e0e7cdbf4712ffaece574bbc253e5f4d2013,1961,1960,"Quadro III - Comercio especial, por territorios estatisticos",38,M,Ultramar,imports_from_overseas_territories_special_trade_current_escudos,2253156,2253156,PTE,thousand current escudos,1000,special trade; import values declared by importers and accepted by customs per explanatory note,Ultramar row in INE statistical-territory table; individual overseas territories are listed separately below the aggregate row,transcribed,"Printed Ultramar import subtotal 2 253 156; the eight printed territory rows sum exactly to that subtotal. The 1960 volume prints no separate Austria row, so the eleven-country European benchmark cannot be observed for 1960.",visual_transcription_pass_1,2026-08-11,pass_1,double_entry_verified
ine_external_trade_yearbook,ine_external_trade_1960_volume_i.pdf,b7160de354832e3d896af73a6375e0e7cdbf4712ffaece574bbc253e5f4d2013,1961,1960,"Quadro III - Comercio especial, por territorios estatisticos",38,M,Cabo Verde,imports_from_cabo_verde_special_trade_current_escudos,12397,12397,PTE,thousand current escudos,1000,special trade; import values declared by importers and accepted by customs per explanatory note,Ultramar row in INE statistical-territory table; individual overseas territories are listed separately below the aggregate row,transcribed,"Printed Ultramar import subtotal 2 253 156; the eight printed territory rows sum exactly to that subtotal. The 1960 volume prints no separate Austria row, so the eleven-country European benchmark cannot be observed for 1960.",visual_transcription_pass_1,2026-08-11,pass_1,double_entry_verified
ine_external_trade_yearbook,ine_external_trade_1960_volume_i.pdf,b7160de354832e3d896af73a6375e0e7cdbf4712ffaece574bbc253e5f4d2013,1961,1960,"Quadro III - Comercio especial, por territorios estatisticos",38,M,Guine,imports_from_guinea_bissau_special_trade_current_escudos,143065,143065,PTE,thousand current escudos,1000,special trade; import values declared by importers and accepted by customs per explanatory note,Ultramar row in INE statistical-territory table; individual overseas territories are listed separately below the aggregate row,transcribed,"Printed Ultramar import subtotal 2 253 156; the eight printed territory rows sum exactly to that subtotal. The 1960 volume prints no separate Austria row, so the eleven-country European benchmark cannot be observed for 1960.",visual_transcription_pass_1,2026-08-11,pass_1,double_entry_verified
ine_external_trade_yearbook,ine_external_trade_1960_volume_i.pdf,b7160de354832e3d896af73a6375e0e7cdbf4712ffaece574bbc253e5f4d2013,1961,1960,"Quadro III - Comercio especial, por territorios estatisticos",38,M,S. Tome e Principe,imports_from_sao_tome_principe_special_trade_current_escudos,72582,72582,PTE,thousand current escudos,1000,special trade; import values declared by importers and accepted by customs per explanatory note,Ultramar row in INE statistical-territory table; individual overseas territories are listed separately below the aggregate row,transcribed,"Printed Ultramar import subtotal 2 253 156; the eight printed territory rows sum exactly to that subtotal. The 1960 volume prints no separate Austria row, so the eleven-country European benchmark cannot be observed for 1960.",visual_transcription_pass_1,2026-08-11,pass_1,double_entry_verified
ine_external_trade_yearbook,ine_external_trade_1960_volume_i.pdf,b7160de354832e3d896af73a6375e0e7cdbf4712ffaece574bbc253e5f4d2013,1961,1960,"Quadro III - Comercio especial, por territorios estatisticos",38,M,Angola,imports_from_angola_special_trade_current_escudos,850604,850604,PTE,thousand current escudos,1000,special trade; import values declared by importers and accepted by customs per explanatory note,Ultramar row in INE statistical-territory table; individual overseas territories are listed separately below the aggregate row,transcribed,"Printed Ultramar import subtotal 2 253 156; the eight printed territory rows sum exactly to that subtotal. The 1960 volume prints no separate Austria row, so the eleven-country European benchmark cannot be observed for 1960.",visual_transcription_pass_1,2026-08-11,pass_1,double_entry_verified
ine_external_trade_yearbook,ine_external_trade_1960_volume_i.pdf,b7160de354832e3d896af73a6375e0e7cdbf4712ffaece574bbc253e5f4d2013,1961,1960,"Quadro III - Comercio especial, por territorios estatisticos",38,M,Mocambique,imports_from_mozambique_special_trade_current_escudos,1156566,1156566,PTE,thousand current escudos,1000,special trade; import values declared by importers and accepted by customs per explanatory note,Ultramar row in INE statistical-territory table; individual overseas territories are listed separately below the aggregate row,transcribed,"Printed Ultramar import subtotal 2 253 156; the eight printed territory rows sum exactly to that subtotal. The 1960 volume prints no separate Austria row, so the eleven-country European benchmark cannot be observed for 1960.",visual_transcription_pass_1,2026-08-11,pass_1,double_entry_verified
ine_external_trade_yearbook,ine_external_trade_1960_volume_i.pdf,b7160de354832e3d896af73a6375e0e7cdbf4712ffaece574bbc253e5f4d2013,1961,1960,"Quadro III - Comercio especial, por territorios estatisticos",38,M,India,imports_from_portuguese_india_special_trade_current_escudos,4667,4667,PTE,thousand current escudos,1000,special trade; import values declared by importers and accepted by customs per explanatory note,Ultramar row in INE statistical-territory table; individual overseas territories are listed separately below the aggregate row,transcribed,"Printed Ultramar import subtotal 2 253 156; the eight printed territory rows sum exactly to that subtotal. The 1960 volume prints no separate Austria row, so the eleven-country European benchmark cannot be observed for 1960.",visual_transcription_pass_1,2026-08-11,pass_1,double_entry_verified
ine_external_trade_yearbook,ine_external_trade_1960_volume_i.pdf,b7160de354832e3d896af73a6375e0e7cdbf4712ffaece574bbc253e5f4d2013,1961,1960,"Quadro III - Comercio especial, por territorios estatisticos",38,M,Macau,imports_from_macao_special_trade_current_escudos,2943,2943,PTE,thousand current escudos,1000,special trade; import values declared by importers and accepted by customs per explanatory note,Ultramar row in INE statistical-territory table; individual overseas territories are listed separately below the aggregate row,transcribed,"Printed Ultramar import subtotal 2 253 156; the eight printed territory rows sum exactly to that subtotal. The 1960 volume prints no separate Austria row, so the eleven-country European benchmark cannot be observed for 1960.",visual_transcription_pass_1,2026-08-11,pass_1,double_entry_verified
ine_external_trade_yearbook,ine_external_trade_1960_volume_i.pdf,b7160de354832e3d896af73a6375e0e7cdbf4712ffaece574bbc253e5f4d2013,1961,1960,"Quadro III - Comercio especial, por territorios estatisticos",38,M,Timor,imports_from_timor_leste_special_trade_current_escudos,10332,10332,PTE,thousand current escudos,1000,special trade; import values declared by importers and accepted by customs per explanatory note,Ultramar row in INE statistical-territory table; individual overseas territories are listed separately below the aggregate row,transcribed,"Printed Ultramar import subtotal 2 253 156; the eight printed territory rows sum exactly to that subtotal. The 1960 volume prints no separate Austria row, so the eleven-country European benchmark cannot be observed for 1960.",visual_transcription_pass_1,2026-08-11,pass_1,double_entry_verified
ine_external_trade_yearbook,ine_external_trade_1960_volume_i.pdf,b7160de354832e3d896af73a6375e0e7cdbf4712ffaece574bbc253e5f4d2013,1961,1960,"Quadro III - Comercio especial, por territorios estatisticos",38,M,Irlanda,imports_from_ireland_special_trade_current_escudos,26369,26369,PTE,thousand current escudos,1000,special trade; import values declared by importers and accepted by customs per explanatory note,INE statistical territories as printed in the 1960 volume; partner rows are grouped by O.E.C.E. participation rather than by continent,transcribed,"Printed Ultramar import subtotal 2 253 156; the eight printed territory rows sum exactly to that subtotal. The 1960 volume prints no separate Austria row, so the eleven-country European benchmark cannot be observed for 1960.",visual_transcription_pass_1,2026-08-11,pass_1,double_entry_verified
ine_external_trade_yearbook,ine_external_trade_1960_volume_i.pdf,b7160de354832e3d896af73a6375e0e7cdbf4712ffaece574bbc253e5f4d2013,1961,1960,"Quadro III - Comercio especial, por territorios estatisticos",38,M,Reino Unido,imports_from_united_kingdom_special_trade_current_escudos,1868252,1868252,PTE,thousand current escudos,1000,special trade; import values declared by importers and accepted by customs per explanatory note,INE statistical territories as printed in the 1960 volume; partner rows are grouped by O.E.C.E. participation rather than by continent,transcribed,"Printed Ultramar import subtotal 2 253 156; the eight printed territory rows sum exactly to that subtotal. The 1960 volume prints no separate Austria row, so the eleven-country European benchmark cannot be observed for 1960.",visual_transcription_pass_1,2026-08-11,pass_1,double_entry_verified
ine_external_trade_yearbook,ine_external_trade_1960_volume_i.pdf,b7160de354832e3d896af73a6375e0e7cdbf4712ffaece574bbc253e5f4d2013,1961,1960,"Quadro III - Comercio especial, por territorios estatisticos",38,M,Republica Federal da Alemanha,imports_from_west_germany_special_trade_current_escudos,2677352,2677352,PTE,thousand current escudos,1000,special trade; import values declared by importers and accepted by customs per explanatory note,INE statistical territories as printed in the 1960 volume; partner rows are grouped by O.E.C.E. participation rather than by continent,transcribed,"Printed Ultramar import subtotal 2 253 156; the eight printed territory rows sum exactly to that subtotal. The 1960 volume prints no separate Austria row, so the eleven-country European benchmark cannot be observed for 1960.",visual_transcription_pass_1,2026-08-11,pass_1,double_entry_verified
ine_external_trade_yearbook,ine_external_trade_1960_volume_i.pdf,b7160de354832e3d896af73a6375e0e7cdbf4712ffaece574bbc253e5f4d2013,1961,1960,"Quadro III - Comercio especial, por territorios estatisticos",38,M,Belgica-Luxemburgo,imports_from_belgium_luxembourg_special_trade_current_escudos,935305,935305,PTE,thousand current escudos,1000,special trade; import values declared by importers and accepted by customs per explanatory note,INE statistical territories as printed in the 1960 volume; partner rows are grouped by O.E.C.E. participation rather than by continent,transcribed,"Printed Ultramar import subtotal 2 253 156; the eight printed territory rows sum exactly to that subtotal. The 1960 volume prints no separate Austria row, so the eleven-country European benchmark cannot be observed for 1960.",visual_transcription_pass_1,2026-08-11,pass_1,double_entry_verified
ine_external_trade_yearbook,ine_external_trade_1960_volume_i.pdf,b7160de354832e3d896af73a6375e0e7cdbf4712ffaece574bbc253e5f4d2013,1961,1960,"Quadro III - Comercio especial, por territorios estatisticos",38,M,Dinamarca,imports_from_denmark_special_trade_current_escudos,71435,71435,PTE,thousand current escudos,1000,special trade; import values declared by importers and accepted by customs per explanatory note,INE statistical territories as printed in the 1960 volume; partner rows are grouped by O.E.C.E. participation rather than by continent,transcribed,"Printed Ultramar import subtotal 2 253 156; the eight printed territory rows sum exactly to that subtotal. The 1960 volume prints no separate Austria row, so the eleven-country European benchmark cannot be observed for 1960.",visual_transcription_pass_1,2026-08-11,pass_1,double_entry_verified
ine_external_trade_yearbook,ine_external_trade_1960_volume_i.pdf,b7160de354832e3d896af73a6375e0e7cdbf4712ffaece574bbc253e5f4d2013,1961,1960,"Quadro III - Comercio especial, por territorios estatisticos",38,M,Franca,imports_from_france_special_trade_current_escudos,1306532,1306532,PTE,thousand current escudos,1000,special trade; import values declared by importers and accepted by customs per explanatory note,INE statistical territories as printed in the 1960 volume; partner rows are grouped by O.E.C.E. participation rather than by continent,transcribed,"Printed Ultramar import subtotal 2 253 156; the eight printed territory rows sum exactly to that subtotal. The 1960 volume prints no separate Austria row, so the eleven-country European benchmark cannot be observed for 1960.",visual_transcription_pass_1,2026-08-11,pass_1,double_entry_verified
ine_external_trade_yearbook,ine_external_trade_1960_volume_i.pdf,b7160de354832e3d896af73a6375e0e7cdbf4712ffaece574bbc253e5f4d2013,1961,1960,"Quadro III - Comercio especial, por territorios estatisticos",38,M,Italia,imports_from_italy_special_trade_current_escudos,569954,569954,PTE,thousand current escudos,1000,special trade; import values declared by importers and accepted by customs per explanatory note,INE statistical territories as printed in the 1960 volume; partner rows are grouped by O.E.C.E. participation rather than by continent,transcribed,"Printed Ultramar import subtotal 2 253 156; the eight printed territory rows sum exactly to that subtotal. The 1960 volume prints no separate Austria row, so the eleven-country European benchmark cannot be observed for 1960.",visual_transcription_pass_1,2026-08-11,pass_1,double_entry_verified
ine_external_trade_yearbook,ine_external_trade_1960_volume_i.pdf,b7160de354832e3d896af73a6375e0e7cdbf4712ffaece574bbc253e5f4d2013,1961,1960,"Quadro III - Comercio especial, por territorios estatisticos",38,M,Noruega,imports_from_norway_special_trade_current_escudos,126319,126319,PTE,thousand current escudos,1000,special trade; import values declared by importers and accepted by customs per explanatory note,INE statistical territories as printed in the 1960 volume; partner rows are grouped by O.E.C.E. participation rather than by continent,transcribed,"Printed Ultramar import subtotal 2 253 156; the eight printed territory rows sum exactly to that subtotal. The 1960 volume prints no separate Austria row, so the eleven-country European benchmark cannot be observed for 1960.",visual_transcription_pass_1,2026-08-11,pass_1,double_entry_verified
ine_external_trade_yearbook,ine_external_trade_1960_volume_i.pdf,b7160de354832e3d896af73a6375e0e7cdbf4712ffaece574bbc253e5f4d2013,1961,1960,"Quadro III - Comercio especial, por territorios estatisticos",38,M,Holanda,imports_from_netherlands_special_trade_current_escudos,509212,509212,PTE,thousand current escudos,1000,special trade; import values declared by importers and accepted by customs per explanatory note,INE statistical territories as printed in the 1960 volume; partner rows are grouped by O.E.C.E. participation rather than by continent,transcribed,"Printed Ultramar import subtotal 2 253 156; the eight printed territory rows sum exactly to that subtotal. The 1960 volume prints no separate Austria row, so the eleven-country European benchmark cannot be observed for 1960.",visual_transcription_pass_1,2026-08-11,pass_1,double_entry_verified
ine_external_trade_yearbook,ine_external_trade_1960_volume_i.pdf,b7160de354832e3d896af73a6375e0e7cdbf4712ffaece574bbc253e5f4d2013,1961,1960,"Quadro III - Comercio especial, por territorios estatisticos",38,M,Suecia,imports_from_sweden_special_trade_current_escudos,364047,364047,PTE,thousand current escudos,1000,special trade; import values declared by importers and accepted by customs per explanatory note,INE statistical territories as printed in the 1960 volume; partner rows are grouped by O.E.C.E. participation rather than by continent,transcribed,"Printed Ultramar import subtotal 2 253 156; the eight printed territory rows sum exactly to that subtotal. The 1960 volume prints no separate Austria row, so the eleven-country European benchmark cannot be observed for 1960.",visual_transcription_pass_1,2026-08-11,pass_1,double_entry_verified
ine_external_trade_yearbook,ine_external_trade_1960_volume_i.pdf,b7160de354832e3d896af73a6375e0e7cdbf4712ffaece574bbc253e5f4d2013,1961,1960,"Quadro III - Comercio especial, por territorios estatisticos",38,M,Suica,imports_from_switzerland_liechtenstein_special_trade_current_escudos,615024,615024,PTE,thousand current escudos,1000,special trade; import values declared by importers and accepted by customs per explanatory note,INE statistical territories as printed in the 1960 volume; partner rows are grouped by O.E.C.E. participation rather than by continent,transcribed,"Printed Ultramar import subtotal 2 253 156; the eight printed territory rows sum exactly to that subtotal. The 1960 volume prints no separate Austria row, so the eleven-country European benchmark cannot be observed for 1960.",visual_transcription_pass_1,2026-08-11,pass_1,double_entry_verified
ine_external_trade_yearbook,ine_external_trade_1960_volume_i.pdf,b7160de354832e3d896af73a6375e0e7cdbf4712ffaece574bbc253e5f4d2013,1961,1960,"Quadro III - Comercio especial, por territorios estatisticos",40,X,World,total_exports_special_trade_current_escudos,9408129,9408129,PTE,thousand current escudos,1000,special trade; export values follow INE explanatory note conventions,INE statistical territories as printed in the 1960 volume; partner rows are grouped by O.E.C.E. participation rather than by continent,transcribed,"Printed Ultramar export subtotal 2 406 047; the eight printed territory rows sum exactly to that subtotal. The 1960 volume prints no separate Austria row, so the eleven-country European benchmark cannot be observed for 1960.",visual_transcription_pass_1,2026-08-11,pass_1,double_entry_verified
ine_external_trade_yearbook,ine_external_trade_1960_volume_i.pdf,b7160de354832e3d896af73a6375e0e7cdbf4712ffaece574bbc253e5f4d2013,1961,1960,"Quadro III - Comercio especial, por territorios estatisticos",40,X,Ultramar,exports_to_overseas_territories_special_trade_current_escudos,2406047,2406047,PTE,thousand current escudos,1000,special trade; export values follow INE explanatory note conventions,Ultramar row in INE statistical-territory table; individual overseas territories are listed separately below the aggregate row,transcribed,"Printed Ultramar export subtotal 2 406 047; the eight printed territory rows sum exactly to that subtotal. The 1960 volume prints no separate Austria row, so the eleven-country European benchmark cannot be observed for 1960.",visual_transcription_pass_1,2026-08-11,pass_1,double_entry_verified
ine_external_trade_yearbook,ine_external_trade_1960_volume_i.pdf,b7160de354832e3d896af73a6375e0e7cdbf4712ffaece574bbc253e5f4d2013,1961,1960,"Quadro III - Comercio especial, por territorios estatisticos",40,X,Cabo Verde,exports_to_cabo_verde_special_trade_current_escudos,70449,70449,PTE,thousand current escudos,1000,special trade; export values follow INE explanatory note conventions,Ultramar row in INE statistical-territory table; individual overseas territories are listed separately below the aggregate row,transcribed,"Printed Ultramar export subtotal 2 406 047; the eight printed territory rows sum exactly to that subtotal. The 1960 volume prints no separate Austria row, so the eleven-country European benchmark cannot be observed for 1960.",visual_transcription_pass_1,2026-08-11,pass_1,double_entry_verified
ine_external_trade_yearbook,ine_external_trade_1960_volume_i.pdf,b7160de354832e3d896af73a6375e0e7cdbf4712ffaece574bbc253e5f4d2013,1961,1960,"Quadro III - Comercio especial, por territorios estatisticos",40,X,Guine,exports_to_guinea_bissau_special_trade_current_escudos,109606,109606,PTE,thousand current escudos,1000,special trade; export values follow INE explanatory note conventions,Ultramar row in INE statistical-territory table; individual overseas territories are listed separately below the aggregate row,transcribed,"Printed Ultramar export subtotal 2 406 047; the eight printed territory rows sum exactly to that subtotal. The 1960 volume prints no separate Austria row, so the eleven-country European benchmark cannot be observed for 1960.",visual_transcription_pass_1,2026-08-11,pass_1,double_entry_verified
ine_external_trade_yearbook,ine_external_trade_1960_volume_i.pdf,b7160de354832e3d896af73a6375e0e7cdbf4712ffaece574bbc253e5f4d2013,1961,1960,"Quadro III - Comercio especial, por territorios estatisticos",40,X,S. Tome e Principe,exports_to_sao_tome_principe_special_trade_current_escudos,48189,48189,PTE,thousand current escudos,1000,special trade; export values follow INE explanatory note conventions,Ultramar row in INE statistical-territory table; individual overseas territories are listed separately below the aggregate row,transcribed,"Printed Ultramar export subtotal 2 406 047; the eight printed territory rows sum exactly to that subtotal. The 1960 volume prints no separate Austria row, so the eleven-country European benchmark cannot be observed for 1960.",visual_transcription_pass_1,2026-08-11,pass_1,double_entry_verified
ine_external_trade_yearbook,ine_external_trade_1960_volume_i.pdf,b7160de354832e3d896af73a6375e0e7cdbf4712ffaece574bbc253e5f4d2013,1961,1960,"Quadro III - Comercio especial, por territorios estatisticos",40,X,Angola,exports_to_angola_special_trade_current_escudos,1237463,1237463,PTE,thousand current escudos,1000,special trade; export values follow INE explanatory note conventions,Ultramar row in INE statistical-territory table; individual overseas territories are listed separately below the aggregate row,transcribed,"Printed Ultramar export subtotal 2 406 047; the eight printed territory rows sum exactly to that subtotal. The 1960 volume prints no separate Austria row, so the eleven-country European benchmark cannot be observed for 1960.",visual_transcription_pass_1,2026-08-11,pass_1,double_entry_verified
ine_external_trade_yearbook,ine_external_trade_1960_volume_i.pdf,b7160de354832e3d896af73a6375e0e7cdbf4712ffaece574bbc253e5f4d2013,1961,1960,"Quadro III - Comercio especial, por territorios estatisticos",40,X,Mocambique,exports_to_mozambique_special_trade_current_escudos,844568,844568,PTE,thousand current escudos,1000,special trade; export values follow INE explanatory note conventions,Ultramar row in INE statistical-territory table; individual overseas territories are listed separately below the aggregate row,transcribed,"Printed Ultramar export subtotal 2 406 047; the eight printed territory rows sum exactly to that subtotal. The 1960 volume prints no separate Austria row, so the eleven-country European benchmark cannot be observed for 1960.",visual_transcription_pass_1,2026-08-11,pass_1,double_entry_verified
ine_external_trade_yearbook,ine_external_trade_1960_volume_i.pdf,b7160de354832e3d896af73a6375e0e7cdbf4712ffaece574bbc253e5f4d2013,1961,1960,"Quadro III - Comercio especial, por territorios estatisticos",40,X,India,exports_to_portuguese_india_special_trade_current_escudos,73508,73508,PTE,thousand current escudos,1000,special trade; export values follow INE explanatory note conventions,Ultramar row in INE statistical-territory table; individual overseas territories are listed separately below the aggregate row,transcribed,"Printed Ultramar export subtotal 2 406 047; the eight printed territory rows sum exactly to that subtotal. The 1960 volume prints no separate Austria row, so the eleven-country European benchmark cannot be observed for 1960.",visual_transcription_pass_1,2026-08-11,pass_1,double_entry_verified
ine_external_trade_yearbook,ine_external_trade_1960_volume_i.pdf,b7160de354832e3d896af73a6375e0e7cdbf4712ffaece574bbc253e5f4d2013,1961,1960,"Quadro III - Comercio especial, por territorios estatisticos",40,X,Macau,exports_to_macao_special_trade_current_escudos,9871,9871,PTE,thousand current escudos,1000,special trade; export values follow INE explanatory note conventions,Ultramar row in INE statistical-territory table; individual overseas territories are listed separately below the aggregate row,transcribed,"Printed Ultramar export subtotal 2 406 047; the eight printed territory rows sum exactly to that subtotal. The 1960 volume prints no separate Austria row, so the eleven-country European benchmark cannot be observed for 1960.",visual_transcription_pass_1,2026-08-11,pass_1,double_entry_verified
ine_external_trade_yearbook,ine_external_trade_1960_volume_i.pdf,b7160de354832e3d896af73a6375e0e7cdbf4712ffaece574bbc253e5f4d2013,1961,1960,"Quadro III - Comercio especial, por territorios estatisticos",40,X,Timor,exports_to_timor_leste_special_trade_current_escudos,12393,12393,PTE,thousand current escudos,1000,special trade; export values follow INE explanatory note conventions,Ultramar row in INE statistical-territory table; individual overseas territories are listed separately below the aggregate row,transcribed,"Printed Ultramar export subtotal 2 406 047; the eight printed territory rows sum exactly to that subtotal. The 1960 volume prints no separate Austria row, so the eleven-country European benchmark cannot be observed for 1960.",visual_transcription_pass_1,2026-08-11,pass_1,double_entry_verified
ine_external_trade_yearbook,ine_external_trade_1960_volume_i.pdf,b7160de354832e3d896af73a6375e0e7cdbf4712ffaece574bbc253e5f4d2013,1961,1960,"Quadro III - Comercio especial, por territorios estatisticos",40,X,Irlanda,exports_to_ireland_special_trade_current_escudos,19371,19371,PTE,thousand current escudos,1000,special trade; export values follow INE explanatory note conventions,INE statistical territories as printed in the 1960 volume; partner rows are grouped by O.E.C.E. participation rather than by continent,transcribed,"Printed Ultramar export subtotal 2 406 047; the eight printed territory rows sum exactly to that subtotal. The 1960 volume prints no separate Austria row, so the eleven-country European benchmark cannot be observed for 1960.",visual_transcription_pass_1,2026-08-11,pass_1,double_entry_verified
ine_external_trade_yearbook,ine_external_trade_1960_volume_i.pdf,b7160de354832e3d896af73a6375e0e7cdbf4712ffaece574bbc253e5f4d2013,1961,1960,"Quadro III - Comercio especial, por territorios estatisticos",40,X,Reino Unido,exports_to_united_kingdom_special_trade_current_escudos,1284167,1284167,PTE,thousand current escudos,1000,special trade; export values follow INE explanatory note conventions,INE statistical territories as printed in the 1960 volume; partner rows are grouped by O.E.C.E. participation rather than by continent,transcribed,"Printed Ultramar export subtotal 2 406 047; the eight printed territory rows sum exactly to that subtotal. The 1960 volume prints no separate Austria row, so the eleven-country European benchmark cannot be observed for 1960.",visual_transcription_pass_1,2026-08-11,pass_1,double_entry_verified
ine_external_trade_yearbook,ine_external_trade_1960_volume_i.pdf,b7160de354832e3d896af73a6375e0e7cdbf4712ffaece574bbc253e5f4d2013,1961,1960,"Quadro III - Comercio especial, por territorios estatisticos",40,X,Republica Federal da Alemanha,exports_to_west_germany_special_trade_current_escudos,857067,857067,PTE,thousand current escudos,1000,special trade; export values follow INE explanatory note conventions,INE statistical territories as printed in the 1960 volume; partner rows are grouped by O.E.C.E. participation rather than by continent,transcribed,"Printed Ultramar export subtotal 2 406 047; the eight printed territory rows sum exactly to that subtotal. The 1960 volume prints no separate Austria row, so the eleven-country European benchmark cannot be observed for 1960.",visual_transcription_pass_1,2026-08-11,pass_1,double_entry_verified
ine_external_trade_yearbook,ine_external_trade_1960_volume_i.pdf,b7160de354832e3d896af73a6375e0e7cdbf4712ffaece574bbc253e5f4d2013,1961,1960,"Quadro III - Comercio especial, por territorios estatisticos",40,X,Belgica-Luxemburgo,exports_to_belgium_luxembourg_special_trade_current_escudos,289269,289269,PTE,thousand current escudos,1000,special trade; export values follow INE explanatory note conventions,INE statistical territories as printed in the 1960 volume; partner rows are grouped by O.E.C.E. participation rather than by continent,transcribed,"Printed Ultramar export subtotal 2 406 047; the eight printed territory rows sum exactly to that subtotal. The 1960 volume prints no separate Austria row, so the eleven-country European benchmark cannot be observed for 1960.",visual_transcription_pass_1,2026-08-11,pass_1,double_entry_verified
ine_external_trade_yearbook,ine_external_trade_1960_volume_i.pdf,b7160de354832e3d896af73a6375e0e7cdbf4712ffaece574bbc253e5f4d2013,1961,1960,"Quadro III - Comercio especial, por territorios estatisticos",40,X,Dinamarca,exports_to_denmark_special_trade_current_escudos,135808,135808,PTE,thousand current escudos,1000,special trade; export values follow INE explanatory note conventions,INE statistical territories as printed in the 1960 volume; partner rows are grouped by O.E.C.E. participation rather than by continent,transcribed,"Printed Ultramar export subtotal 2 406 047; the eight printed territory rows sum exactly to that subtotal. The 1960 volume prints no separate Austria row, so the eleven-country European benchmark cannot be observed for 1960.",visual_transcription_pass_1,2026-08-11,pass_1,double_entry_verified
ine_external_trade_yearbook,ine_external_trade_1960_volume_i.pdf,b7160de354832e3d896af73a6375e0e7cdbf4712ffaece574bbc253e5f4d2013,1961,1960,"Quadro III - Comercio especial, por territorios estatisticos",40,X,Franca,exports_to_france_special_trade_current_escudos,318983,318983,PTE,thousand current escudos,1000,special trade; export values follow INE explanatory note conventions,INE statistical territories as printed in the 1960 volume; partner rows are grouped by O.E.C.E. participation rather than by continent,transcribed,"Printed Ultramar export subtotal 2 406 047; the eight printed territory rows sum exactly to that subtotal. The 1960 volume prints no separate Austria row, so the eleven-country European benchmark cannot be observed for 1960.",visual_transcription_pass_1,2026-08-11,pass_1,double_entry_verified
ine_external_trade_yearbook,ine_external_trade_1960_volume_i.pdf,b7160de354832e3d896af73a6375e0e7cdbf4712ffaece574bbc253e5f4d2013,1961,1960,"Quadro III - Comercio especial, por territorios estatisticos",40,X,Italia,exports_to_italy_special_trade_current_escudos,325125,325125,PTE,thousand current escudos,1000,special trade; export values follow INE explanatory note conventions,INE statistical territories as printed in the 1960 volume; partner rows are grouped by O.E.C.E. participation rather than by continent,transcribed,"Printed Ultramar export subtotal 2 406 047; the eight printed territory rows sum exactly to that subtotal. The 1960 volume prints no separate Austria row, so the eleven-country European benchmark cannot be observed for 1960.",visual_transcription_pass_1,2026-08-11,pass_1,double_entry_verified
ine_external_trade_yearbook,ine_external_trade_1960_volume_i.pdf,b7160de354832e3d896af73a6375e0e7cdbf4712ffaece574bbc253e5f4d2013,1961,1960,"Quadro III - Comercio especial, por territorios estatisticos",40,X,Noruega,exports_to_norway_special_trade_current_escudos,83642,83642,PTE,thousand current escudos,1000,special trade; export values follow INE explanatory note conventions,INE statistical territories as printed in the 1960 volume; partner rows are grouped by O.E.C.E. participation rather than by continent,transcribed,"Printed Ultramar export subtotal 2 406 047; the eight printed territory rows sum exactly to that subtotal. The 1960 volume prints no separate Austria row, so the eleven-country European benchmark cannot be observed for 1960.",visual_transcription_pass_1,2026-08-11,pass_1,double_entry_verified
ine_external_trade_yearbook,ine_external_trade_1960_volume_i.pdf,b7160de354832e3d896af73a6375e0e7cdbf4712ffaece574bbc253e5f4d2013,1961,1960,"Quadro III - Comercio especial, por territorios estatisticos",40,X,Holanda,exports_to_netherlands_special_trade_current_escudos,245962,245962,PTE,thousand current escudos,1000,special trade; export values follow INE explanatory note conventions,INE statistical territories as printed in the 1960 volume; partner rows are grouped by O.E.C.E. participation rather than by continent,transcribed,"Printed Ultramar export subtotal 2 406 047; the eight printed territory rows sum exactly to that subtotal. The 1960 volume prints no separate Austria row, so the eleven-country European benchmark cannot be observed for 1960.",visual_transcription_pass_1,2026-08-11,pass_1,double_entry_verified
ine_external_trade_yearbook,ine_external_trade_1960_volume_i.pdf,b7160de354832e3d896af73a6375e0e7cdbf4712ffaece574bbc253e5f4d2013,1961,1960,"Quadro III - Comercio especial, por territorios estatisticos",40,X,Suecia,exports_to_sweden_special_trade_current_escudos,268171,268171,PTE,thousand current escudos,1000,special trade; export values follow INE explanatory note conventions,INE statistical territories as printed in the 1960 volume; partner rows are grouped by O.E.C.E. participation rather than by continent,transcribed,"Printed Ultramar export subtotal 2 406 047; the eight printed territory rows sum exactly to that subtotal. The 1960 volume prints no separate Austria row, so the eleven-country European benchmark cannot be observed for 1960.",visual_transcription_pass_1,2026-08-11,pass_1,double_entry_verified
ine_external_trade_yearbook,ine_external_trade_1960_volume_i.pdf,b7160de354832e3d896af73a6375e0e7cdbf4712ffaece574bbc253e5f4d2013,1961,1960,"Quadro III - Comercio especial, por territorios estatisticos",40,X,Suica,exports_to_switzerland_liechtenstein_special_trade_current_escudos,119165,119165,PTE,thousand current escudos,1000,special trade; export values follow INE explanatory note conventions,INE statistical territories as printed in the 1960 volume; partner rows are grouped by O.E.C.E. participation rather than by continent,transcribed,"Printed Ultramar export subtotal 2 406 047; the eight printed territory rows sum exactly to that subtotal. The 1960 volume prints no separate Austria row, so the eleven-country European benchmark cannot be observed for 1960.",visual_transcription_pass_1,2026-08-11,pass_1,double_entry_verified
ine_external_trade_yearbook,ine_external_trade_1971_volume_i.pdf,e7804b727fb6987b1b9e76e30a2e721a3c56d9f2f095c4a9d0c9016ad53616ac,1972,1971,Quadro n.o 2 - Comercio especial por paises e territorios estatisticos,25,M,World,total_imports_special_trade_current_escudos,52416220,52416220,PTE,thousand current escudos,1000,special trade; import values declared by importers and accepted by customs per explanatory note,INE statistical territories as printed in the 1971 volume; Continente e Ilhas Adjacentes reporting scope,transcribed,"Printed Provincias Ultramarinas import subtotal 6 944 279; the seven printed territory rows sum to 6 943 679, an unresolved 600 residual in the source block. The printed C.E.E. and E.F.T.A. import subtotals are reproduced exactly by their printed member rows. Denmark excludes the separately printed Greenland row.",visual_transcription_pass_1,2026-08-13,pass_1,double_entry_verified
ine_external_trade_yearbook,ine_external_trade_1971_volume_i.pdf,e7804b727fb6987b1b9e76e30a2e721a3c56d9f2f095c4a9d0c9016ad53616ac,1972,1971,Quadro n.o 2 - Comercio especial por paises e territorios estatisticos,25,M,Provincias Ultramarinas,imports_from_overseas_territories_special_trade_current_escudos,6944279,6944279,PTE,thousand current escudos,1000,special trade; import values declared by importers and accepted by customs per explanatory note,Provincias Ultramarinas row in the INE statistical-territory table; individual territories are listed separately below the aggregate row,transcribed,"Printed Provincias Ultramarinas import subtotal 6 944 279; the seven printed territory rows sum to 6 943 679, an unresolved 600 residual in the source block. The printed C.E.E. and E.F.T.A. import subtotals are reproduced exactly by their printed member rows. Denmark excludes the separately printed Greenland row.",visual_transcription_pass_1,2026-08-13,pass_1,double_entry_verified
ine_external_trade_yearbook,ine_external_trade_1971_volume_i.pdf,e7804b727fb6987b1b9e76e30a2e721a3c56d9f2f095c4a9d0c9016ad53616ac,1972,1971,Quadro n.o 2 - Comercio especial por paises e territorios estatisticos,25,M,CEE,imports_from_eec_special_trade_current_escudos,17174839,17174839,PTE,thousand current escudos,1000,special trade; import values declared by importers and accepted by customs per explanatory note,INE statistical territories as printed in the 1971 volume; Continente e Ilhas Adjacentes reporting scope,transcribed,"Printed Provincias Ultramarinas import subtotal 6 944 279; the seven printed territory rows sum to 6 943 679, an unresolved 600 residual in the source block. The printed C.E.E. and E.F.T.A. import subtotals are reproduced exactly by their printed member rows. Denmark excludes the separately printed Greenland row.",visual_transcription_pass_1,2026-08-13,pass_1,double_entry_verified
ine_external_trade_yearbook,ine_external_trade_1971_volume_i.pdf,e7804b727fb6987b1b9e76e30a2e721a3c56d9f2f095c4a9d0c9016ad53616ac,1972,1971,Quadro n.o 2 - Comercio especial por paises e territorios estatisticos,25,M,EFTA,imports_from_efta_special_trade_current_escudos,13037368,13037368,PTE,thousand current escudos,1000,special trade; import values declared by importers and accepted by customs per explanatory note,INE statistical territories as printed in the 1971 volume; Continente e Ilhas Adjacentes reporting scope,transcribed,"Printed Provincias Ultramarinas import subtotal 6 944 279; the seven printed territory rows sum to 6 943 679, an unresolved 600 residual in the source block. The printed C.E.E. and E.F.T.A. import subtotals are reproduced exactly by their printed member rows. Denmark excludes the separately printed Greenland row.",visual_transcription_pass_1,2026-08-13,pass_1,double_entry_verified
ine_external_trade_yearbook,ine_external_trade_1971_volume_i.pdf,e7804b727fb6987b1b9e76e30a2e721a3c56d9f2f095c4a9d0c9016ad53616ac,1972,1971,Quadro n.o 2 - Comercio especial por paises e territorios estatisticos,25,M,Cabo Verde,imports_from_cabo_verde_special_trade_current_escudos,38587,38587,PTE,thousand current escudos,1000,special trade; import values declared by importers and accepted by customs per explanatory note,Provincias Ultramarinas row in the INE statistical-territory table; individual territories are listed separately below the aggregate row,transcribed,"Printed Provincias Ultramarinas import subtotal 6 944 279; the seven printed territory rows sum to 6 943 679, an unresolved 600 residual in the source block. The printed C.E.E. and E.F.T.A. import subtotals are reproduced exactly by their printed member rows. Denmark excludes the separately printed Greenland row.",visual_transcription_pass_1,2026-08-13,pass_1,double_entry_verified
ine_external_trade_yearbook,ine_external_trade_1971_volume_i.pdf,e7804b727fb6987b1b9e76e30a2e721a3c56d9f2f095c4a9d0c9016ad53616ac,1972,1971,Quadro n.o 2 - Comercio especial por paises e territorios estatisticos,25,M,Guine,imports_from_guinea_bissau_special_trade_current_escudos,72085,72085,PTE,thousand current escudos,1000,special trade; import values declared by importers and accepted by customs per explanatory note,Provincias Ultramarinas row in the INE statistical-territory table; individual territories are listed separately below the aggregate row,transcribed,"Printed Provincias Ultramarinas import subtotal 6 944 279; the seven printed territory rows sum to 6 943 679, an unresolved 600 residual in the source block. The printed C.E.E. and E.F.T.A. import subtotals are reproduced exactly by their printed member rows. Denmark excludes the separately printed Greenland row.",visual_transcription_pass_1,2026-08-13,pass_1,double_entry_verified
ine_external_trade_yearbook,ine_external_trade_1971_volume_i.pdf,e7804b727fb6987b1b9e76e30a2e721a3c56d9f2f095c4a9d0c9016ad53616ac,1972,1971,Quadro n.o 2 - Comercio especial por paises e territorios estatisticos,25,M,S. Tome e Principe,imports_from_sao_tome_principe_special_trade_current_escudos,80111,80111,PTE,thousand current escudos,1000,special trade; import values declared by importers and accepted by customs per explanatory note,Provincias Ultramarinas row in the INE statistical-territory table; individual territories are listed separately below the aggregate row,transcribed,"Printed Provincias Ultramarinas import subtotal 6 944 279; the seven printed territory rows sum to 6 943 679, an unresolved 600 residual in the source block. The printed C.E.E. and E.F.T.A. import subtotals are reproduced exactly by their printed member rows. Denmark excludes the separately printed Greenland row.",visual_transcription_pass_1,2026-08-13,pass_1,double_entry_verified
ine_external_trade_yearbook,ine_external_trade_1971_volume_i.pdf,e7804b727fb6987b1b9e76e30a2e721a3c56d9f2f095c4a9d0c9016ad53616ac,1972,1971,Quadro n.o 2 - Comercio especial por paises e territorios estatisticos,25,M,Angola,imports_from_angola_special_trade_current_escudos,4759406,4759406,PTE,thousand current escudos,1000,special trade; import values declared by importers and accepted by customs per explanatory note,Provincias Ultramarinas row in the INE statistical-territory table; individual territories are listed separately below the aggregate row,transcribed,"Printed Provincias Ultramarinas import subtotal 6 944 279; the seven printed territory rows sum to 6 943 679, an unresolved 600 residual in the source block. The printed C.E.E. and E.F.T.A. import subtotals are reproduced exactly by their printed member rows. Denmark excludes the separately printed Greenland row.",visual_transcription_pass_1,2026-08-13,pass_1,double_entry_verified
ine_external_trade_yearbook,ine_external_trade_1971_volume_i.pdf,e7804b727fb6987b1b9e76e30a2e721a3c56d9f2f095c4a9d0c9016ad53616ac,1972,1971,Quadro n.o 2 - Comercio especial por paises e territorios estatisticos,25,M,Mocambique,imports_from_mozambique_special_trade_current_escudos,1792584,1792584,PTE,thousand current escudos,1000,special trade; import values declared by importers and accepted by customs per explanatory note,Provincias Ultramarinas row in the INE statistical-territory table; individual territories are listed separately below the aggregate row,transcribed,"Printed Provincias Ultramarinas import subtotal 6 944 279; the seven printed territory rows sum to 6 943 679, an unresolved 600 residual in the source block. The printed C.E.E. and E.F.T.A. import subtotals are reproduced exactly by their printed member rows. Denmark excludes the separately printed Greenland row.",visual_transcription_pass_1,2026-08-13,pass_1,double_entry_verified
ine_external_trade_yearbook,ine_external_trade_1971_volume_i.pdf,e7804b727fb6987b1b9e76e30a2e721a3c56d9f2f095c4a9d0c9016ad53616ac,1972,1971,Quadro n.o 2 - Comercio especial por paises e territorios estatisticos,25,M,Macau,imports_from_macao_special_trade_current_escudos,188135,188135,PTE,thousand current escudos,1000,special trade; import values declared by importers and accepted by customs per explanatory note,Provincias Ultramarinas row in the INE statistical-territory table; individual territories are listed separately below the aggregate row,transcribed,"Printed Provincias Ultramarinas import subtotal 6 944 279; the seven printed territory rows sum to 6 943 679, an unresolved 600 residual in the source block. The printed C.E.E. and E.F.T.A. import subtotals are reproduced exactly by their printed member rows. Denmark excludes the separately printed Greenland row.",visual_transcription_pass_1,2026-08-13,pass_1,double_entry_verified
ine_external_trade_yearbook,ine_external_trade_1971_volume_i.pdf,e7804b727fb6987b1b9e76e30a2e721a3c56d9f2f095c4a9d0c9016ad53616ac,1972,1971,Quadro n.o 2 - Comercio especial por paises e territorios estatisticos,25,M,Timor,imports_from_timor_leste_special_trade_current_escudos,12771,12771,PTE,thousand current escudos,1000,special trade; import values declared by importers and accepted by customs per explanatory note,Provincias Ultramarinas row in the INE statistical-territory table; individual territories are listed separately below the aggregate row,transcribed,"Printed Provincias Ultramarinas import subtotal 6 944 279; the seven printed territory rows sum to 6 943 679, an unresolved 600 residual in the source block. The printed C.E.E. and E.F.T.A. import subtotals are reproduced exactly by their printed member rows. Denmark excludes the separately printed Greenland row.",visual_transcription_pass_1,2026-08-13,pass_1,double_entry_verified
ine_external_trade_yearbook,ine_external_trade_1971_volume_i.pdf,e7804b727fb6987b1b9e76e30a2e721a3c56d9f2f095c4a9d0c9016ad53616ac,1972,1971,Quadro n.o 2 - Comercio especial por paises e territorios estatisticos,25,M,Austria,imports_from_austria_special_trade_current_escudos,746711,746711,PTE,thousand current escudos,1000,special trade; import values declared by importers and accepted by customs per explanatory note,INE statistical territories as printed in the 1971 volume; Continente e Ilhas Adjacentes reporting scope,transcribed,"Printed Provincias Ultramarinas import subtotal 6 944 279; the seven printed territory rows sum to 6 943 679, an unresolved 600 residual in the source block. The printed C.E.E. and E.F.T.A. import subtotals are reproduced exactly by their printed member rows. Denmark excludes the separately printed Greenland row.",visual_transcription_pass_1,2026-08-13,pass_1,double_entry_verified
ine_external_trade_yearbook,ine_external_trade_1971_volume_i.pdf,e7804b727fb6987b1b9e76e30a2e721a3c56d9f2f095c4a9d0c9016ad53616ac,1972,1971,Quadro n.o 2 - Comercio especial por paises e territorios estatisticos,25,M,Belgica-Luxemburgo,imports_from_belgium_luxembourg_special_trade_current_escudos,1464666,1464666,PTE,thousand current escudos,1000,special trade; import values declared by importers and accepted by customs per explanatory note,INE statistical territories as printed in the 1971 volume; Continente e Ilhas Adjacentes reporting scope,transcribed,"Printed Provincias Ultramarinas import subtotal 6 944 279; the seven printed territory rows sum to 6 943 679, an unresolved 600 residual in the source block. The printed C.E.E. and E.F.T.A. import subtotals are reproduced exactly by their printed member rows. Denmark excludes the separately printed Greenland row.",visual_transcription_pass_1,2026-08-13,pass_1,double_entry_verified
ine_external_trade_yearbook,ine_external_trade_1971_volume_i.pdf,e7804b727fb6987b1b9e76e30a2e721a3c56d9f2f095c4a9d0c9016ad53616ac,1972,1971,Quadro n.o 2 - Comercio especial por paises e territorios estatisticos,25,M,Dinamarca,imports_from_denmark_special_trade_current_escudos,560413,560413,PTE,thousand current escudos,1000,special trade; import values declared by importers and accepted by customs per explanatory note,INE statistical territories as printed in the 1971 volume; Continente e Ilhas Adjacentes reporting scope,transcribed,"Printed Provincias Ultramarinas import subtotal 6 944 279; the seven printed territory rows sum to 6 943 679, an unresolved 600 residual in the source block. The printed C.E.E. and E.F.T.A. import subtotals are reproduced exactly by their printed member rows. Denmark excludes the separately printed Greenland row.",visual_transcription_pass_1,2026-08-13,pass_1,double_entry_verified
ine_external_trade_yearbook,ine_external_trade_1971_volume_i.pdf,e7804b727fb6987b1b9e76e30a2e721a3c56d9f2f095c4a9d0c9016ad53616ac,1972,1971,Quadro n.o 2 - Comercio especial por paises e territorios estatisticos,25,M,Finlandia,imports_from_finland_special_trade_current_escudos,176946,176946,PTE,thousand current escudos,1000,special trade; import values declared by importers and accepted by customs per explanatory note,INE statistical territories as printed in the 1971 volume; Continente e Ilhas Adjacentes reporting scope,transcribed,"Printed Provincias Ultramarinas import subtotal 6 944 279; the seven printed territory rows sum to 6 943 679, an unresolved 600 residual in the source block. The printed C.E.E. and E.F.T.A. import subtotals are reproduced exactly by their printed member rows. Denmark excludes the separately printed Greenland row.",visual_transcription_pass_1,2026-08-13,pass_1,double_entry_verified
ine_external_trade_yearbook,ine_external_trade_1971_volume_i.pdf,e7804b727fb6987b1b9e76e30a2e721a3c56d9f2f095c4a9d0c9016ad53616ac,1972,1971,Quadro n.o 2 - Comercio especial por paises e territorios estatisticos,25,M,Franca,imports_from_france_special_trade_current_escudos,3469117,3469117,PTE,thousand current escudos,1000,special trade; import values declared by importers and accepted by customs per explanatory note,INE statistical territories as printed in the 1971 volume; Continente e Ilhas Adjacentes reporting scope,transcribed,"Printed Provincias Ultramarinas import subtotal 6 944 279; the seven printed territory rows sum to 6 943 679, an unresolved 600 residual in the source block. The printed C.E.E. and E.F.T.A. import subtotals are reproduced exactly by their printed member rows. Denmark excludes the separately printed Greenland row.",visual_transcription_pass_1,2026-08-13,pass_1,double_entry_verified
ine_external_trade_yearbook,ine_external_trade_1971_volume_i.pdf,e7804b727fb6987b1b9e76e30a2e721a3c56d9f2f095c4a9d0c9016ad53616ac,1972,1971,Quadro n.o 2 - Comercio especial por paises e territorios estatisticos,25,M,Alemanha (Republica Federal),imports_from_west_germany_special_trade_current_escudos,8204460,8204460,PTE,thousand current escudos,1000,special trade; import values declared by importers and accepted by customs per explanatory note,INE statistical territories as printed in the 1971 volume; Continente e Ilhas Adjacentes reporting scope,transcribed,"Printed Provincias Ultramarinas import subtotal 6 944 279; the seven printed territory rows sum to 6 943 679, an unresolved 600 residual in the source block. The printed C.E.E. and E.F.T.A. import subtotals are reproduced exactly by their printed member rows. Denmark excludes the separately printed Greenland row.",visual_transcription_pass_1,2026-08-13,pass_1,double_entry_verified
ine_external_trade_yearbook,ine_external_trade_1971_volume_i.pdf,e7804b727fb6987b1b9e76e30a2e721a3c56d9f2f095c4a9d0c9016ad53616ac,1972,1971,Quadro n.o 2 - Comercio especial por paises e territorios estatisticos,25,M,Irlanda,imports_from_ireland_special_trade_current_escudos,29980,29980,PTE,thousand current escudos,1000,special trade; import values declared by importers and accepted by customs per explanatory note,INE statistical territories as printed in the 1971 volume; Continente e Ilhas Adjacentes reporting scope,transcribed,"Printed Provincias Ultramarinas import subtotal 6 944 279; the seven printed territory rows sum to 6 943 679, an unresolved 600 residual in the source block. The printed C.E.E. and E.F.T.A. import subtotals are reproduced exactly by their printed member rows. Denmark excludes the separately printed Greenland row.",visual_transcription_pass_1,2026-08-13,pass_1,double_entry_verified
ine_external_trade_yearbook,ine_external_trade_1971_volume_i.pdf,e7804b727fb6987b1b9e76e30a2e721a3c56d9f2f095c4a9d0c9016ad53616ac,1972,1971,Quadro n.o 2 - Comercio especial por paises e territorios estatisticos,25,M,Italia,imports_from_italy_special_trade_current_escudos,2731133,2731133,PTE,thousand current escudos,1000,special trade; import values declared by importers and accepted by customs per explanatory note,INE statistical territories as printed in the 1971 volume; Continente e Ilhas Adjacentes reporting scope,transcribed,"Printed Provincias Ultramarinas import subtotal 6 944 279; the seven printed territory rows sum to 6 943 679, an unresolved 600 residual in the source block. The printed C.E.E. and E.F.T.A. import subtotals are reproduced exactly by their printed member rows. Denmark excludes the separately printed Greenland row.",visual_transcription_pass_1,2026-08-13,pass_1,double_entry_verified
ine_external_trade_yearbook,ine_external_trade_1971_volume_i.pdf,e7804b727fb6987b1b9e76e30a2e721a3c56d9f2f095c4a9d0c9016ad53616ac,1972,1971,Quadro n.o 2 - Comercio especial por paises e territorios estatisticos,25,M,Holanda,imports_from_netherlands_special_trade_current_escudos,1305463,1305463,PTE,thousand current escudos,1000,special trade; import values declared by importers and accepted by customs per explanatory note,INE statistical territories as printed in the 1971 volume; Continente e Ilhas Adjacentes reporting scope,transcribed,"Printed Provincias Ultramarinas import subtotal 6 944 279; the seven printed territory rows sum to 6 943 679, an unresolved 600 residual in the source block. The printed C.E.E. and E.F.T.A. import subtotals are reproduced exactly by their printed member rows. Denmark excludes the separately printed Greenland row.",visual_transcription_pass_1,2026-08-13,pass_1,double_entry_verified
ine_external_trade_yearbook,ine_external_trade_1971_volume_i.pdf,e7804b727fb6987b1b9e76e30a2e721a3c56d9f2f095c4a9d0c9016ad53616ac,1972,1971,Quadro n.o 2 - Comercio especial por paises e territorios estatisticos,25,M,Noruega,imports_from_norway_special_trade_current_escudos,603937,603937,PTE,thousand current escudos,1000,special trade; import values declared by importers and accepted by customs per explanatory note,INE statistical territories as printed in the 1971 volume; Continente e Ilhas Adjacentes reporting scope,transcribed,"Printed Provincias Ultramarinas import subtotal 6 944 279; the seven printed territory rows sum to 6 943 679, an unresolved 600 residual in the source block. The printed C.E.E. and E.F.T.A. import subtotals are reproduced exactly by their printed member rows. Denmark excludes the separately printed Greenland row.",visual_transcription_pass_1,2026-08-13,pass_1,double_entry_verified
ine_external_trade_yearbook,ine_external_trade_1971_volume_i.pdf,e7804b727fb6987b1b9e76e30a2e721a3c56d9f2f095c4a9d0c9016ad53616ac,1972,1971,Quadro n.o 2 - Comercio especial por paises e territorios estatisticos,25,M,Suecia,imports_from_sweden_special_trade_current_escudos,1400759,1400759,PTE,thousand current escudos,1000,special trade; import values declared by importers and accepted by customs per explanatory note,INE statistical territories as printed in the 1971 volume; Continente e Ilhas Adjacentes reporting scope,transcribed,"Printed Provincias Ultramarinas import subtotal 6 944 279; the seven printed territory rows sum to 6 943 679, an unresolved 600 residual in the source block. The printed C.E.E. and E.F.T.A. import subtotals are reproduced exactly by their printed member rows. Denmark excludes the separately printed Greenland row.",visual_transcription_pass_1,2026-08-13,pass_1,double_entry_verified
ine_external_trade_yearbook,ine_external_trade_1971_volume_i.pdf,e7804b727fb6987b1b9e76e30a2e721a3c56d9f2f095c4a9d0c9016ad53616ac,1972,1971,Quadro n.o 2 - Comercio especial por paises e territorios estatisticos,25,M,Suica,imports_from_switzerland_liechtenstein_special_trade_current_escudos,2180938,2180938,PTE,thousand current escudos,1000,special trade; import values declared by importers and accepted by customs per explanatory note,INE statistical territories as printed in the 1971 volume; Continente e Ilhas Adjacentes reporting scope,transcribed,"Printed Provincias Ultramarinas import subtotal 6 944 279; the seven printed territory rows sum to 6 943 679, an unresolved 600 residual in the source block. The printed C.E.E. and E.F.T.A. import subtotals are reproduced exactly by their printed member rows. Denmark excludes the separately printed Greenland row.",visual_transcription_pass_1,2026-08-13,pass_1,double_entry_verified
ine_external_trade_yearbook,ine_external_trade_1971_volume_i.pdf,e7804b727fb6987b1b9e76e30a2e721a3c56d9f2f095c4a9d0c9016ad53616ac,1972,1971,Quadro n.o 2 - Comercio especial por paises e territorios estatisticos,25,M,Reino Unido,imports_from_united_kingdom_special_trade_current_escudos,7150274,7150274,PTE,thousand current escudos,1000,special trade; import values declared by importers and accepted by customs per explanatory note,INE statistical territories as printed in the 1971 volume; Continente e Ilhas Adjacentes reporting scope,transcribed,"Printed Provincias Ultramarinas import subtotal 6 944 279; the seven printed territory rows sum to 6 943 679, an unresolved 600 residual in the source block. The printed C.E.E. and E.F.T.A. import subtotals are reproduced exactly by their printed member rows. Denmark excludes the separately printed Greenland row.",visual_transcription_pass_1,2026-08-13,pass_1,double_entry_verified
ine_external_trade_yearbook,ine_external_trade_1971_volume_i.pdf,e7804b727fb6987b1b9e76e30a2e721a3c56d9f2f095c4a9d0c9016ad53616ac,1972,1971,Quadro n.o 2 - Comercio especial por paises e territorios estatisticos,25,X,World,total_exports_special_trade_current_escudos,30248315,30248315,PTE,thousand current escudos,1000,special trade; export values follow INE explanatory note conventions,INE statistical territories as printed in the 1971 volume; Continente e Ilhas Adjacentes reporting scope,transcribed,Printed Provincias Ultramarinas export subtotal 6 489 620; the seven printed territory rows sum exactly to that subtotal. The printed C.E.E. and E.F.T.A. export subtotals are reproduced exactly by their printed member rows. Denmark excludes the separately printed Greenland row.,visual_transcription_pass_1,2026-08-13,pass_1,double_entry_verified
ine_external_trade_yearbook,ine_external_trade_1971_volume_i.pdf,e7804b727fb6987b1b9e76e30a2e721a3c56d9f2f095c4a9d0c9016ad53616ac,1972,1971,Quadro n.o 2 - Comercio especial por paises e territorios estatisticos,25,X,Provincias Ultramarinas,exports_to_overseas_territories_special_trade_current_escudos,6489620,6489620,PTE,thousand current escudos,1000,special trade; export values follow INE explanatory note conventions,Provincias Ultramarinas row in the INE statistical-territory table; individual territories are listed separately below the aggregate row,transcribed,Printed Provincias Ultramarinas export subtotal 6 489 620; the seven printed territory rows sum exactly to that subtotal. The printed C.E.E. and E.F.T.A. export subtotals are reproduced exactly by their printed member rows. Denmark excludes the separately printed Greenland row.,visual_transcription_pass_1,2026-08-13,pass_1,double_entry_verified
ine_external_trade_yearbook,ine_external_trade_1971_volume_i.pdf,e7804b727fb6987b1b9e76e30a2e721a3c56d9f2f095c4a9d0c9016ad53616ac,1972,1971,Quadro n.o 2 - Comercio especial por paises e territorios estatisticos,25,X,CEE,exports_to_eec_special_trade_current_escudos,5728264,5728264,PTE,thousand current escudos,1000,special trade; export values follow INE explanatory note conventions,INE statistical territories as printed in the 1971 volume; Continente e Ilhas Adjacentes reporting scope,transcribed,Printed Provincias Ultramarinas export subtotal 6 489 620; the seven printed territory rows sum exactly to that subtotal. The printed C.E.E. and E.F.T.A. export subtotals are reproduced exactly by their printed member rows. Denmark excludes the separately printed Greenland row.,visual_transcription_pass_1,2026-08-13,pass_1,double_entry_verified
ine_external_trade_yearbook,ine_external_trade_1971_volume_i.pdf,e7804b727fb6987b1b9e76e30a2e721a3c56d9f2f095c4a9d0c9016ad53616ac,1972,1971,Quadro n.o 2 - Comercio especial por paises e territorios estatisticos,25,X,EFTA,exports_to_efta_special_trade_current_escudos,11256639,11256639,PTE,thousand current escudos,1000,special trade; export values follow INE explanatory note conventions,INE statistical territories as printed in the 1971 volume; Continente e Ilhas Adjacentes reporting scope,transcribed,Printed Provincias Ultramarinas export subtotal 6 489 620; the seven printed territory rows sum exactly to that subtotal. The printed C.E.E. and E.F.T.A. export subtotals are reproduced exactly by their printed member rows. Denmark excludes the separately printed Greenland row.,visual_transcription_pass_1,2026-08-13,pass_1,double_entry_verified
ine_external_trade_yearbook,ine_external_trade_1971_volume_i.pdf,e7804b727fb6987b1b9e76e30a2e721a3c56d9f2f095c4a9d0c9016ad53616ac,1972,1971,Quadro n.o 2 - Comercio especial por paises e territorios estatisticos,25,X,Cabo Verde,exports_to_cabo_verde_special_trade_current_escudos,247015,247015,PTE,thousand current escudos,1000,special trade; export values follow INE explanatory note conventions,Provincias Ultramarinas row in the INE statistical-territory table; individual territories are listed separately below the aggregate row,transcribed,Printed Provincias Ultramarinas export subtotal 6 489 620; the seven printed territory rows sum exactly to that subtotal. The printed C.E.E. and E.F.T.A. export subtotals are reproduced exactly by their printed member rows. Denmark excludes the separately printed Greenland row.,visual_transcription_pass_1,2026-08-13,pass_1,double_entry_verified
ine_external_trade_yearbook,ine_external_trade_1971_volume_i.pdf,e7804b727fb6987b1b9e76e30a2e721a3c56d9f2f095c4a9d0c9016ad53616ac,1972,1971,Quadro n.o 2 - Comercio especial por paises e territorios estatisticos,25,X,Guine,exports_to_guinea_bissau_special_trade_current_escudos,439032,439032,PTE,thousand current escudos,1000,special trade; export values follow INE explanatory note conventions,Provincias Ultramarinas row in the INE statistical-territory table; individual territories are listed separately below the aggregate row,transcribed,Printed Provincias Ultramarinas export subtotal 6 489 620; the seven printed territory rows sum exactly to that subtotal. The printed C.E.E. and E.F.T.A. export subtotals are reproduced exactly by their printed member rows. Denmark excludes the separately printed Greenland row.,visual_transcription_pass_1,2026-08-13,pass_1,double_entry_verified
ine_external_trade_yearbook,ine_external_trade_1971_volume_i.pdf,e7804b727fb6987b1b9e76e30a2e721a3c56d9f2f095c4a9d0c9016ad53616ac,1972,1971,Quadro n.o 2 - Comercio especial por paises e territorios estatisticos,25,X,S. Tome e Principe,exports_to_sao_tome_principe_special_trade_current_escudos,94431,94431,PTE,thousand current escudos,1000,special trade; export values follow INE explanatory note conventions,Provincias Ultramarinas row in the INE statistical-territory table; individual territories are listed separately below the aggregate row,transcribed,Printed Provincias Ultramarinas export subtotal 6 489 620; the seven printed territory rows sum exactly to that subtotal. The printed C.E.E. and E.F.T.A. export subtotals are reproduced exactly by their printed member rows. Denmark excludes the separately printed Greenland row.,visual_transcription_pass_1,2026-08-13,pass_1,double_entry_verified
ine_external_trade_yearbook,ine_external_trade_1971_volume_i.pdf,e7804b727fb6987b1b9e76e30a2e721a3c56d9f2f095c4a9d0c9016ad53616ac,1972,1971,Quadro n.o 2 - Comercio especial por paises e territorios estatisticos,25,X,Angola,exports_to_angola_special_trade_current_escudos,3414404,3414404,PTE,thousand current escudos,1000,special trade; export values follow INE explanatory note conventions,Provincias Ultramarinas row in the INE statistical-territory table; individual territories are listed separately below the aggregate row,transcribed,Printed Provincias Ultramarinas export subtotal 6 489 620; the seven printed territory rows sum exactly to that subtotal. The printed C.E.E. and E.F.T.A. export subtotals are reproduced exactly by their printed member rows. Denmark excludes the separately printed Greenland row.,visual_transcription_pass_1,2026-08-13,pass_1,double_entry_verified
ine_external_trade_yearbook,ine_external_trade_1971_volume_i.pdf,e7804b727fb6987b1b9e76e30a2e721a3c56d9f2f095c4a9d0c9016ad53616ac,1972,1971,Quadro n.o 2 - Comercio especial por paises e territorios estatisticos,25,X,Mocambique,exports_to_mozambique_special_trade_current_escudos,2241227,2241227,PTE,thousand current escudos,1000,special trade; export values follow INE explanatory note conventions,Provincias Ultramarinas row in the INE statistical-territory table; individual territories are listed separately below the aggregate row,transcribed,Printed Provincias Ultramarinas export subtotal 6 489 620; the seven printed territory rows sum exactly to that subtotal. The printed C.E.E. and E.F.T.A. export subtotals are reproduced exactly by their printed member rows. Denmark excludes the separately printed Greenland row.,visual_transcription_pass_1,2026-08-13,pass_1,double_entry_verified
ine_external_trade_yearbook,ine_external_trade_1971_volume_i.pdf,e7804b727fb6987b1b9e76e30a2e721a3c56d9f2f095c4a9d0c9016ad53616ac,1972,1971,Quadro n.o 2 - Comercio especial por paises e territorios estatisticos,25,X,Macau,exports_to_macao_special_trade_current_escudos,21327,21327,PTE,thousand current escudos,1000,special trade; export values follow INE explanatory note conventions,Provincias Ultramarinas row in the INE statistical-territory table; individual territories are listed separately below the aggregate row,transcribed,Printed Provincias Ultramarinas export subtotal 6 489 620; the seven printed territory rows sum exactly to that subtotal. The printed C.E.E. and E.F.T.A. export subtotals are reproduced exactly by their printed member rows. Denmark excludes the separately printed Greenland row.,visual_transcription_pass_1,2026-08-13,pass_1,double_entry_verified
ine_external_trade_yearbook,ine_external_trade_1971_volume_i.pdf,e7804b727fb6987b1b9e76e30a2e721a3c56d9f2f095c4a9d0c9016ad53616ac,1972,1971,Quadro n.o 2 - Comercio especial por paises e territorios estatisticos,25,X,Timor,exports_to_timor_leste_special_trade_current_escudos,32184,32184,PTE,thousand current escudos,1000,special trade; export values follow INE explanatory note conventions,Provincias Ultramarinas row in the INE statistical-territory table; individual territories are listed separately below the aggregate row,transcribed,Printed Provincias Ultramarinas export subtotal 6 489 620; the seven printed territory rows sum exactly to that subtotal. The printed C.E.E. and E.F.T.A. export subtotals are reproduced exactly by their printed member rows. Denmark excludes the separately printed Greenland row.,visual_transcription_pass_1,2026-08-13,pass_1,double_entry_verified
ine_external_trade_yearbook,ine_external_trade_1971_volume_i.pdf,e7804b727fb6987b1b9e76e30a2e721a3c56d9f2f095c4a9d0c9016ad53616ac,1972,1971,Quadro n.o 2 - Comercio especial por paises e territorios estatisticos,25,X,Austria,exports_to_austria_special_trade_current_escudos,432719,432719,PTE,thousand current escudos,1000,special trade; export values follow INE explanatory note conventions,INE statistical territories as printed in the 1971 volume; Continente e Ilhas Adjacentes reporting scope,transcribed,Printed Provincias Ultramarinas export subtotal 6 489 620; the seven printed territory rows sum exactly to that subtotal. The printed C.E.E. and E.F.T.A. export subtotals are reproduced exactly by their printed member rows. Denmark excludes the separately printed Greenland row.,visual_transcription_pass_1,2026-08-13,pass_1,double_entry_verified
ine_external_trade_yearbook,ine_external_trade_1971_volume_i.pdf,e7804b727fb6987b1b9e76e30a2e721a3c56d9f2f095c4a9d0c9016ad53616ac,1972,1971,Quadro n.o 2 - Comercio especial por paises e territorios estatisticos,25,X,Belgica-Luxemburgo,exports_to_belgium_luxembourg_special_trade_current_escudos,828793,828793,PTE,thousand current escudos,1000,special trade; export values follow INE explanatory note conventions,INE statistical territories as printed in the 1971 volume; Continente e Ilhas Adjacentes reporting scope,transcribed,Printed Provincias Ultramarinas export subtotal 6 489 620; the seven printed territory rows sum exactly to that subtotal. The printed C.E.E. and E.F.T.A. export subtotals are reproduced exactly by their printed member rows. Denmark excludes the separately printed Greenland row.,visual_transcription_pass_1,2026-08-13,pass_1,double_entry_verified
ine_external_trade_yearbook,ine_external_trade_1971_volume_i.pdf,e7804b727fb6987b1b9e76e30a2e721a3c56d9f2f095c4a9d0c9016ad53616ac,1972,1971,Quadro n.o 2 - Comercio especial por paises e territorios estatisticos,25,X,Dinamarca,exports_to_denmark_special_trade_current_escudos,765463,765463,PTE,thousand current escudos,1000,special trade; export values follow INE explanatory note conventions,INE statistical territories as printed in the 1971 volume; Continente e Ilhas Adjacentes reporting scope,transcribed,Printed Provincias Ultramarinas export subtotal 6 489 620; the seven printed territory rows sum exactly to that subtotal. The printed C.E.E. and E.F.T.A. export subtotals are reproduced exactly by their printed member rows. Denmark excludes the separately printed Greenland row.,visual_transcription_pass_1,2026-08-13,pass_1,double_entry_verified
ine_external_trade_yearbook,ine_external_trade_1971_volume_i.pdf,e7804b727fb6987b1b9e76e30a2e721a3c56d9f2f095c4a9d0c9016ad53616ac,1972,1971,Quadro n.o 2 - Comercio especial por paises e territorios estatisticos,25,X,Finlandia,exports_to_finland_special_trade_current_escudos,430150,430150,PTE,thousand current escudos,1000,special trade; export values follow INE explanatory note conventions,INE statistical territories as printed in the 1971 volume; Continente e Ilhas Adjacentes reporting scope,transcribed,Printed Provincias Ultramarinas export subtotal 6 489 620; the seven printed territory rows sum exactly to that subtotal. The printed C.E.E. and E.F.T.A. export subtotals are reproduced exactly by their printed member rows. Denmark excludes the separately printed Greenland row.,visual_transcription_pass_1,2026-08-13,pass_1,double_entry_verified
ine_external_trade_yearbook,ine_external_trade_1971_volume_i.pdf,e7804b727fb6987b1b9e76e30a2e721a3c56d9f2f095c4a9d0c9016ad53616ac,1972,1971,Quadro n.o 2 - Comercio especial por paises e territorios estatisticos,25,X,Franca,exports_to_france_special_trade_current_escudos,1357456,1357456,PTE,thousand current escudos,1000,special trade; export values follow INE explanatory note conventions,INE statistical territories as printed in the 1971 volume; Continente e Ilhas Adjacentes reporting scope,transcribed,Printed Provincias Ultramarinas export subtotal 6 489 620; the seven printed territory rows sum exactly to that subtotal. The printed C.E.E. and E.F.T.A. export subtotals are reproduced exactly by their printed member rows. Denmark excludes the separately printed Greenland row.,visual_transcription_pass_1,2026-08-13,pass_1,double_entry_verified
ine_external_trade_yearbook,ine_external_trade_1971_volume_i.pdf,e7804b727fb6987b1b9e76e30a2e721a3c56d9f2f095c4a9d0c9016ad53616ac,1972,1971,Quadro n.o 2 - Comercio especial por paises e territorios estatisticos,25,X,Alemanha (Republica Federal),exports_to_west_germany_special_trade_current_escudos,1888563,1888563,PTE,thousand current escudos,1000,special trade; export values follow INE explanatory note conventions,INE statistical territories as printed in the 1971 volume; Continente e Ilhas Adjacentes reporting scope,transcribed,Printed Provincias Ultramarinas export subtotal 6 489 620; the seven printed territory rows sum exactly to that subtotal. The printed C.E.E. and E.F.T.A. export subtotals are reproduced exactly by their printed member rows. Denmark excludes the separately printed Greenland row.,visual_transcription_pass_1,2026-08-13,pass_1,double_entry_verified
ine_external_trade_yearbook,ine_external_trade_1971_volume_i.pdf,e7804b727fb6987b1b9e76e30a2e721a3c56d9f2f095c4a9d0c9016ad53616ac,1972,1971,Quadro n.o 2 - Comercio especial por paises e territorios estatisticos,25,X,Irlanda,exports_to_ireland_special_trade_current_escudos,123379,123379,PTE,thousand current escudos,1000,special trade; export values follow INE explanatory note conventions,INE statistical territories as printed in the 1971 volume; Continente e Ilhas Adjacentes reporting scope,transcribed,Printed Provincias Ultramarinas export subtotal 6 489 620; the seven printed territory rows sum exactly to that subtotal. The printed C.E.E. and E.F.T.A. export subtotals are reproduced exactly by their printed member rows. Denmark excludes the separately printed Greenland row.,visual_transcription_pass_1,2026-08-13,pass_1,double_entry_verified
ine_external_trade_yearbook,ine_external_trade_1971_volume_i.pdf,e7804b727fb6987b1b9e76e30a2e721a3c56d9f2f095c4a9d0c9016ad53616ac,1972,1971,Quadro n.o 2 - Comercio especial por paises e territorios estatisticos,25,X,Italia,exports_to_italy_special_trade_current_escudos,797777,797777,PTE,thousand current escudos,1000,special trade; export values follow INE explanatory note conventions,INE statistical territories as printed in the 1971 volume; Continente e Ilhas Adjacentes reporting scope,transcribed,Printed Provincias Ultramarinas export subtotal 6 489 620; the seven printed territory rows sum exactly to that subtotal. The printed C.E.E. and E.F.T.A. export subtotals are reproduced exactly by their printed member rows. Denmark excludes the separately printed Greenland row.,visual_transcription_pass_1,2026-08-13,pass_1,double_entry_verified
ine_external_trade_yearbook,ine_external_trade_1971_volume_i.pdf,e7804b727fb6987b1b9e76e30a2e721a3c56d9f2f095c4a9d0c9016ad53616ac,1972,1971,Quadro n.o 2 - Comercio especial por paises e territorios estatisticos,25,X,Holanda,exports_to_netherlands_special_trade_current_escudos,855675,855675,PTE,thousand current escudos,1000,special trade; export values follow INE explanatory note conventions,INE statistical territories as printed in the 1971 volume; Continente e Ilhas Adjacentes reporting scope,transcribed,Printed Provincias Ultramarinas export subtotal 6 489 620; the seven printed territory rows sum exactly to that subtotal. The printed C.E.E. and E.F.T.A. export subtotals are reproduced exactly by their printed member rows. Denmark excludes the separately printed Greenland row.,visual_transcription_pass_1,2026-08-13,pass_1,double_entry_verified
ine_external_trade_yearbook,ine_external_trade_1971_volume_i.pdf,e7804b727fb6987b1b9e76e30a2e721a3c56d9f2f095c4a9d0c9016ad53616ac,1972,1971,Quadro n.o 2 - Comercio especial por paises e territorios estatisticos,25,X,Noruega,exports_to_norway_special_trade_current_escudos,403562,403562,PTE,thousand current escudos,1000,special trade; export values follow INE explanatory note conventions,INE statistical territories as printed in the 1971 volume; Continente e Ilhas Adjacentes reporting scope,transcribed,Printed Provincias Ultramarinas export subtotal 6 489 620; the seven printed territory rows sum exactly to that subtotal. The printed C.E.E. and E.F.T.A. export subtotals are reproduced exactly by their printed member rows. Denmark excludes the separately printed Greenland row.,visual_transcription_pass_1,2026-08-13,pass_1,double_entry_verified
ine_external_trade_yearbook,ine_external_trade_1971_volume_i.pdf,e7804b727fb6987b1b9e76e30a2e721a3c56d9f2f095c4a9d0c9016ad53616ac,1972,1971,Quadro n.o 2 - Comercio especial por paises e territorios estatisticos,25,X,Suecia,exports_to_sweden_special_trade_current_escudos,1669468,1669468,PTE,thousand current escudos,1000,special trade; export values follow INE explanatory note conventions,INE statistical territories as printed in the 1971 volume; Continente e Ilhas Adjacentes reporting scope,transcribed,Printed Provincias Ultramarinas export subtotal 6 489 620; the seven printed territory rows sum exactly to that subtotal. The printed C.E.E. and E.F.T.A. export subtotals are reproduced exactly by their printed member rows. Denmark excludes the separately printed Greenland row.,visual_transcription_pass_1,2026-08-13,pass_1,double_entry_verified
ine_external_trade_yearbook,ine_external_trade_1971_volume_i.pdf,e7804b727fb6987b1b9e76e30a2e721a3c56d9f2f095c4a9d0c9016ad53616ac,1972,1971,Quadro n.o 2 - Comercio especial por paises e territorios estatisticos,25,X,Suica,exports_to_switzerland_liechtenstein_special_trade_current_escudos,776190,776190,PTE,thousand current escudos,1000,special trade; export values follow INE explanatory note conventions,INE statistical territories as printed in the 1971 volume; Continente e Ilhas Adjacentes reporting scope,transcribed,Printed Provincias Ultramarinas export subtotal 6 489 620; the seven printed territory rows sum exactly to that subtotal. The printed C.E.E. and E.F.T.A. export subtotals are reproduced exactly by their printed member rows. Denmark excludes the separately printed Greenland row.,visual_transcription_pass_1,2026-08-13,pass_1,double_entry_verified
ine_external_trade_yearbook,ine_external_trade_1971_volume_i.pdf,e7804b727fb6987b1b9e76e30a2e721a3c56d9f2f095c4a9d0c9016ad53616ac,1972,1971,Quadro n.o 2 - Comercio especial por paises e territorios estatisticos,25,X,Reino Unido,exports_to_united_kingdom_special_trade_current_escudos,6750702,6750702,PTE,thousand current escudos,1000,special trade; export values follow INE explanatory note conventions,INE statistical territories as printed in the 1971 volume; Continente e Ilhas Adjacentes reporting scope,transcribed,Printed Provincias Ultramarinas export subtotal 6 489 620; the seven printed territory rows sum exactly to that subtotal. The printed C.E.E. and E.F.T.A. export subtotals are reproduced exactly by their printed member rows. Denmark excludes the separately printed Greenland row.,visual_transcription_pass_1,2026-08-13,pass_1,double_entry_verified
ine_external_trade_yearbook,ine_external_trade_1972_volume_i.pdf,dd7f27d9366c76dddfa07761db6a47660b7cbcde575207686b9bd90fe90844a6,1973,1972,Quadro n.o 2 - Comercio especial por paises e territorios estatisticos,25,M,World,total_imports_special_trade_current_escudos,60683574,60683574,PTE,thousand current escudos,1000,special trade; import values declared by importers and accepted by customs per explanatory note,INE statistical territories as printed in the 1972 volume; Continente e Ilhas Adjacentes reporting scope,transcribed,Printed Provincias Ultramarinas import subtotal 7 044 659 and the printed C.E.E. and E.F.T.A. import subtotals are each reproduced exactly by their printed member rows. Denmark excludes the separately printed Greenland row.,visual_transcription_pass_1,2026-08-13,pass_1,double_entry_verified
ine_external_trade_yearbook,ine_external_trade_1972_volume_i.pdf,dd7f27d9366c76dddfa07761db6a47660b7cbcde575207686b9bd90fe90844a6,1973,1972,Quadro n.o 2 - Comercio especial por paises e territorios estatisticos,25,M,Provincias Ultramarinas,imports_from_overseas_territories_special_trade_current_escudos,7044659,7044659,PTE,thousand current escudos,1000,special trade; import values declared by importers and accepted by customs per explanatory note,Provincias Ultramarinas row in the INE statistical-territory table; individual territories are listed separately below the aggregate row,transcribed,Printed Provincias Ultramarinas import subtotal 7 044 659 and the printed C.E.E. and E.F.T.A. import subtotals are each reproduced exactly by their printed member rows. Denmark excludes the separately printed Greenland row.,visual_transcription_pass_1,2026-08-13,pass_1,double_entry_verified
ine_external_trade_yearbook,ine_external_trade_1972_volume_i.pdf,dd7f27d9366c76dddfa07761db6a47660b7cbcde575207686b9bd90fe90844a6,1973,1972,Quadro n.o 2 - Comercio especial por paises e territorios estatisticos,25,M,CEE,imports_from_eec_special_trade_current_escudos,19106208,19106208,PTE,thousand current escudos,1000,special trade; import values declared by importers and accepted by customs per explanatory note,INE statistical territories as printed in the 1972 volume; Continente e Ilhas Adjacentes reporting scope,transcribed,Printed Provincias Ultramarinas import subtotal 7 044 659 and the printed C.E.E. and E.F.T.A. import subtotals are each reproduced exactly by their printed member rows. Denmark excludes the separately printed Greenland row.,visual_transcription_pass_1,2026-08-13,pass_1,double_entry_verified
ine_external_trade_yearbook,ine_external_trade_1972_volume_i.pdf,dd7f27d9366c76dddfa07761db6a47660b7cbcde575207686b9bd90fe90844a6,1973,1972,Quadro n.o 2 - Comercio especial por paises e territorios estatisticos,25,M,EFTA,imports_from_efta_special_trade_current_escudos,14784393,14784393,PTE,thousand current escudos,1000,special trade; import values declared by importers and accepted by customs per explanatory note,INE statistical territories as printed in the 1972 volume; Continente e Ilhas Adjacentes reporting scope,transcribed,Printed Provincias Ultramarinas import subtotal 7 044 659 and the printed C.E.E. and E.F.T.A. import subtotals are each reproduced exactly by their printed member rows. Denmark excludes the separately printed Greenland row.,visual_transcription_pass_1,2026-08-13,pass_1,double_entry_verified
ine_external_trade_yearbook,ine_external_trade_1972_volume_i.pdf,dd7f27d9366c76dddfa07761db6a47660b7cbcde575207686b9bd90fe90844a6,1973,1972,Quadro n.o 2 - Comercio especial por paises e territorios estatisticos,25,M,Cabo Verde,imports_from_cabo_verde_special_trade_current_escudos,46132,46132,PTE,thousand current escudos,1000,special trade; import values declared by importers and accepted by customs per explanatory note,Provincias Ultramarinas row in the INE statistical-territory table; individual territories are listed separately below the aggregate row,transcribed,Printed Provincias Ultramarinas import subtotal 7 044 659 and the printed C.E.E. and E.F.T.A. import subtotals are each reproduced exactly by their printed member rows. Denmark excludes the separately printed Greenland row.,visual_transcription_pass_1,2026-08-13,pass_1,double_entry_verified
ine_external_trade_yearbook,ine_external_trade_1972_volume_i.pdf,dd7f27d9366c76dddfa07761db6a47660b7cbcde575207686b9bd90fe90844a6,1973,1972,Quadro n.o 2 - Comercio especial por paises e territorios estatisticos,25,M,Guine,imports_from_guinea_bissau_special_trade_current_escudos,77403,77403,PTE,thousand current escudos,1000,special trade; import values declared by importers and accepted by customs per explanatory note,Provincias Ultramarinas row in the INE statistical-territory table; individual territories are listed separately below the aggregate row,transcribed,Printed Provincias Ultramarinas import subtotal 7 044 659 and the printed C.E.E. and E.F.T.A. import subtotals are each reproduced exactly by their printed member rows. Denmark excludes the separately printed Greenland row.,visual_transcription_pass_1,2026-08-13,pass_1,double_entry_verified
ine_external_trade_yearbook,ine_external_trade_1972_volume_i.pdf,dd7f27d9366c76dddfa07761db6a47660b7cbcde575207686b9bd90fe90844a6,1973,1972,Quadro n.o 2 - Comercio especial por paises e territorios estatisticos,25,M,S. Tome e Principe,imports_from_sao_tome_principe_special_trade_current_escudos,66845,66845,PTE,thousand current escudos,1000,special trade; import values declared by importers and accepted by customs per explanatory note,Provincias Ultramarinas row in the INE statistical-territory table; individual territories are listed separately below the aggregate row,transcribed,Printed Provincias Ultramarinas import subtotal 7 044 659 and the printed C.E.E. and E.F.T.A. import subtotals are each reproduced exactly by their printed member rows. Denmark excludes the separately printed Greenland row.,visual_transcription_pass_1,2026-08-13,pass_1,double_entry_verified
ine_external_trade_yearbook,ine_external_trade_1972_volume_i.pdf,dd7f27d9366c76dddfa07761db6a47660b7cbcde575207686b9bd90fe90844a6,1973,1972,Quadro n.o 2 - Comercio especial por paises e territorios estatisticos,25,M,Angola,imports_from_angola_special_trade_current_escudos,4752634,4752634,PTE,thousand current escudos,1000,special trade; import values declared by importers and accepted by customs per explanatory note,Provincias Ultramarinas row in the INE statistical-territory table; individual territories are listed separately below the aggregate row,transcribed,Printed Provincias Ultramarinas import subtotal 7 044 659 and the printed C.E.E. and E.F.T.A. import subtotals are each reproduced exactly by their printed member rows. Denmark excludes the separately printed Greenland row.,visual_transcription_pass_1,2026-08-13,pass_1,double_entry_verified
ine_external_trade_yearbook,ine_external_trade_1972_volume_i.pdf,dd7f27d9366c76dddfa07761db6a47660b7cbcde575207686b9bd90fe90844a6,1973,1972,Quadro n.o 2 - Comercio especial por paises e territorios estatisticos,25,M,Mocambique,imports_from_mozambique_special_trade_current_escudos,1909754,1909754,PTE,thousand current escudos,1000,special trade; import values declared by importers and accepted by customs per explanatory note,Provincias Ultramarinas row in the INE statistical-territory table; individual territories are listed separately below the aggregate row,transcribed,Printed Provincias Ultramarinas import subtotal 7 044 659 and the printed C.E.E. and E.F.T.A. import subtotals are each reproduced exactly by their printed member rows. Denmark excludes the separately printed Greenland row.,visual_transcription_pass_1,2026-08-13,pass_1,double_entry_verified
ine_external_trade_yearbook,ine_external_trade_1972_volume_i.pdf,dd7f27d9366c76dddfa07761db6a47660b7cbcde575207686b9bd90fe90844a6,1973,1972,Quadro n.o 2 - Comercio especial por paises e territorios estatisticos,25,M,Macau,imports_from_macao_special_trade_current_escudos,179051,179051,PTE,thousand current escudos,1000,special trade; import values declared by importers and accepted by customs per explanatory note,Provincias Ultramarinas row in the INE statistical-territory table; individual territories are listed separately below the aggregate row,transcribed,Printed Provincias Ultramarinas import subtotal 7 044 659 and the printed C.E.E. and E.F.T.A. import subtotals are each reproduced exactly by their printed member rows. Denmark excludes the separately printed Greenland row.,visual_transcription_pass_1,2026-08-13,pass_1,double_entry_verified
ine_external_trade_yearbook,ine_external_trade_1972_volume_i.pdf,dd7f27d9366c76dddfa07761db6a47660b7cbcde575207686b9bd90fe90844a6,1973,1972,Quadro n.o 2 - Comercio especial por paises e territorios estatisticos,25,M,Timor,imports_from_timor_leste_special_trade_current_escudos,12840,12840,PTE,thousand current escudos,1000,special trade; import values declared by importers and accepted by customs per explanatory note,Provincias Ultramarinas row in the INE statistical-territory table; individual territories are listed separately below the aggregate row,transcribed,Printed Provincias Ultramarinas import subtotal 7 044 659 and the printed C.E.E. and E.F.T.A. import subtotals are each reproduced exactly by their printed member rows. Denmark excludes the separately printed Greenland row.,visual_transcription_pass_1,2026-08-13,pass_1,double_entry_verified
ine_external_trade_yearbook,ine_external_trade_1972_volume_i.pdf,dd7f27d9366c76dddfa07761db6a47660b7cbcde575207686b9bd90fe90844a6,1973,1972,Quadro n.o 2 - Comercio especial por paises e territorios estatisticos,25,M,Austria,imports_from_austria_special_trade_current_escudos,822841,822841,PTE,thousand current escudos,1000,special trade; import values declared by importers and accepted by customs per explanatory note,INE statistical territories as printed in the 1972 volume; Continente e Ilhas Adjacentes reporting scope,transcribed,Printed Provincias Ultramarinas import subtotal 7 044 659 and the printed C.E.E. and E.F.T.A. import subtotals are each reproduced exactly by their printed member rows. Denmark excludes the separately printed Greenland row.,visual_transcription_pass_1,2026-08-13,pass_1,double_entry_verified
ine_external_trade_yearbook,ine_external_trade_1972_volume_i.pdf,dd7f27d9366c76dddfa07761db6a47660b7cbcde575207686b9bd90fe90844a6,1973,1972,Quadro n.o 2 - Comercio especial por paises e territorios estatisticos,25,M,Belgica-Luxemburgo,imports_from_belgium_luxembourg_special_trade_current_escudos,1464108,1464108,PTE,thousand current escudos,1000,special trade; import values declared by importers and accepted by customs per explanatory note,INE statistical territories as printed in the 1972 volume; Continente e Ilhas Adjacentes reporting scope,transcribed,Printed Provincias Ultramarinas import subtotal 7 044 659 and the printed C.E.E. and E.F.T.A. import subtotals are each reproduced exactly by their printed member rows. Denmark excludes the separately printed Greenland row.,visual_transcription_pass_1,2026-08-13,pass_1,double_entry_verified
ine_external_trade_yearbook,ine_external_trade_1972_volume_i.pdf,dd7f27d9366c76dddfa07761db6a47660b7cbcde575207686b9bd90fe90844a6,1973,1972,Quadro n.o 2 - Comercio especial por paises e territorios estatisticos,25,M,Dinamarca,imports_from_denmark_special_trade_current_escudos,720139,720139,PTE,thousand current escudos,1000,special trade; import values declared by importers and accepted by customs per explanatory note,INE statistical territories as printed in the 1972 volume; Continente e Ilhas Adjacentes reporting scope,transcribed,Printed Provincias Ultramarinas import subtotal 7 044 659 and the printed C.E.E. and E.F.T.A. import subtotals are each reproduced exactly by their printed member rows. Denmark excludes the separately printed Greenland row.,visual_transcription_pass_1,2026-08-13,pass_1,double_entry_verified
ine_external_trade_yearbook,ine_external_trade_1972_volume_i.pdf,dd7f27d9366c76dddfa07761db6a47660b7cbcde575207686b9bd90fe90844a6,1973,1972,Quadro n.o 2 - Comercio especial por paises e territorios estatisticos,25,M,Finlandia,imports_from_finland_special_trade_current_escudos,222355,222355,PTE,thousand current escudos,1000,special trade; import values declared by importers and accepted by customs per explanatory note,INE statistical territories as printed in the 1972 volume; Continente e Ilhas Adjacentes reporting scope,transcribed,Printed Provincias Ultramarinas import subtotal 7 044 659 and the printed C.E.E. and E.F.T.A. import subtotals are each reproduced exactly by their printed member rows. Denmark excludes the separately printed Greenland row.,visual_transcription_pass_1,2026-08-13,pass_1,double_entry_verified
ine_external_trade_yearbook,ine_external_trade_1972_volume_i.pdf,dd7f27d9366c76dddfa07761db6a47660b7cbcde575207686b9bd90fe90844a6,1973,1972,Quadro n.o 2 - Comercio especial por paises e territorios estatisticos,25,M,Franca,imports_from_france_special_trade_current_escudos,3847854,3847854,PTE,thousand current escudos,1000,special trade; import values declared by importers and accepted by customs per explanatory note,INE statistical territories as printed in the 1972 volume; Continente e Ilhas Adjacentes reporting scope,transcribed,Printed Provincias Ultramarinas import subtotal 7 044 659 and the printed C.E.E. and E.F.T.A. import subtotals are each reproduced exactly by their printed member rows. Denmark excludes the separately printed Greenland row.,visual_transcription_pass_1,2026-08-13,pass_1,double_entry_verified
ine_external_trade_yearbook,ine_external_trade_1972_volume_i.pdf,dd7f27d9366c76dddfa07761db6a47660b7cbcde575207686b9bd90fe90844a6,1973,1972,Quadro n.o 2 - Comercio especial por paises e territorios estatisticos,25,M,Alemanha (Republica Federal),imports_from_west_germany_special_trade_current_escudos,8982508,8982508,PTE,thousand current escudos,1000,special trade; import values declared by importers and accepted by customs per explanatory note,INE statistical territories as printed in the 1972 volume; Continente e Ilhas Adjacentes reporting scope,transcribed,Printed Provincias Ultramarinas import subtotal 7 044 659 and the printed C.E.E. and E.F.T.A. import subtotals are each reproduced exactly by their printed member rows. Denmark excludes the separately printed Greenland row.,visual_transcription_pass_1,2026-08-13,pass_1,double_entry_verified
ine_external_trade_yearbook,ine_external_trade_1972_volume_i.pdf,dd7f27d9366c76dddfa07761db6a47660b7cbcde575207686b9bd90fe90844a6,1973,1972,Quadro n.o 2 - Comercio especial por paises e territorios estatisticos,25,M,Irlanda,imports_from_ireland_special_trade_current_escudos,54013,54013,PTE,thousand current escudos,1000,special trade; import values declared by importers and accepted by customs per explanatory note,INE statistical territories as printed in the 1972 volume; Continente e Ilhas Adjacentes reporting scope,transcribed,Printed Provincias Ultramarinas import subtotal 7 044 659 and the printed C.E.E. and E.F.T.A. import subtotals are each reproduced exactly by their printed member rows. Denmark excludes the separately printed Greenland row.,visual_transcription_pass_1,2026-08-13,pass_1,double_entry_verified
ine_external_trade_yearbook,ine_external_trade_1972_volume_i.pdf,dd7f27d9366c76dddfa07761db6a47660b7cbcde575207686b9bd90fe90844a6,1973,1972,Quadro n.o 2 - Comercio especial por paises e territorios estatisticos,25,M,Italia,imports_from_italy_special_trade_current_escudos,3297779,3297779,PTE,thousand current escudos,1000,special trade; import values declared by importers and accepted by customs per explanatory note,INE statistical territories as printed in the 1972 volume; Continente e Ilhas Adjacentes reporting scope,transcribed,Printed Provincias Ultramarinas import subtotal 7 044 659 and the printed C.E.E. and E.F.T.A. import subtotals are each reproduced exactly by their printed member rows. Denmark excludes the separately printed Greenland row.,visual_transcription_pass_1,2026-08-13,pass_1,double_entry_verified
ine_external_trade_yearbook,ine_external_trade_1972_volume_i.pdf,dd7f27d9366c76dddfa07761db6a47660b7cbcde575207686b9bd90fe90844a6,1973,1972,Quadro n.o 2 - Comercio especial por paises e territorios estatisticos,25,M,Holanda,imports_from_netherlands_special_trade_current_escudos,1513959,1513959,PTE,thousand current escudos,1000,special trade; import values declared by importers and accepted by customs per explanatory note,INE statistical territories as printed in the 1972 volume; Continente e Ilhas Adjacentes reporting scope,transcribed,Printed Provincias Ultramarinas import subtotal 7 044 659 and the printed C.E.E. and E.F.T.A. import subtotals are each reproduced exactly by their printed member rows. Denmark excludes the separately printed Greenland row.,visual_transcription_pass_1,2026-08-13,pass_1,double_entry_verified
ine_external_trade_yearbook,ine_external_trade_1972_volume_i.pdf,dd7f27d9366c76dddfa07761db6a47660b7cbcde575207686b9bd90fe90844a6,1973,1972,Quadro n.o 2 - Comercio especial por paises e territorios estatisticos,25,M,Noruega,imports_from_norway_special_trade_current_escudos,694669,694669,PTE,thousand current escudos,1000,special trade; import values declared by importers and accepted by customs per explanatory note,INE statistical territories as printed in the 1972 volume; Continente e Ilhas Adjacentes reporting scope,transcribed,Printed Provincias Ultramarinas import subtotal 7 044 659 and the printed C.E.E. and E.F.T.A. import subtotals are each reproduced exactly by their printed member rows. Denmark excludes the separately printed Greenland row.,visual_transcription_pass_1,2026-08-13,pass_1,double_entry_verified
ine_external_trade_yearbook,ine_external_trade_1972_volume_i.pdf,dd7f27d9366c76dddfa07761db6a47660b7cbcde575207686b9bd90fe90844a6,1973,1972,Quadro n.o 2 - Comercio especial por paises e territorios estatisticos,25,M,Suecia,imports_from_sweden_special_trade_current_escudos,1816123,1816123,PTE,thousand current escudos,1000,special trade; import values declared by importers and accepted by customs per explanatory note,INE statistical territories as printed in the 1972 volume; Continente e Ilhas Adjacentes reporting scope,transcribed,Printed Provincias Ultramarinas import subtotal 7 044 659 and the printed C.E.E. and E.F.T.A. import subtotals are each reproduced exactly by their printed member rows. Denmark excludes the separately printed Greenland row.,visual_transcription_pass_1,2026-08-13,pass_1,double_entry_verified
ine_external_trade_yearbook,ine_external_trade_1972_volume_i.pdf,dd7f27d9366c76dddfa07761db6a47660b7cbcde575207686b9bd90fe90844a6,1973,1972,Quadro n.o 2 - Comercio especial por paises e territorios estatisticos,25,M,Suica,imports_from_switzerland_liechtenstein_special_trade_current_escudos,2333775,2333775,PTE,thousand current escudos,1000,special trade; import values declared by importers and accepted by customs per explanatory note,INE statistical territories as printed in the 1972 volume; Continente e Ilhas Adjacentes reporting scope,transcribed,Printed Provincias Ultramarinas import subtotal 7 044 659 and the printed C.E.E. and E.F.T.A. import subtotals are each reproduced exactly by their printed member rows. Denmark excludes the separately printed Greenland row.,visual_transcription_pass_1,2026-08-13,pass_1,double_entry_verified
ine_external_trade_yearbook,ine_external_trade_1972_volume_i.pdf,dd7f27d9366c76dddfa07761db6a47660b7cbcde575207686b9bd90fe90844a6,1973,1972,Quadro n.o 2 - Comercio especial por paises e territorios estatisticos,25,M,Reino Unido,imports_from_united_kingdom_special_trade_current_escudos,7884022,7884022,PTE,thousand current escudos,1000,special trade; import values declared by importers and accepted by customs per explanatory note,INE statistical territories as printed in the 1972 volume; Continente e Ilhas Adjacentes reporting scope,transcribed,Printed Provincias Ultramarinas import subtotal 7 044 659 and the printed C.E.E. and E.F.T.A. import subtotals are each reproduced exactly by their printed member rows. Denmark excludes the separately printed Greenland row.,visual_transcription_pass_1,2026-08-13,pass_1,double_entry_verified
ine_external_trade_yearbook,ine_external_trade_1972_volume_i.pdf,dd7f27d9366c76dddfa07761db6a47660b7cbcde575207686b9bd90fe90844a6,1973,1972,Quadro n.o 2 - Comercio especial por paises e territorios estatisticos,25,X,World,total_exports_special_trade_current_escudos,35255334,35255334,PTE,thousand current escudos,1000,special trade; export values follow INE explanatory note conventions,INE statistical territories as printed in the 1972 volume; Continente e Ilhas Adjacentes reporting scope,transcribed,Printed Provincias Ultramarinas export subtotal 5 165 014 and the printed C.E.E. and E.F.T.A. export subtotals are each reproduced exactly by their printed member rows. Denmark excludes the separately printed Greenland row.,visual_transcription_pass_1,2026-08-13,pass_1,double_entry_verified
ine_external_trade_yearbook,ine_external_trade_1972_volume_i.pdf,dd7f27d9366c76dddfa07761db6a47660b7cbcde575207686b9bd90fe90844a6,1973,1972,Quadro n.o 2 - Comercio especial por paises e territorios estatisticos,25,X,Provincias Ultramarinas,exports_to_overseas_territories_special_trade_current_escudos,5165014,5165014,PTE,thousand current escudos,1000,special trade; export values follow INE explanatory note conventions,Provincias Ultramarinas row in the INE statistical-territory table; individual territories are listed separately below the aggregate row,transcribed,Printed Provincias Ultramarinas export subtotal 5 165 014 and the printed C.E.E. and E.F.T.A. export subtotals are each reproduced exactly by their printed member rows. Denmark excludes the separately printed Greenland row.,visual_transcription_pass_1,2026-08-13,pass_1,double_entry_verified
ine_external_trade_yearbook,ine_external_trade_1972_volume_i.pdf,dd7f27d9366c76dddfa07761db6a47660b7cbcde575207686b9bd90fe90844a6,1973,1972,Quadro n.o 2 - Comercio especial por paises e territorios estatisticos,25,X,CEE,exports_to_eec_special_trade_current_escudos,7229666,7229666,PTE,thousand current escudos,1000,special trade; export values follow INE explanatory note conventions,INE statistical territories as printed in the 1972 volume; Continente e Ilhas Adjacentes reporting scope,transcribed,Printed Provincias Ultramarinas export subtotal 5 165 014 and the printed C.E.E. and E.F.T.A. export subtotals are each reproduced exactly by their printed member rows. Denmark excludes the separately printed Greenland row.,visual_transcription_pass_1,2026-08-13,pass_1,double_entry_verified
ine_external_trade_yearbook,ine_external_trade_1972_volume_i.pdf,dd7f27d9366c76dddfa07761db6a47660b7cbcde575207686b9bd90fe90844a6,1973,1972,Quadro n.o 2 - Comercio especial por paises e territorios estatisticos,25,X,EFTA,exports_to_efta_special_trade_current_escudos,14398523,14398523,PTE,thousand current escudos,1000,special trade; export values follow INE explanatory note conventions,INE statistical territories as printed in the 1972 volume; Continente e Ilhas Adjacentes reporting scope,transcribed,Printed Provincias Ultramarinas export subtotal 5 165 014 and the printed C.E.E. and E.F.T.A. export subtotals are each reproduced exactly by their printed member rows. Denmark excludes the separately printed Greenland row.,visual_transcription_pass_1,2026-08-13,pass_1,double_entry_verified
ine_external_trade_yearbook,ine_external_trade_1972_volume_i.pdf,dd7f27d9366c76dddfa07761db6a47660b7cbcde575207686b9bd90fe90844a6,1973,1972,Quadro n.o 2 - Comercio especial por paises e territorios estatisticos,25,X,Cabo Verde,exports_to_cabo_verde_special_trade_current_escudos,304010,304010,PTE,thousand current escudos,1000,special trade; export values follow INE explanatory note conventions,Provincias Ultramarinas row in the INE statistical-territory table; individual territories are listed separately below the aggregate row,transcribed,Printed Provincias Ultramarinas export subtotal 5 165 014 and the printed C.E.E. and E.F.T.A. export subtotals are each reproduced exactly by their printed member rows. Denmark excludes the separately printed Greenland row.,visual_transcription_pass_1,2026-08-13,pass_1,double_entry_verified
ine_external_trade_yearbook,ine_external_trade_1972_volume_i.pdf,dd7f27d9366c76dddfa07761db6a47660b7cbcde575207686b9bd90fe90844a6,1973,1972,Quadro n.o 2 - Comercio especial por paises e territorios estatisticos,25,X,Guine,exports_to_guinea_bissau_special_trade_current_escudos,521632,521632,PTE,thousand current escudos,1000,special trade; export values follow INE explanatory note conventions,Provincias Ultramarinas row in the INE statistical-territory table; individual territories are listed separately below the aggregate row,transcribed,Printed Provincias Ultramarinas export subtotal 5 165 014 and the printed C.E.E. and E.F.T.A. export subtotals are each reproduced exactly by their printed member rows. Denmark excludes the separately printed Greenland row.,visual_transcription_pass_1,2026-08-13,pass_1,double_entry_verified
ine_external_trade_yearbook,ine_external_trade_1972_volume_i.pdf,dd7f27d9366c76dddfa07761db6a47660b7cbcde575207686b9bd90fe90844a6,1973,1972,Quadro n.o 2 - Comercio especial por paises e territorios estatisticos,25,X,S. Tome e Principe,exports_to_sao_tome_principe_special_trade_current_escudos,90760,90760,PTE,thousand current escudos,1000,special trade; export values follow INE explanatory note conventions,Provincias Ultramarinas row in the INE statistical-territory table; individual territories are listed separately below the aggregate row,transcribed,Printed Provincias Ultramarinas export subtotal 5 165 014 and the printed C.E.E. and E.F.T.A. export subtotals are each reproduced exactly by their printed member rows. Denmark excludes the separately printed Greenland row.,visual_transcription_pass_1,2026-08-13,pass_1,double_entry_verified
ine_external_trade_yearbook,ine_external_trade_1972_volume_i.pdf,dd7f27d9366c76dddfa07761db6a47660b7cbcde575207686b9bd90fe90844a6,1973,1972,Quadro n.o 2 - Comercio especial por paises e territorios estatisticos,25,X,Angola,exports_to_angola_special_trade_current_escudos,2285010,2285010,PTE,thousand current escudos,1000,special trade; export values follow INE explanatory note conventions,Provincias Ultramarinas row in the INE statistical-territory table; individual territories are listed separately below the aggregate row,transcribed,Printed Provincias Ultramarinas export subtotal 5 165 014 and the printed C.E.E. and E.F.T.A. export subtotals are each reproduced exactly by their printed member rows. Denmark excludes the separately printed Greenland row.,visual_transcription_pass_1,2026-08-13,pass_1,double_entry_verified
ine_external_trade_yearbook,ine_external_trade_1972_volume_i.pdf,dd7f27d9366c76dddfa07761db6a47660b7cbcde575207686b9bd90fe90844a6,1973,1972,Quadro n.o 2 - Comercio especial por paises e territorios estatisticos,25,X,Mocambique,exports_to_mozambique_special_trade_current_escudos,1905685,1905685,PTE,thousand current escudos,1000,special trade; export values follow INE explanatory note conventions,Provincias Ultramarinas row in the INE statistical-territory table; individual territories are listed separately below the aggregate row,transcribed,Printed Provincias Ultramarinas export subtotal 5 165 014 and the printed C.E.E. and E.F.T.A. export subtotals are each reproduced exactly by their printed member rows. Denmark excludes the separately printed Greenland row.,visual_transcription_pass_1,2026-08-13,pass_1,double_entry_verified
ine_external_trade_yearbook,ine_external_trade_1972_volume_i.pdf,dd7f27d9366c76dddfa07761db6a47660b7cbcde575207686b9bd90fe90844a6,1973,1972,Quadro n.o 2 - Comercio especial por paises e territorios estatisticos,25,X,Macau,exports_to_macao_special_trade_current_escudos,22664,22664,PTE,thousand current escudos,1000,special trade; export values follow INE explanatory note conventions,Provincias Ultramarinas row in the INE statistical-territory table; individual territories are listed separately below the aggregate row,transcribed,Printed Provincias Ultramarinas export subtotal 5 165 014 and the printed C.E.E. and E.F.T.A. export subtotals are each reproduced exactly by their printed member rows. Denmark excludes the separately printed Greenland row.,visual_transcription_pass_1,2026-08-13,pass_1,double_entry_verified
ine_external_trade_yearbook,ine_external_trade_1972_volume_i.pdf,dd7f27d9366c76dddfa07761db6a47660b7cbcde575207686b9bd90fe90844a6,1973,1972,Quadro n.o 2 - Comercio especial por paises e territorios estatisticos,25,X,Timor,exports_to_timor_leste_special_trade_current_escudos,35253,35253,PTE,thousand current escudos,1000,special trade; export values follow INE explanatory note conventions,Provincias Ultramarinas row in the INE statistical-territory table; individual territories are listed separately below the aggregate row,transcribed,Printed Provincias Ultramarinas export subtotal 5 165 014 and the printed C.E.E. and E.F.T.A. export subtotals are each reproduced exactly by their printed member rows. Denmark excludes the separately printed Greenland row.,visual_transcription_pass_1,2026-08-13,pass_1,double_entry_verified
ine_external_trade_yearbook,ine_external_trade_1972_volume_i.pdf,dd7f27d9366c76dddfa07761db6a47660b7cbcde575207686b9bd90fe90844a6,1973,1972,Quadro n.o 2 - Comercio especial por paises e territorios estatisticos,25,X,Austria,exports_to_austria_special_trade_current_escudos,570829,570829,PTE,thousand current escudos,1000,special trade; export values follow INE explanatory note conventions,INE statistical territories as printed in the 1972 volume; Continente e Ilhas Adjacentes reporting scope,transcribed,Printed Provincias Ultramarinas export subtotal 5 165 014 and the printed C.E.E. and E.F.T.A. export subtotals are each reproduced exactly by their printed member rows. Denmark excludes the separately printed Greenland row.,visual_transcription_pass_1,2026-08-13,pass_1,double_entry_verified
ine_external_trade_yearbook,ine_external_trade_1972_volume_i.pdf,dd7f27d9366c76dddfa07761db6a47660b7cbcde575207686b9bd90fe90844a6,1973,1972,Quadro n.o 2 - Comercio especial por paises e territorios estatisticos,25,X,Belgica-Luxemburgo,exports_to_belgium_luxembourg_special_trade_current_escudos,900420,900420,PTE,thousand current escudos,1000,special trade; export values follow INE explanatory note conventions,INE statistical territories as printed in the 1972 volume; Continente e Ilhas Adjacentes reporting scope,transcribed,Printed Provincias Ultramarinas export subtotal 5 165 014 and the printed C.E.E. and E.F.T.A. export subtotals are each reproduced exactly by their printed member rows. Denmark excludes the separately printed Greenland row.,visual_transcription_pass_1,2026-08-13,pass_1,double_entry_verified
ine_external_trade_yearbook,ine_external_trade_1972_volume_i.pdf,dd7f27d9366c76dddfa07761db6a47660b7cbcde575207686b9bd90fe90844a6,1973,1972,Quadro n.o 2 - Comercio especial por paises e territorios estatisticos,25,X,Dinamarca,exports_to_denmark_special_trade_current_escudos,1091602,1091602,PTE,thousand current escudos,1000,special trade; export values follow INE explanatory note conventions,INE statistical territories as printed in the 1972 volume; Continente e Ilhas Adjacentes reporting scope,transcribed,Printed Provincias Ultramarinas export subtotal 5 165 014 and the printed C.E.E. and E.F.T.A. export subtotals are each reproduced exactly by their printed member rows. Denmark excludes the separately printed Greenland row.,visual_transcription_pass_1,2026-08-13,pass_1,double_entry_verified
ine_external_trade_yearbook,ine_external_trade_1972_volume_i.pdf,dd7f27d9366c76dddfa07761db6a47660b7cbcde575207686b9bd90fe90844a6,1973,1972,Quadro n.o 2 - Comercio especial por paises e territorios estatisticos,25,X,Finlandia,exports_to_finland_special_trade_current_escudos,678634,678634,PTE,thousand current escudos,1000,special trade; export values follow INE explanatory note conventions,INE statistical territories as printed in the 1972 volume; Continente e Ilhas Adjacentes reporting scope,transcribed,Printed Provincias Ultramarinas export subtotal 5 165 014 and the printed C.E.E. and E.F.T.A. export subtotals are each reproduced exactly by their printed member rows. Denmark excludes the separately printed Greenland row.,visual_transcription_pass_1,2026-08-13,pass_1,double_entry_verified
ine_external_trade_yearbook,ine_external_trade_1972_volume_i.pdf,dd7f27d9366c76dddfa07761db6a47660b7cbcde575207686b9bd90fe90844a6,1973,1972,Quadro n.o 2 - Comercio especial por paises e territorios estatisticos,25,X,Franca,exports_to_france_special_trade_current_escudos,1824536,1824536,PTE,thousand current escudos,1000,special trade; export values follow INE explanatory note conventions,INE statistical territories as printed in the 1972 volume; Continente e Ilhas Adjacentes reporting scope,transcribed,Printed Provincias Ultramarinas export subtotal 5 165 014 and the printed C.E.E. and E.F.T.A. export subtotals are each reproduced exactly by their printed member rows. Denmark excludes the separately printed Greenland row.,visual_transcription_pass_1,2026-08-13,pass_1,double_entry_verified
ine_external_trade_yearbook,ine_external_trade_1972_volume_i.pdf,dd7f27d9366c76dddfa07761db6a47660b7cbcde575207686b9bd90fe90844a6,1973,1972,Quadro n.o 2 - Comercio especial por paises e territorios estatisticos,25,X,Alemanha (Republica Federal),exports_to_west_germany_special_trade_current_escudos,2549672,2549672,PTE,thousand current escudos,1000,special trade; export values follow INE explanatory note conventions,INE statistical territories as printed in the 1972 volume; Continente e Ilhas Adjacentes reporting scope,transcribed,Printed Provincias Ultramarinas export subtotal 5 165 014 and the printed C.E.E. and E.F.T.A. export subtotals are each reproduced exactly by their printed member rows. Denmark excludes the separately printed Greenland row.,visual_transcription_pass_1,2026-08-13,pass_1,double_entry_verified
ine_external_trade_yearbook,ine_external_trade_1972_volume_i.pdf,dd7f27d9366c76dddfa07761db6a47660b7cbcde575207686b9bd90fe90844a6,1973,1972,Quadro n.o 2 - Comercio especial por paises e territorios estatisticos,25,X,Irlanda,exports_to_ireland_special_trade_current_escudos,178230,178230,PTE,thousand current escudos,1000,special trade; export values follow INE explanatory note conventions,INE statistical territories as printed in the 1972 volume; Continente e Ilhas Adjacentes reporting scope,transcribed,Printed Provincias Ultramarinas export subtotal 5 165 014 and the printed C.E.E. and E.F.T.A. export subtotals are each reproduced exactly by their printed member rows. Denmark excludes the separately printed Greenland row.,visual_transcription_pass_1,2026-08-13,pass_1,double_entry_verified
ine_external_trade_yearbook,ine_external_trade_1972_volume_i.pdf,dd7f27d9366c76dddfa07761db6a47660b7cbcde575207686b9bd90fe90844a6,1973,1972,Quadro n.o 2 - Comercio especial por paises e territorios estatisticos,25,X,Italia,exports_to_italy_special_trade_current_escudos,1101575,1101575,PTE,thousand current escudos,1000,special trade; export values follow INE explanatory note conventions,INE statistical territories as printed in the 1972 volume; Continente e Ilhas Adjacentes reporting scope,transcribed,Printed Provincias Ultramarinas export subtotal 5 165 014 and the printed C.E.E. and E.F.T.A. export subtotals are each reproduced exactly by their printed member rows. Denmark excludes the separately printed Greenland row.,visual_transcription_pass_1,2026-08-13,pass_1,double_entry_verified
ine_external_trade_yearbook,ine_external_trade_1972_volume_i.pdf,dd7f27d9366c76dddfa07761db6a47660b7cbcde575207686b9bd90fe90844a6,1973,1972,Quadro n.o 2 - Comercio especial por paises e territorios estatisticos,25,X,Holanda,exports_to_netherlands_special_trade_current_escudos,853463,853463,PTE,thousand current escudos,1000,special trade; export values follow INE explanatory note conventions,INE statistical territories as printed in the 1972 volume; Continente e Ilhas Adjacentes reporting scope,transcribed,Printed Provincias Ultramarinas export subtotal 5 165 014 and the printed C.E.E. and E.F.T.A. export subtotals are each reproduced exactly by their printed member rows. Denmark excludes the separately printed Greenland row.,visual_transcription_pass_1,2026-08-13,pass_1,double_entry_verified
ine_external_trade_yearbook,ine_external_trade_1972_volume_i.pdf,dd7f27d9366c76dddfa07761db6a47660b7cbcde575207686b9bd90fe90844a6,1973,1972,Quadro n.o 2 - Comercio especial por paises e territorios estatisticos,25,X,Noruega,exports_to_norway_special_trade_current_escudos,625017,625017,PTE,thousand current escudos,1000,special trade; export values follow INE explanatory note conventions,INE statistical territories as printed in the 1972 volume; Continente e Ilhas Adjacentes reporting scope,transcribed,Printed Provincias Ultramarinas export subtotal 5 165 014 and the printed C.E.E. and E.F.T.A. export subtotals are each reproduced exactly by their printed member rows. Denmark excludes the separately printed Greenland row.,visual_transcription_pass_1,2026-08-13,pass_1,double_entry_verified
ine_external_trade_yearbook,ine_external_trade_1972_volume_i.pdf,dd7f27d9366c76dddfa07761db6a47660b7cbcde575207686b9bd90fe90844a6,1973,1972,Quadro n.o 2 - Comercio especial por paises e territorios estatisticos,25,X,Suecia,exports_to_sweden_special_trade_current_escudos,2274871,2274871,PTE,thousand current escudos,1000,special trade; export values follow INE explanatory note conventions,INE statistical territories as printed in the 1972 volume; Continente e Ilhas Adjacentes reporting scope,transcribed,Printed Provincias Ultramarinas export subtotal 5 165 014 and the printed C.E.E. and E.F.T.A. export subtotals are each reproduced exactly by their printed member rows. Denmark excludes the separately printed Greenland row.,visual_transcription_pass_1,2026-08-13,pass_1,double_entry_verified
ine_external_trade_yearbook,ine_external_trade_1972_volume_i.pdf,dd7f27d9366c76dddfa07761db6a47660b7cbcde575207686b9bd90fe90844a6,1973,1972,Quadro n.o 2 - Comercio especial por paises e territorios estatisticos,25,X,Suica,exports_to_switzerland_liechtenstein_special_trade_current_escudos,1080824,1080824,PTE,thousand current escudos,1000,special trade; export values follow INE explanatory note conventions,INE statistical territories as printed in the 1972 volume; Continente e Ilhas Adjacentes reporting scope,transcribed,Printed Provincias Ultramarinas export subtotal 5 165 014 and the printed C.E.E. and E.F.T.A. export subtotals are each reproduced exactly by their printed member rows. Denmark excludes the separately printed Greenland row.,visual_transcription_pass_1,2026-08-13,pass_1,double_entry_verified
ine_external_trade_yearbook,ine_external_trade_1972_volume_i.pdf,dd7f27d9366c76dddfa07761db6a47660b7cbcde575207686b9bd90fe90844a6,1973,1972,Quadro n.o 2 - Comercio especial por paises e territorios estatisticos,25,X,Reino Unido,exports_to_united_kingdom_special_trade_current_escudos,8047509,8047509,PTE,thousand current escudos,1000,special trade; export values follow INE explanatory note conventions,INE statistical territories as printed in the 1972 volume; Continente e Ilhas Adjacentes reporting scope,transcribed,Printed Provincias Ultramarinas export subtotal 5 165 014 and the printed C.E.E. and E.F.T.A. export subtotals are each reproduced exactly by their printed member rows. Denmark excludes the separately printed Greenland row.,visual_transcription_pass_1,2026-08-13,pass_1,double_entry_verified
ine_external_trade_yearbook,ine_external_trade_1969_volume_i.pdf,1679ae77b3e2663166af36e228edba9918c6993a1ce4c98c9f005ffb07c73e09,1970,1969,Quadro n.o 2 - Comercio especial por paises e territorios estatisticos,28,M,World,total_imports_special_trade_current_escudos,37261721,37261721,PTE,thousand current escudos,1000,special trade; import values declared by importers and accepted by customs per explanatory note,INE statistical territories as printed in the 1969 volume; Continente e Ilhas Adjacentes reporting scope,transcribed,Printed Provincias Ultramarinas import subtotal 5 599 464 and the printed C.E.E. and E.F.T.A. import subtotals are each reproduced exactly by their printed member rows. Iceland is not an E.F.T.A. member in 1969 and is printed under Outros paises da O.C.D.E.,visual_transcription_pass_1,2026-08-13,pass_1,double_entry_verified
ine_external_trade_yearbook,ine_external_trade_1969_volume_i.pdf,1679ae77b3e2663166af36e228edba9918c6993a1ce4c98c9f005ffb07c73e09,1970,1969,Quadro n.o 2 - Comercio especial por paises e territorios estatisticos,28,M,Provincias Ultramarinas,imports_from_overseas_territories_special_trade_current_escudos,5599464,5599464,PTE,thousand current escudos,1000,special trade; import values declared by importers and accepted by customs per explanatory note,Provincias Ultramarinas row in the INE statistical-territory table; individual territories are listed separately below the aggregate row,transcribed,Printed Provincias Ultramarinas import subtotal 5 599 464 and the printed C.E.E. and E.F.T.A. import subtotals are each reproduced exactly by their printed member rows. Iceland is not an E.F.T.A. member in 1969 and is printed under Outros paises da O.C.D.E.,visual_transcription_pass_1,2026-08-13,pass_1,double_entry_verified
ine_external_trade_yearbook,ine_external_trade_1969_volume_i.pdf,1679ae77b3e2663166af36e228edba9918c6993a1ce4c98c9f005ffb07c73e09,1970,1969,Quadro n.o 2 - Comercio especial por paises e territorios estatisticos,28,M,CEE,imports_from_eec_special_trade_current_escudos,12786283,12786283,PTE,thousand current escudos,1000,special trade; import values declared by importers and accepted by customs per explanatory note,INE statistical territories as printed in the 1969 volume; Continente e Ilhas Adjacentes reporting scope,transcribed,Printed Provincias Ultramarinas import subtotal 5 599 464 and the printed C.E.E. and E.F.T.A. import subtotals are each reproduced exactly by their printed member rows. Iceland is not an E.F.T.A. member in 1969 and is printed under Outros paises da O.C.D.E.,visual_transcription_pass_1,2026-08-13,pass_1,double_entry_verified
ine_external_trade_yearbook,ine_external_trade_1969_volume_i.pdf,1679ae77b3e2663166af36e228edba9918c6993a1ce4c98c9f005ffb07c73e09,1970,1969,Quadro n.o 2 - Comercio especial por paises e territorios estatisticos,28,M,EFTA,imports_from_efta_special_trade_current_escudos,8984138,8984138,PTE,thousand current escudos,1000,special trade; import values declared by importers and accepted by customs per explanatory note,INE statistical territories as printed in the 1969 volume; Continente e Ilhas Adjacentes reporting scope,transcribed,Printed Provincias Ultramarinas import subtotal 5 599 464 and the printed C.E.E. and E.F.T.A. import subtotals are each reproduced exactly by their printed member rows. Iceland is not an E.F.T.A. member in 1969 and is printed under Outros paises da O.C.D.E.,visual_transcription_pass_1,2026-08-13,pass_1,double_entry_verified
ine_external_trade_yearbook,ine_external_trade_1969_volume_i.pdf,1679ae77b3e2663166af36e228edba9918c6993a1ce4c98c9f005ffb07c73e09,1970,1969,Quadro n.o 2 - Comercio especial por paises e territorios estatisticos,28,M,Cabo Verde,imports_from_cabo_verde_special_trade_current_escudos,34666,34666,PTE,thousand current escudos,1000,special trade; import values declared by importers and accepted by customs per explanatory note,Provincias Ultramarinas row in the INE statistical-territory table; individual territories are listed separately below the aggregate row,transcribed,Printed Provincias Ultramarinas import subtotal 5 599 464 and the printed C.E.E. and E.F.T.A. import subtotals are each reproduced exactly by their printed member rows. Iceland is not an E.F.T.A. member in 1969 and is printed under Outros paises da O.C.D.E.,visual_transcription_pass_1,2026-08-13,pass_1,double_entry_verified
ine_external_trade_yearbook,ine_external_trade_1969_volume_i.pdf,1679ae77b3e2663166af36e228edba9918c6993a1ce4c98c9f005ffb07c73e09,1970,1969,Quadro n.o 2 - Comercio especial por paises e territorios estatisticos,28,M,Guine,imports_from_guinea_bissau_special_trade_current_escudos,102523,102523,PTE,thousand current escudos,1000,special trade; import values declared by importers and accepted by customs per explanatory note,Provincias Ultramarinas row in the INE statistical-territory table; individual territories are listed separately below the aggregate row,transcribed,Printed Provincias Ultramarinas import subtotal 5 599 464 and the printed C.E.E. and E.F.T.A. import subtotals are each reproduced exactly by their printed member rows. Iceland is not an E.F.T.A. member in 1969 and is printed under Outros paises da O.C.D.E.,visual_transcription_pass_1,2026-08-13,pass_1,double_entry_verified
ine_external_trade_yearbook,ine_external_trade_1969_volume_i.pdf,1679ae77b3e2663166af36e228edba9918c6993a1ce4c98c9f005ffb07c73e09,1970,1969,Quadro n.o 2 - Comercio especial por paises e territorios estatisticos,28,M,S. Tome e Principe,imports_from_sao_tome_principe_special_trade_current_escudos,89173,89173,PTE,thousand current escudos,1000,special trade; import values declared by importers and accepted by customs per explanatory note,Provincias Ultramarinas row in the INE statistical-territory table; individual territories are listed separately below the aggregate row,transcribed,Printed Provincias Ultramarinas import subtotal 5 599 464 and the printed C.E.E. and E.F.T.A. import subtotals are each reproduced exactly by their printed member rows. Iceland is not an E.F.T.A. member in 1969 and is printed under Outros paises da O.C.D.E.,visual_transcription_pass_1,2026-08-13,pass_1,double_entry_verified
ine_external_trade_yearbook,ine_external_trade_1969_volume_i.pdf,1679ae77b3e2663166af36e228edba9918c6993a1ce4c98c9f005ffb07c73e09,1970,1969,Quadro n.o 2 - Comercio especial por paises e territorios estatisticos,28,M,Angola,imports_from_angola_special_trade_current_escudos,3512246,3512246,PTE,thousand current escudos,1000,special trade; import values declared by importers and accepted by customs per explanatory note,Provincias Ultramarinas row in the INE statistical-territory table; individual territories are listed separately below the aggregate row,transcribed,Printed Provincias Ultramarinas import subtotal 5 599 464 and the printed C.E.E. and E.F.T.A. import subtotals are each reproduced exactly by their printed member rows. Iceland is not an E.F.T.A. member in 1969 and is printed under Outros paises da O.C.D.E.,visual_transcription_pass_1,2026-08-13,pass_1,double_entry_verified
ine_external_trade_yearbook,ine_external_trade_1969_volume_i.pdf,1679ae77b3e2663166af36e228edba9918c6993a1ce4c98c9f005ffb07c73e09,1970,1969,Quadro n.o 2 - Comercio especial por paises e territorios estatisticos,28,M,Mocambique,imports_from_mozambique_special_trade_current_escudos,1757840,1757840,PTE,thousand current escudos,1000,special trade; import values declared by importers and accepted by customs per explanatory note,Provincias Ultramarinas row in the INE statistical-territory table; individual territories are listed separately below the aggregate row,transcribed,Printed Provincias Ultramarinas import subtotal 5 599 464 and the printed C.E.E. and E.F.T.A. import subtotals are each reproduced exactly by their printed member rows. Iceland is not an E.F.T.A. member in 1969 and is printed under Outros paises da O.C.D.E.,visual_transcription_pass_1,2026-08-13,pass_1,double_entry_verified
ine_external_trade_yearbook,ine_external_trade_1969_volume_i.pdf,1679ae77b3e2663166af36e228edba9918c6993a1ce4c98c9f005ffb07c73e09,1970,1969,Quadro n.o 2 - Comercio especial por paises e territorios estatisticos,28,M,Macau,imports_from_macao_special_trade_current_escudos,93083,93083,PTE,thousand current escudos,1000,special trade; import values declared by importers and accepted by customs per explanatory note,Provincias Ultramarinas row in the INE statistical-territory table; individual territories are listed separately below the aggregate row,transcribed,Printed Provincias Ultramarinas import subtotal 5 599 464 and the printed C.E.E. and E.F.T.A. import subtotals are each reproduced exactly by their printed member rows. Iceland is not an E.F.T.A. member in 1969 and is printed under Outros paises da O.C.D.E.,visual_transcription_pass_1,2026-08-13,pass_1,double_entry_verified
ine_external_trade_yearbook,ine_external_trade_1969_volume_i.pdf,1679ae77b3e2663166af36e228edba9918c6993a1ce4c98c9f005ffb07c73e09,1970,1969,Quadro n.o 2 - Comercio especial por paises e territorios estatisticos,28,M,Timor,imports_from_timor_leste_special_trade_current_escudos,9933,9933,PTE,thousand current escudos,1000,special trade; import values declared by importers and accepted by customs per explanatory note,Provincias Ultramarinas row in the INE statistical-territory table; individual territories are listed separately below the aggregate row,transcribed,Printed Provincias Ultramarinas import subtotal 5 599 464 and the printed C.E.E. and E.F.T.A. import subtotals are each reproduced exactly by their printed member rows. Iceland is not an E.F.T.A. member in 1969 and is printed under Outros paises da O.C.D.E.,visual_transcription_pass_1,2026-08-13,pass_1,double_entry_verified
ine_external_trade_yearbook,ine_external_trade_1969_volume_i.pdf,1679ae77b3e2663166af36e228edba9918c6993a1ce4c98c9f005ffb07c73e09,1970,1969,Quadro n.o 2 - Comercio especial por paises e territorios estatisticos,28,M,Austria,imports_from_austria_special_trade_current_escudos,604141,604141,PTE,thousand current escudos,1000,special trade; import values declared by importers and accepted by customs per explanatory note,INE statistical territories as printed in the 1969 volume; Continente e Ilhas Adjacentes reporting scope,transcribed,Printed Provincias Ultramarinas import subtotal 5 599 464 and the printed C.E.E. and E.F.T.A. import subtotals are each reproduced exactly by their printed member rows. Iceland is not an E.F.T.A. member in 1969 and is printed under Outros paises da O.C.D.E.,visual_transcription_pass_1,2026-08-13,pass_1,double_entry_verified
ine_external_trade_yearbook,ine_external_trade_1969_volume_i.pdf,1679ae77b3e2663166af36e228edba9918c6993a1ce4c98c9f005ffb07c73e09,1970,1969,Quadro n.o 2 - Comercio especial por paises e territorios estatisticos,28,M,Belgica-Luxemburgo,imports_from_belgium_luxembourg_special_trade_current_escudos,1103707,1103707,PTE,thousand current escudos,1000,special trade; import values declared by importers and accepted by customs per explanatory note,INE statistical territories as printed in the 1969 volume; Continente e Ilhas Adjacentes reporting scope,transcribed,Printed Provincias Ultramarinas import subtotal 5 599 464 and the printed C.E.E. and E.F.T.A. import subtotals are each reproduced exactly by their printed member rows. Iceland is not an E.F.T.A. member in 1969 and is printed under Outros paises da O.C.D.E.,visual_transcription_pass_1,2026-08-13,pass_1,double_entry_verified
ine_external_trade_yearbook,ine_external_trade_1969_volume_i.pdf,1679ae77b3e2663166af36e228edba9918c6993a1ce4c98c9f005ffb07c73e09,1970,1969,Quadro n.o 2 - Comercio especial por paises e territorios estatisticos,28,M,Dinamarca,imports_from_denmark_special_trade_current_escudos,435291,435291,PTE,thousand current escudos,1000,special trade; import values declared by importers and accepted by customs per explanatory note,INE statistical territories as printed in the 1969 volume; Continente e Ilhas Adjacentes reporting scope,transcribed,Printed Provincias Ultramarinas import subtotal 5 599 464 and the printed C.E.E. and E.F.T.A. import subtotals are each reproduced exactly by their printed member rows. Iceland is not an E.F.T.A. member in 1969 and is printed under Outros paises da O.C.D.E.,visual_transcription_pass_1,2026-08-13,pass_1,double_entry_verified
ine_external_trade_yearbook,ine_external_trade_1969_volume_i.pdf,1679ae77b3e2663166af36e228edba9918c6993a1ce4c98c9f005ffb07c73e09,1970,1969,Quadro n.o 2 - Comercio especial por paises e territorios estatisticos,28,M,Finlandia,imports_from_finland_special_trade_current_escudos,154084,154084,PTE,thousand current escudos,1000,special trade; import values declared by importers and accepted by customs per explanatory note,INE statistical territories as printed in the 1969 volume; Continente e Ilhas Adjacentes reporting scope,transcribed,Printed Provincias Ultramarinas import subtotal 5 599 464 and the printed C.E.E. and E.F.T.A. import subtotals are each reproduced exactly by their printed member rows. Iceland is not an E.F.T.A. member in 1969 and is printed under Outros paises da O.C.D.E.,visual_transcription_pass_1,2026-08-13,pass_1,double_entry_verified
ine_external_trade_yearbook,ine_external_trade_1969_volume_i.pdf,1679ae77b3e2663166af36e228edba9918c6993a1ce4c98c9f005ffb07c73e09,1970,1969,Quadro n.o 2 - Comercio especial por paises e territorios estatisticos,28,M,Franca,imports_from_france_special_trade_current_escudos,2675251,2675251,PTE,thousand current escudos,1000,special trade; import values declared by importers and accepted by customs per explanatory note,INE statistical territories as printed in the 1969 volume; Continente e Ilhas Adjacentes reporting scope,transcribed,Printed Provincias Ultramarinas import subtotal 5 599 464 and the printed C.E.E. and E.F.T.A. import subtotals are each reproduced exactly by their printed member rows. Iceland is not an E.F.T.A. member in 1969 and is printed under Outros paises da O.C.D.E.,visual_transcription_pass_1,2026-08-13,pass_1,double_entry_verified
ine_external_trade_yearbook,ine_external_trade_1969_volume_i.pdf,1679ae77b3e2663166af36e228edba9918c6993a1ce4c98c9f005ffb07c73e09,1970,1969,Quadro n.o 2 - Comercio especial por paises e territorios estatisticos,28,M,Alemanha (Republica Federal),imports_from_west_germany_special_trade_current_escudos,5861194,5861194,PTE,thousand current escudos,1000,special trade; import values declared by importers and accepted by customs per explanatory note,INE statistical territories as printed in the 1969 volume; Continente e Ilhas Adjacentes reporting scope,transcribed,Printed Provincias Ultramarinas import subtotal 5 599 464 and the printed C.E.E. and E.F.T.A. import subtotals are each reproduced exactly by their printed member rows. Iceland is not an E.F.T.A. member in 1969 and is printed under Outros paises da O.C.D.E.,visual_transcription_pass_1,2026-08-13,pass_1,double_entry_verified
ine_external_trade_yearbook,ine_external_trade_1969_volume_i.pdf,1679ae77b3e2663166af36e228edba9918c6993a1ce4c98c9f005ffb07c73e09,1970,1969,Quadro n.o 2 - Comercio especial por paises e territorios estatisticos,28,M,Irlanda,imports_from_ireland_special_trade_current_escudos,20066,20066,PTE,thousand current escudos,1000,special trade; import values declared by importers and accepted by customs per explanatory note,INE statistical territories as printed in the 1969 volume; Continente e Ilhas Adjacentes reporting scope,transcribed,Printed Provincias Ultramarinas import subtotal 5 599 464 and the printed C.E.E. and E.F.T.A. import subtotals are each reproduced exactly by their printed member rows. Iceland is not an E.F.T.A. member in 1969 and is printed under Outros paises da O.C.D.E.,visual_transcription_pass_1,2026-08-13,pass_1,double_entry_verified
ine_external_trade_yearbook,ine_external_trade_1969_volume_i.pdf,1679ae77b3e2663166af36e228edba9918c6993a1ce4c98c9f005ffb07c73e09,1970,1969,Quadro n.o 2 - Comercio especial por paises e territorios estatisticos,28,M,Italia,imports_from_italy_special_trade_current_escudos,2128230,2128230,PTE,thousand current escudos,1000,special trade; import values declared by importers and accepted by customs per explanatory note,INE statistical territories as printed in the 1969 volume; Continente e Ilhas Adjacentes reporting scope,transcribed,Printed Provincias Ultramarinas import subtotal 5 599 464 and the printed C.E.E. and E.F.T.A. import subtotals are each reproduced exactly by their printed member rows. Iceland is not an E.F.T.A. member in 1969 and is printed under Outros paises da O.C.D.E.,visual_transcription_pass_1,2026-08-13,pass_1,double_entry_verified
ine_external_trade_yearbook,ine_external_trade_1969_volume_i.pdf,1679ae77b3e2663166af36e228edba9918c6993a1ce4c98c9f005ffb07c73e09,1970,1969,Quadro n.o 2 - Comercio especial por paises e territorios estatisticos,28,M,Holanda,imports_from_netherlands_special_trade_current_escudos,1017901,1017901,PTE,thousand current escudos,1000,special trade; import values declared by importers and accepted by customs per explanatory note,INE statistical territories as printed in the 1969 volume; Continente e Ilhas Adjacentes reporting scope,transcribed,Printed Provincias Ultramarinas import subtotal 5 599 464 and the printed C.E.E. and E.F.T.A. import subtotals are each reproduced exactly by their printed member rows. Iceland is not an E.F.T.A. member in 1969 and is printed under Outros paises da O.C.D.E.,visual_transcription_pass_1,2026-08-13,pass_1,double_entry_verified
ine_external_trade_yearbook,ine_external_trade_1969_volume_i.pdf,1679ae77b3e2663166af36e228edba9918c6993a1ce4c98c9f005ffb07c73e09,1970,1969,Quadro n.o 2 - Comercio especial por paises e territorios estatisticos,28,M,Noruega,imports_from_norway_special_trade_current_escudos,293908,293908,PTE,thousand current escudos,1000,special trade; import values declared by importers and accepted by customs per explanatory note,INE statistical territories as printed in the 1969 volume; Continente e Ilhas Adjacentes reporting scope,transcribed,Printed Provincias Ultramarinas import subtotal 5 599 464 and the printed C.E.E. and E.F.T.A. import subtotals are each reproduced exactly by their printed member rows. Iceland is not an E.F.T.A. member in 1969 and is printed under Outros paises da O.C.D.E.,visual_transcription_pass_1,2026-08-13,pass_1,double_entry_verified
ine_external_trade_yearbook,ine_external_trade_1969_volume_i.pdf,1679ae77b3e2663166af36e228edba9918c6993a1ce4c98c9f005ffb07c73e09,1970,1969,Quadro n.o 2 - Comercio especial por paises e territorios estatisticos,28,M,Suecia,imports_from_sweden_special_trade_current_escudos,947964,947964,PTE,thousand current escudos,1000,special trade; import values declared by importers and accepted by customs per explanatory note,INE statistical territories as printed in the 1969 volume; Continente e Ilhas Adjacentes reporting scope,transcribed,Printed Provincias Ultramarinas import subtotal 5 599 464 and the printed C.E.E. and E.F.T.A. import subtotals are each reproduced exactly by their printed member rows. Iceland is not an E.F.T.A. member in 1969 and is printed under Outros paises da O.C.D.E.,visual_transcription_pass_1,2026-08-13,pass_1,double_entry_verified
ine_external_trade_yearbook,ine_external_trade_1969_volume_i.pdf,1679ae77b3e2663166af36e228edba9918c6993a1ce4c98c9f005ffb07c73e09,1970,1969,Quadro n.o 2 - Comercio especial por paises e territorios estatisticos,28,M,Suica,imports_from_switzerland_liechtenstein_special_trade_current_escudos,1380963,1380963,PTE,thousand current escudos,1000,special trade; import values declared by importers and accepted by customs per explanatory note,INE statistical territories as printed in the 1969 volume; Continente e Ilhas Adjacentes reporting scope,transcribed,Printed Provincias Ultramarinas import subtotal 5 599 464 and the printed C.E.E. and E.F.T.A. import subtotals are each reproduced exactly by their printed member rows. Iceland is not an E.F.T.A. member in 1969 and is printed under Outros paises da O.C.D.E.,visual_transcription_pass_1,2026-08-13,pass_1,double_entry_verified
ine_external_trade_yearbook,ine_external_trade_1969_volume_i.pdf,1679ae77b3e2663166af36e228edba9918c6993a1ce4c98c9f005ffb07c73e09,1970,1969,Quadro n.o 2 - Comercio especial por paises e territorios estatisticos,28,M,Reino Unido,imports_from_united_kingdom_special_trade_current_escudos,5167787,5167787,PTE,thousand current escudos,1000,special trade; import values declared by importers and accepted by customs per explanatory note,INE statistical territories as printed in the 1969 volume; Continente e Ilhas Adjacentes reporting scope,transcribed,Printed Provincias Ultramarinas import subtotal 5 599 464 and the printed C.E.E. and E.F.T.A. import subtotals are each reproduced exactly by their printed member rows. Iceland is not an E.F.T.A. member in 1969 and is printed under Outros paises da O.C.D.E.,visual_transcription_pass_1,2026-08-13,pass_1,double_entry_verified
ine_external_trade_yearbook,ine_external_trade_1969_volume_i.pdf,1679ae77b3e2663166af36e228edba9918c6993a1ce4c98c9f005ffb07c73e09,1970,1969,Quadro n.o 2 - Comercio especial por paises e territorios estatisticos,28,X,World,total_exports_special_trade_current_escudos,24525997,24525997,PTE,thousand current escudos,1000,special trade; export values follow INE explanatory note conventions,INE statistical territories as printed in the 1969 volume; Continente e Ilhas Adjacentes reporting scope,transcribed,"Printed Provincias Ultramarinas export subtotal 6 080 609; the seven printed territory rows sum to 6 080 600, a 9 unit source-rounding residual. The printed C.E.E. and E.F.T.A. export subtotals are reproduced exactly by their printed member rows.",visual_transcription_pass_1,2026-08-13,pass_1,double_entry_verified
ine_external_trade_yearbook,ine_external_trade_1969_volume_i.pdf,1679ae77b3e2663166af36e228edba9918c6993a1ce4c98c9f005ffb07c73e09,1970,1969,Quadro n.o 2 - Comercio especial por paises e territorios estatisticos,28,X,Provincias Ultramarinas,exports_to_overseas_territories_special_trade_current_escudos,6080609,6080609,PTE,thousand current escudos,1000,special trade; export values follow INE explanatory note conventions,Provincias Ultramarinas row in the INE statistical-territory table; individual territories are listed separately below the aggregate row,transcribed,"Printed Provincias Ultramarinas export subtotal 6 080 609; the seven printed territory rows sum to 6 080 600, a 9 unit source-rounding residual. The printed C.E.E. and E.F.T.A. export subtotals are reproduced exactly by their printed member rows.",visual_transcription_pass_1,2026-08-13,pass_1,double_entry_verified
ine_external_trade_yearbook,ine_external_trade_1969_volume_i.pdf,1679ae77b3e2663166af36e228edba9918c6993a1ce4c98c9f005ffb07c73e09,1970,1969,Quadro n.o 2 - Comercio especial por paises e territorios estatisticos,28,X,CEE,exports_to_eec_special_trade_current_escudos,4410786,4410786,PTE,thousand current escudos,1000,special trade; export values follow INE explanatory note conventions,INE statistical territories as printed in the 1969 volume; Continente e Ilhas Adjacentes reporting scope,transcribed,"Printed Provincias Ultramarinas export subtotal 6 080 609; the seven printed territory rows sum to 6 080 600, a 9 unit source-rounding residual. The printed C.E.E. and E.F.T.A. export subtotals are reproduced exactly by their printed member rows.",visual_transcription_pass_1,2026-08-13,pass_1,double_entry_verified
ine_external_trade_yearbook,ine_external_trade_1969_volume_i.pdf,1679ae77b3e2663166af36e228edba9918c6993a1ce4c98c9f005ffb07c73e09,1970,1969,Quadro n.o 2 - Comercio especial por paises e territorios estatisticos,28,X,EFTA,exports_to_efta_special_trade_current_escudos,8808867,8808867,PTE,thousand current escudos,1000,special trade; export values follow INE explanatory note conventions,INE statistical territories as printed in the 1969 volume; Continente e Ilhas Adjacentes reporting scope,transcribed,"Printed Provincias Ultramarinas export subtotal 6 080 609; the seven printed territory rows sum to 6 080 600, a 9 unit source-rounding residual. The printed C.E.E. and E.F.T.A. export subtotals are reproduced exactly by their printed member rows.",visual_transcription_pass_1,2026-08-13,pass_1,double_entry_verified
ine_external_trade_yearbook,ine_external_trade_1969_volume_i.pdf,1679ae77b3e2663166af36e228edba9918c6993a1ce4c98c9f005ffb07c73e09,1970,1969,Quadro n.o 2 - Comercio especial por paises e territorios estatisticos,28,X,Cabo Verde,exports_to_cabo_verde_special_trade_current_escudos,178001,178001,PTE,thousand current escudos,1000,special trade; export values follow INE explanatory note conventions,Provincias Ultramarinas row in the INE statistical-territory table; individual territories are listed separately below the aggregate row,transcribed,"Printed Provincias Ultramarinas export subtotal 6 080 609; the seven printed territory rows sum to 6 080 600, a 9 unit source-rounding residual. The printed C.E.E. and E.F.T.A. export subtotals are reproduced exactly by their printed member rows.",visual_transcription_pass_1,2026-08-13,pass_1,double_entry_verified
ine_external_trade_yearbook,ine_external_trade_1969_volume_i.pdf,1679ae77b3e2663166af36e228edba9918c6993a1ce4c98c9f005ffb07c73e09,1970,1969,Quadro n.o 2 - Comercio especial por paises e territorios estatisticos,28,X,Guine,exports_to_guinea_bissau_special_trade_current_escudos,365597,365597,PTE,thousand current escudos,1000,special trade; export values follow INE explanatory note conventions,Provincias Ultramarinas row in the INE statistical-territory table; individual territories are listed separately below the aggregate row,transcribed,"Printed Provincias Ultramarinas export subtotal 6 080 609; the seven printed territory rows sum to 6 080 600, a 9 unit source-rounding residual. The printed C.E.E. and E.F.T.A. export subtotals are reproduced exactly by their printed member rows.",visual_transcription_pass_1,2026-08-13,pass_1,double_entry_verified
ine_external_trade_yearbook,ine_external_trade_1969_volume_i.pdf,1679ae77b3e2663166af36e228edba9918c6993a1ce4c98c9f005ffb07c73e09,1970,1969,Quadro n.o 2 - Comercio especial por paises e territorios estatisticos,28,X,S. Tome e Principe,exports_to_sao_tome_principe_special_trade_current_escudos,103284,103284,PTE,thousand current escudos,1000,special trade; export values follow INE explanatory note conventions,Provincias Ultramarinas row in the INE statistical-territory table; individual territories are listed separately below the aggregate row,transcribed,"Printed Provincias Ultramarinas export subtotal 6 080 609; the seven printed territory rows sum to 6 080 600, a 9 unit source-rounding residual. The printed C.E.E. and E.F.T.A. export subtotals are reproduced exactly by their printed member rows.",visual_transcription_pass_1,2026-08-13,pass_1,double_entry_verified
ine_external_trade_yearbook,ine_external_trade_1969_volume_i.pdf,1679ae77b3e2663166af36e228edba9918c6993a1ce4c98c9f005ffb07c73e09,1970,1969,Quadro n.o 2 - Comercio especial por paises e territorios estatisticos,28,X,Angola,exports_to_angola_special_trade_current_escudos,3187791,3187791,PTE,thousand current escudos,1000,special trade; export values follow INE explanatory note conventions,Provincias Ultramarinas row in the INE statistical-territory table; individual territories are listed separately below the aggregate row,transcribed,"Printed Provincias Ultramarinas export subtotal 6 080 609; the seven printed territory rows sum to 6 080 600, a 9 unit source-rounding residual. The printed C.E.E. and E.F.T.A. export subtotals are reproduced exactly by their printed member rows.",visual_transcription_pass_1,2026-08-13,pass_1,double_entry_verified
ine_external_trade_yearbook,ine_external_trade_1969_volume_i.pdf,1679ae77b3e2663166af36e228edba9918c6993a1ce4c98c9f005ffb07c73e09,1970,1969,Quadro n.o 2 - Comercio especial por paises e territorios estatisticos,28,X,Mocambique,exports_to_mozambique_special_trade_current_escudos,2191914,2191914,PTE,thousand current escudos,1000,special trade; export values follow INE explanatory note conventions,Provincias Ultramarinas row in the INE statistical-territory table; individual territories are listed separately below the aggregate row,transcribed,"Printed Provincias Ultramarinas export subtotal 6 080 609; the seven printed territory rows sum to 6 080 600, a 9 unit source-rounding residual. The printed C.E.E. and E.F.T.A. export subtotals are reproduced exactly by their printed member rows.",visual_transcription_pass_1,2026-08-13,pass_1,double_entry_verified
ine_external_trade_yearbook,ine_external_trade_1969_volume_i.pdf,1679ae77b3e2663166af36e228edba9918c6993a1ce4c98c9f005ffb07c73e09,1970,1969,Quadro n.o 2 - Comercio especial por paises e territorios estatisticos,28,X,Macau,exports_to_macao_special_trade_current_escudos,14233,14233,PTE,thousand current escudos,1000,special trade; export values follow INE explanatory note conventions,Provincias Ultramarinas row in the INE statistical-territory table; individual territories are listed separately below the aggregate row,transcribed,"Printed Provincias Ultramarinas export subtotal 6 080 609; the seven printed territory rows sum to 6 080 600, a 9 unit source-rounding residual. The printed C.E.E. and E.F.T.A. export subtotals are reproduced exactly by their printed member rows.",visual_transcription_pass_1,2026-08-13,pass_1,double_entry_verified
ine_external_trade_yearbook,ine_external_trade_1969_volume_i.pdf,1679ae77b3e2663166af36e228edba9918c6993a1ce4c98c9f005ffb07c73e09,1970,1969,Quadro n.o 2 - Comercio especial por paises e territorios estatisticos,28,X,Timor,exports_to_timor_leste_special_trade_current_escudos,39780,39780,PTE,thousand current escudos,1000,special trade; export values follow INE explanatory note conventions,Provincias Ultramarinas row in the INE statistical-territory table; individual territories are listed separately below the aggregate row,transcribed,"Printed Provincias Ultramarinas export subtotal 6 080 609; the seven printed territory rows sum to 6 080 600, a 9 unit source-rounding residual. The printed C.E.E. and E.F.T.A. export subtotals are reproduced exactly by their printed member rows.",visual_transcription_pass_1,2026-08-13,pass_1,double_entry_verified
ine_external_trade_yearbook,ine_external_trade_1969_volume_i.pdf,1679ae77b3e2663166af36e228edba9918c6993a1ce4c98c9f005ffb07c73e09,1970,1969,Quadro n.o 2 - Comercio especial por paises e territorios estatisticos,28,X,Austria,exports_to_austria_special_trade_current_escudos,343298,343298,PTE,thousand current escudos,1000,special trade; export values follow INE explanatory note conventions,INE statistical territories as printed in the 1969 volume; Continente e Ilhas Adjacentes reporting scope,transcribed,"Printed Provincias Ultramarinas export subtotal 6 080 609; the seven printed territory rows sum to 6 080 600, a 9 unit source-rounding residual. The printed C.E.E. and E.F.T.A. export subtotals are reproduced exactly by their printed member rows.",visual_transcription_pass_1,2026-08-13,pass_1,double_entry_verified
ine_external_trade_yearbook,ine_external_trade_1969_volume_i.pdf,1679ae77b3e2663166af36e228edba9918c6993a1ce4c98c9f005ffb07c73e09,1970,1969,Quadro n.o 2 - Comercio especial por paises e territorios estatisticos,28,X,Belgica-Luxemburgo,exports_to_belgium_luxembourg_special_trade_current_escudos,428520,428520,PTE,thousand current escudos,1000,special trade; export values follow INE explanatory note conventions,INE statistical territories as printed in the 1969 volume; Continente e Ilhas Adjacentes reporting scope,transcribed,"Printed Provincias Ultramarinas export subtotal 6 080 609; the seven printed territory rows sum to 6 080 600, a 9 unit source-rounding residual. The printed C.E.E. and E.F.T.A. export subtotals are reproduced exactly by their printed member rows.",visual_transcription_pass_1,2026-08-13,pass_1,double_entry_verified
ine_external_trade_yearbook,ine_external_trade_1969_volume_i.pdf,1679ae77b3e2663166af36e228edba9918c6993a1ce4c98c9f005ffb07c73e09,1970,1969,Quadro n.o 2 - Comercio especial por paises e territorios estatisticos,28,X,Dinamarca,exports_to_denmark_special_trade_current_escudos,690898,690898,PTE,thousand current escudos,1000,special trade; export values follow INE explanatory note conventions,INE statistical territories as printed in the 1969 volume; Continente e Ilhas Adjacentes reporting scope,transcribed,"Printed Provincias Ultramarinas export subtotal 6 080 609; the seven printed territory rows sum to 6 080 600, a 9 unit source-rounding residual. The printed C.E.E. and E.F.T.A. export subtotals are reproduced exactly by their printed member rows.",visual_transcription_pass_1,2026-08-13,pass_1,double_entry_verified
ine_external_trade_yearbook,ine_external_trade_1969_volume_i.pdf,1679ae77b3e2663166af36e228edba9918c6993a1ce4c98c9f005ffb07c73e09,1970,1969,Quadro n.o 2 - Comercio especial por paises e territorios estatisticos,28,X,Finlandia,exports_to_finland_special_trade_current_escudos,345438,345438,PTE,thousand current escudos,1000,special trade; export values follow INE explanatory note conventions,INE statistical territories as printed in the 1969 volume; Continente e Ilhas Adjacentes reporting scope,transcribed,"Printed Provincias Ultramarinas export subtotal 6 080 609; the seven printed territory rows sum to 6 080 600, a 9 unit source-rounding residual. The printed C.E.E. and E.F.T.A. export subtotals are reproduced exactly by their printed member rows.",visual_transcription_pass_1,2026-08-13,pass_1,double_entry_verified
ine_external_trade_yearbook,ine_external_trade_1969_volume_i.pdf,1679ae77b3e2663166af36e228edba9918c6993a1ce4c98c9f005ffb07c73e09,1970,1969,Quadro n.o 2 - Comercio especial por paises e territorios estatisticos,28,X,Franca,exports_to_france_special_trade_current_escudos,1278364,1278364,PTE,thousand current escudos,1000,special trade; export values follow INE explanatory note conventions,INE statistical territories as printed in the 1969 volume; Continente e Ilhas Adjacentes reporting scope,transcribed,"Printed Provincias Ultramarinas export subtotal 6 080 609; the seven printed territory rows sum to 6 080 600, a 9 unit source-rounding residual. The printed C.E.E. and E.F.T.A. export subtotals are reproduced exactly by their printed member rows.",visual_transcription_pass_1,2026-08-13,pass_1,double_entry_verified
ine_external_trade_yearbook,ine_external_trade_1969_volume_i.pdf,1679ae77b3e2663166af36e228edba9918c6993a1ce4c98c9f005ffb07c73e09,1970,1969,Quadro n.o 2 - Comercio especial por paises e territorios estatisticos,28,X,Alemanha (Republica Federal),exports_to_west_germany_special_trade_current_escudos,1569738,1569738,PTE,thousand current escudos,1000,special trade; export values follow INE explanatory note conventions,INE statistical territories as printed in the 1969 volume; Continente e Ilhas Adjacentes reporting scope,transcribed,"Printed Provincias Ultramarinas export subtotal 6 080 609; the seven printed territory rows sum to 6 080 600, a 9 unit source-rounding residual. The printed C.E.E. and E.F.T.A. export subtotals are reproduced exactly by their printed member rows.",visual_transcription_pass_1,2026-08-13,pass_1,double_entry_verified
ine_external_trade_yearbook,ine_external_trade_1969_volume_i.pdf,1679ae77b3e2663166af36e228edba9918c6993a1ce4c98c9f005ffb07c73e09,1970,1969,Quadro n.o 2 - Comercio especial por paises e territorios estatisticos,28,X,Irlanda,exports_to_ireland_special_trade_current_escudos,59213,59213,PTE,thousand current escudos,1000,special trade; export values follow INE explanatory note conventions,INE statistical territories as printed in the 1969 volume; Continente e Ilhas Adjacentes reporting scope,transcribed,"Printed Provincias Ultramarinas export subtotal 6 080 609; the seven printed territory rows sum to 6 080 600, a 9 unit source-rounding residual. The printed C.E.E. and E.F.T.A. export subtotals are reproduced exactly by their printed member rows.",visual_transcription_pass_1,2026-08-13,pass_1,double_entry_verified
ine_external_trade_yearbook,ine_external_trade_1969_volume_i.pdf,1679ae77b3e2663166af36e228edba9918c6993a1ce4c98c9f005ffb07c73e09,1970,1969,Quadro n.o 2 - Comercio especial por paises e territorios estatisticos,28,X,Italia,exports_to_italy_special_trade_current_escudos,635917,635917,PTE,thousand current escudos,1000,special trade; export values follow INE explanatory note conventions,INE statistical territories as printed in the 1969 volume; Continente e Ilhas Adjacentes reporting scope,transcribed,"Printed Provincias Ultramarinas export subtotal 6 080 609; the seven printed territory rows sum to 6 080 600, a 9 unit source-rounding residual. The printed C.E.E. and E.F.T.A. export subtotals are reproduced exactly by their printed member rows.",visual_transcription_pass_1,2026-08-13,pass_1,double_entry_verified
ine_external_trade_yearbook,ine_external_trade_1969_volume_i.pdf,1679ae77b3e2663166af36e228edba9918c6993a1ce4c98c9f005ffb07c73e09,1970,1969,Quadro n.o 2 - Comercio especial por paises e territorios estatisticos,28,X,Holanda,exports_to_netherlands_special_trade_current_escudos,498247,498247,PTE,thousand current escudos,1000,special trade; export values follow INE explanatory note conventions,INE statistical territories as printed in the 1969 volume; Continente e Ilhas Adjacentes reporting scope,transcribed,"Printed Provincias Ultramarinas export subtotal 6 080 609; the seven printed territory rows sum to 6 080 600, a 9 unit source-rounding residual. The printed C.E.E. and E.F.T.A. export subtotals are reproduced exactly by their printed member rows.",visual_transcription_pass_1,2026-08-13,pass_1,double_entry_verified
ine_external_trade_yearbook,ine_external_trade_1969_volume_i.pdf,1679ae77b3e2663166af36e228edba9918c6993a1ce4c98c9f005ffb07c73e09,1970,1969,Quadro n.o 2 - Comercio especial por paises e territorios estatisticos,28,X,Noruega,exports_to_norway_special_trade_current_escudos,335476,335476,PTE,thousand current escudos,1000,special trade; export values follow INE explanatory note conventions,INE statistical territories as printed in the 1969 volume; Continente e Ilhas Adjacentes reporting scope,transcribed,"Printed Provincias Ultramarinas export subtotal 6 080 609; the seven printed territory rows sum to 6 080 600, a 9 unit source-rounding residual. The printed C.E.E. and E.F.T.A. export subtotals are reproduced exactly by their printed member rows.",visual_transcription_pass_1,2026-08-13,pass_1,double_entry_verified
ine_external_trade_yearbook,ine_external_trade_1969_volume_i.pdf,1679ae77b3e2663166af36e228edba9918c6993a1ce4c98c9f005ffb07c73e09,1970,1969,Quadro n.o 2 - Comercio especial por paises e territorios estatisticos,28,X,Suecia,exports_to_sweden_special_trade_current_escudos,1402074,1402074,PTE,thousand current escudos,1000,special trade; export values follow INE explanatory note conventions,INE statistical territories as printed in the 1969 volume; Continente e Ilhas Adjacentes reporting scope,transcribed,"Printed Provincias Ultramarinas export subtotal 6 080 609; the seven printed territory rows sum to 6 080 600, a 9 unit source-rounding residual. The printed C.E.E. and E.F.T.A. export subtotals are reproduced exactly by their printed member rows.",visual_transcription_pass_1,2026-08-13,pass_1,double_entry_verified
ine_external_trade_yearbook,ine_external_trade_1969_volume_i.pdf,1679ae77b3e2663166af36e228edba9918c6993a1ce4c98c9f005ffb07c73e09,1970,1969,Quadro n.o 2 - Comercio especial por paises e territorios estatisticos,28,X,Suica,exports_to_switzerland_liechtenstein_special_trade_current_escudos,533912,533912,PTE,thousand current escudos,1000,special trade; export values follow INE explanatory note conventions,INE statistical territories as printed in the 1969 volume; Continente e Ilhas Adjacentes reporting scope,transcribed,"Printed Provincias Ultramarinas export subtotal 6 080 609; the seven printed territory rows sum to 6 080 600, a 9 unit source-rounding residual. The printed C.E.E. and E.F.T.A. export subtotals are reproduced exactly by their printed member rows.",visual_transcription_pass_1,2026-08-13,pass_1,double_entry_verified
ine_external_trade_yearbook,ine_external_trade_1969_volume_i.pdf,1679ae77b3e2663166af36e228edba9918c6993a1ce4c98c9f005ffb07c73e09,1970,1969,Quadro n.o 2 - Comercio especial por paises e territorios estatisticos,28,X,Reino Unido,exports_to_united_kingdom_special_trade_current_escudos,5157771,5157771,PTE,thousand current escudos,1000,special trade; export values follow INE explanatory note conventions,INE statistical territories as printed in the 1969 volume; Continente e Ilhas Adjacentes reporting scope,transcribed,"Printed Provincias Ultramarinas export subtotal 6 080 609; the seven printed territory rows sum to 6 080 600, a 9 unit source-rounding residual. The printed C.E.E. and E.F.T.A. export subtotals are reproduced exactly by their printed member rows.",visual_transcription_pass_1,2026-08-13,pass_1,double_entry_verified
ine_external_trade_yearbook,ine_external_trade_1968_volume_i.pdf,5b704c0157733f280f0717e72f2d2de830db39e75414dbfe28c86e9d8a5c05fa,1969,1968,"Quadro X - Comercio especial, por paises e territorios estatisticos",42,M,World,total_imports_special_trade_current_escudos,33857829,33857829,PTE,thousand current escudos,1000,special trade; import values declared by importers and accepted by customs per explanatory note,"INE statistical territories as printed in the 1968 volume; partner rows are listed under Europa without bloc subtotals, and Finland and Ireland are not printed separately",transcribed,"Printed Ultramar import subtotal 5 342 775; the seven printed territory rows sum to 5 342 822, a 47 unit residual. The printed Europa import subtotal 21 353 281 is reproduced to within 100 units by its printed country rows. Estado da India, Finland and Ireland are not printed separately in this volume.",visual_transcription_pass_1,2026-08-13,pass_1,double_entry_verified
ine_external_trade_yearbook,ine_external_trade_1968_volume_i.pdf,5b704c0157733f280f0717e72f2d2de830db39e75414dbfe28c86e9d8a5c05fa,1969,1968,"Quadro X - Comercio especial, por paises e territorios estatisticos",42,M,Provincias Ultramarinas,imports_from_overseas_territories_special_trade_current_escudos,5342775,5342775,PTE,thousand current escudos,1000,special trade; import values declared by importers and accepted by customs per explanatory note,Provincias Ultramarinas row in the INE statistical-territory table; individual territories are listed separately below the aggregate row,transcribed,"Printed Ultramar import subtotal 5 342 775; the seven printed territory rows sum to 5 342 822, a 47 unit residual. The printed Europa import subtotal 21 353 281 is reproduced to within 100 units by its printed country rows. Estado da India, Finland and Ireland are not printed separately in this volume.",visual_transcription_pass_1,2026-08-13,pass_1,double_entry_verified
ine_external_trade_yearbook,ine_external_trade_1968_volume_i.pdf,5b704c0157733f280f0717e72f2d2de830db39e75414dbfe28c86e9d8a5c05fa,1969,1968,"Quadro X - Comercio especial, por paises e territorios estatisticos",42,M,Cabo Verde,imports_from_cabo_verde_special_trade_current_escudos,29019,29019,PTE,thousand current escudos,1000,special trade; import values declared by importers and accepted by customs per explanatory note,Provincias Ultramarinas row in the INE statistical-territory table; individual territories are listed separately below the aggregate row,transcribed,"Printed Ultramar import subtotal 5 342 775; the seven printed territory rows sum to 5 342 822, a 47 unit residual. The printed Europa import subtotal 21 353 281 is reproduced to within 100 units by its printed country rows. Estado da India, Finland and Ireland are not printed separately in this volume.",visual_transcription_pass_1,2026-08-13,pass_1,double_entry_verified
ine_external_trade_yearbook,ine_external_trade_1968_volume_i.pdf,5b704c0157733f280f0717e72f2d2de830db39e75414dbfe28c86e9d8a5c05fa,1969,1968,"Quadro X - Comercio especial, por paises e territorios estatisticos",42,M,Guine,imports_from_guinea_bissau_special_trade_current_escudos,92077,92077,PTE,thousand current escudos,1000,special trade; import values declared by importers and accepted by customs per explanatory note,Provincias Ultramarinas row in the INE statistical-territory table; individual territories are listed separately below the aggregate row,transcribed,"Printed Ultramar import subtotal 5 342 775; the seven printed territory rows sum to 5 342 822, a 47 unit residual. The printed Europa import subtotal 21 353 281 is reproduced to within 100 units by its printed country rows. Estado da India, Finland and Ireland are not printed separately in this volume.",visual_transcription_pass_1,2026-08-13,pass_1,double_entry_verified
ine_external_trade_yearbook,ine_external_trade_1968_volume_i.pdf,5b704c0157733f280f0717e72f2d2de830db39e75414dbfe28c86e9d8a5c05fa,1969,1968,"Quadro X - Comercio especial, por paises e territorios estatisticos",42,M,S. Tome e Principe,imports_from_sao_tome_principe_special_trade_current_escudos,76826,76826,PTE,thousand current escudos,1000,special trade; import values declared by importers and accepted by customs per explanatory note,Provincias Ultramarinas row in the INE statistical-territory table; individual territories are listed separately below the aggregate row,transcribed,"Printed Ultramar import subtotal 5 342 775; the seven printed territory rows sum to 5 342 822, a 47 unit residual. The printed Europa import subtotal 21 353 281 is reproduced to within 100 units by its printed country rows. Estado da India, Finland and Ireland are not printed separately in this volume.",visual_transcription_pass_1,2026-08-13,pass_1,double_entry_verified
ine_external_trade_yearbook,ine_external_trade_1968_volume_i.pdf,5b704c0157733f280f0717e72f2d2de830db39e75414dbfe28c86e9d8a5c05fa,1969,1968,"Quadro X - Comercio especial, por paises e territorios estatisticos",42,M,Angola,imports_from_angola_special_trade_current_escudos,3165785,3165785,PTE,thousand current escudos,1000,special trade; import values declared by importers and accepted by customs per explanatory note,Provincias Ultramarinas row in the INE statistical-territory table; individual territories are listed separately below the aggregate row,transcribed,"Printed Ultramar import subtotal 5 342 775; the seven printed territory rows sum to 5 342 822, a 47 unit residual. The printed Europa import subtotal 21 353 281 is reproduced to within 100 units by its printed country rows. Estado da India, Finland and Ireland are not printed separately in this volume.",visual_transcription_pass_1,2026-08-13,pass_1,double_entry_verified
ine_external_trade_yearbook,ine_external_trade_1968_volume_i.pdf,5b704c0157733f280f0717e72f2d2de830db39e75414dbfe28c86e9d8a5c05fa,1969,1968,"Quadro X - Comercio especial, por paises e territorios estatisticos",42,M,Mocambique,imports_from_mozambique_special_trade_current_escudos,1901322,1901322,PTE,thousand current escudos,1000,special trade; import values declared by importers and accepted by customs per explanatory note,Provincias Ultramarinas row in the INE statistical-territory table; individual territories are listed separately below the aggregate row,transcribed,"Printed Ultramar import subtotal 5 342 775; the seven printed territory rows sum to 5 342 822, a 47 unit residual. The printed Europa import subtotal 21 353 281 is reproduced to within 100 units by its printed country rows. Estado da India, Finland and Ireland are not printed separately in this volume.",visual_transcription_pass_1,2026-08-13,pass_1,double_entry_verified
ine_external_trade_yearbook,ine_external_trade_1968_volume_i.pdf,5b704c0157733f280f0717e72f2d2de830db39e75414dbfe28c86e9d8a5c05fa,1969,1968,"Quadro X - Comercio especial, por paises e territorios estatisticos",42,M,Macau,imports_from_macao_special_trade_current_escudos,67373,67373,PTE,thousand current escudos,1000,special trade; import values declared by importers and accepted by customs per explanatory note,Provincias Ultramarinas row in the INE statistical-territory table; individual territories are listed separately below the aggregate row,transcribed,"Printed Ultramar import subtotal 5 342 775; the seven printed territory rows sum to 5 342 822, a 47 unit residual. The printed Europa import subtotal 21 353 281 is reproduced to within 100 units by its printed country rows. Estado da India, Finland and Ireland are not printed separately in this volume.",visual_transcription_pass_1,2026-08-13,pass_1,double_entry_verified
ine_external_trade_yearbook,ine_external_trade_1968_volume_i.pdf,5b704c0157733f280f0717e72f2d2de830db39e75414dbfe28c86e9d8a5c05fa,1969,1968,"Quadro X - Comercio especial, por paises e territorios estatisticos",42,M,Timor,imports_from_timor_leste_special_trade_current_escudos,10420,10420,PTE,thousand current escudos,1000,special trade; import values declared by importers and accepted by customs per explanatory note,Provincias Ultramarinas row in the INE statistical-territory table; individual territories are listed separately below the aggregate row,transcribed,"Printed Ultramar import subtotal 5 342 775; the seven printed territory rows sum to 5 342 822, a 47 unit residual. The printed Europa import subtotal 21 353 281 is reproduced to within 100 units by its printed country rows. Estado da India, Finland and Ireland are not printed separately in this volume.",visual_transcription_pass_1,2026-08-13,pass_1,double_entry_verified
ine_external_trade_yearbook,ine_external_trade_1968_volume_i.pdf,5b704c0157733f280f0717e72f2d2de830db39e75414dbfe28c86e9d8a5c05fa,1969,1968,"Quadro X - Comercio especial, por paises e territorios estatisticos",42,M,Austria,imports_from_austria_special_trade_current_escudos,423014,423014,PTE,thousand current escudos,1000,special trade; import values declared by importers and accepted by customs per explanatory note,"INE statistical territories as printed in the 1968 volume; partner rows are listed under Europa without bloc subtotals, and Finland and Ireland are not printed separately",transcribed,"Printed Ultramar import subtotal 5 342 775; the seven printed territory rows sum to 5 342 822, a 47 unit residual. The printed Europa import subtotal 21 353 281 is reproduced to within 100 units by its printed country rows. Estado da India, Finland and Ireland are not printed separately in this volume.",visual_transcription_pass_1,2026-08-13,pass_1,double_entry_verified
ine_external_trade_yearbook,ine_external_trade_1968_volume_i.pdf,5b704c0157733f280f0717e72f2d2de830db39e75414dbfe28c86e9d8a5c05fa,1969,1968,"Quadro X - Comercio especial, por paises e territorios estatisticos",42,M,Belgica-Luxemburgo,imports_from_belgium_luxembourg_special_trade_current_escudos,850778,850778,PTE,thousand current escudos,1000,special trade; import values declared by importers and accepted by customs per explanatory note,"INE statistical territories as printed in the 1968 volume; partner rows are listed under Europa without bloc subtotals, and Finland and Ireland are not printed separately",transcribed,"Printed Ultramar import subtotal 5 342 775; the seven printed territory rows sum to 5 342 822, a 47 unit residual. The printed Europa import subtotal 21 353 281 is reproduced to within 100 units by its printed country rows. Estado da India, Finland and Ireland are not printed separately in this volume.",visual_transcription_pass_1,2026-08-13,pass_1,double_entry_verified
ine_external_trade_yearbook,ine_external_trade_1968_volume_i.pdf,5b704c0157733f280f0717e72f2d2de830db39e75414dbfe28c86e9d8a5c05fa,1969,1968,"Quadro X - Comercio especial, por paises e territorios estatisticos",42,M,Dinamarca,imports_from_denmark_special_trade_current_escudos,328405,328405,PTE,thousand current escudos,1000,special trade; import values declared by importers and accepted by customs per explanatory note,"INE statistical territories as printed in the 1968 volume; partner rows are listed under Europa without bloc subtotals, and Finland and Ireland are not printed separately",transcribed,"Printed Ultramar import subtotal 5 342 775; the seven printed territory rows sum to 5 342 822, a 47 unit residual. The printed Europa import subtotal 21 353 281 is reproduced to within 100 units by its printed country rows. Estado da India, Finland and Ireland are not printed separately in this volume.",visual_transcription_pass_1,2026-08-13,pass_1,double_entry_verified
ine_external_trade_yearbook,ine_external_trade_1968_volume_i.pdf,5b704c0157733f280f0717e72f2d2de830db39e75414dbfe28c86e9d8a5c05fa,1969,1968,"Quadro X - Comercio especial, por paises e territorios estatisticos",42,M,Franca,imports_from_france_special_trade_current_escudos,2347807,2347807,PTE,thousand current escudos,1000,special trade; import values declared by importers and accepted by customs per explanatory note,"INE statistical territories as printed in the 1968 volume; partner rows are listed under Europa without bloc subtotals, and Finland and Ireland are not printed separately",transcribed,"Printed Ultramar import subtotal 5 342 775; the seven printed territory rows sum to 5 342 822, a 47 unit residual. The printed Europa import subtotal 21 353 281 is reproduced to within 100 units by its printed country rows. Estado da India, Finland and Ireland are not printed separately in this volume.",visual_transcription_pass_1,2026-08-13,pass_1,double_entry_verified
ine_external_trade_yearbook,ine_external_trade_1968_volume_i.pdf,5b704c0157733f280f0717e72f2d2de830db39e75414dbfe28c86e9d8a5c05fa,1969,1968,"Quadro X - Comercio especial, por paises e territorios estatisticos",42,M,Alemanha (Republica Federal),imports_from_west_germany_special_trade_current_escudos,5289683,5289683,PTE,thousand current escudos,1000,special trade; import values declared by importers and accepted by customs per explanatory note,"INE statistical territories as printed in the 1968 volume; partner rows are listed under Europa without bloc subtotals, and Finland and Ireland are not printed separately",transcribed,"Printed Ultramar import subtotal 5 342 775; the seven printed territory rows sum to 5 342 822, a 47 unit residual. The printed Europa import subtotal 21 353 281 is reproduced to within 100 units by its printed country rows. Estado da India, Finland and Ireland are not printed separately in this volume.",visual_transcription_pass_1,2026-08-13,pass_1,double_entry_verified
ine_external_trade_yearbook,ine_external_trade_1968_volume_i.pdf,5b704c0157733f280f0717e72f2d2de830db39e75414dbfe28c86e9d8a5c05fa,1969,1968,"Quadro X - Comercio especial, por paises e territorios estatisticos",42,M,Italia,imports_from_italy_special_trade_current_escudos,1998738,1998738,PTE,thousand current escudos,1000,special trade; import values declared by importers and accepted by customs per explanatory note,"INE statistical territories as printed in the 1968 volume; partner rows are listed under Europa without bloc subtotals, and Finland and Ireland are not printed separately",transcribed,"Printed Ultramar import subtotal 5 342 775; the seven printed territory rows sum to 5 342 822, a 47 unit residual. The printed Europa import subtotal 21 353 281 is reproduced to within 100 units by its printed country rows. Estado da India, Finland and Ireland are not printed separately in this volume.",visual_transcription_pass_1,2026-08-13,pass_1,double_entry_verified
ine_external_trade_yearbook,ine_external_trade_1968_volume_i.pdf,5b704c0157733f280f0717e72f2d2de830db39e75414dbfe28c86e9d8a5c05fa,1969,1968,"Quadro X - Comercio especial, por paises e territorios estatisticos",42,M,Holanda,imports_from_netherlands_special_trade_current_escudos,855492,855492,PTE,thousand current escudos,1000,special trade; import values declared by importers and accepted by customs per explanatory note,"INE statistical territories as printed in the 1968 volume; partner rows are listed under Europa without bloc subtotals, and Finland and Ireland are not printed separately",transcribed,"Printed Ultramar import subtotal 5 342 775; the seven printed territory rows sum to 5 342 822, a 47 unit residual. The printed Europa import subtotal 21 353 281 is reproduced to within 100 units by its printed country rows. Estado da India, Finland and Ireland are not printed separately in this volume.",visual_transcription_pass_1,2026-08-13,pass_1,double_entry_verified
ine_external_trade_yearbook,ine_external_trade_1968_volume_i.pdf,5b704c0157733f280f0717e72f2d2de830db39e75414dbfe28c86e9d8a5c05fa,1969,1968,"Quadro X - Comercio especial, por paises e territorios estatisticos",42,M,Noruega,imports_from_norway_special_trade_current_escudos,266931,266931,PTE,thousand current escudos,1000,special trade; import values declared by importers and accepted by customs per explanatory note,"INE statistical territories as printed in the 1968 volume; partner rows are listed under Europa without bloc subtotals, and Finland and Ireland are not printed separately",transcribed,"Printed Ultramar import subtotal 5 342 775; the seven printed territory rows sum to 5 342 822, a 47 unit residual. The printed Europa import subtotal 21 353 281 is reproduced to within 100 units by its printed country rows. Estado da India, Finland and Ireland are not printed separately in this volume.",visual_transcription_pass_1,2026-08-13,pass_1,double_entry_verified
ine_external_trade_yearbook,ine_external_trade_1968_volume_i.pdf,5b704c0157733f280f0717e72f2d2de830db39e75414dbfe28c86e9d8a5c05fa,1969,1968,"Quadro X - Comercio especial, por paises e territorios estatisticos",42,M,Suecia,imports_from_sweden_special_trade_current_escudos,859062,859062,PTE,thousand current escudos,1000,special trade; import values declared by importers and accepted by customs per explanatory note,"INE statistical territories as printed in the 1968 volume; partner rows are listed under Europa without bloc subtotals, and Finland and Ireland are not printed separately",transcribed,"Printed Ultramar import subtotal 5 342 775; the seven printed territory rows sum to 5 342 822, a 47 unit residual. The printed Europa import subtotal 21 353 281 is reproduced to within 100 units by its printed country rows. Estado da India, Finland and Ireland are not printed separately in this volume.",visual_transcription_pass_1,2026-08-13,pass_1,double_entry_verified
ine_external_trade_yearbook,ine_external_trade_1968_volume_i.pdf,5b704c0157733f280f0717e72f2d2de830db39e75414dbfe28c86e9d8a5c05fa,1969,1968,"Quadro X - Comercio especial, por paises e territorios estatisticos",42,M,Suica,imports_from_switzerland_liechtenstein_special_trade_current_escudos,1195895,1195895,PTE,thousand current escudos,1000,special trade; import values declared by importers and accepted by customs per explanatory note,"INE statistical territories as printed in the 1968 volume; partner rows are listed under Europa without bloc subtotals, and Finland and Ireland are not printed separately",transcribed,"Printed Ultramar import subtotal 5 342 775; the seven printed territory rows sum to 5 342 822, a 47 unit residual. The printed Europa import subtotal 21 353 281 is reproduced to within 100 units by its printed country rows. Estado da India, Finland and Ireland are not printed separately in this volume.",visual_transcription_pass_1,2026-08-13,pass_1,double_entry_verified
ine_external_trade_yearbook,ine_external_trade_1968_volume_i.pdf,5b704c0157733f280f0717e72f2d2de830db39e75414dbfe28c86e9d8a5c05fa,1969,1968,"Quadro X - Comercio especial, por paises e territorios estatisticos",42,M,Reino Unido,imports_from_united_kingdom_special_trade_current_escudos,4409706,4409706,PTE,thousand current escudos,1000,special trade; import values declared by importers and accepted by customs per explanatory note,"INE statistical territories as printed in the 1968 volume; partner rows are listed under Europa without bloc subtotals, and Finland and Ireland are not printed separately",transcribed,"Printed Ultramar import subtotal 5 342 775; the seven printed territory rows sum to 5 342 822, a 47 unit residual. The printed Europa import subtotal 21 353 281 is reproduced to within 100 units by its printed country rows. Estado da India, Finland and Ireland are not printed separately in this volume.",visual_transcription_pass_1,2026-08-13,pass_1,double_entry_verified
ine_external_trade_yearbook,ine_external_trade_1968_volume_i.pdf,5b704c0157733f280f0717e72f2d2de830db39e75414dbfe28c86e9d8a5c05fa,1969,1968,"Quadro X - Comercio especial, por paises e territorios estatisticos",43,X,World,total_exports_special_trade_current_escudos,21916557,21916557,PTE,thousand current escudos,1000,special trade; export values follow INE explanatory note conventions,"INE statistical territories as printed in the 1968 volume; partner rows are listed under Europa without bloc subtotals, and Finland and Ireland are not printed separately",transcribed,"Printed Ultramar export subtotal 5 475 551; the seven printed territory rows sum to 5 474 950, a 601 unit residual. The printed Europa export subtotal 11 989 729 is reproduced exactly by its printed country rows. Estado da India, Finland and Ireland are not printed separately in this volume.",visual_transcription_pass_1,2026-08-13,pass_1,double_entry_verified
ine_external_trade_yearbook,ine_external_trade_1968_volume_i.pdf,5b704c0157733f280f0717e72f2d2de830db39e75414dbfe28c86e9d8a5c05fa,1969,1968,"Quadro X - Comercio especial, por paises e territorios estatisticos",43,X,Provincias Ultramarinas,exports_to_overseas_territories_special_trade_current_escudos,5475551,5475551,PTE,thousand current escudos,1000,special trade; export values follow INE explanatory note conventions,Provincias Ultramarinas row in the INE statistical-territory table; individual territories are listed separately below the aggregate row,transcribed,"Printed Ultramar export subtotal 5 475 551; the seven printed territory rows sum to 5 474 950, a 601 unit residual. The printed Europa export subtotal 11 989 729 is reproduced exactly by its printed country rows. Estado da India, Finland and Ireland are not printed separately in this volume.",visual_transcription_pass_1,2026-08-13,pass_1,double_entry_verified
ine_external_trade_yearbook,ine_external_trade_1968_volume_i.pdf,5b704c0157733f280f0717e72f2d2de830db39e75414dbfe28c86e9d8a5c05fa,1969,1968,"Quadro X - Comercio especial, por paises e territorios estatisticos",43,X,Cabo Verde,exports_to_cabo_verde_special_trade_current_escudos,137026,137026,PTE,thousand current escudos,1000,special trade; export values follow INE explanatory note conventions,Provincias Ultramarinas row in the INE statistical-territory table; individual territories are listed separately below the aggregate row,transcribed,"Printed Ultramar export subtotal 5 475 551; the seven printed territory rows sum to 5 474 950, a 601 unit residual. The printed Europa export subtotal 11 989 729 is reproduced exactly by its printed country rows. Estado da India, Finland and Ireland are not printed separately in this volume.",visual_transcription_pass_1,2026-08-13,pass_1,double_entry_verified
ine_external_trade_yearbook,ine_external_trade_1968_volume_i.pdf,5b704c0157733f280f0717e72f2d2de830db39e75414dbfe28c86e9d8a5c05fa,1969,1968,"Quadro X - Comercio especial, por paises e territorios estatisticos",43,X,Guine,exports_to_guinea_bissau_special_trade_current_escudos,295564,295564,PTE,thousand current escudos,1000,special trade; export values follow INE explanatory note conventions,Provincias Ultramarinas row in the INE statistical-territory table; individual territories are listed separately below the aggregate row,transcribed,"Printed Ultramar export subtotal 5 475 551; the seven printed territory rows sum to 5 474 950, a 601 unit residual. The printed Europa export subtotal 11 989 729 is reproduced exactly by its printed country rows. Estado da India, Finland and Ireland are not printed separately in this volume.",visual_transcription_pass_1,2026-08-13,pass_1,double_entry_verified
ine_external_trade_yearbook,ine_external_trade_1968_volume_i.pdf,5b704c0157733f280f0717e72f2d2de830db39e75414dbfe28c86e9d8a5c05fa,1969,1968,"Quadro X - Comercio especial, por paises e territorios estatisticos",43,X,S. Tome e Principe,exports_to_sao_tome_principe_special_trade_current_escudos,81380,81380,PTE,thousand current escudos,1000,special trade; export values follow INE explanatory note conventions,Provincias Ultramarinas row in the INE statistical-territory table; individual territories are listed separately below the aggregate row,transcribed,"Printed Ultramar export subtotal 5 475 551; the seven printed territory rows sum to 5 474 950, a 601 unit residual. The printed Europa export subtotal 11 989 729 is reproduced exactly by its printed country rows. Estado da India, Finland and Ireland are not printed separately in this volume.",visual_transcription_pass_1,2026-08-13,pass_1,double_entry_verified
ine_external_trade_yearbook,ine_external_trade_1968_volume_i.pdf,5b704c0157733f280f0717e72f2d2de830db39e75414dbfe28c86e9d8a5c05fa,1969,1968,"Quadro X - Comercio especial, por paises e territorios estatisticos",43,X,Angola,exports_to_angola_special_trade_current_escudos,2916518,2916518,PTE,thousand current escudos,1000,special trade; export values follow INE explanatory note conventions,Provincias Ultramarinas row in the INE statistical-territory table; individual territories are listed separately below the aggregate row,transcribed,"Printed Ultramar export subtotal 5 475 551; the seven printed territory rows sum to 5 474 950, a 601 unit residual. The printed Europa export subtotal 11 989 729 is reproduced exactly by its printed country rows. Estado da India, Finland and Ireland are not printed separately in this volume.",visual_transcription_pass_1,2026-08-13,pass_1,double_entry_verified
ine_external_trade_yearbook,ine_external_trade_1968_volume_i.pdf,5b704c0157733f280f0717e72f2d2de830db39e75414dbfe28c86e9d8a5c05fa,1969,1968,"Quadro X - Comercio especial, por paises e territorios estatisticos",43,X,Mocambique,exports_to_mozambique_special_trade_current_escudos,1984548,1984548,PTE,thousand current escudos,1000,special trade; export values follow INE explanatory note conventions,Provincias Ultramarinas row in the INE statistical-territory table; individual territories are listed separately below the aggregate row,transcribed,"Printed Ultramar export subtotal 5 475 551; the seven printed territory rows sum to 5 474 950, a 601 unit residual. The printed Europa export subtotal 11 989 729 is reproduced exactly by its printed country rows. Estado da India, Finland and Ireland are not printed separately in this volume.",visual_transcription_pass_1,2026-08-13,pass_1,double_entry_verified
ine_external_trade_yearbook,ine_external_trade_1968_volume_i.pdf,5b704c0157733f280f0717e72f2d2de830db39e75414dbfe28c86e9d8a5c05fa,1969,1968,"Quadro X - Comercio especial, por paises e territorios estatisticos",43,X,Macau,exports_to_macao_special_trade_current_escudos,14269,14269,PTE,thousand current escudos,1000,special trade; export values follow INE explanatory note conventions,Provincias Ultramarinas row in the INE statistical-territory table; individual territories are listed separately below the aggregate row,transcribed,"Printed Ultramar export subtotal 5 475 551; the seven printed territory rows sum to 5 474 950, a 601 unit residual. The printed Europa export subtotal 11 989 729 is reproduced exactly by its printed country rows. Estado da India, Finland and Ireland are not printed separately in this volume.",visual_transcription_pass_1,2026-08-13,pass_1,double_entry_verified
ine_external_trade_yearbook,ine_external_trade_1968_volume_i.pdf,5b704c0157733f280f0717e72f2d2de830db39e75414dbfe28c86e9d8a5c05fa,1969,1968,"Quadro X - Comercio especial, por paises e territorios estatisticos",43,X,Timor,exports_to_timor_leste_special_trade_current_escudos,45645,45645,PTE,thousand current escudos,1000,special trade; export values follow INE explanatory note conventions,Provincias Ultramarinas row in the INE statistical-territory table; individual territories are listed separately below the aggregate row,transcribed,"Printed Ultramar export subtotal 5 475 551; the seven printed territory rows sum to 5 474 950, a 601 unit residual. The printed Europa export subtotal 11 989 729 is reproduced exactly by its printed country rows. Estado da India, Finland and Ireland are not printed separately in this volume.",visual_transcription_pass_1,2026-08-13,pass_1,double_entry_verified
ine_external_trade_yearbook,ine_external_trade_1968_volume_i.pdf,5b704c0157733f280f0717e72f2d2de830db39e75414dbfe28c86e9d8a5c05fa,1969,1968,"Quadro X - Comercio especial, por paises e territorios estatisticos",43,X,Austria,exports_to_austria_special_trade_current_escudos,329209,329209,PTE,thousand current escudos,1000,special trade; export values follow INE explanatory note conventions,"INE statistical territories as printed in the 1968 volume; partner rows are listed under Europa without bloc subtotals, and Finland and Ireland are not printed separately",transcribed,"Printed Ultramar export subtotal 5 475 551; the seven printed territory rows sum to 5 474 950, a 601 unit residual. The printed Europa export subtotal 11 989 729 is reproduced exactly by its printed country rows. Estado da India, Finland and Ireland are not printed separately in this volume.",visual_transcription_pass_1,2026-08-13,pass_1,double_entry_verified
ine_external_trade_yearbook,ine_external_trade_1968_volume_i.pdf,5b704c0157733f280f0717e72f2d2de830db39e75414dbfe28c86e9d8a5c05fa,1969,1968,"Quadro X - Comercio especial, por paises e territorios estatisticos",43,X,Belgica-Luxemburgo,exports_to_belgium_luxembourg_special_trade_current_escudos,416276,416276,PTE,thousand current escudos,1000,special trade; export values follow INE explanatory note conventions,"INE statistical territories as printed in the 1968 volume; partner rows are listed under Europa without bloc subtotals, and Finland and Ireland are not printed separately",transcribed,"Printed Ultramar export subtotal 5 475 551; the seven printed territory rows sum to 5 474 950, a 601 unit residual. The printed Europa export subtotal 11 989 729 is reproduced exactly by its printed country rows. Estado da India, Finland and Ireland are not printed separately in this volume.",visual_transcription_pass_1,2026-08-13,pass_1,double_entry_verified
ine_external_trade_yearbook,ine_external_trade_1968_volume_i.pdf,5b704c0157733f280f0717e72f2d2de830db39e75414dbfe28c86e9d8a5c05fa,1969,1968,"Quadro X - Comercio especial, por paises e territorios estatisticos",43,X,Dinamarca,exports_to_denmark_special_trade_current_escudos,546450,546450,PTE,thousand current escudos,1000,special trade; export values follow INE explanatory note conventions,"INE statistical territories as printed in the 1968 volume; partner rows are listed under Europa without bloc subtotals, and Finland and Ireland are not printed separately",transcribed,"Printed Ultramar export subtotal 5 475 551; the seven printed territory rows sum to 5 474 950, a 601 unit residual. The printed Europa export subtotal 11 989 729 is reproduced exactly by its printed country rows. Estado da India, Finland and Ireland are not printed separately in this volume.",visual_transcription_pass_1,2026-08-13,pass_1,double_entry_verified
ine_external_trade_yearbook,ine_external_trade_1968_volume_i.pdf,5b704c0157733f280f0717e72f2d2de830db39e75414dbfe28c86e9d8a5c05fa,1969,1968,"Quadro X - Comercio especial, por paises e territorios estatisticos",43,X,Franca,exports_to_france_special_trade_current_escudos,1006611,1006611,PTE,thousand current escudos,1000,special trade; export values follow INE explanatory note conventions,"INE statistical territories as printed in the 1968 volume; partner rows are listed under Europa without bloc subtotals, and Finland and Ireland are not printed separately",transcribed,"Printed Ultramar export subtotal 5 475 551; the seven printed territory rows sum to 5 474 950, a 601 unit residual. The printed Europa export subtotal 11 989 729 is reproduced exactly by its printed country rows. Estado da India, Finland and Ireland are not printed separately in this volume.",visual_transcription_pass_1,2026-08-13,pass_1,double_entry_verified
ine_external_trade_yearbook,ine_external_trade_1968_volume_i.pdf,5b704c0157733f280f0717e72f2d2de830db39e75414dbfe28c86e9d8a5c05fa,1969,1968,"Quadro X - Comercio especial, por paises e territorios estatisticos",43,X,Alemanha (Republica Federal),exports_to_west_germany_special_trade_current_escudos,1257724,1257724,PTE,thousand current escudos,1000,special trade; export values follow INE explanatory note conventions,"INE statistical territories as printed in the 1968 volume; partner rows are listed under Europa without bloc subtotals, and Finland and Ireland are not printed separately",transcribed,"Printed Ultramar export subtotal 5 475 551; the seven printed territory rows sum to 5 474 950, a 601 unit residual. The printed Europa export subtotal 11 989 729 is reproduced exactly by its printed country rows. Estado da India, Finland and Ireland are not printed separately in this volume.",visual_transcription_pass_1,2026-08-13,pass_1,double_entry_verified
ine_external_trade_yearbook,ine_external_trade_1968_volume_i.pdf,5b704c0157733f280f0717e72f2d2de830db39e75414dbfe28c86e9d8a5c05fa,1969,1968,"Quadro X - Comercio especial, por paises e territorios estatisticos",43,X,Italia,exports_to_italy_special_trade_current_escudos,489826,489826,PTE,thousand current escudos,1000,special trade; export values follow INE explanatory note conventions,"INE statistical territories as printed in the 1968 volume; partner rows are listed under Europa without bloc subtotals, and Finland and Ireland are not printed separately",transcribed,"Printed Ultramar export subtotal 5 475 551; the seven printed territory rows sum to 5 474 950, a 601 unit residual. The printed Europa export subtotal 11 989 729 is reproduced exactly by its printed country rows. Estado da India, Finland and Ireland are not printed separately in this volume.",visual_transcription_pass_1,2026-08-13,pass_1,double_entry_verified
ine_external_trade_yearbook,ine_external_trade_1968_volume_i.pdf,5b704c0157733f280f0717e72f2d2de830db39e75414dbfe28c86e9d8a5c05fa,1969,1968,"Quadro X - Comercio especial, por paises e territorios estatisticos",43,X,Holanda,exports_to_netherlands_special_trade_current_escudos,475179,475179,PTE,thousand current escudos,1000,special trade; export values follow INE explanatory note conventions,"INE statistical territories as printed in the 1968 volume; partner rows are listed under Europa without bloc subtotals, and Finland and Ireland are not printed separately",transcribed,"Printed Ultramar export subtotal 5 475 551; the seven printed territory rows sum to 5 474 950, a 601 unit residual. The printed Europa export subtotal 11 989 729 is reproduced exactly by its printed country rows. Estado da India, Finland and Ireland are not printed separately in this volume.",visual_transcription_pass_1,2026-08-13,pass_1,double_entry_verified
ine_external_trade_yearbook,ine_external_trade_1968_volume_i.pdf,5b704c0157733f280f0717e72f2d2de830db39e75414dbfe28c86e9d8a5c05fa,1969,1968,"Quadro X - Comercio especial, por paises e territorios estatisticos",43,X,Noruega,exports_to_norway_special_trade_current_escudos,283091,283091,PTE,thousand current escudos,1000,special trade; export values follow INE explanatory note conventions,"INE statistical territories as printed in the 1968 volume; partner rows are listed under Europa without bloc subtotals, and Finland and Ireland are not printed separately",transcribed,"Printed Ultramar export subtotal 5 475 551; the seven printed territory rows sum to 5 474 950, a 601 unit residual. The printed Europa export subtotal 11 989 729 is reproduced exactly by its printed country rows. Estado da India, Finland and Ireland are not printed separately in this volume.",visual_transcription_pass_1,2026-08-13,pass_1,double_entry_verified
ine_external_trade_yearbook,ine_external_trade_1968_volume_i.pdf,5b704c0157733f280f0717e72f2d2de830db39e75414dbfe28c86e9d8a5c05fa,1969,1968,"Quadro X - Comercio especial, por paises e territorios estatisticos",43,X,Suecia,exports_to_sweden_special_trade_current_escudos,1138408,1138408,PTE,thousand current escudos,1000,special trade; export values follow INE explanatory note conventions,"INE statistical territories as printed in the 1968 volume; partner rows are listed under Europa without bloc subtotals, and Finland and Ireland are not printed separately",transcribed,"Printed Ultramar export subtotal 5 475 551; the seven printed territory rows sum to 5 474 950, a 601 unit residual. The printed Europa export subtotal 11 989 729 is reproduced exactly by its printed country rows. Estado da India, Finland and Ireland are not printed separately in this volume.",visual_transcription_pass_1,2026-08-13,pass_1,double_entry_verified
ine_external_trade_yearbook,ine_external_trade_1968_volume_i.pdf,5b704c0157733f280f0717e72f2d2de830db39e75414dbfe28c86e9d8a5c05fa,1969,1968,"Quadro X - Comercio especial, por paises e territorios estatisticos",43,X,Suica,exports_to_switzerland_liechtenstein_special_trade_current_escudos,397772,397772,PTE,thousand current escudos,1000,special trade; export values follow INE explanatory note conventions,"INE statistical territories as printed in the 1968 volume; partner rows are listed under Europa without bloc subtotals, and Finland and Ireland are not printed separately",transcribed,"Printed Ultramar export subtotal 5 475 551; the seven printed territory rows sum to 5 474 950, a 601 unit residual. The printed Europa export subtotal 11 989 729 is reproduced exactly by its printed country rows. Estado da India, Finland and Ireland are not printed separately in this volume.",visual_transcription_pass_1,2026-08-13,pass_1,double_entry_verified
ine_external_trade_yearbook,ine_external_trade_1968_volume_i.pdf,5b704c0157733f280f0717e72f2d2de830db39e75414dbfe28c86e9d8a5c05fa,1969,1968,"Quadro X - Comercio especial, por paises e territorios estatisticos",43,X,Reino Unido,exports_to_united_kingdom_special_trade_current_escudos,4611371,4611371,PTE,thousand current escudos,1000,special trade; export values follow INE explanatory note conventions,"INE statistical territories as printed in the 1968 volume; partner rows are listed under Europa without bloc subtotals, and Finland and Ireland are not printed separately",transcribed,"Printed Ultramar export subtotal 5 475 551; the seven printed territory rows sum to 5 474 950, a 601 unit residual. The printed Europa export subtotal 11 989 729 is reproduced exactly by its printed country rows. Estado da India, Finland and Ireland are not printed separately in this volume.",visual_transcription_pass_1,2026-08-13,pass_1,double_entry_verified
ine_external_trade_yearbook,ine_external_trade_1967_volume_i.pdf,cfc4ad022d205c7c390485575871ee3773eae0f78a5b4ce5e2d5c8420c14242d,1968,1967,"Quadro III - Comercio especial, por paises e territorios estatisticos",46,M,World,total_imports_special_trade_current_escudos,30452613,30452613,PTE,thousand current escudos,1000,special trade; import values declared by importers and accepted by customs per explanatory note,"INE statistical territories as printed in the 1967 volume; partner rows are listed under Europa without bloc subtotals, and Finland and Ireland are not printed separately",transcribed,"Printed Ultramar import subtotal 4 352 301 and the printed Europa import subtotal 19 455 999 are each reproduced exactly by their printed rows. Estado da India, Finland and Ireland are not printed separately in this volume.",visual_transcription_pass_1,2026-08-13,pass_1,double_entry_verified
ine_external_trade_yearbook,ine_external_trade_1967_volume_i.pdf,cfc4ad022d205c7c390485575871ee3773eae0f78a5b4ce5e2d5c8420c14242d,1968,1967,"Quadro III - Comercio especial, por paises e territorios estatisticos",46,M,Provincias Ultramarinas,imports_from_overseas_territories_special_trade_current_escudos,4352301,4352301,PTE,thousand current escudos,1000,special trade; import values declared by importers and accepted by customs per explanatory note,Provincias Ultramarinas row in the INE statistical-territory table; individual territories are listed separately below the aggregate row,transcribed,"Printed Ultramar import subtotal 4 352 301 and the printed Europa import subtotal 19 455 999 are each reproduced exactly by their printed rows. Estado da India, Finland and Ireland are not printed separately in this volume.",visual_transcription_pass_1,2026-08-13,pass_1,double_entry_verified
ine_external_trade_yearbook,ine_external_trade_1967_volume_i.pdf,cfc4ad022d205c7c390485575871ee3773eae0f78a5b4ce5e2d5c8420c14242d,1968,1967,"Quadro III - Comercio especial, por paises e territorios estatisticos",46,M,Cabo Verde,imports_from_cabo_verde_special_trade_current_escudos,26608,26608,PTE,thousand current escudos,1000,special trade; import values declared by importers and accepted by customs per explanatory note,Provincias Ultramarinas row in the INE statistical-territory table; individual territories are listed separately below the aggregate row,transcribed,"Printed Ultramar import subtotal 4 352 301 and the printed Europa import subtotal 19 455 999 are each reproduced exactly by their printed rows. Estado da India, Finland and Ireland are not printed separately in this volume.",visual_transcription_pass_1,2026-08-13,pass_1,double_entry_verified
ine_external_trade_yearbook,ine_external_trade_1967_volume_i.pdf,cfc4ad022d205c7c390485575871ee3773eae0f78a5b4ce5e2d5c8420c14242d,1968,1967,"Quadro III - Comercio especial, por paises e territorios estatisticos",46,M,Guine,imports_from_guinea_bissau_special_trade_current_escudos,79711,79711,PTE,thousand current escudos,1000,special trade; import values declared by importers and accepted by customs per explanatory note,Provincias Ultramarinas row in the INE statistical-territory table; individual territories are listed separately below the aggregate row,transcribed,"Printed Ultramar import subtotal 4 352 301 and the printed Europa import subtotal 19 455 999 are each reproduced exactly by their printed rows. Estado da India, Finland and Ireland are not printed separately in this volume.",visual_transcription_pass_1,2026-08-13,pass_1,double_entry_verified
ine_external_trade_yearbook,ine_external_trade_1967_volume_i.pdf,cfc4ad022d205c7c390485575871ee3773eae0f78a5b4ce5e2d5c8420c14242d,1968,1967,"Quadro III - Comercio especial, por paises e territorios estatisticos",46,M,S. Tome e Principe,imports_from_sao_tome_principe_special_trade_current_escudos,58923,58923,PTE,thousand current escudos,1000,special trade; import values declared by importers and accepted by customs per explanatory note,Provincias Ultramarinas row in the INE statistical-territory table; individual territories are listed separately below the aggregate row,transcribed,"Printed Ultramar import subtotal 4 352 301 and the printed Europa import subtotal 19 455 999 are each reproduced exactly by their printed rows. Estado da India, Finland and Ireland are not printed separately in this volume.",visual_transcription_pass_1,2026-08-13,pass_1,double_entry_verified
ine_external_trade_yearbook,ine_external_trade_1967_volume_i.pdf,cfc4ad022d205c7c390485575871ee3773eae0f78a5b4ce5e2d5c8420c14242d,1968,1967,"Quadro III - Comercio especial, por paises e territorios estatisticos",46,M,Angola,imports_from_angola_special_trade_current_escudos,2524292,2524292,PTE,thousand current escudos,1000,special trade; import values declared by importers and accepted by customs per explanatory note,Provincias Ultramarinas row in the INE statistical-territory table; individual territories are listed separately below the aggregate row,transcribed,"Printed Ultramar import subtotal 4 352 301 and the printed Europa import subtotal 19 455 999 are each reproduced exactly by their printed rows. Estado da India, Finland and Ireland are not printed separately in this volume.",visual_transcription_pass_1,2026-08-13,pass_1,double_entry_verified
ine_external_trade_yearbook,ine_external_trade_1967_volume_i.pdf,cfc4ad022d205c7c390485575871ee3773eae0f78a5b4ce5e2d5c8420c14242d,1968,1967,"Quadro III - Comercio especial, por paises e territorios estatisticos",46,M,Mocambique,imports_from_mozambique_special_trade_current_escudos,1600753,1600753,PTE,thousand current escudos,1000,special trade; import values declared by importers and accepted by customs per explanatory note,Provincias Ultramarinas row in the INE statistical-territory table; individual territories are listed separately below the aggregate row,transcribed,"Printed Ultramar import subtotal 4 352 301 and the printed Europa import subtotal 19 455 999 are each reproduced exactly by their printed rows. Estado da India, Finland and Ireland are not printed separately in this volume.",visual_transcription_pass_1,2026-08-13,pass_1,double_entry_verified
ine_external_trade_yearbook,ine_external_trade_1967_volume_i.pdf,cfc4ad022d205c7c390485575871ee3773eae0f78a5b4ce5e2d5c8420c14242d,1968,1967,"Quadro III - Comercio especial, por paises e territorios estatisticos",46,M,Macau,imports_from_macao_special_trade_current_escudos,50440,50440,PTE,thousand current escudos,1000,special trade; import values declared by importers and accepted by customs per explanatory note,Provincias Ultramarinas row in the INE statistical-territory table; individual territories are listed separately below the aggregate row,transcribed,"Printed Ultramar import subtotal 4 352 301 and the printed Europa import subtotal 19 455 999 are each reproduced exactly by their printed rows. Estado da India, Finland and Ireland are not printed separately in this volume.",visual_transcription_pass_1,2026-08-13,pass_1,double_entry_verified
ine_external_trade_yearbook,ine_external_trade_1967_volume_i.pdf,cfc4ad022d205c7c390485575871ee3773eae0f78a5b4ce5e2d5c8420c14242d,1968,1967,"Quadro III - Comercio especial, por paises e territorios estatisticos",46,M,Timor,imports_from_timor_leste_special_trade_current_escudos,11574,11574,PTE,thousand current escudos,1000,special trade; import values declared by importers and accepted by customs per explanatory note,Provincias Ultramarinas row in the INE statistical-territory table; individual territories are listed separately below the aggregate row,transcribed,"Printed Ultramar import subtotal 4 352 301 and the printed Europa import subtotal 19 455 999 are each reproduced exactly by their printed rows. Estado da India, Finland and Ireland are not printed separately in this volume.",visual_transcription_pass_1,2026-08-13,pass_1,double_entry_verified
ine_external_trade_yearbook,ine_external_trade_1967_volume_i.pdf,cfc4ad022d205c7c390485575871ee3773eae0f78a5b4ce5e2d5c8420c14242d,1968,1967,"Quadro III - Comercio especial, por paises e territorios estatisticos",46,M,Austria,imports_from_austria_special_trade_current_escudos,294411,294411,PTE,thousand current escudos,1000,special trade; import values declared by importers and accepted by customs per explanatory note,"INE statistical territories as printed in the 1967 volume; partner rows are listed under Europa without bloc subtotals, and Finland and Ireland are not printed separately",transcribed,"Printed Ultramar import subtotal 4 352 301 and the printed Europa import subtotal 19 455 999 are each reproduced exactly by their printed rows. Estado da India, Finland and Ireland are not printed separately in this volume.",visual_transcription_pass_1,2026-08-13,pass_1,double_entry_verified
ine_external_trade_yearbook,ine_external_trade_1967_volume_i.pdf,cfc4ad022d205c7c390485575871ee3773eae0f78a5b4ce5e2d5c8420c14242d,1968,1967,"Quadro III - Comercio especial, por paises e territorios estatisticos",46,M,Belgica-Luxemburgo,imports_from_belgium_luxembourg_special_trade_current_escudos,848405,848405,PTE,thousand current escudos,1000,special trade; import values declared by importers and accepted by customs per explanatory note,"INE statistical territories as printed in the 1967 volume; partner rows are listed under Europa without bloc subtotals, and Finland and Ireland are not printed separately",transcribed,"Printed Ultramar import subtotal 4 352 301 and the printed Europa import subtotal 19 455 999 are each reproduced exactly by their printed rows. Estado da India, Finland and Ireland are not printed separately in this volume.",visual_transcription_pass_1,2026-08-13,pass_1,double_entry_verified
ine_external_trade_yearbook,ine_external_trade_1967_volume_i.pdf,cfc4ad022d205c7c390485575871ee3773eae0f78a5b4ce5e2d5c8420c14242d,1968,1967,"Quadro III - Comercio especial, por paises e territorios estatisticos",46,M,Dinamarca,imports_from_denmark_special_trade_current_escudos,372049,372049,PTE,thousand current escudos,1000,special trade; import values declared by importers and accepted by customs per explanatory note,"INE statistical territories as printed in the 1967 volume; partner rows are listed under Europa without bloc subtotals, and Finland and Ireland are not printed separately",transcribed,"Printed Ultramar import subtotal 4 352 301 and the printed Europa import subtotal 19 455 999 are each reproduced exactly by their printed rows. Estado da India, Finland and Ireland are not printed separately in this volume.",visual_transcription_pass_1,2026-08-13,pass_1,double_entry_verified
ine_external_trade_yearbook,ine_external_trade_1967_volume_i.pdf,cfc4ad022d205c7c390485575871ee3773eae0f78a5b4ce5e2d5c8420c14242d,1968,1967,"Quadro III - Comercio especial, por paises e territorios estatisticos",46,M,Franca,imports_from_france_special_trade_current_escudos,2091697,2091697,PTE,thousand current escudos,1000,special trade; import values declared by importers and accepted by customs per explanatory note,"INE statistical territories as printed in the 1967 volume; partner rows are listed under Europa without bloc subtotals, and Finland and Ireland are not printed separately",transcribed,"Printed Ultramar import subtotal 4 352 301 and the printed Europa import subtotal 19 455 999 are each reproduced exactly by their printed rows. Estado da India, Finland and Ireland are not printed separately in this volume.",visual_transcription_pass_1,2026-08-13,pass_1,double_entry_verified
ine_external_trade_yearbook,ine_external_trade_1967_volume_i.pdf,cfc4ad022d205c7c390485575871ee3773eae0f78a5b4ce5e2d5c8420c14242d,1968,1967,"Quadro III - Comercio especial, por paises e territorios estatisticos",46,M,Alemanha (Republica Federal),imports_from_west_germany_special_trade_current_escudos,4590672,4590672,PTE,thousand current escudos,1000,special trade; import values declared by importers and accepted by customs per explanatory note,"INE statistical territories as printed in the 1967 volume; partner rows are listed under Europa without bloc subtotals, and Finland and Ireland are not printed separately",transcribed,"Printed Ultramar import subtotal 4 352 301 and the printed Europa import subtotal 19 455 999 are each reproduced exactly by their printed rows. Estado da India, Finland and Ireland are not printed separately in this volume.",visual_transcription_pass_1,2026-08-13,pass_1,double_entry_verified
ine_external_trade_yearbook,ine_external_trade_1967_volume_i.pdf,cfc4ad022d205c7c390485575871ee3773eae0f78a5b4ce5e2d5c8420c14242d,1968,1967,"Quadro III - Comercio especial, por paises e territorios estatisticos",46,M,Italia,imports_from_italy_special_trade_current_escudos,1763100,1763100,PTE,thousand current escudos,1000,special trade; import values declared by importers and accepted by customs per explanatory note,"INE statistical territories as printed in the 1967 volume; partner rows are listed under Europa without bloc subtotals, and Finland and Ireland are not printed separately",transcribed,"Printed Ultramar import subtotal 4 352 301 and the printed Europa import subtotal 19 455 999 are each reproduced exactly by their printed rows. Estado da India, Finland and Ireland are not printed separately in this volume.",visual_transcription_pass_1,2026-08-13,pass_1,double_entry_verified
ine_external_trade_yearbook,ine_external_trade_1967_volume_i.pdf,cfc4ad022d205c7c390485575871ee3773eae0f78a5b4ce5e2d5c8420c14242d,1968,1967,"Quadro III - Comercio especial, por paises e territorios estatisticos",46,M,Holanda,imports_from_netherlands_special_trade_current_escudos,906392,906392,PTE,thousand current escudos,1000,special trade; import values declared by importers and accepted by customs per explanatory note,"INE statistical territories as printed in the 1967 volume; partner rows are listed under Europa without bloc subtotals, and Finland and Ireland are not printed separately",transcribed,"Printed Ultramar import subtotal 4 352 301 and the printed Europa import subtotal 19 455 999 are each reproduced exactly by their printed rows. Estado da India, Finland and Ireland are not printed separately in this volume.",visual_transcription_pass_1,2026-08-13,pass_1,double_entry_verified
ine_external_trade_yearbook,ine_external_trade_1967_volume_i.pdf,cfc4ad022d205c7c390485575871ee3773eae0f78a5b4ce5e2d5c8420c14242d,1968,1967,"Quadro III - Comercio especial, por paises e territorios estatisticos",46,M,Noruega,imports_from_norway_special_trade_current_escudos,253468,253468,PTE,thousand current escudos,1000,special trade; import values declared by importers and accepted by customs per explanatory note,"INE statistical territories as printed in the 1967 volume; partner rows are listed under Europa without bloc subtotals, and Finland and Ireland are not printed separately",transcribed,"Printed Ultramar import subtotal 4 352 301 and the printed Europa import subtotal 19 455 999 are each reproduced exactly by their printed rows. Estado da India, Finland and Ireland are not printed separately in this volume.",visual_transcription_pass_1,2026-08-13,pass_1,double_entry_verified
ine_external_trade_yearbook,ine_external_trade_1967_volume_i.pdf,cfc4ad022d205c7c390485575871ee3773eae0f78a5b4ce5e2d5c8420c14242d,1968,1967,"Quadro III - Comercio especial, por paises e territorios estatisticos",46,M,Suecia,imports_from_sweden_special_trade_current_escudos,769446,769446,PTE,thousand current escudos,1000,special trade; import values declared by importers and accepted by customs per explanatory note,"INE statistical territories as printed in the 1967 volume; partner rows are listed under Europa without bloc subtotals, and Finland and Ireland are not printed separately",transcribed,"Printed Ultramar import subtotal 4 352 301 and the printed Europa import subtotal 19 455 999 are each reproduced exactly by their printed rows. Estado da India, Finland and Ireland are not printed separately in this volume.",visual_transcription_pass_1,2026-08-13,pass_1,double_entry_verified
ine_external_trade_yearbook,ine_external_trade_1967_volume_i.pdf,cfc4ad022d205c7c390485575871ee3773eae0f78a5b4ce5e2d5c8420c14242d,1968,1967,"Quadro III - Comercio especial, por paises e territorios estatisticos",46,M,Suica,imports_from_switzerland_liechtenstein_special_trade_current_escudos,1109572,1109572,PTE,thousand current escudos,1000,special trade; import values declared by importers and accepted by customs per explanatory note,"INE statistical territories as printed in the 1967 volume; partner rows are listed under Europa without bloc subtotals, and Finland and Ireland are not printed separately",transcribed,"Printed Ultramar import subtotal 4 352 301 and the printed Europa import subtotal 19 455 999 are each reproduced exactly by their printed rows. Estado da India, Finland and Ireland are not printed separately in this volume.",visual_transcription_pass_1,2026-08-13,pass_1,double_entry_verified
ine_external_trade_yearbook,ine_external_trade_1967_volume_i.pdf,cfc4ad022d205c7c390485575871ee3773eae0f78a5b4ce5e2d5c8420c14242d,1968,1967,"Quadro III - Comercio especial, por paises e territorios estatisticos",46,M,Reino Unido,imports_from_united_kingdom_special_trade_current_escudos,4164407,4164407,PTE,thousand current escudos,1000,special trade; import values declared by importers and accepted by customs per explanatory note,"INE statistical territories as printed in the 1967 volume; partner rows are listed under Europa without bloc subtotals, and Finland and Ireland are not printed separately",transcribed,"Printed Ultramar import subtotal 4 352 301 and the printed Europa import subtotal 19 455 999 are each reproduced exactly by their printed rows. Estado da India, Finland and Ireland are not printed separately in this volume.",visual_transcription_pass_1,2026-08-13,pass_1,double_entry_verified
ine_external_trade_yearbook,ine_external_trade_1967_volume_i.pdf,cfc4ad022d205c7c390485575871ee3773eae0f78a5b4ce5e2d5c8420c14242d,1968,1967,"Quadro III - Comercio especial, por paises e territorios estatisticos",48,X,World,total_exports_special_trade_current_escudos,20166184,20166184,PTE,thousand current escudos,1000,special trade; export values follow INE explanatory note conventions,"INE statistical territories as printed in the 1967 volume; partner rows are listed under Europa without bloc subtotals, and Finland and Ireland are not printed separately",transcribed,"Printed Ultramar export subtotal 4 917 434 is reproduced exactly by its printed territory rows, and the printed country rows sum to the printed Europa export subtotal 11 137 480. Estado da India, Finland and Ireland are not printed separately in this volume.",visual_transcription_pass_1,2026-08-13,pass_1,double_entry_verified
ine_external_trade_yearbook,ine_external_trade_1967_volume_i.pdf,cfc4ad022d205c7c390485575871ee3773eae0f78a5b4ce5e2d5c8420c14242d,1968,1967,"Quadro III - Comercio especial, por paises e territorios estatisticos",48,X,Provincias Ultramarinas,exports_to_overseas_territories_special_trade_current_escudos,4917434,4917434,PTE,thousand current escudos,1000,special trade; export values follow INE explanatory note conventions,Provincias Ultramarinas row in the INE statistical-territory table; individual territories are listed separately below the aggregate row,transcribed,"Printed Ultramar export subtotal 4 917 434 is reproduced exactly by its printed territory rows, and the printed country rows sum to the printed Europa export subtotal 11 137 480. Estado da India, Finland and Ireland are not printed separately in this volume.",visual_transcription_pass_1,2026-08-13,pass_1,double_entry_verified
ine_external_trade_yearbook,ine_external_trade_1967_volume_i.pdf,cfc4ad022d205c7c390485575871ee3773eae0f78a5b4ce5e2d5c8420c14242d,1968,1967,"Quadro III - Comercio especial, por paises e territorios estatisticos",48,X,Cabo Verde,exports_to_cabo_verde_special_trade_current_escudos,142109,142109,PTE,thousand current escudos,1000,special trade; export values follow INE explanatory note conventions,Provincias Ultramarinas row in the INE statistical-territory table; individual territories are listed separately below the aggregate row,transcribed,"Printed Ultramar export subtotal 4 917 434 is reproduced exactly by its printed territory rows, and the printed country rows sum to the printed Europa export subtotal 11 137 480. Estado da India, Finland and Ireland are not printed separately in this volume.",visual_transcription_pass_1,2026-08-13,pass_1,double_entry_verified
ine_external_trade_yearbook,ine_external_trade_1967_volume_i.pdf,cfc4ad022d205c7c390485575871ee3773eae0f78a5b4ce5e2d5c8420c14242d,1968,1967,"Quadro III - Comercio especial, por paises e territorios estatisticos",48,X,Guine,exports_to_guinea_bissau_special_trade_current_escudos,260975,260975,PTE,thousand current escudos,1000,special trade; export values follow INE explanatory note conventions,Provincias Ultramarinas row in the INE statistical-territory table; individual territories are listed separately below the aggregate row,transcribed,"Printed Ultramar export subtotal 4 917 434 is reproduced exactly by its printed territory rows, and the printed country rows sum to the printed Europa export subtotal 11 137 480. Estado da India, Finland and Ireland are not printed separately in this volume.",visual_transcription_pass_1,2026-08-13,pass_1,double_entry_verified
ine_external_trade_yearbook,ine_external_trade_1967_volume_i.pdf,cfc4ad022d205c7c390485575871ee3773eae0f78a5b4ce5e2d5c8420c14242d,1968,1967,"Quadro III - Comercio especial, por paises e territorios estatisticos",48,X,S. Tome e Principe,exports_to_sao_tome_principe_special_trade_current_escudos,69433,69433,PTE,thousand current escudos,1000,special trade; export values follow INE explanatory note conventions,Provincias Ultramarinas row in the INE statistical-territory table; individual territories are listed separately below the aggregate row,transcribed,"Printed Ultramar export subtotal 4 917 434 is reproduced exactly by its printed territory rows, and the printed country rows sum to the printed Europa export subtotal 11 137 480. Estado da India, Finland and Ireland are not printed separately in this volume.",visual_transcription_pass_1,2026-08-13,pass_1,double_entry_verified
ine_external_trade_yearbook,ine_external_trade_1967_volume_i.pdf,cfc4ad022d205c7c390485575871ee3773eae0f78a5b4ce5e2d5c8420c14242d,1968,1967,"Quadro III - Comercio especial, por paises e territorios estatisticos",48,X,Angola,exports_to_angola_special_trade_current_escudos,2668976,2668976,PTE,thousand current escudos,1000,special trade; export values follow INE explanatory note conventions,Provincias Ultramarinas row in the INE statistical-territory table; individual territories are listed separately below the aggregate row,transcribed,"Printed Ultramar export subtotal 4 917 434 is reproduced exactly by its printed territory rows, and the printed country rows sum to the printed Europa export subtotal 11 137 480. Estado da India, Finland and Ireland are not printed separately in this volume.",visual_transcription_pass_1,2026-08-13,pass_1,double_entry_verified
ine_external_trade_yearbook,ine_external_trade_1967_volume_i.pdf,cfc4ad022d205c7c390485575871ee3773eae0f78a5b4ce5e2d5c8420c14242d,1968,1967,"Quadro III - Comercio especial, por paises e territorios estatisticos",48,X,Mocambique,exports_to_mozambique_special_trade_current_escudos,1729269,1729269,PTE,thousand current escudos,1000,special trade; export values follow INE explanatory note conventions,Provincias Ultramarinas row in the INE statistical-territory table; individual territories are listed separately below the aggregate row,transcribed,"Printed Ultramar export subtotal 4 917 434 is reproduced exactly by its printed territory rows, and the printed country rows sum to the printed Europa export subtotal 11 137 480. Estado da India, Finland and Ireland are not printed separately in this volume.",visual_transcription_pass_1,2026-08-13,pass_1,double_entry_verified
ine_external_trade_yearbook,ine_external_trade_1967_volume_i.pdf,cfc4ad022d205c7c390485575871ee3773eae0f78a5b4ce5e2d5c8420c14242d,1968,1967,"Quadro III - Comercio especial, por paises e territorios estatisticos",48,X,Macau,exports_to_macao_special_trade_current_escudos,10672,10672,PTE,thousand current escudos,1000,special trade; export values follow INE explanatory note conventions,Provincias Ultramarinas row in the INE statistical-territory table; individual territories are listed separately below the aggregate row,transcribed,"Printed Ultramar export subtotal 4 917 434 is reproduced exactly by its printed territory rows, and the printed country rows sum to the printed Europa export subtotal 11 137 480. Estado da India, Finland and Ireland are not printed separately in this volume.",visual_transcription_pass_1,2026-08-13,pass_1,double_entry_verified
ine_external_trade_yearbook,ine_external_trade_1967_volume_i.pdf,cfc4ad022d205c7c390485575871ee3773eae0f78a5b4ce5e2d5c8420c14242d,1968,1967,"Quadro III - Comercio especial, por paises e territorios estatisticos",48,X,Timor,exports_to_timor_leste_special_trade_current_escudos,36000,36000,PTE,thousand current escudos,1000,special trade; export values follow INE explanatory note conventions,Provincias Ultramarinas row in the INE statistical-territory table; individual territories are listed separately below the aggregate row,transcribed,"Printed Ultramar export subtotal 4 917 434 is reproduced exactly by its printed territory rows, and the printed country rows sum to the printed Europa export subtotal 11 137 480. Estado da India, Finland and Ireland are not printed separately in this volume.",visual_transcription_pass_1,2026-08-13,pass_1,double_entry_verified
ine_external_trade_yearbook,ine_external_trade_1967_volume_i.pdf,cfc4ad022d205c7c390485575871ee3773eae0f78a5b4ce5e2d5c8420c14242d,1968,1967,"Quadro III - Comercio especial, por paises e territorios estatisticos",48,X,Austria,exports_to_austria_special_trade_current_escudos,296290,296290,PTE,thousand current escudos,1000,special trade; export values follow INE explanatory note conventions,"INE statistical territories as printed in the 1967 volume; partner rows are listed under Europa without bloc subtotals, and Finland and Ireland are not printed separately",transcribed,"Printed Ultramar export subtotal 4 917 434 is reproduced exactly by its printed territory rows, and the printed country rows sum to the printed Europa export subtotal 11 137 480. Estado da India, Finland and Ireland are not printed separately in this volume.",visual_transcription_pass_1,2026-08-13,pass_1,double_entry_verified
ine_external_trade_yearbook,ine_external_trade_1967_volume_i.pdf,cfc4ad022d205c7c390485575871ee3773eae0f78a5b4ce5e2d5c8420c14242d,1968,1967,"Quadro III - Comercio especial, por paises e territorios estatisticos",48,X,Belgica-Luxemburgo,exports_to_belgium_luxembourg_special_trade_current_escudos,377948,377948,PTE,thousand current escudos,1000,special trade; export values follow INE explanatory note conventions,"INE statistical territories as printed in the 1967 volume; partner rows are listed under Europa without bloc subtotals, and Finland and Ireland are not printed separately",transcribed,"Printed Ultramar export subtotal 4 917 434 is reproduced exactly by its printed territory rows, and the printed country rows sum to the printed Europa export subtotal 11 137 480. Estado da India, Finland and Ireland are not printed separately in this volume.",visual_transcription_pass_1,2026-08-13,pass_1,double_entry_verified
ine_external_trade_yearbook,ine_external_trade_1967_volume_i.pdf,cfc4ad022d205c7c390485575871ee3773eae0f78a5b4ce5e2d5c8420c14242d,1968,1967,"Quadro III - Comercio especial, por paises e territorios estatisticos",48,X,Dinamarca,exports_to_denmark_special_trade_current_escudos,526331,526331,PTE,thousand current escudos,1000,special trade; export values follow INE explanatory note conventions,"INE statistical territories as printed in the 1967 volume; partner rows are listed under Europa without bloc subtotals, and Finland and Ireland are not printed separately",transcribed,"Printed Ultramar export subtotal 4 917 434 is reproduced exactly by its printed territory rows, and the printed country rows sum to the printed Europa export subtotal 11 137 480. Estado da India, Finland and Ireland are not printed separately in this volume.",visual_transcription_pass_1,2026-08-13,pass_1,double_entry_verified
ine_external_trade_yearbook,ine_external_trade_1967_volume_i.pdf,cfc4ad022d205c7c390485575871ee3773eae0f78a5b4ce5e2d5c8420c14242d,1968,1967,"Quadro III - Comercio especial, por paises e territorios estatisticos",48,X,Franca,exports_to_france_special_trade_current_escudos,936807,936807,PTE,thousand current escudos,1000,special trade; export values follow INE explanatory note conventions,"INE statistical territories as printed in the 1967 volume; partner rows are listed under Europa without bloc subtotals, and Finland and Ireland are not printed separately",transcribed,"Printed Ultramar export subtotal 4 917 434 is reproduced exactly by its printed territory rows, and the printed country rows sum to the printed Europa export subtotal 11 137 480. Estado da India, Finland and Ireland are not printed separately in this volume.",visual_transcription_pass_1,2026-08-13,pass_1,double_entry_verified
ine_external_trade_yearbook,ine_external_trade_1967_volume_i.pdf,cfc4ad022d205c7c390485575871ee3773eae0f78a5b4ce5e2d5c8420c14242d,1968,1967,"Quadro III - Comercio especial, por paises e territorios estatisticos",48,X,Alemanha (Republica Federal),exports_to_west_germany_special_trade_current_escudos,1073623,1073623,PTE,thousand current escudos,1000,special trade; export values follow INE explanatory note conventions,"INE statistical territories as printed in the 1967 volume; partner rows are listed under Europa without bloc subtotals, and Finland and Ireland are not printed separately",transcribed,"Printed Ultramar export subtotal 4 917 434 is reproduced exactly by its printed territory rows, and the printed country rows sum to the printed Europa export subtotal 11 137 480. Estado da India, Finland and Ireland are not printed separately in this volume.",visual_transcription_pass_1,2026-08-13,pass_1,double_entry_verified
ine_external_trade_yearbook,ine_external_trade_1967_volume_i.pdf,cfc4ad022d205c7c390485575871ee3773eae0f78a5b4ce5e2d5c8420c14242d,1968,1967,"Quadro III - Comercio especial, por paises e territorios estatisticos",48,X,Italia,exports_to_italy_special_trade_current_escudos,494018,494018,PTE,thousand current escudos,1000,special trade; export values follow INE explanatory note conventions,"INE statistical territories as printed in the 1967 volume; partner rows are listed under Europa without bloc subtotals, and Finland and Ireland are not printed separately",transcribed,"Printed Ultramar export subtotal 4 917 434 is reproduced exactly by its printed territory rows, and the printed country rows sum to the printed Europa export subtotal 11 137 480. Estado da India, Finland and Ireland are not printed separately in this volume.",visual_transcription_pass_1,2026-08-13,pass_1,double_entry_verified
ine_external_trade_yearbook,ine_external_trade_1967_volume_i.pdf,cfc4ad022d205c7c390485575871ee3773eae0f78a5b4ce5e2d5c8420c14242d,1968,1967,"Quadro III - Comercio especial, por paises e territorios estatisticos",48,X,Holanda,exports_to_netherlands_special_trade_current_escudos,473865,473865,PTE,thousand current escudos,1000,special trade; export values follow INE explanatory note conventions,"INE statistical territories as printed in the 1967 volume; partner rows are listed under Europa without bloc subtotals, and Finland and Ireland are not printed separately",transcribed,"Printed Ultramar export subtotal 4 917 434 is reproduced exactly by its printed territory rows, and the printed country rows sum to the printed Europa export subtotal 11 137 480. Estado da India, Finland and Ireland are not printed separately in this volume.",visual_transcription_pass_1,2026-08-13,pass_1,double_entry_verified
ine_external_trade_yearbook,ine_external_trade_1967_volume_i.pdf,cfc4ad022d205c7c390485575871ee3773eae0f78a5b4ce5e2d5c8420c14242d,1968,1967,"Quadro III - Comercio especial, por paises e territorios estatisticos",48,X,Noruega,exports_to_norway_special_trade_current_escudos,250591,250591,PTE,thousand current escudos,1000,special trade; export values follow INE explanatory note conventions,"INE statistical territories as printed in the 1967 volume; partner rows are listed under Europa without bloc subtotals, and Finland and Ireland are not printed separately",transcribed,"Printed Ultramar export subtotal 4 917 434 is reproduced exactly by its printed territory rows, and the printed country rows sum to the printed Europa export subtotal 11 137 480. Estado da India, Finland and Ireland are not printed separately in this volume.",visual_transcription_pass_1,2026-08-13,pass_1,double_entry_verified
ine_external_trade_yearbook,ine_external_trade_1967_volume_i.pdf,cfc4ad022d205c7c390485575871ee3773eae0f78a5b4ce5e2d5c8420c14242d,1968,1967,"Quadro III - Comercio especial, por paises e territorios estatisticos",48,X,Suecia,exports_to_sweden_special_trade_current_escudos,943547,943547,PTE,thousand current escudos,1000,special trade; export values follow INE explanatory note conventions,"INE statistical territories as printed in the 1967 volume; partner rows are listed under Europa without bloc subtotals, and Finland and Ireland are not printed separately",transcribed,"Printed Ultramar export subtotal 4 917 434 is reproduced exactly by its printed territory rows, and the printed country rows sum to the printed Europa export subtotal 11 137 480. Estado da India, Finland and Ireland are not printed separately in this volume.",visual_transcription_pass_1,2026-08-13,pass_1,double_entry_verified
ine_external_trade_yearbook,ine_external_trade_1967_volume_i.pdf,cfc4ad022d205c7c390485575871ee3773eae0f78a5b4ce5e2d5c8420c14242d,1968,1967,"Quadro III - Comercio especial, por paises e territorios estatisticos",48,X,Suica,exports_to_switzerland_liechtenstein_special_trade_current_escudos,365404,365404,PTE,thousand current escudos,1000,special trade; export values follow INE explanatory note conventions,"INE statistical territories as printed in the 1967 volume; partner rows are listed under Europa without bloc subtotals, and Finland and Ireland are not printed separately",transcribed,"Printed Ultramar export subtotal 4 917 434 is reproduced exactly by its printed territory rows, and the printed country rows sum to the printed Europa export subtotal 11 137 480. Estado da India, Finland and Ireland are not printed separately in this volume.",visual_transcription_pass_1,2026-08-13,pass_1,double_entry_verified
ine_external_trade_yearbook,ine_external_trade_1967_volume_i.pdf,cfc4ad022d205c7c390485575871ee3773eae0f78a5b4ce5e2d5c8420c14242d,1968,1967,"Quadro III - Comercio especial, por paises e territorios estatisticos",48,X,Reino Unido,exports_to_united_kingdom_special_trade_current_escudos,4329696,4329696,PTE,thousand current escudos,1000,special trade; export values follow INE explanatory note conventions,"INE statistical territories as printed in the 1967 volume; partner rows are listed under Europa without bloc subtotals, and Finland and Ireland are not printed separately",transcribed,"Printed Ultramar export subtotal 4 917 434 is reproduced exactly by its printed territory rows, and the printed country rows sum to the printed Europa export subtotal 11 137 480. Estado da India, Finland and Ireland are not printed separately in this volume.",visual_transcription_pass_1,2026-08-13,pass_1,double_entry_verified
