source,series_id,slug,concept,label,year,reference_date,value,units,frequency,price_basis,domain_id,dataset_id,territorial_definition,reconstruction_method,methodological_breaks,source_status,review_status,use_status,raw_file
BPstat Data API v1,12518320,exports_goods_services_chain_linked_annual,real_exports_goods_services,Exports of goods and services-CLV-A,1954,1954-12-31,1316.968,millions of euros,annual,chain_linked_volume,54,ce3e4e50cda325537eff729ef64037cd,"Portugal reference territory in BPstat metadata; national-accounts goods-and-services concept, not merchandise-only trade",national_accounts_expenditure_approach_historical_series,not_reviewed_in_source_notes,reconstructed_or_harmonised_not_yet_confirmed,accepted_for_context_not_enabled_for_extraction,context_only_not_empirical_identification,data/raw/live/bpstat/series_12518320.csv
BPstat Data API v1,12518320,exports_goods_services_chain_linked_annual,real_exports_goods_services,Exports of goods and services-CLV-A,1955,1955-12-31,1421.931,millions of euros,annual,chain_linked_volume,54,ce3e4e50cda325537eff729ef64037cd,"Portugal reference territory in BPstat metadata; national-accounts goods-and-services concept, not merchandise-only trade",national_accounts_expenditure_approach_historical_series,not_reviewed_in_source_notes,reconstructed_or_harmonised_not_yet_confirmed,accepted_for_context_not_enabled_for_extraction,context_only_not_empirical_identification,data/raw/live/bpstat/series_12518320.csv
BPstat Data API v1,12518320,exports_goods_services_chain_linked_annual,real_exports_goods_services,Exports of goods and services-CLV-A,1956,1956-12-31,1510.456,millions of euros,annual,chain_linked_volume,54,ce3e4e50cda325537eff729ef64037cd,"Portugal reference territory in BPstat metadata; national-accounts goods-and-services concept, not merchandise-only trade",national_accounts_expenditure_approach_historical_series,not_reviewed_in_source_notes,reconstructed_or_harmonised_not_yet_confirmed,accepted_for_context_not_enabled_for_extraction,context_only_not_empirical_identification,data/raw/live/bpstat/series_12518320.csv
BPstat Data API v1,12518320,exports_goods_services_chain_linked_annual,real_exports_goods_services,Exports of goods and services-CLV-A,1957,1957-12-31,1522.993,millions of euros,annual,chain_linked_volume,54,ce3e4e50cda325537eff729ef64037cd,"Portugal reference territory in BPstat metadata; national-accounts goods-and-services concept, not merchandise-only trade",national_accounts_expenditure_approach_historical_series,not_reviewed_in_source_notes,reconstructed_or_harmonised_not_yet_confirmed,accepted_for_context_not_enabled_for_extraction,context_only_not_empirical_identification,data/raw/live/bpstat/series_12518320.csv
BPstat Data API v1,12518320,exports_goods_services_chain_linked_annual,real_exports_goods_services,Exports of goods and services-CLV-A,1958,1958-12-31,1675.05,millions of euros,annual,chain_linked_volume,54,ce3e4e50cda325537eff729ef64037cd,"Portugal reference territory in BPstat metadata; national-accounts goods-and-services concept, not merchandise-only trade",national_accounts_expenditure_approach_historical_series,not_reviewed_in_source_notes,reconstructed_or_harmonised_not_yet_confirmed,accepted_for_context_not_enabled_for_extraction,context_only_not_empirical_identification,data/raw/live/bpstat/series_12518320.csv
BPstat Data API v1,12518320,exports_goods_services_chain_linked_annual,real_exports_goods_services,Exports of goods and services-CLV-A,1959,1959-12-31,1635.333,millions of euros,annual,chain_linked_volume,54,ce3e4e50cda325537eff729ef64037cd,"Portugal reference territory in BPstat metadata; national-accounts goods-and-services concept, not merchandise-only trade",national_accounts_expenditure_approach_historical_series,not_reviewed_in_source_notes,reconstructed_or_harmonised_not_yet_confirmed,accepted_for_context_not_enabled_for_extraction,context_only_not_empirical_identification,data/raw/live/bpstat/series_12518320.csv
BPstat Data API v1,12518320,exports_goods_services_chain_linked_annual,real_exports_goods_services,Exports of goods and services-CLV-A,1960,1960-12-31,1785.758,millions of euros,annual,chain_linked_volume,54,ce3e4e50cda325537eff729ef64037cd,"Portugal reference territory in BPstat metadata; national-accounts goods-and-services concept, not merchandise-only trade",national_accounts_expenditure_approach_historical_series,not_reviewed_in_source_notes,reconstructed_or_harmonised_not_yet_confirmed,accepted_for_context_not_enabled_for_extraction,context_only_not_empirical_identification,data/raw/live/bpstat/series_12518320.csv
BPstat Data API v1,12518320,exports_goods_services_chain_linked_annual,real_exports_goods_services,Exports of goods and services-CLV-A,1961,1961-12-31,1816.477,millions of euros,annual,chain_linked_volume,54,ce3e4e50cda325537eff729ef64037cd,"Portugal reference territory in BPstat metadata; national-accounts goods-and-services concept, not merchandise-only trade",national_accounts_expenditure_approach_historical_series,not_reviewed_in_source_notes,reconstructed_or_harmonised_not_yet_confirmed,accepted_for_context_not_enabled_for_extraction,context_only_not_empirical_identification,data/raw/live/bpstat/series_12518320.csv
BPstat Data API v1,12518320,exports_goods_services_chain_linked_annual,real_exports_goods_services,Exports of goods and services-CLV-A,1962,1962-12-31,2342.221,millions of euros,annual,chain_linked_volume,54,ce3e4e50cda325537eff729ef64037cd,"Portugal reference territory in BPstat metadata; national-accounts goods-and-services concept, not merchandise-only trade",national_accounts_expenditure_approach_historical_series,not_reviewed_in_source_notes,reconstructed_or_harmonised_not_yet_confirmed,accepted_for_context_not_enabled_for_extraction,context_only_not_empirical_identification,data/raw/live/bpstat/series_12518320.csv
BPstat Data API v1,12518320,exports_goods_services_chain_linked_annual,real_exports_goods_services,Exports of goods and services-CLV-A,1963,1963-12-31,2521.395,millions of euros,annual,chain_linked_volume,54,ce3e4e50cda325537eff729ef64037cd,"Portugal reference territory in BPstat metadata; national-accounts goods-and-services concept, not merchandise-only trade",national_accounts_expenditure_approach_historical_series,not_reviewed_in_source_notes,reconstructed_or_harmonised_not_yet_confirmed,accepted_for_context_not_enabled_for_extraction,context_only_not_empirical_identification,data/raw/live/bpstat/series_12518320.csv
BPstat Data API v1,12518320,exports_goods_services_chain_linked_annual,real_exports_goods_services,Exports of goods and services-CLV-A,1964,1964-12-31,3099.046,millions of euros,annual,chain_linked_volume,54,ce3e4e50cda325537eff729ef64037cd,"Portugal reference territory in BPstat metadata; national-accounts goods-and-services concept, not merchandise-only trade",national_accounts_expenditure_approach_historical_series,not_reviewed_in_source_notes,reconstructed_or_harmonised_not_yet_confirmed,accepted_for_context_not_enabled_for_extraction,context_only_not_empirical_identification,data/raw/live/bpstat/series_12518320.csv
BPstat Data API v1,12518320,exports_goods_services_chain_linked_annual,real_exports_goods_services,Exports of goods and services-CLV-A,1965,1965-12-31,3412.323,millions of euros,annual,chain_linked_volume,54,ce3e4e50cda325537eff729ef64037cd,"Portugal reference territory in BPstat metadata; national-accounts goods-and-services concept, not merchandise-only trade",national_accounts_expenditure_approach_historical_series,not_reviewed_in_source_notes,reconstructed_or_harmonised_not_yet_confirmed,accepted_for_context_not_enabled_for_extraction,context_only_not_empirical_identification,data/raw/live/bpstat/series_12518320.csv
BPstat Data API v1,12518320,exports_goods_services_chain_linked_annual,real_exports_goods_services,Exports of goods and services-CLV-A,1966,1966-12-31,3841.247,millions of euros,annual,chain_linked_volume,54,ce3e4e50cda325537eff729ef64037cd,"Portugal reference territory in BPstat metadata; national-accounts goods-and-services concept, not merchandise-only trade",national_accounts_expenditure_approach_historical_series,not_reviewed_in_source_notes,reconstructed_or_harmonised_not_yet_confirmed,accepted_for_context_not_enabled_for_extraction,context_only_not_empirical_identification,data/raw/live/bpstat/series_12518320.csv
BPstat Data API v1,12518320,exports_goods_services_chain_linked_annual,real_exports_goods_services,Exports of goods and services-CLV-A,1967,1967-12-31,4172.236,millions of euros,annual,chain_linked_volume,54,ce3e4e50cda325537eff729ef64037cd,"Portugal reference territory in BPstat metadata; national-accounts goods-and-services concept, not merchandise-only trade",national_accounts_expenditure_approach_historical_series,not_reviewed_in_source_notes,reconstructed_or_harmonised_not_yet_confirmed,accepted_for_context_not_enabled_for_extraction,context_only_not_empirical_identification,data/raw/live/bpstat/series_12518320.csv
BPstat Data API v1,12518320,exports_goods_services_chain_linked_annual,real_exports_goods_services,Exports of goods and services-CLV-A,1968,1968-12-31,4216.463,millions of euros,annual,chain_linked_volume,54,ce3e4e50cda325537eff729ef64037cd,"Portugal reference territory in BPstat metadata; national-accounts goods-and-services concept, not merchandise-only trade",national_accounts_expenditure_approach_historical_series,not_reviewed_in_source_notes,reconstructed_or_harmonised_not_yet_confirmed,accepted_for_context_not_enabled_for_extraction,context_only_not_empirical_identification,data/raw/live/bpstat/series_12518320.csv
BPstat Data API v1,12518320,exports_goods_services_chain_linked_annual,real_exports_goods_services,Exports of goods and services-CLV-A,1969,1969-12-31,4468.52,millions of euros,annual,chain_linked_volume,54,ce3e4e50cda325537eff729ef64037cd,"Portugal reference territory in BPstat metadata; national-accounts goods-and-services concept, not merchandise-only trade",national_accounts_expenditure_approach_historical_series,not_reviewed_in_source_notes,reconstructed_or_harmonised_not_yet_confirmed,accepted_for_context_not_enabled_for_extraction,context_only_not_empirical_identification,data/raw/live/bpstat/series_12518320.csv
BPstat Data API v1,12518320,exports_goods_services_chain_linked_annual,real_exports_goods_services,Exports of goods and services-CLV-A,1970,1970-12-31,4917.814,millions of euros,annual,chain_linked_volume,54,ce3e4e50cda325537eff729ef64037cd,"Portugal reference territory in BPstat metadata; national-accounts goods-and-services concept, not merchandise-only trade",national_accounts_expenditure_approach_historical_series,not_reviewed_in_source_notes,reconstructed_or_harmonised_not_yet_confirmed,accepted_for_context_not_enabled_for_extraction,context_only_not_empirical_identification,data/raw/live/bpstat/series_12518320.csv
BPstat Data API v1,12518320,exports_goods_services_chain_linked_annual,real_exports_goods_services,Exports of goods and services-CLV-A,1971,1971-12-31,5425.6,millions of euros,annual,chain_linked_volume,54,ce3e4e50cda325537eff729ef64037cd,"Portugal reference territory in BPstat metadata; national-accounts goods-and-services concept, not merchandise-only trade",national_accounts_expenditure_approach_historical_series,not_reviewed_in_source_notes,reconstructed_or_harmonised_not_yet_confirmed,accepted_for_context_not_enabled_for_extraction,context_only_not_empirical_identification,data/raw/live/bpstat/series_12518320.csv
BPstat Data API v1,12518320,exports_goods_services_chain_linked_annual,real_exports_goods_services,Exports of goods and services-CLV-A,1972,1972-12-31,6050.27,millions of euros,annual,chain_linked_volume,54,ce3e4e50cda325537eff729ef64037cd,"Portugal reference territory in BPstat metadata; national-accounts goods-and-services concept, not merchandise-only trade",national_accounts_expenditure_approach_historical_series,not_reviewed_in_source_notes,reconstructed_or_harmonised_not_yet_confirmed,accepted_for_context_not_enabled_for_extraction,context_only_not_empirical_identification,data/raw/live/bpstat/series_12518320.csv
BPstat Data API v1,12518320,exports_goods_services_chain_linked_annual,real_exports_goods_services,Exports of goods and services-CLV-A,1973,1973-12-31,6817.095,millions of euros,annual,chain_linked_volume,54,ce3e4e50cda325537eff729ef64037cd,"Portugal reference territory in BPstat metadata; national-accounts goods-and-services concept, not merchandise-only trade",national_accounts_expenditure_approach_historical_series,not_reviewed_in_source_notes,reconstructed_or_harmonised_not_yet_confirmed,accepted_for_context_not_enabled_for_extraction,context_only_not_empirical_identification,data/raw/live/bpstat/series_12518320.csv
BPstat Data API v1,12518320,exports_goods_services_chain_linked_annual,real_exports_goods_services,Exports of goods and services-CLV-A,1974,1974-12-31,6351.061,millions of euros,annual,chain_linked_volume,54,ce3e4e50cda325537eff729ef64037cd,"Portugal reference territory in BPstat metadata; national-accounts goods-and-services concept, not merchandise-only trade",national_accounts_expenditure_approach_historical_series,not_reviewed_in_source_notes,reconstructed_or_harmonised_not_yet_confirmed,accepted_for_context_not_enabled_for_extraction,context_only_not_empirical_identification,data/raw/live/bpstat/series_12518320.csv
BPstat Data API v1,12518320,exports_goods_services_chain_linked_annual,real_exports_goods_services,Exports of goods and services-CLV-A,1975,1975-12-31,5136.413,millions of euros,annual,chain_linked_volume,54,ce3e4e50cda325537eff729ef64037cd,"Portugal reference territory in BPstat metadata; national-accounts goods-and-services concept, not merchandise-only trade",national_accounts_expenditure_approach_historical_series,not_reviewed_in_source_notes,reconstructed_or_harmonised_not_yet_confirmed,accepted_for_context_not_enabled_for_extraction,context_only_not_empirical_identification,data/raw/live/bpstat/series_12518320.csv
BPstat Data API v1,12518320,exports_goods_services_chain_linked_annual,real_exports_goods_services,Exports of goods and services-CLV-A,1976,1976-12-31,5140.991,millions of euros,annual,chain_linked_volume,54,ce3e4e50cda325537eff729ef64037cd,"Portugal reference territory in BPstat metadata; national-accounts goods-and-services concept, not merchandise-only trade",national_accounts_expenditure_approach_historical_series,not_reviewed_in_source_notes,reconstructed_or_harmonised_not_yet_confirmed,accepted_for_context_not_enabled_for_extraction,context_only_not_empirical_identification,data/raw/live/bpstat/series_12518320.csv
BPstat Data API v1,12518320,exports_goods_services_chain_linked_annual,real_exports_goods_services,Exports of goods and services-CLV-A,1977,1977-12-31,5453.553,millions of euros,annual,chain_linked_volume,54,ce3e4e50cda325537eff729ef64037cd,"Portugal reference territory in BPstat metadata; national-accounts goods-and-services concept, not merchandise-only trade",national_accounts_expenditure_approach_historical_series,not_reviewed_in_source_notes,reconstructed_or_harmonised_not_yet_confirmed,accepted_for_context_not_enabled_for_extraction,context_only_not_empirical_identification,data/raw/live/bpstat/series_12518320.csv
BPstat Data API v1,12518320,exports_goods_services_chain_linked_annual,real_exports_goods_services,Exports of goods and services-CLV-A,1978,1978-12-31,6446.716,millions of euros,annual,chain_linked_volume,54,ce3e4e50cda325537eff729ef64037cd,"Portugal reference territory in BPstat metadata; national-accounts goods-and-services concept, not merchandise-only trade",national_accounts_expenditure_approach_historical_series,not_reviewed_in_source_notes,reconstructed_or_harmonised_not_yet_confirmed,accepted_for_context_not_enabled_for_extraction,context_only_not_empirical_identification,data/raw/live/bpstat/series_12518320.csv
BPstat Data API v1,12518320,exports_goods_services_chain_linked_annual,real_exports_goods_services,Exports of goods and services-CLV-A,1979,1979-12-31,8620.71,millions of euros,annual,chain_linked_volume,54,ce3e4e50cda325537eff729ef64037cd,"Portugal reference territory in BPstat metadata; national-accounts goods-and-services concept, not merchandise-only trade",national_accounts_expenditure_approach_historical_series,not_reviewed_in_source_notes,reconstructed_or_harmonised_not_yet_confirmed,accepted_for_context_not_enabled_for_extraction,context_only_not_empirical_identification,data/raw/live/bpstat/series_12518320.csv
BPstat Data API v1,12518320,exports_goods_services_chain_linked_annual,real_exports_goods_services,Exports of goods and services-CLV-A,1980,1980-12-31,8714.039,millions of euros,annual,chain_linked_volume,54,ce3e4e50cda325537eff729ef64037cd,"Portugal reference territory in BPstat metadata; national-accounts goods-and-services concept, not merchandise-only trade",national_accounts_expenditure_approach_historical_series,not_reviewed_in_source_notes,reconstructed_or_harmonised_not_yet_confirmed,accepted_for_context_not_enabled_for_extraction,context_only_not_empirical_identification,data/raw/live/bpstat/series_12518320.csv
BPstat Data API v1,12518320,exports_goods_services_chain_linked_annual,real_exports_goods_services,Exports of goods and services-CLV-A,1981,1981-12-31,8791.79,millions of euros,annual,chain_linked_volume,54,ce3e4e50cda325537eff729ef64037cd,"Portugal reference territory in BPstat metadata; national-accounts goods-and-services concept, not merchandise-only trade",national_accounts_expenditure_approach_historical_series,not_reviewed_in_source_notes,reconstructed_or_harmonised_not_yet_confirmed,accepted_for_context_not_enabled_for_extraction,context_only_not_empirical_identification,data/raw/live/bpstat/series_12518320.csv
BPstat Data API v1,12518320,exports_goods_services_chain_linked_annual,real_exports_goods_services,Exports of goods and services-CLV-A,1982,1982-12-31,9179.366,millions of euros,annual,chain_linked_volume,54,ce3e4e50cda325537eff729ef64037cd,"Portugal reference territory in BPstat metadata; national-accounts goods-and-services concept, not merchandise-only trade",national_accounts_expenditure_approach_historical_series,not_reviewed_in_source_notes,reconstructed_or_harmonised_not_yet_confirmed,accepted_for_context_not_enabled_for_extraction,context_only_not_empirical_identification,data/raw/live/bpstat/series_12518320.csv
BPstat Data API v1,12518320,exports_goods_services_chain_linked_annual,real_exports_goods_services,Exports of goods and services-CLV-A,1983,1983-12-31,10768.644,millions of euros,annual,chain_linked_volume,54,ce3e4e50cda325537eff729ef64037cd,"Portugal reference territory in BPstat metadata; national-accounts goods-and-services concept, not merchandise-only trade",national_accounts_expenditure_approach_historical_series,not_reviewed_in_source_notes,reconstructed_or_harmonised_not_yet_confirmed,accepted_for_context_not_enabled_for_extraction,context_only_not_empirical_identification,data/raw/live/bpstat/series_12518320.csv
BPstat Data API v1,12518320,exports_goods_services_chain_linked_annual,real_exports_goods_services,Exports of goods and services-CLV-A,1984,1984-12-31,12455.64,millions of euros,annual,chain_linked_volume,54,ce3e4e50cda325537eff729ef64037cd,"Portugal reference territory in BPstat metadata; national-accounts goods-and-services concept, not merchandise-only trade",national_accounts_expenditure_approach_historical_series,not_reviewed_in_source_notes,reconstructed_or_harmonised_not_yet_confirmed,accepted_for_context_not_enabled_for_extraction,context_only_not_empirical_identification,data/raw/live/bpstat/series_12518320.csv
BPstat Data API v1,12518320,exports_goods_services_chain_linked_annual,real_exports_goods_services,Exports of goods and services-CLV-A,1985,1985-12-31,13524.664,millions of euros,annual,chain_linked_volume,54,ce3e4e50cda325537eff729ef64037cd,"Portugal reference territory in BPstat metadata; national-accounts goods-and-services concept, not merchandise-only trade",national_accounts_expenditure_approach_historical_series,not_reviewed_in_source_notes,reconstructed_or_harmonised_not_yet_confirmed,accepted_for_context_not_enabled_for_extraction,context_only_not_empirical_identification,data/raw/live/bpstat/series_12518320.csv
BPstat Data API v1,12518320,exports_goods_services_chain_linked_annual,real_exports_goods_services,Exports of goods and services-CLV-A,1986,1986-12-31,14782.763,millions of euros,annual,chain_linked_volume,54,ce3e4e50cda325537eff729ef64037cd,"Portugal reference territory in BPstat metadata; national-accounts goods-and-services concept, not merchandise-only trade",national_accounts_expenditure_approach_historical_series,not_reviewed_in_source_notes,reconstructed_or_harmonised_not_yet_confirmed,accepted_for_context_not_enabled_for_extraction,context_only_not_empirical_identification,data/raw/live/bpstat/series_12518320.csv
BPstat Data API v1,12518320,exports_goods_services_chain_linked_annual,real_exports_goods_services,Exports of goods and services-CLV-A,1987,1987-12-31,16532.194,millions of euros,annual,chain_linked_volume,54,ce3e4e50cda325537eff729ef64037cd,"Portugal reference territory in BPstat metadata; national-accounts goods-and-services concept, not merchandise-only trade",national_accounts_expenditure_approach_historical_series,not_reviewed_in_source_notes,reconstructed_or_harmonised_not_yet_confirmed,accepted_for_context_not_enabled_for_extraction,context_only_not_empirical_identification,data/raw/live/bpstat/series_12518320.csv
BPstat Data API v1,12518320,exports_goods_services_chain_linked_annual,real_exports_goods_services,Exports of goods and services-CLV-A,1988,1988-12-31,17784.929,millions of euros,annual,chain_linked_volume,54,ce3e4e50cda325537eff729ef64037cd,"Portugal reference territory in BPstat metadata; national-accounts goods-and-services concept, not merchandise-only trade",national_accounts_expenditure_approach_historical_series,not_reviewed_in_source_notes,reconstructed_or_harmonised_not_yet_confirmed,accepted_for_context_not_enabled_for_extraction,context_only_not_empirical_identification,data/raw/live/bpstat/series_12518320.csv
BPstat Data API v1,12518320,exports_goods_services_chain_linked_annual,real_exports_goods_services,Exports of goods and services-CLV-A,1989,1989-12-31,21108.903,millions of euros,annual,chain_linked_volume,54,ce3e4e50cda325537eff729ef64037cd,"Portugal reference territory in BPstat metadata; national-accounts goods-and-services concept, not merchandise-only trade",national_accounts_expenditure_approach_historical_series,not_reviewed_in_source_notes,reconstructed_or_harmonised_not_yet_confirmed,accepted_for_context_not_enabled_for_extraction,context_only_not_empirical_identification,data/raw/live/bpstat/series_12518320.csv
BPstat Data API v1,12518320,exports_goods_services_chain_linked_annual,real_exports_goods_services,Exports of goods and services-CLV-A,1990,1990-12-31,23873.532,millions of euros,annual,chain_linked_volume,54,ce3e4e50cda325537eff729ef64037cd,"Portugal reference territory in BPstat metadata; national-accounts goods-and-services concept, not merchandise-only trade",national_accounts_expenditure_approach_historical_series,not_reviewed_in_source_notes,reconstructed_or_harmonised_not_yet_confirmed,accepted_for_context_not_enabled_for_extraction,context_only_not_empirical_identification,data/raw/live/bpstat/series_12518320.csv
BPstat Data API v1,12518320,exports_goods_services_chain_linked_annual,real_exports_goods_services,Exports of goods and services-CLV-A,1991,1991-12-31,24683.628,millions of euros,annual,chain_linked_volume,54,ce3e4e50cda325537eff729ef64037cd,"Portugal reference territory in BPstat metadata; national-accounts goods-and-services concept, not merchandise-only trade",national_accounts_expenditure_approach_historical_series,not_reviewed_in_source_notes,reconstructed_or_harmonised_not_yet_confirmed,accepted_for_context_not_enabled_for_extraction,context_only_not_empirical_identification,data/raw/live/bpstat/series_12518320.csv
BPstat Data API v1,12518320,exports_goods_services_chain_linked_annual,real_exports_goods_services,Exports of goods and services-CLV-A,1992,1992-12-31,25944.307,millions of euros,annual,chain_linked_volume,54,ce3e4e50cda325537eff729ef64037cd,"Portugal reference territory in BPstat metadata; national-accounts goods-and-services concept, not merchandise-only trade",national_accounts_expenditure_approach_historical_series,not_reviewed_in_source_notes,reconstructed_or_harmonised_not_yet_confirmed,accepted_for_context_not_enabled_for_extraction,context_only_not_empirical_identification,data/raw/live/bpstat/series_12518320.csv
BPstat Data API v1,12518320,exports_goods_services_chain_linked_annual,real_exports_goods_services,Exports of goods and services-CLV-A,1993,1993-12-31,26571.533,millions of euros,annual,chain_linked_volume,54,ce3e4e50cda325537eff729ef64037cd,"Portugal reference territory in BPstat metadata; national-accounts goods-and-services concept, not merchandise-only trade",national_accounts_expenditure_approach_historical_series,not_reviewed_in_source_notes,reconstructed_or_harmonised_not_yet_confirmed,accepted_for_context_not_enabled_for_extraction,context_only_not_empirical_identification,data/raw/live/bpstat/series_12518320.csv
BPstat Data API v1,12518320,exports_goods_services_chain_linked_annual,real_exports_goods_services,Exports of goods and services-CLV-A,1994,1994-12-31,28778.988,millions of euros,annual,chain_linked_volume,54,ce3e4e50cda325537eff729ef64037cd,"Portugal reference territory in BPstat metadata; national-accounts goods-and-services concept, not merchandise-only trade",national_accounts_expenditure_approach_historical_series,not_reviewed_in_source_notes,reconstructed_or_harmonised_not_yet_confirmed,accepted_for_context_not_enabled_for_extraction,context_only_not_empirical_identification,data/raw/live/bpstat/series_12518320.csv
BPstat Data API v1,12518320,exports_goods_services_chain_linked_annual,real_exports_goods_services,Exports of goods and services-CLV-A,1995,1995-12-31,32510.427,millions of euros,annual,chain_linked_volume,54,ce3e4e50cda325537eff729ef64037cd,"Portugal reference territory in BPstat metadata; national-accounts goods-and-services concept, not merchandise-only trade",national_accounts_expenditure_approach_historical_series,not_reviewed_in_source_notes,reconstructed_or_harmonised_not_yet_confirmed,accepted_for_context_not_enabled_for_extraction,context_only_not_empirical_identification,data/raw/live/bpstat/series_12518320.csv
BPstat Data API v1,12518320,exports_goods_services_chain_linked_annual,real_exports_goods_services,Exports of goods and services-CLV-A,1996,1996-12-31,34544.21,millions of euros,annual,chain_linked_volume,54,ce3e4e50cda325537eff729ef64037cd,"Portugal reference territory in BPstat metadata; national-accounts goods-and-services concept, not merchandise-only trade",national_accounts_expenditure_approach_historical_series,not_reviewed_in_source_notes,reconstructed_or_harmonised_not_yet_confirmed,accepted_for_context_not_enabled_for_extraction,context_only_not_empirical_identification,data/raw/live/bpstat/series_12518320.csv
BPstat Data API v1,12518320,exports_goods_services_chain_linked_annual,real_exports_goods_services,Exports of goods and services-CLV-A,1997,1997-12-31,37102.363,millions of euros,annual,chain_linked_volume,54,ce3e4e50cda325537eff729ef64037cd,"Portugal reference territory in BPstat metadata; national-accounts goods-and-services concept, not merchandise-only trade",national_accounts_expenditure_approach_historical_series,not_reviewed_in_source_notes,reconstructed_or_harmonised_not_yet_confirmed,accepted_for_context_not_enabled_for_extraction,context_only_not_empirical_identification,data/raw/live/bpstat/series_12518320.csv
BPstat Data API v1,12518320,exports_goods_services_chain_linked_annual,real_exports_goods_services,Exports of goods and services-CLV-A,1998,1998-12-31,40020.352,millions of euros,annual,chain_linked_volume,54,ce3e4e50cda325537eff729ef64037cd,"Portugal reference territory in BPstat metadata; national-accounts goods-and-services concept, not merchandise-only trade",national_accounts_expenditure_approach_historical_series,not_reviewed_in_source_notes,reconstructed_or_harmonised_not_yet_confirmed,accepted_for_context_not_enabled_for_extraction,context_only_not_empirical_identification,data/raw/live/bpstat/series_12518320.csv
BPstat Data API v1,12518320,exports_goods_services_chain_linked_annual,real_exports_goods_services,Exports of goods and services-CLV-A,1999,1999-12-31,41523.09,millions of euros,annual,chain_linked_volume,54,ce3e4e50cda325537eff729ef64037cd,"Portugal reference territory in BPstat metadata; national-accounts goods-and-services concept, not merchandise-only trade",national_accounts_expenditure_approach_historical_series,not_reviewed_in_source_notes,reconstructed_or_harmonised_not_yet_confirmed,accepted_for_context_not_enabled_for_extraction,context_only_not_empirical_identification,data/raw/live/bpstat/series_12518320.csv
BPstat Data API v1,12518320,exports_goods_services_chain_linked_annual,real_exports_goods_services,Exports of goods and services-CLV-A,2000,2000-12-31,45012.161,millions of euros,annual,chain_linked_volume,54,ce3e4e50cda325537eff729ef64037cd,"Portugal reference territory in BPstat metadata; national-accounts goods-and-services concept, not merchandise-only trade",national_accounts_expenditure_approach_historical_series,not_reviewed_in_source_notes,reconstructed_or_harmonised_not_yet_confirmed,accepted_for_context_not_enabled_for_extraction,context_only_not_empirical_identification,data/raw/live/bpstat/series_12518320.csv
BPstat Data API v1,12518320,exports_goods_services_chain_linked_annual,real_exports_goods_services,Exports of goods and services-CLV-A,2001,2001-12-31,46001.874,millions of euros,annual,chain_linked_volume,54,ce3e4e50cda325537eff729ef64037cd,"Portugal reference territory in BPstat metadata; national-accounts goods-and-services concept, not merchandise-only trade",national_accounts_expenditure_approach_historical_series,not_reviewed_in_source_notes,reconstructed_or_harmonised_not_yet_confirmed,accepted_for_context_not_enabled_for_extraction,context_only_not_empirical_identification,data/raw/live/bpstat/series_12518320.csv
BPstat Data API v1,12518320,exports_goods_services_chain_linked_annual,real_exports_goods_services,Exports of goods and services-CLV-A,2002,2002-12-31,47682.729,millions of euros,annual,chain_linked_volume,54,ce3e4e50cda325537eff729ef64037cd,"Portugal reference territory in BPstat metadata; national-accounts goods-and-services concept, not merchandise-only trade",national_accounts_expenditure_approach_historical_series,not_reviewed_in_source_notes,reconstructed_or_harmonised_not_yet_confirmed,accepted_for_context_not_enabled_for_extraction,context_only_not_empirical_identification,data/raw/live/bpstat/series_12518320.csv
BPstat Data API v1,12518320,exports_goods_services_chain_linked_annual,real_exports_goods_services,Exports of goods and services-CLV-A,2003,2003-12-31,50199.701,millions of euros,annual,chain_linked_volume,54,ce3e4e50cda325537eff729ef64037cd,"Portugal reference territory in BPstat metadata; national-accounts goods-and-services concept, not merchandise-only trade",national_accounts_expenditure_approach_historical_series,not_reviewed_in_source_notes,reconstructed_or_harmonised_not_yet_confirmed,accepted_for_context_not_enabled_for_extraction,context_only_not_empirical_identification,data/raw/live/bpstat/series_12518320.csv
BPstat Data API v1,12518320,exports_goods_services_chain_linked_annual,real_exports_goods_services,Exports of goods and services-CLV-A,2004,2004-12-31,51948.88,millions of euros,annual,chain_linked_volume,54,ce3e4e50cda325537eff729ef64037cd,"Portugal reference territory in BPstat metadata; national-accounts goods-and-services concept, not merchandise-only trade",national_accounts_expenditure_approach_historical_series,not_reviewed_in_source_notes,reconstructed_or_harmonised_not_yet_confirmed,accepted_for_context_not_enabled_for_extraction,context_only_not_empirical_identification,data/raw/live/bpstat/series_12518320.csv
BPstat Data API v1,12518320,exports_goods_services_chain_linked_annual,real_exports_goods_services,Exports of goods and services-CLV-A,2005,2005-12-31,52094.815,millions of euros,annual,chain_linked_volume,54,ce3e4e50cda325537eff729ef64037cd,"Portugal reference territory in BPstat metadata; national-accounts goods-and-services concept, not merchandise-only trade",national_accounts_expenditure_approach_historical_series,not_reviewed_in_source_notes,reconstructed_or_harmonised_not_yet_confirmed,accepted_for_context_not_enabled_for_extraction,context_only_not_empirical_identification,data/raw/live/bpstat/series_12518320.csv
BPstat Data API v1,12518320,exports_goods_services_chain_linked_annual,real_exports_goods_services,Exports of goods and services-CLV-A,2006,2006-12-31,58649.75,millions of euros,annual,chain_linked_volume,54,ce3e4e50cda325537eff729ef64037cd,"Portugal reference territory in BPstat metadata; national-accounts goods-and-services concept, not merchandise-only trade",national_accounts_expenditure_approach_historical_series,not_reviewed_in_source_notes,reconstructed_or_harmonised_not_yet_confirmed,accepted_for_context_not_enabled_for_extraction,context_only_not_empirical_identification,data/raw/live/bpstat/series_12518320.csv
BPstat Data API v1,12518320,exports_goods_services_chain_linked_annual,real_exports_goods_services,Exports of goods and services-CLV-A,2007,2007-12-31,62385.573,millions of euros,annual,chain_linked_volume,54,ce3e4e50cda325537eff729ef64037cd,"Portugal reference territory in BPstat metadata; national-accounts goods-and-services concept, not merchandise-only trade",national_accounts_expenditure_approach_historical_series,not_reviewed_in_source_notes,reconstructed_or_harmonised_not_yet_confirmed,accepted_for_context_not_enabled_for_extraction,context_only_not_empirical_identification,data/raw/live/bpstat/series_12518320.csv
BPstat Data API v1,12518320,exports_goods_services_chain_linked_annual,real_exports_goods_services,Exports of goods and services-CLV-A,2008,2008-12-31,62164.527,millions of euros,annual,chain_linked_volume,54,ce3e4e50cda325537eff729ef64037cd,"Portugal reference territory in BPstat metadata; national-accounts goods-and-services concept, not merchandise-only trade",national_accounts_expenditure_approach_historical_series,not_reviewed_in_source_notes,reconstructed_or_harmonised_not_yet_confirmed,accepted_for_context_not_enabled_for_extraction,context_only_not_empirical_identification,data/raw/live/bpstat/series_12518320.csv
BPstat Data API v1,12518320,exports_goods_services_chain_linked_annual,real_exports_goods_services,Exports of goods and services-CLV-A,2009,2009-12-31,55910.298,millions of euros,annual,chain_linked_volume,54,ce3e4e50cda325537eff729ef64037cd,"Portugal reference territory in BPstat metadata; national-accounts goods-and-services concept, not merchandise-only trade",national_accounts_expenditure_approach_historical_series,not_reviewed_in_source_notes,reconstructed_or_harmonised_not_yet_confirmed,accepted_for_context_not_enabled_for_extraction,context_only_not_empirical_identification,data/raw/live/bpstat/series_12518320.csv
BPstat Data API v1,12518320,exports_goods_services_chain_linked_annual,real_exports_goods_services,Exports of goods and services-CLV-A,2010,2010-12-31,61066.15,millions of euros,annual,chain_linked_volume,54,ce3e4e50cda325537eff729ef64037cd,"Portugal reference territory in BPstat metadata; national-accounts goods-and-services concept, not merchandise-only trade",national_accounts_expenditure_approach_historical_series,not_reviewed_in_source_notes,reconstructed_or_harmonised_not_yet_confirmed,accepted_for_context_not_enabled_for_extraction,context_only_not_empirical_identification,data/raw/live/bpstat/series_12518320.csv
BPstat Data API v1,12518320,exports_goods_services_chain_linked_annual,real_exports_goods_services,Exports of goods and services-CLV-A,2011,2011-12-31,65329.433,millions of euros,annual,chain_linked_volume,54,ce3e4e50cda325537eff729ef64037cd,"Portugal reference territory in BPstat metadata; national-accounts goods-and-services concept, not merchandise-only trade",national_accounts_expenditure_approach_historical_series,not_reviewed_in_source_notes,reconstructed_or_harmonised_not_yet_confirmed,accepted_for_context_not_enabled_for_extraction,context_only_not_empirical_identification,data/raw/live/bpstat/series_12518320.csv
BPstat Data API v1,12518320,exports_goods_services_chain_linked_annual,real_exports_goods_services,Exports of goods and services-CLV-A,2012,2012-12-31,67340.944,millions of euros,annual,chain_linked_volume,54,ce3e4e50cda325537eff729ef64037cd,"Portugal reference territory in BPstat metadata; national-accounts goods-and-services concept, not merchandise-only trade",national_accounts_expenditure_approach_historical_series,not_reviewed_in_source_notes,reconstructed_or_harmonised_not_yet_confirmed,accepted_for_context_not_enabled_for_extraction,context_only_not_empirical_identification,data/raw/live/bpstat/series_12518320.csv
BPstat Data API v1,12518320,exports_goods_services_chain_linked_annual,real_exports_goods_services,Exports of goods and services-CLV-A,2013,2013-12-31,72194.936,millions of euros,annual,chain_linked_volume,54,ce3e4e50cda325537eff729ef64037cd,"Portugal reference territory in BPstat metadata; national-accounts goods-and-services concept, not merchandise-only trade",national_accounts_expenditure_approach_historical_series,not_reviewed_in_source_notes,reconstructed_or_harmonised_not_yet_confirmed,accepted_for_context_not_enabled_for_extraction,context_only_not_empirical_identification,data/raw/live/bpstat/series_12518320.csv
BPstat Data API v1,12518320,exports_goods_services_chain_linked_annual,real_exports_goods_services,Exports of goods and services-CLV-A,2014,2014-12-31,75265.649,millions of euros,annual,chain_linked_volume,54,ce3e4e50cda325537eff729ef64037cd,"Portugal reference territory in BPstat metadata; national-accounts goods-and-services concept, not merchandise-only trade",national_accounts_expenditure_approach_historical_series,not_reviewed_in_source_notes,reconstructed_or_harmonised_not_yet_confirmed,accepted_for_context_not_enabled_for_extraction,context_only_not_empirical_identification,data/raw/live/bpstat/series_12518320.csv
BPstat Data API v1,12518320,exports_goods_services_chain_linked_annual,real_exports_goods_services,Exports of goods and services-CLV-A,2015,2015-12-31,79955.242,millions of euros,annual,chain_linked_volume,54,ce3e4e50cda325537eff729ef64037cd,"Portugal reference territory in BPstat metadata; national-accounts goods-and-services concept, not merchandise-only trade",national_accounts_expenditure_approach_historical_series,not_reviewed_in_source_notes,reconstructed_or_harmonised_not_yet_confirmed,accepted_for_context_not_enabled_for_extraction,context_only_not_empirical_identification,data/raw/live/bpstat/series_12518320.csv
BPstat Data API v1,12518320,exports_goods_services_chain_linked_annual,real_exports_goods_services,Exports of goods and services-CLV-A,2016,2016-12-31,83700.784,millions of euros,annual,chain_linked_volume,54,ce3e4e50cda325537eff729ef64037cd,"Portugal reference territory in BPstat metadata; national-accounts goods-and-services concept, not merchandise-only trade",national_accounts_expenditure_approach_historical_series,not_reviewed_in_source_notes,reconstructed_or_harmonised_not_yet_confirmed,accepted_for_context_not_enabled_for_extraction,context_only_not_empirical_identification,data/raw/live/bpstat/series_12518320.csv
BPstat Data API v1,12518320,exports_goods_services_chain_linked_annual,real_exports_goods_services,Exports of goods and services-CLV-A,2017,2017-12-31,90722.58,millions of euros,annual,chain_linked_volume,54,ce3e4e50cda325537eff729ef64037cd,"Portugal reference territory in BPstat metadata; national-accounts goods-and-services concept, not merchandise-only trade",national_accounts_expenditure_approach_historical_series,not_reviewed_in_source_notes,reconstructed_or_harmonised_not_yet_confirmed,accepted_for_context_not_enabled_for_extraction,context_only_not_empirical_identification,data/raw/live/bpstat/series_12518320.csv
BPstat Data API v1,12518320,exports_goods_services_chain_linked_annual,real_exports_goods_services,Exports of goods and services-CLV-A,2018,2018-12-31,94622.083,millions of euros,annual,chain_linked_volume,54,ce3e4e50cda325537eff729ef64037cd,"Portugal reference territory in BPstat metadata; national-accounts goods-and-services concept, not merchandise-only trade",national_accounts_expenditure_approach_historical_series,not_reviewed_in_source_notes,reconstructed_or_harmonised_not_yet_confirmed,accepted_for_context_not_enabled_for_extraction,context_only_not_empirical_identification,data/raw/live/bpstat/series_12518320.csv
BPstat Data API v1,12518320,exports_goods_services_chain_linked_annual,real_exports_goods_services,Exports of goods and services-CLV-A,2019,2019-12-31,98420.871,millions of euros,annual,chain_linked_volume,54,ce3e4e50cda325537eff729ef64037cd,"Portugal reference territory in BPstat metadata; national-accounts goods-and-services concept, not merchandise-only trade",national_accounts_expenditure_approach_historical_series,not_reviewed_in_source_notes,reconstructed_or_harmonised_not_yet_confirmed,accepted_for_context_not_enabled_for_extraction,context_only_not_empirical_identification,data/raw/live/bpstat/series_12518320.csv
BPstat Data API v1,12518320,exports_goods_services_chain_linked_annual,real_exports_goods_services,Exports of goods and services-CLV-A,2020,2020-12-31,80271.726,millions of euros,annual,chain_linked_volume,54,ce3e4e50cda325537eff729ef64037cd,"Portugal reference territory in BPstat metadata; national-accounts goods-and-services concept, not merchandise-only trade",national_accounts_expenditure_approach_historical_series,not_reviewed_in_source_notes,reconstructed_or_harmonised_not_yet_confirmed,accepted_for_context_not_enabled_for_extraction,context_only_not_empirical_identification,data/raw/live/bpstat/series_12518320.csv
BPstat Data API v1,12518320,exports_goods_services_chain_linked_annual,real_exports_goods_services,Exports of goods and services-CLV-A,2021,2021-12-31,89949.746,millions of euros,annual,chain_linked_volume,54,ce3e4e50cda325537eff729ef64037cd,"Portugal reference territory in BPstat metadata; national-accounts goods-and-services concept, not merchandise-only trade",national_accounts_expenditure_approach_historical_series,not_reviewed_in_source_notes,reconstructed_or_harmonised_not_yet_confirmed,accepted_for_context_not_enabled_for_extraction,context_only_not_empirical_identification,data/raw/live/bpstat/series_12518320.csv
BPstat Data API v1,12518320,exports_goods_services_chain_linked_annual,real_exports_goods_services,Exports of goods and services-CLV-A,2022,2022-12-31,105378.704,millions of euros,annual,chain_linked_volume,54,ce3e4e50cda325537eff729ef64037cd,"Portugal reference territory in BPstat metadata; national-accounts goods-and-services concept, not merchandise-only trade",national_accounts_expenditure_approach_historical_series,not_reviewed_in_source_notes,reconstructed_or_harmonised_not_yet_confirmed,accepted_for_context_not_enabled_for_extraction,context_only_not_empirical_identification,data/raw/live/bpstat/series_12518320.csv
BPstat Data API v1,12518320,exports_goods_services_chain_linked_annual,real_exports_goods_services,Exports of goods and services-CLV-A,2023,2023-12-31,109844.369,millions of euros,annual,chain_linked_volume,54,ce3e4e50cda325537eff729ef64037cd,"Portugal reference territory in BPstat metadata; national-accounts goods-and-services concept, not merchandise-only trade",national_accounts_expenditure_approach_historical_series,not_reviewed_in_source_notes,reconstructed_or_harmonised_not_yet_confirmed,accepted_for_context_not_enabled_for_extraction,context_only_not_empirical_identification,data/raw/live/bpstat/series_12518320.csv
BPstat Data API v1,12518320,exports_goods_services_chain_linked_annual,real_exports_goods_services,Exports of goods and services-CLV-A,2024,2024-12-31,113389.449,millions of euros,annual,chain_linked_volume,54,ce3e4e50cda325537eff729ef64037cd,"Portugal reference territory in BPstat metadata; national-accounts goods-and-services concept, not merchandise-only trade",national_accounts_expenditure_approach_historical_series,not_reviewed_in_source_notes,reconstructed_or_harmonised_not_yet_confirmed,accepted_for_context_not_enabled_for_extraction,context_only_not_empirical_identification,data/raw/live/bpstat/series_12518320.csv
BPstat Data API v1,12518320,exports_goods_services_chain_linked_annual,real_exports_goods_services,Exports of goods and services-CLV-A,2025,2025-12-31,113808.647,millions of euros,annual,chain_linked_volume,54,ce3e4e50cda325537eff729ef64037cd,"Portugal reference territory in BPstat metadata; national-accounts goods-and-services concept, not merchandise-only trade",national_accounts_expenditure_approach_historical_series,not_reviewed_in_source_notes,reconstructed_or_harmonised_not_yet_confirmed,accepted_for_context_not_enabled_for_extraction,context_only_not_empirical_identification,data/raw/live/bpstat/series_12518320.csv
BPstat Data API v1,12518352,exports_goods_services_current_annual,exports_goods_services,Exports of goods and services-CP-A,1953,1953-12-31,44.113,millions of euros,annual,current_prices,54,ce3e4e50cda325537eff729ef64037cd,"Portugal reference territory in BPstat metadata; national-accounts goods-and-services concept, not merchandise-only trade",national_accounts_expenditure_approach_historical_series,not_reviewed_in_source_notes,reconstructed_or_harmonised_not_yet_confirmed,accepted_for_context_not_enabled_for_extraction,context_only_not_empirical_identification,data/raw/live/bpstat/series_12518352.csv
BPstat Data API v1,12518352,exports_goods_services_current_annual,exports_goods_services,Exports of goods and services-CP-A,1954,1954-12-31,50.799,millions of euros,annual,current_prices,54,ce3e4e50cda325537eff729ef64037cd,"Portugal reference territory in BPstat metadata; national-accounts goods-and-services concept, not merchandise-only trade",national_accounts_expenditure_approach_historical_series,not_reviewed_in_source_notes,reconstructed_or_harmonised_not_yet_confirmed,accepted_for_context_not_enabled_for_extraction,context_only_not_empirical_identification,data/raw/live/bpstat/series_12518352.csv
BPstat Data API v1,12518352,exports_goods_services_current_annual,exports_goods_services,Exports of goods and services-CP-A,1955,1955-12-31,56.436,millions of euros,annual,current_prices,54,ce3e4e50cda325537eff729ef64037cd,"Portugal reference territory in BPstat metadata; national-accounts goods-and-services concept, not merchandise-only trade",national_accounts_expenditure_approach_historical_series,not_reviewed_in_source_notes,reconstructed_or_harmonised_not_yet_confirmed,accepted_for_context_not_enabled_for_extraction,context_only_not_empirical_identification,data/raw/live/bpstat/series_12518352.csv
BPstat Data API v1,12518352,exports_goods_services_current_annual,exports_goods_services,Exports of goods and services-CP-A,1956,1956-12-31,61.46,millions of euros,annual,current_prices,54,ce3e4e50cda325537eff729ef64037cd,"Portugal reference territory in BPstat metadata; national-accounts goods-and-services concept, not merchandise-only trade",national_accounts_expenditure_approach_historical_series,not_reviewed_in_source_notes,reconstructed_or_harmonised_not_yet_confirmed,accepted_for_context_not_enabled_for_extraction,context_only_not_empirical_identification,data/raw/live/bpstat/series_12518352.csv
BPstat Data API v1,12518352,exports_goods_services_current_annual,exports_goods_services,Exports of goods and services-CP-A,1957,1957-12-31,61.934,millions of euros,annual,current_prices,54,ce3e4e50cda325537eff729ef64037cd,"Portugal reference territory in BPstat metadata; national-accounts goods-and-services concept, not merchandise-only trade",national_accounts_expenditure_approach_historical_series,not_reviewed_in_source_notes,reconstructed_or_harmonised_not_yet_confirmed,accepted_for_context_not_enabled_for_extraction,context_only_not_empirical_identification,data/raw/live/bpstat/series_12518352.csv
BPstat Data API v1,12518352,exports_goods_services_current_annual,exports_goods_services,Exports of goods and services-CP-A,1958,1958-12-31,66.083,millions of euros,annual,current_prices,54,ce3e4e50cda325537eff729ef64037cd,"Portugal reference territory in BPstat metadata; national-accounts goods-and-services concept, not merchandise-only trade",national_accounts_expenditure_approach_historical_series,not_reviewed_in_source_notes,reconstructed_or_harmonised_not_yet_confirmed,accepted_for_context_not_enabled_for_extraction,context_only_not_empirical_identification,data/raw/live/bpstat/series_12518352.csv
BPstat Data API v1,12518352,exports_goods_services_current_annual,exports_goods_services,Exports of goods and services-CP-A,1959,1959-12-31,62.355,millions of euros,annual,current_prices,54,ce3e4e50cda325537eff729ef64037cd,"Portugal reference territory in BPstat metadata; national-accounts goods-and-services concept, not merchandise-only trade",national_accounts_expenditure_approach_historical_series,not_reviewed_in_source_notes,reconstructed_or_harmonised_not_yet_confirmed,accepted_for_context_not_enabled_for_extraction,context_only_not_empirical_identification,data/raw/live/bpstat/series_12518352.csv
BPstat Data API v1,12518352,exports_goods_services_current_annual,exports_goods_services,Exports of goods and services-CP-A,1960,1960-12-31,70.142,millions of euros,annual,current_prices,54,ce3e4e50cda325537eff729ef64037cd,"Portugal reference territory in BPstat metadata; national-accounts goods-and-services concept, not merchandise-only trade",national_accounts_expenditure_approach_historical_series,not_reviewed_in_source_notes,reconstructed_or_harmonised_not_yet_confirmed,accepted_for_context_not_enabled_for_extraction,context_only_not_empirical_identification,data/raw/live/bpstat/series_12518352.csv
BPstat Data API v1,12518352,exports_goods_services_current_annual,exports_goods_services,Exports of goods and services-CP-A,1961,1961-12-31,71.78,millions of euros,annual,current_prices,54,ce3e4e50cda325537eff729ef64037cd,"Portugal reference territory in BPstat metadata; national-accounts goods-and-services concept, not merchandise-only trade",national_accounts_expenditure_approach_historical_series,not_reviewed_in_source_notes,reconstructed_or_harmonised_not_yet_confirmed,accepted_for_context_not_enabled_for_extraction,context_only_not_empirical_identification,data/raw/live/bpstat/series_12518352.csv
BPstat Data API v1,12518352,exports_goods_services_current_annual,exports_goods_services,Exports of goods and services-CP-A,1962,1962-12-31,88.645,millions of euros,annual,current_prices,54,ce3e4e50cda325537eff729ef64037cd,"Portugal reference territory in BPstat metadata; national-accounts goods-and-services concept, not merchandise-only trade",national_accounts_expenditure_approach_historical_series,not_reviewed_in_source_notes,reconstructed_or_harmonised_not_yet_confirmed,accepted_for_context_not_enabled_for_extraction,context_only_not_empirical_identification,data/raw/live/bpstat/series_12518352.csv
BPstat Data API v1,12518352,exports_goods_services_current_annual,exports_goods_services,Exports of goods and services-CP-A,1963,1963-12-31,97.023,millions of euros,annual,current_prices,54,ce3e4e50cda325537eff729ef64037cd,"Portugal reference territory in BPstat metadata; national-accounts goods-and-services concept, not merchandise-only trade",national_accounts_expenditure_approach_historical_series,not_reviewed_in_source_notes,reconstructed_or_harmonised_not_yet_confirmed,accepted_for_context_not_enabled_for_extraction,context_only_not_empirical_identification,data/raw/live/bpstat/series_12518352.csv
BPstat Data API v1,12518352,exports_goods_services_current_annual,exports_goods_services,Exports of goods and services-CP-A,1964,1964-12-31,123.306,millions of euros,annual,current_prices,54,ce3e4e50cda325537eff729ef64037cd,"Portugal reference territory in BPstat metadata; national-accounts goods-and-services concept, not merchandise-only trade",national_accounts_expenditure_approach_historical_series,not_reviewed_in_source_notes,reconstructed_or_harmonised_not_yet_confirmed,accepted_for_context_not_enabled_for_extraction,context_only_not_empirical_identification,data/raw/live/bpstat/series_12518352.csv
BPstat Data API v1,12518352,exports_goods_services_current_annual,exports_goods_services,Exports of goods and services-CP-A,1965,1965-12-31,142.058,millions of euros,annual,current_prices,54,ce3e4e50cda325537eff729ef64037cd,"Portugal reference territory in BPstat metadata; national-accounts goods-and-services concept, not merchandise-only trade",national_accounts_expenditure_approach_historical_series,not_reviewed_in_source_notes,reconstructed_or_harmonised_not_yet_confirmed,accepted_for_context_not_enabled_for_extraction,context_only_not_empirical_identification,data/raw/live/bpstat/series_12518352.csv
BPstat Data API v1,12518352,exports_goods_services_current_annual,exports_goods_services,Exports of goods and services-CP-A,1966,1966-12-31,162.13,millions of euros,annual,current_prices,54,ce3e4e50cda325537eff729ef64037cd,"Portugal reference territory in BPstat metadata; national-accounts goods-and-services concept, not merchandise-only trade",national_accounts_expenditure_approach_historical_series,not_reviewed_in_source_notes,reconstructed_or_harmonised_not_yet_confirmed,accepted_for_context_not_enabled_for_extraction,context_only_not_empirical_identification,data/raw/live/bpstat/series_12518352.csv
BPstat Data API v1,12518352,exports_goods_services_current_annual,exports_goods_services,Exports of goods and services-CP-A,1967,1967-12-31,179.233,millions of euros,annual,current_prices,54,ce3e4e50cda325537eff729ef64037cd,"Portugal reference territory in BPstat metadata; national-accounts goods-and-services concept, not merchandise-only trade",national_accounts_expenditure_approach_historical_series,not_reviewed_in_source_notes,reconstructed_or_harmonised_not_yet_confirmed,accepted_for_context_not_enabled_for_extraction,context_only_not_empirical_identification,data/raw/live/bpstat/series_12518352.csv
BPstat Data API v1,12518352,exports_goods_services_current_annual,exports_goods_services,Exports of goods and services-CP-A,1968,1968-12-31,181.788,millions of euros,annual,current_prices,54,ce3e4e50cda325537eff729ef64037cd,"Portugal reference territory in BPstat metadata; national-accounts goods-and-services concept, not merchandise-only trade",national_accounts_expenditure_approach_historical_series,not_reviewed_in_source_notes,reconstructed_or_harmonised_not_yet_confirmed,accepted_for_context_not_enabled_for_extraction,context_only_not_empirical_identification,data/raw/live/bpstat/series_12518352.csv
BPstat Data API v1,12518352,exports_goods_services_current_annual,exports_goods_services,Exports of goods and services-CP-A,1969,1969-12-31,197.91,millions of euros,annual,current_prices,54,ce3e4e50cda325537eff729ef64037cd,"Portugal reference territory in BPstat metadata; national-accounts goods-and-services concept, not merchandise-only trade",national_accounts_expenditure_approach_historical_series,not_reviewed_in_source_notes,reconstructed_or_harmonised_not_yet_confirmed,accepted_for_context_not_enabled_for_extraction,context_only_not_empirical_identification,data/raw/live/bpstat/series_12518352.csv
BPstat Data API v1,12518352,exports_goods_services_current_annual,exports_goods_services,Exports of goods and services-CP-A,1970,1970-12-31,221.731,millions of euros,annual,current_prices,54,ce3e4e50cda325537eff729ef64037cd,"Portugal reference territory in BPstat metadata; national-accounts goods-and-services concept, not merchandise-only trade",national_accounts_expenditure_approach_historical_series,not_reviewed_in_source_notes,reconstructed_or_harmonised_not_yet_confirmed,accepted_for_context_not_enabled_for_extraction,context_only_not_empirical_identification,data/raw/live/bpstat/series_12518352.csv
BPstat Data API v1,12518352,exports_goods_services_current_annual,exports_goods_services,Exports of goods and services-CP-A,1971,1971-12-31,257.063,millions of euros,annual,current_prices,54,ce3e4e50cda325537eff729ef64037cd,"Portugal reference territory in BPstat metadata; national-accounts goods-and-services concept, not merchandise-only trade",national_accounts_expenditure_approach_historical_series,not_reviewed_in_source_notes,reconstructed_or_harmonised_not_yet_confirmed,accepted_for_context_not_enabled_for_extraction,context_only_not_empirical_identification,data/raw/live/bpstat/series_12518352.csv
BPstat Data API v1,12518352,exports_goods_services_current_annual,exports_goods_services,Exports of goods and services-CP-A,1972,1972-12-31,303.981,millions of euros,annual,current_prices,54,ce3e4e50cda325537eff729ef64037cd,"Portugal reference territory in BPstat metadata; national-accounts goods-and-services concept, not merchandise-only trade",national_accounts_expenditure_approach_historical_series,not_reviewed_in_source_notes,reconstructed_or_harmonised_not_yet_confirmed,accepted_for_context_not_enabled_for_extraction,context_only_not_empirical_identification,data/raw/live/bpstat/series_12518352.csv
BPstat Data API v1,12518352,exports_goods_services_current_annual,exports_goods_services,Exports of goods and services-CP-A,1973,1973-12-31,374.821,millions of euros,annual,current_prices,54,ce3e4e50cda325537eff729ef64037cd,"Portugal reference territory in BPstat metadata; national-accounts goods-and-services concept, not merchandise-only trade",national_accounts_expenditure_approach_historical_series,not_reviewed_in_source_notes,reconstructed_or_harmonised_not_yet_confirmed,accepted_for_context_not_enabled_for_extraction,context_only_not_empirical_identification,data/raw/live/bpstat/series_12518352.csv
BPstat Data API v1,12518352,exports_goods_services_current_annual,exports_goods_services,Exports of goods and services-CP-A,1974,1974-12-31,451.7,millions of euros,annual,current_prices,54,ce3e4e50cda325537eff729ef64037cd,"Portugal reference territory in BPstat metadata; national-accounts goods-and-services concept, not merchandise-only trade",national_accounts_expenditure_approach_historical_series,not_reviewed_in_source_notes,reconstructed_or_harmonised_not_yet_confirmed,accepted_for_context_not_enabled_for_extraction,context_only_not_empirical_identification,data/raw/live/bpstat/series_12518352.csv
BPstat Data API v1,12518352,exports_goods_services_current_annual,exports_goods_services,Exports of goods and services-CP-A,1975,1975-12-31,375.93,millions of euros,annual,current_prices,54,ce3e4e50cda325537eff729ef64037cd,"Portugal reference territory in BPstat metadata; national-accounts goods-and-services concept, not merchandise-only trade",national_accounts_expenditure_approach_historical_series,not_reviewed_in_source_notes,reconstructed_or_harmonised_not_yet_confirmed,accepted_for_context_not_enabled_for_extraction,context_only_not_empirical_identification,data/raw/live/bpstat/series_12518352.csv
BPstat Data API v1,12518352,exports_goods_services_current_annual,exports_goods_services,Exports of goods and services-CP-A,1976,1976-12-31,408.033,millions of euros,annual,current_prices,54,ce3e4e50cda325537eff729ef64037cd,"Portugal reference territory in BPstat metadata; national-accounts goods-and-services concept, not merchandise-only trade",national_accounts_expenditure_approach_historical_series,not_reviewed_in_source_notes,reconstructed_or_harmonised_not_yet_confirmed,accepted_for_context_not_enabled_for_extraction,context_only_not_empirical_identification,data/raw/live/bpstat/series_12518352.csv
BPstat Data API v1,12518352,exports_goods_services_current_annual,exports_goods_services,Exports of goods and services-CP-A,1977,1977-12-31,571.524,millions of euros,annual,current_prices,54,ce3e4e50cda325537eff729ef64037cd,"Portugal reference territory in BPstat metadata; national-accounts goods-and-services concept, not merchandise-only trade",national_accounts_expenditure_approach_historical_series,not_reviewed_in_source_notes,reconstructed_or_harmonised_not_yet_confirmed,accepted_for_context_not_enabled_for_extraction,context_only_not_empirical_identification,data/raw/live/bpstat/series_12518352.csv
BPstat Data API v1,12518352,exports_goods_services_current_annual,exports_goods_services,Exports of goods and services-CP-A,1978,1978-12-31,800.724,millions of euros,annual,current_prices,54,ce3e4e50cda325537eff729ef64037cd,"Portugal reference territory in BPstat metadata; national-accounts goods-and-services concept, not merchandise-only trade",national_accounts_expenditure_approach_historical_series,not_reviewed_in_source_notes,reconstructed_or_harmonised_not_yet_confirmed,accepted_for_context_not_enabled_for_extraction,context_only_not_empirical_identification,data/raw/live/bpstat/series_12518352.csv
BPstat Data API v1,12518352,exports_goods_services_current_annual,exports_goods_services,Exports of goods and services-CP-A,1979,1979-12-31,1339.157,millions of euros,annual,current_prices,54,ce3e4e50cda325537eff729ef64037cd,"Portugal reference territory in BPstat metadata; national-accounts goods-and-services concept, not merchandise-only trade",national_accounts_expenditure_approach_historical_series,not_reviewed_in_source_notes,reconstructed_or_harmonised_not_yet_confirmed,accepted_for_context_not_enabled_for_extraction,context_only_not_empirical_identification,data/raw/live/bpstat/series_12518352.csv
BPstat Data API v1,12518352,exports_goods_services_current_annual,exports_goods_services,Exports of goods and services-CP-A,1980,1980-12-31,1738.75,millions of euros,annual,current_prices,54,ce3e4e50cda325537eff729ef64037cd,"Portugal reference territory in BPstat metadata; national-accounts goods-and-services concept, not merchandise-only trade",national_accounts_expenditure_approach_historical_series,not_reviewed_in_source_notes,reconstructed_or_harmonised_not_yet_confirmed,accepted_for_context_not_enabled_for_extraction,context_only_not_empirical_identification,data/raw/live/bpstat/series_12518352.csv
BPstat Data API v1,12518352,exports_goods_services_current_annual,exports_goods_services,Exports of goods and services-CP-A,1981,1981-12-31,1979.918,millions of euros,annual,current_prices,54,ce3e4e50cda325537eff729ef64037cd,"Portugal reference territory in BPstat metadata; national-accounts goods-and-services concept, not merchandise-only trade",national_accounts_expenditure_approach_historical_series,not_reviewed_in_source_notes,reconstructed_or_harmonised_not_yet_confirmed,accepted_for_context_not_enabled_for_extraction,context_only_not_empirical_identification,data/raw/live/bpstat/series_12518352.csv
BPstat Data API v1,12518352,exports_goods_services_current_annual,exports_goods_services,Exports of goods and services-CP-A,1982,1982-12-31,2412.701,millions of euros,annual,current_prices,54,ce3e4e50cda325537eff729ef64037cd,"Portugal reference territory in BPstat metadata; national-accounts goods-and-services concept, not merchandise-only trade",national_accounts_expenditure_approach_historical_series,not_reviewed_in_source_notes,reconstructed_or_harmonised_not_yet_confirmed,accepted_for_context_not_enabled_for_extraction,context_only_not_empirical_identification,data/raw/live/bpstat/series_12518352.csv
BPstat Data API v1,12518352,exports_goods_services_current_annual,exports_goods_services,Exports of goods and services-CP-A,1983,1983-12-31,3584.681,millions of euros,annual,current_prices,54,ce3e4e50cda325537eff729ef64037cd,"Portugal reference territory in BPstat metadata; national-accounts goods-and-services concept, not merchandise-only trade",national_accounts_expenditure_approach_historical_series,not_reviewed_in_source_notes,reconstructed_or_harmonised_not_yet_confirmed,accepted_for_context_not_enabled_for_extraction,context_only_not_empirical_identification,data/raw/live/bpstat/series_12518352.csv
BPstat Data API v1,12518352,exports_goods_services_current_annual,exports_goods_services,Exports of goods and services-CP-A,1984,1984-12-31,5278.976,millions of euros,annual,current_prices,54,ce3e4e50cda325537eff729ef64037cd,"Portugal reference territory in BPstat metadata; national-accounts goods-and-services concept, not merchandise-only trade",national_accounts_expenditure_approach_historical_series,not_reviewed_in_source_notes,reconstructed_or_harmonised_not_yet_confirmed,accepted_for_context_not_enabled_for_extraction,context_only_not_empirical_identification,data/raw/live/bpstat/series_12518352.csv
BPstat Data API v1,12518352,exports_goods_services_current_annual,exports_goods_services,Exports of goods and services-CP-A,1985,1985-12-31,6741.868,millions of euros,annual,current_prices,54,ce3e4e50cda325537eff729ef64037cd,"Portugal reference territory in BPstat metadata; national-accounts goods-and-services concept, not merchandise-only trade",national_accounts_expenditure_approach_historical_series,not_reviewed_in_source_notes,reconstructed_or_harmonised_not_yet_confirmed,accepted_for_context_not_enabled_for_extraction,context_only_not_empirical_identification,data/raw/live/bpstat/series_12518352.csv
BPstat Data API v1,12518352,exports_goods_services_current_annual,exports_goods_services,Exports of goods and services-CP-A,1986,1986-12-31,7642.968,millions of euros,annual,current_prices,54,ce3e4e50cda325537eff729ef64037cd,"Portugal reference territory in BPstat metadata; national-accounts goods-and-services concept, not merchandise-only trade",national_accounts_expenditure_approach_historical_series,not_reviewed_in_source_notes,reconstructed_or_harmonised_not_yet_confirmed,accepted_for_context_not_enabled_for_extraction,context_only_not_empirical_identification,data/raw/live/bpstat/series_12518352.csv
BPstat Data API v1,12518352,exports_goods_services_current_annual,exports_goods_services,Exports of goods and services-CP-A,1987,1987-12-31,9277.455,millions of euros,annual,current_prices,54,ce3e4e50cda325537eff729ef64037cd,"Portugal reference territory in BPstat metadata; national-accounts goods-and-services concept, not merchandise-only trade",national_accounts_expenditure_approach_historical_series,not_reviewed_in_source_notes,reconstructed_or_harmonised_not_yet_confirmed,accepted_for_context_not_enabled_for_extraction,context_only_not_empirical_identification,data/raw/live/bpstat/series_12518352.csv
BPstat Data API v1,12518352,exports_goods_services_current_annual,exports_goods_services,Exports of goods and services-CP-A,1988,1988-12-31,11032.949,millions of euros,annual,current_prices,54,ce3e4e50cda325537eff729ef64037cd,"Portugal reference territory in BPstat metadata; national-accounts goods-and-services concept, not merchandise-only trade",national_accounts_expenditure_approach_historical_series,not_reviewed_in_source_notes,reconstructed_or_harmonised_not_yet_confirmed,accepted_for_context_not_enabled_for_extraction,context_only_not_empirical_identification,data/raw/live/bpstat/series_12518352.csv
BPstat Data API v1,12518352,exports_goods_services_current_annual,exports_goods_services,Exports of goods and services-CP-A,1989,1989-12-31,13911.575,millions of euros,annual,current_prices,54,ce3e4e50cda325537eff729ef64037cd,"Portugal reference territory in BPstat metadata; national-accounts goods-and-services concept, not merchandise-only trade",national_accounts_expenditure_approach_historical_series,not_reviewed_in_source_notes,reconstructed_or_harmonised_not_yet_confirmed,accepted_for_context_not_enabled_for_extraction,context_only_not_empirical_identification,data/raw/live/bpstat/series_12518352.csv
BPstat Data API v1,12518352,exports_goods_services_current_annual,exports_goods_services,Exports of goods and services-CP-A,1990,1990-12-31,16286.765,millions of euros,annual,current_prices,54,ce3e4e50cda325537eff729ef64037cd,"Portugal reference territory in BPstat metadata; national-accounts goods-and-services concept, not merchandise-only trade",national_accounts_expenditure_approach_historical_series,not_reviewed_in_source_notes,reconstructed_or_harmonised_not_yet_confirmed,accepted_for_context_not_enabled_for_extraction,context_only_not_empirical_identification,data/raw/live/bpstat/series_12518352.csv
BPstat Data API v1,12518352,exports_goods_services_current_annual,exports_goods_services,Exports of goods and services-CP-A,1991,1991-12-31,16991.742,millions of euros,annual,current_prices,54,ce3e4e50cda325537eff729ef64037cd,"Portugal reference territory in BPstat metadata; national-accounts goods-and-services concept, not merchandise-only trade",national_accounts_expenditure_approach_historical_series,not_reviewed_in_source_notes,reconstructed_or_harmonised_not_yet_confirmed,accepted_for_context_not_enabled_for_extraction,context_only_not_empirical_identification,data/raw/live/bpstat/series_12518352.csv
BPstat Data API v1,12518352,exports_goods_services_current_annual,exports_goods_services,Exports of goods and services-CP-A,1992,1992-12-31,17462.742,millions of euros,annual,current_prices,54,ce3e4e50cda325537eff729ef64037cd,"Portugal reference territory in BPstat metadata; national-accounts goods-and-services concept, not merchandise-only trade",national_accounts_expenditure_approach_historical_series,not_reviewed_in_source_notes,reconstructed_or_harmonised_not_yet_confirmed,accepted_for_context_not_enabled_for_extraction,context_only_not_empirical_identification,data/raw/live/bpstat/series_12518352.csv
BPstat Data API v1,12518352,exports_goods_services_current_annual,exports_goods_services,Exports of goods and services-CP-A,1993,1993-12-31,17883.835,millions of euros,annual,current_prices,54,ce3e4e50cda325537eff729ef64037cd,"Portugal reference territory in BPstat metadata; national-accounts goods-and-services concept, not merchandise-only trade",national_accounts_expenditure_approach_historical_series,not_reviewed_in_source_notes,reconstructed_or_harmonised_not_yet_confirmed,accepted_for_context_not_enabled_for_extraction,context_only_not_empirical_identification,data/raw/live/bpstat/series_12518352.csv
BPstat Data API v1,12518352,exports_goods_services_current_annual,exports_goods_services,Exports of goods and services-CP-A,1994,1994-12-31,20426.327,millions of euros,annual,current_prices,54,ce3e4e50cda325537eff729ef64037cd,"Portugal reference territory in BPstat metadata; national-accounts goods-and-services concept, not merchandise-only trade",national_accounts_expenditure_approach_historical_series,not_reviewed_in_source_notes,reconstructed_or_harmonised_not_yet_confirmed,accepted_for_context_not_enabled_for_extraction,context_only_not_empirical_identification,data/raw/live/bpstat/series_12518352.csv
BPstat Data API v1,12518352,exports_goods_services_current_annual,exports_goods_services,Exports of goods and services-CP-A,1995,1995-12-31,23832.706,millions of euros,annual,current_prices,54,ce3e4e50cda325537eff729ef64037cd,"Portugal reference territory in BPstat metadata; national-accounts goods-and-services concept, not merchandise-only trade",national_accounts_expenditure_approach_historical_series,not_reviewed_in_source_notes,reconstructed_or_harmonised_not_yet_confirmed,accepted_for_context_not_enabled_for_extraction,context_only_not_empirical_identification,data/raw/live/bpstat/series_12518352.csv
BPstat Data API v1,12518352,exports_goods_services_current_annual,exports_goods_services,Exports of goods and services-CP-A,1996,1996-12-31,25048.899,millions of euros,annual,current_prices,54,ce3e4e50cda325537eff729ef64037cd,"Portugal reference territory in BPstat metadata; national-accounts goods-and-services concept, not merchandise-only trade",national_accounts_expenditure_approach_historical_series,not_reviewed_in_source_notes,reconstructed_or_harmonised_not_yet_confirmed,accepted_for_context_not_enabled_for_extraction,context_only_not_empirical_identification,data/raw/live/bpstat/series_12518352.csv
BPstat Data API v1,12518352,exports_goods_services_current_annual,exports_goods_services,Exports of goods and services-CP-A,1997,1997-12-31,27787.097,millions of euros,annual,current_prices,54,ce3e4e50cda325537eff729ef64037cd,"Portugal reference territory in BPstat metadata; national-accounts goods-and-services concept, not merchandise-only trade",national_accounts_expenditure_approach_historical_series,not_reviewed_in_source_notes,reconstructed_or_harmonised_not_yet_confirmed,accepted_for_context_not_enabled_for_extraction,context_only_not_empirical_identification,data/raw/live/bpstat/series_12518352.csv
BPstat Data API v1,12518352,exports_goods_services_current_annual,exports_goods_services,Exports of goods and services-CP-A,1998,1998-12-31,30434.691,millions of euros,annual,current_prices,54,ce3e4e50cda325537eff729ef64037cd,"Portugal reference territory in BPstat metadata; national-accounts goods-and-services concept, not merchandise-only trade",national_accounts_expenditure_approach_historical_series,not_reviewed_in_source_notes,reconstructed_or_harmonised_not_yet_confirmed,accepted_for_context_not_enabled_for_extraction,context_only_not_empirical_identification,data/raw/live/bpstat/series_12518352.csv
BPstat Data API v1,12518352,exports_goods_services_current_annual,exports_goods_services,Exports of goods and services-CP-A,1999,1999-12-31,31673.317,millions of euros,annual,current_prices,54,ce3e4e50cda325537eff729ef64037cd,"Portugal reference territory in BPstat metadata; national-accounts goods-and-services concept, not merchandise-only trade",national_accounts_expenditure_approach_historical_series,not_reviewed_in_source_notes,reconstructed_or_harmonised_not_yet_confirmed,accepted_for_context_not_enabled_for_extraction,context_only_not_empirical_identification,data/raw/live/bpstat/series_12518352.csv
BPstat Data API v1,12518352,exports_goods_services_current_annual,exports_goods_services,Exports of goods and services-CP-A,2000,2000-12-31,36218.807,millions of euros,annual,current_prices,54,ce3e4e50cda325537eff729ef64037cd,"Portugal reference territory in BPstat metadata; national-accounts goods-and-services concept, not merchandise-only trade",national_accounts_expenditure_approach_historical_series,not_reviewed_in_source_notes,reconstructed_or_harmonised_not_yet_confirmed,accepted_for_context_not_enabled_for_extraction,context_only_not_empirical_identification,data/raw/live/bpstat/series_12518352.csv
BPstat Data API v1,12518352,exports_goods_services_current_annual,exports_goods_services,Exports of goods and services-CP-A,2001,2001-12-31,37253.032,millions of euros,annual,current_prices,54,ce3e4e50cda325537eff729ef64037cd,"Portugal reference territory in BPstat metadata; national-accounts goods-and-services concept, not merchandise-only trade",national_accounts_expenditure_approach_historical_series,not_reviewed_in_source_notes,reconstructed_or_harmonised_not_yet_confirmed,accepted_for_context_not_enabled_for_extraction,context_only_not_empirical_identification,data/raw/live/bpstat/series_12518352.csv
BPstat Data API v1,12518352,exports_goods_services_current_annual,exports_goods_services,Exports of goods and services-CP-A,2002,2002-12-31,38594.232,millions of euros,annual,current_prices,54,ce3e4e50cda325537eff729ef64037cd,"Portugal reference territory in BPstat metadata; national-accounts goods-and-services concept, not merchandise-only trade",national_accounts_expenditure_approach_historical_series,not_reviewed_in_source_notes,reconstructed_or_harmonised_not_yet_confirmed,accepted_for_context_not_enabled_for_extraction,context_only_not_empirical_identification,data/raw/live/bpstat/series_12518352.csv
BPstat Data API v1,12518352,exports_goods_services_current_annual,exports_goods_services,Exports of goods and services-CP-A,2003,2003-12-31,39974.671,millions of euros,annual,current_prices,54,ce3e4e50cda325537eff729ef64037cd,"Portugal reference territory in BPstat metadata; national-accounts goods-and-services concept, not merchandise-only trade",national_accounts_expenditure_approach_historical_series,not_reviewed_in_source_notes,reconstructed_or_harmonised_not_yet_confirmed,accepted_for_context_not_enabled_for_extraction,context_only_not_empirical_identification,data/raw/live/bpstat/series_12518352.csv
BPstat Data API v1,12518352,exports_goods_services_current_annual,exports_goods_services,Exports of goods and services-CP-A,2004,2004-12-31,42122.64,millions of euros,annual,current_prices,54,ce3e4e50cda325537eff729ef64037cd,"Portugal reference territory in BPstat metadata; national-accounts goods-and-services concept, not merchandise-only trade",national_accounts_expenditure_approach_historical_series,not_reviewed_in_source_notes,reconstructed_or_harmonised_not_yet_confirmed,accepted_for_context_not_enabled_for_extraction,context_only_not_empirical_identification,data/raw/live/bpstat/series_12518352.csv
BPstat Data API v1,12518352,exports_goods_services_current_annual,exports_goods_services,Exports of goods and services-CP-A,2005,2005-12-31,42942.68,millions of euros,annual,current_prices,54,ce3e4e50cda325537eff729ef64037cd,"Portugal reference territory in BPstat metadata; national-accounts goods-and-services concept, not merchandise-only trade",national_accounts_expenditure_approach_historical_series,not_reviewed_in_source_notes,reconstructed_or_harmonised_not_yet_confirmed,accepted_for_context_not_enabled_for_extraction,context_only_not_empirical_identification,data/raw/live/bpstat/series_12518352.csv
BPstat Data API v1,12518352,exports_goods_services_current_annual,exports_goods_services,Exports of goods and services-CP-A,2006,2006-12-31,50472.363,millions of euros,annual,current_prices,54,ce3e4e50cda325537eff729ef64037cd,"Portugal reference territory in BPstat metadata; national-accounts goods-and-services concept, not merchandise-only trade",national_accounts_expenditure_approach_historical_series,not_reviewed_in_source_notes,reconstructed_or_harmonised_not_yet_confirmed,accepted_for_context_not_enabled_for_extraction,context_only_not_empirical_identification,data/raw/live/bpstat/series_12518352.csv
BPstat Data API v1,12518352,exports_goods_services_current_annual,exports_goods_services,Exports of goods and services-CP-A,2007,2007-12-31,54740.616,millions of euros,annual,current_prices,54,ce3e4e50cda325537eff729ef64037cd,"Portugal reference territory in BPstat metadata; national-accounts goods-and-services concept, not merchandise-only trade",national_accounts_expenditure_approach_historical_series,not_reviewed_in_source_notes,reconstructed_or_harmonised_not_yet_confirmed,accepted_for_context_not_enabled_for_extraction,context_only_not_empirical_identification,data/raw/live/bpstat/series_12518352.csv
BPstat Data API v1,12518352,exports_goods_services_current_annual,exports_goods_services,Exports of goods and services-CP-A,2008,2008-12-31,55989.462,millions of euros,annual,current_prices,54,ce3e4e50cda325537eff729ef64037cd,"Portugal reference territory in BPstat metadata; national-accounts goods-and-services concept, not merchandise-only trade",national_accounts_expenditure_approach_historical_series,not_reviewed_in_source_notes,reconstructed_or_harmonised_not_yet_confirmed,accepted_for_context_not_enabled_for_extraction,context_only_not_empirical_identification,data/raw/live/bpstat/series_12518352.csv
BPstat Data API v1,12518352,exports_goods_services_current_annual,exports_goods_services,Exports of goods and services-CP-A,2009,2009-12-31,47877.711,millions of euros,annual,current_prices,54,ce3e4e50cda325537eff729ef64037cd,"Portugal reference territory in BPstat metadata; national-accounts goods-and-services concept, not merchandise-only trade",national_accounts_expenditure_approach_historical_series,not_reviewed_in_source_notes,reconstructed_or_harmonised_not_yet_confirmed,accepted_for_context_not_enabled_for_extraction,context_only_not_empirical_identification,data/raw/live/bpstat/series_12518352.csv
BPstat Data API v1,12518352,exports_goods_services_current_annual,exports_goods_services,Exports of goods and services-CP-A,2010,2010-12-31,54007.72,millions of euros,annual,current_prices,54,ce3e4e50cda325537eff729ef64037cd,"Portugal reference territory in BPstat metadata; national-accounts goods-and-services concept, not merchandise-only trade",national_accounts_expenditure_approach_historical_series,not_reviewed_in_source_notes,reconstructed_or_harmonised_not_yet_confirmed,accepted_for_context_not_enabled_for_extraction,context_only_not_empirical_identification,data/raw/live/bpstat/series_12518352.csv
BPstat Data API v1,12518352,exports_goods_services_current_annual,exports_goods_services,Exports of goods and services-CP-A,2011,2011-12-31,60673.692,millions of euros,annual,current_prices,54,ce3e4e50cda325537eff729ef64037cd,"Portugal reference territory in BPstat metadata; national-accounts goods-and-services concept, not merchandise-only trade",national_accounts_expenditure_approach_historical_series,not_reviewed_in_source_notes,reconstructed_or_harmonised_not_yet_confirmed,accepted_for_context_not_enabled_for_extraction,context_only_not_empirical_identification,data/raw/live/bpstat/series_12518352.csv
BPstat Data API v1,12518352,exports_goods_services_current_annual,exports_goods_services,Exports of goods and services-CP-A,2012,2012-12-31,63578.725,millions of euros,annual,current_prices,54,ce3e4e50cda325537eff729ef64037cd,"Portugal reference territory in BPstat metadata; national-accounts goods-and-services concept, not merchandise-only trade",national_accounts_expenditure_approach_historical_series,not_reviewed_in_source_notes,reconstructed_or_harmonised_not_yet_confirmed,accepted_for_context_not_enabled_for_extraction,context_only_not_empirical_identification,data/raw/live/bpstat/series_12518352.csv
BPstat Data API v1,12518352,exports_goods_services_current_annual,exports_goods_services,Exports of goods and services-CP-A,2013,2013-12-31,67526.029,millions of euros,annual,current_prices,54,ce3e4e50cda325537eff729ef64037cd,"Portugal reference territory in BPstat metadata; national-accounts goods-and-services concept, not merchandise-only trade",national_accounts_expenditure_approach_historical_series,not_reviewed_in_source_notes,reconstructed_or_harmonised_not_yet_confirmed,accepted_for_context_not_enabled_for_extraction,context_only_not_empirical_identification,data/raw/live/bpstat/series_12518352.csv
BPstat Data API v1,12518352,exports_goods_services_current_annual,exports_goods_services,Exports of goods and services-CP-A,2014,2014-12-31,69595.217,millions of euros,annual,current_prices,54,ce3e4e50cda325537eff729ef64037cd,"Portugal reference territory in BPstat metadata; national-accounts goods-and-services concept, not merchandise-only trade",national_accounts_expenditure_approach_historical_series,not_reviewed_in_source_notes,reconstructed_or_harmonised_not_yet_confirmed,accepted_for_context_not_enabled_for_extraction,context_only_not_empirical_identification,data/raw/live/bpstat/series_12518352.csv
BPstat Data API v1,12518352,exports_goods_services_current_annual,exports_goods_services,Exports of goods and services-CP-A,2015,2015-12-31,72990.707,millions of euros,annual,current_prices,54,ce3e4e50cda325537eff729ef64037cd,"Portugal reference territory in BPstat metadata; national-accounts goods-and-services concept, not merchandise-only trade",national_accounts_expenditure_approach_historical_series,not_reviewed_in_source_notes,reconstructed_or_harmonised_not_yet_confirmed,accepted_for_context_not_enabled_for_extraction,context_only_not_empirical_identification,data/raw/live/bpstat/series_12518352.csv
BPstat Data API v1,12518352,exports_goods_services_current_annual,exports_goods_services,Exports of goods and services-CP-A,2016,2016-12-31,75214.117,millions of euros,annual,current_prices,54,ce3e4e50cda325537eff729ef64037cd,"Portugal reference territory in BPstat metadata; national-accounts goods-and-services concept, not merchandise-only trade",national_accounts_expenditure_approach_historical_series,not_reviewed_in_source_notes,reconstructed_or_harmonised_not_yet_confirmed,accepted_for_context_not_enabled_for_extraction,context_only_not_empirical_identification,data/raw/live/bpstat/series_12518352.csv
BPstat Data API v1,12518352,exports_goods_services_current_annual,exports_goods_services,Exports of goods and services-CP-A,2017,2017-12-31,83956.86,millions of euros,annual,current_prices,54,ce3e4e50cda325537eff729ef64037cd,"Portugal reference territory in BPstat metadata; national-accounts goods-and-services concept, not merchandise-only trade",national_accounts_expenditure_approach_historical_series,not_reviewed_in_source_notes,reconstructed_or_harmonised_not_yet_confirmed,accepted_for_context_not_enabled_for_extraction,context_only_not_empirical_identification,data/raw/live/bpstat/series_12518352.csv
BPstat Data API v1,12518352,exports_goods_services_current_annual,exports_goods_services,Exports of goods and services-CP-A,2018,2018-12-31,89538.012,millions of euros,annual,current_prices,54,ce3e4e50cda325537eff729ef64037cd,"Portugal reference territory in BPstat metadata; national-accounts goods-and-services concept, not merchandise-only trade",national_accounts_expenditure_approach_historical_series,not_reviewed_in_source_notes,reconstructed_or_harmonised_not_yet_confirmed,accepted_for_context_not_enabled_for_extraction,context_only_not_empirical_identification,data/raw/live/bpstat/series_12518352.csv
BPstat Data API v1,12518352,exports_goods_services_current_annual,exports_goods_services,Exports of goods and services-CP-A,2019,2019-12-31,93631.544,millions of euros,annual,current_prices,54,ce3e4e50cda325537eff729ef64037cd,"Portugal reference territory in BPstat metadata; national-accounts goods-and-services concept, not merchandise-only trade",national_accounts_expenditure_approach_historical_series,not_reviewed_in_source_notes,reconstructed_or_harmonised_not_yet_confirmed,accepted_for_context_not_enabled_for_extraction,context_only_not_empirical_identification,data/raw/live/bpstat/series_12518352.csv
BPstat Data API v1,12518352,exports_goods_services_current_annual,exports_goods_services,Exports of goods and services-CP-A,2020,2020-12-31,74896.775,millions of euros,annual,current_prices,54,ce3e4e50cda325537eff729ef64037cd,"Portugal reference territory in BPstat metadata; national-accounts goods-and-services concept, not merchandise-only trade",national_accounts_expenditure_approach_historical_series,not_reviewed_in_source_notes,reconstructed_or_harmonised_not_yet_confirmed,accepted_for_context_not_enabled_for_extraction,context_only_not_empirical_identification,data/raw/live/bpstat/series_12518352.csv
BPstat Data API v1,12518352,exports_goods_services_current_annual,exports_goods_services,Exports of goods and services-CP-A,2021,2021-12-31,89949.746,millions of euros,annual,current_prices,54,ce3e4e50cda325537eff729ef64037cd,"Portugal reference territory in BPstat metadata; national-accounts goods-and-services concept, not merchandise-only trade",national_accounts_expenditure_approach_historical_series,not_reviewed_in_source_notes,reconstructed_or_harmonised_not_yet_confirmed,accepted_for_context_not_enabled_for_extraction,context_only_not_empirical_identification,data/raw/live/bpstat/series_12518352.csv
BPstat Data API v1,12518352,exports_goods_services_current_annual,exports_goods_services,Exports of goods and services-CP-A,2022,2022-12-31,120714.07,millions of euros,annual,current_prices,54,ce3e4e50cda325537eff729ef64037cd,"Portugal reference territory in BPstat metadata; national-accounts goods-and-services concept, not merchandise-only trade",national_accounts_expenditure_approach_historical_series,not_reviewed_in_source_notes,reconstructed_or_harmonised_not_yet_confirmed,accepted_for_context_not_enabled_for_extraction,context_only_not_empirical_identification,data/raw/live/bpstat/series_12518352.csv
BPstat Data API v1,12518352,exports_goods_services_current_annual,exports_goods_services,Exports of goods and services-CP-A,2023,2023-12-31,127486.065,millions of euros,annual,current_prices,54,ce3e4e50cda325537eff729ef64037cd,"Portugal reference territory in BPstat metadata; national-accounts goods-and-services concept, not merchandise-only trade",national_accounts_expenditure_approach_historical_series,not_reviewed_in_source_notes,reconstructed_or_harmonised_not_yet_confirmed,accepted_for_context_not_enabled_for_extraction,context_only_not_empirical_identification,data/raw/live/bpstat/series_12518352.csv
BPstat Data API v1,12518352,exports_goods_services_current_annual,exports_goods_services,Exports of goods and services-CP-A,2024,2024-12-31,132778.263,millions of euros,annual,current_prices,54,ce3e4e50cda325537eff729ef64037cd,"Portugal reference territory in BPstat metadata; national-accounts goods-and-services concept, not merchandise-only trade",national_accounts_expenditure_approach_historical_series,not_reviewed_in_source_notes,reconstructed_or_harmonised_not_yet_confirmed,accepted_for_context_not_enabled_for_extraction,context_only_not_empirical_identification,data/raw/live/bpstat/series_12518352.csv
BPstat Data API v1,12518352,exports_goods_services_current_annual,exports_goods_services,Exports of goods and services-CP-A,2025,2025-12-31,133927.948,millions of euros,annual,current_prices,54,ce3e4e50cda325537eff729ef64037cd,"Portugal reference territory in BPstat metadata; national-accounts goods-and-services concept, not merchandise-only trade",national_accounts_expenditure_approach_historical_series,not_reviewed_in_source_notes,reconstructed_or_harmonised_not_yet_confirmed,accepted_for_context_not_enabled_for_extraction,context_only_not_empirical_identification,data/raw/live/bpstat/series_12518352.csv
BPstat Data API v1,12518356,gdp_current_prices_annual,nominal_gdp,GDP at market prices-CP-A,1953,1953-12-31,328.036,millions of euros,annual,current_prices,54,ce3e4e50cda325537eff729ef64037cd,Portugal reference territory in BPstat metadata; historical treatment of overseas territories not yet independently reviewed,national_accounts_expenditure_approach_historical_series,not_reviewed_in_source_notes,reconstructed_or_harmonised_not_yet_confirmed,accepted_for_context_not_enabled_for_extraction,context_only_not_empirical_identification,data/raw/live/bpstat/series_12518356.csv
BPstat Data API v1,12518356,gdp_current_prices_annual,nominal_gdp,GDP at market prices-CP-A,1954,1954-12-31,347.818,millions of euros,annual,current_prices,54,ce3e4e50cda325537eff729ef64037cd,Portugal reference territory in BPstat metadata; historical treatment of overseas territories not yet independently reviewed,national_accounts_expenditure_approach_historical_series,not_reviewed_in_source_notes,reconstructed_or_harmonised_not_yet_confirmed,accepted_for_context_not_enabled_for_extraction,context_only_not_empirical_identification,data/raw/live/bpstat/series_12518356.csv
BPstat Data API v1,12518356,gdp_current_prices_annual,nominal_gdp,GDP at market prices-CP-A,1955,1955-12-31,363.537,millions of euros,annual,current_prices,54,ce3e4e50cda325537eff729ef64037cd,Portugal reference territory in BPstat metadata; historical treatment of overseas territories not yet independently reviewed,national_accounts_expenditure_approach_historical_series,not_reviewed_in_source_notes,reconstructed_or_harmonised_not_yet_confirmed,accepted_for_context_not_enabled_for_extraction,context_only_not_empirical_identification,data/raw/live/bpstat/series_12518356.csv
BPstat Data API v1,12518356,gdp_current_prices_annual,nominal_gdp,GDP at market prices-CP-A,1956,1956-12-31,388.512,millions of euros,annual,current_prices,54,ce3e4e50cda325537eff729ef64037cd,Portugal reference territory in BPstat metadata; historical treatment of overseas territories not yet independently reviewed,national_accounts_expenditure_approach_historical_series,not_reviewed_in_source_notes,reconstructed_or_harmonised_not_yet_confirmed,accepted_for_context_not_enabled_for_extraction,context_only_not_empirical_identification,data/raw/live/bpstat/series_12518356.csv
BPstat Data API v1,12518356,gdp_current_prices_annual,nominal_gdp,GDP at market prices-CP-A,1957,1957-12-31,412.789,millions of euros,annual,current_prices,54,ce3e4e50cda325537eff729ef64037cd,Portugal reference territory in BPstat metadata; historical treatment of overseas territories not yet independently reviewed,national_accounts_expenditure_approach_historical_series,not_reviewed_in_source_notes,reconstructed_or_harmonised_not_yet_confirmed,accepted_for_context_not_enabled_for_extraction,context_only_not_empirical_identification,data/raw/live/bpstat/series_12518356.csv
BPstat Data API v1,12518356,gdp_current_prices_annual,nominal_gdp,GDP at market prices-CP-A,1958,1958-12-31,439.733,millions of euros,annual,current_prices,54,ce3e4e50cda325537eff729ef64037cd,Portugal reference territory in BPstat metadata; historical treatment of overseas territories not yet independently reviewed,national_accounts_expenditure_approach_historical_series,not_reviewed_in_source_notes,reconstructed_or_harmonised_not_yet_confirmed,accepted_for_context_not_enabled_for_extraction,context_only_not_empirical_identification,data/raw/live/bpstat/series_12518356.csv
BPstat Data API v1,12518356,gdp_current_prices_annual,nominal_gdp,GDP at market prices-CP-A,1959,1959-12-31,466.725,millions of euros,annual,current_prices,54,ce3e4e50cda325537eff729ef64037cd,Portugal reference territory in BPstat metadata; historical treatment of overseas territories not yet independently reviewed,national_accounts_expenditure_approach_historical_series,not_reviewed_in_source_notes,reconstructed_or_harmonised_not_yet_confirmed,accepted_for_context_not_enabled_for_extraction,context_only_not_empirical_identification,data/raw/live/bpstat/series_12518356.csv
BPstat Data API v1,12518356,gdp_current_prices_annual,nominal_gdp,GDP at market prices-CP-A,1960,1960-12-31,493.923,millions of euros,annual,current_prices,54,ce3e4e50cda325537eff729ef64037cd,Portugal reference territory in BPstat metadata; historical treatment of overseas territories not yet independently reviewed,national_accounts_expenditure_approach_historical_series,not_reviewed_in_source_notes,reconstructed_or_harmonised_not_yet_confirmed,accepted_for_context_not_enabled_for_extraction,context_only_not_empirical_identification,data/raw/live/bpstat/series_12518356.csv
BPstat Data API v1,12518356,gdp_current_prices_annual,nominal_gdp,GDP at market prices-CP-A,1961,1961-12-31,516.075,millions of euros,annual,current_prices,54,ce3e4e50cda325537eff729ef64037cd,Portugal reference territory in BPstat metadata; historical treatment of overseas territories not yet independently reviewed,national_accounts_expenditure_approach_historical_series,not_reviewed_in_source_notes,reconstructed_or_harmonised_not_yet_confirmed,accepted_for_context_not_enabled_for_extraction,context_only_not_empirical_identification,data/raw/live/bpstat/series_12518356.csv
BPstat Data API v1,12518356,gdp_current_prices_annual,nominal_gdp,GDP at market prices-CP-A,1962,1962-12-31,577.39,millions of euros,annual,current_prices,54,ce3e4e50cda325537eff729ef64037cd,Portugal reference territory in BPstat metadata; historical treatment of overseas territories not yet independently reviewed,national_accounts_expenditure_approach_historical_series,not_reviewed_in_source_notes,reconstructed_or_harmonised_not_yet_confirmed,accepted_for_context_not_enabled_for_extraction,context_only_not_empirical_identification,data/raw/live/bpstat/series_12518356.csv
BPstat Data API v1,12518356,gdp_current_prices_annual,nominal_gdp,GDP at market prices-CP-A,1963,1963-12-31,597.435,millions of euros,annual,current_prices,54,ce3e4e50cda325537eff729ef64037cd,Portugal reference territory in BPstat metadata; historical treatment of overseas territories not yet independently reviewed,national_accounts_expenditure_approach_historical_series,not_reviewed_in_source_notes,reconstructed_or_harmonised_not_yet_confirmed,accepted_for_context_not_enabled_for_extraction,context_only_not_empirical_identification,data/raw/live/bpstat/series_12518356.csv
BPstat Data API v1,12518356,gdp_current_prices_annual,nominal_gdp,GDP at market prices-CP-A,1964,1964-12-31,649.418,millions of euros,annual,current_prices,54,ce3e4e50cda325537eff729ef64037cd,Portugal reference territory in BPstat metadata; historical treatment of overseas territories not yet independently reviewed,national_accounts_expenditure_approach_historical_series,not_reviewed_in_source_notes,reconstructed_or_harmonised_not_yet_confirmed,accepted_for_context_not_enabled_for_extraction,context_only_not_empirical_identification,data/raw/live/bpstat/series_12518356.csv
BPstat Data API v1,12518356,gdp_current_prices_annual,nominal_gdp,GDP at market prices-CP-A,1965,1965-12-31,756.28,millions of euros,annual,current_prices,54,ce3e4e50cda325537eff729ef64037cd,Portugal reference territory in BPstat metadata; historical treatment of overseas territories not yet independently reviewed,national_accounts_expenditure_approach_historical_series,not_reviewed_in_source_notes,reconstructed_or_harmonised_not_yet_confirmed,accepted_for_context_not_enabled_for_extraction,context_only_not_empirical_identification,data/raw/live/bpstat/series_12518356.csv
BPstat Data API v1,12518356,gdp_current_prices_annual,nominal_gdp,GDP at market prices-CP-A,1966,1966-12-31,810.459,millions of euros,annual,current_prices,54,ce3e4e50cda325537eff729ef64037cd,Portugal reference territory in BPstat metadata; historical treatment of overseas territories not yet independently reviewed,national_accounts_expenditure_approach_historical_series,not_reviewed_in_source_notes,reconstructed_or_harmonised_not_yet_confirmed,accepted_for_context_not_enabled_for_extraction,context_only_not_empirical_identification,data/raw/live/bpstat/series_12518356.csv
BPstat Data API v1,12518356,gdp_current_prices_annual,nominal_gdp,GDP at market prices-CP-A,1967,1967-12-31,907.105,millions of euros,annual,current_prices,54,ce3e4e50cda325537eff729ef64037cd,Portugal reference territory in BPstat metadata; historical treatment of overseas territories not yet independently reviewed,national_accounts_expenditure_approach_historical_series,not_reviewed_in_source_notes,reconstructed_or_harmonised_not_yet_confirmed,accepted_for_context_not_enabled_for_extraction,context_only_not_empirical_identification,data/raw/live/bpstat/series_12518356.csv
BPstat Data API v1,12518356,gdp_current_prices_annual,nominal_gdp,GDP at market prices-CP-A,1968,1968-12-31,979.622,millions of euros,annual,current_prices,54,ce3e4e50cda325537eff729ef64037cd,Portugal reference territory in BPstat metadata; historical treatment of overseas territories not yet independently reviewed,national_accounts_expenditure_approach_historical_series,not_reviewed_in_source_notes,reconstructed_or_harmonised_not_yet_confirmed,accepted_for_context_not_enabled_for_extraction,context_only_not_empirical_identification,data/raw/live/bpstat/series_12518356.csv
BPstat Data API v1,12518356,gdp_current_prices_annual,nominal_gdp,GDP at market prices-CP-A,1969,1969-12-31,1048.462,millions of euros,annual,current_prices,54,ce3e4e50cda325537eff729ef64037cd,Portugal reference territory in BPstat metadata; historical treatment of overseas territories not yet independently reviewed,national_accounts_expenditure_approach_historical_series,not_reviewed_in_source_notes,reconstructed_or_harmonised_not_yet_confirmed,accepted_for_context_not_enabled_for_extraction,context_only_not_empirical_identification,data/raw/live/bpstat/series_12518356.csv
BPstat Data API v1,12518356,gdp_current_prices_annual,nominal_gdp,GDP at market prices-CP-A,1970,1970-12-31,1186.648,millions of euros,annual,current_prices,54,ce3e4e50cda325537eff729ef64037cd,Portugal reference territory in BPstat metadata; historical treatment of overseas territories not yet independently reviewed,national_accounts_expenditure_approach_historical_series,not_reviewed_in_source_notes,reconstructed_or_harmonised_not_yet_confirmed,accepted_for_context_not_enabled_for_extraction,context_only_not_empirical_identification,data/raw/live/bpstat/series_12518356.csv
BPstat Data API v1,12518356,gdp_current_prices_annual,nominal_gdp,GDP at market prices-CP-A,1971,1971-12-31,1377.045,millions of euros,annual,current_prices,54,ce3e4e50cda325537eff729ef64037cd,Portugal reference territory in BPstat metadata; historical treatment of overseas territories not yet independently reviewed,national_accounts_expenditure_approach_historical_series,not_reviewed_in_source_notes,reconstructed_or_harmonised_not_yet_confirmed,accepted_for_context_not_enabled_for_extraction,context_only_not_empirical_identification,data/raw/live/bpstat/series_12518356.csv
BPstat Data API v1,12518356,gdp_current_prices_annual,nominal_gdp,GDP at market prices-CP-A,1972,1972-12-31,1624.357,millions of euros,annual,current_prices,54,ce3e4e50cda325537eff729ef64037cd,Portugal reference territory in BPstat metadata; historical treatment of overseas territories not yet independently reviewed,national_accounts_expenditure_approach_historical_series,not_reviewed_in_source_notes,reconstructed_or_harmonised_not_yet_confirmed,accepted_for_context_not_enabled_for_extraction,context_only_not_empirical_identification,data/raw/live/bpstat/series_12518356.csv
BPstat Data API v1,12518356,gdp_current_prices_annual,nominal_gdp,GDP at market prices-CP-A,1973,1973-12-31,1919.137,millions of euros,annual,current_prices,54,ce3e4e50cda325537eff729ef64037cd,Portugal reference territory in BPstat metadata; historical treatment of overseas territories not yet independently reviewed,national_accounts_expenditure_approach_historical_series,not_reviewed_in_source_notes,reconstructed_or_harmonised_not_yet_confirmed,accepted_for_context_not_enabled_for_extraction,context_only_not_empirical_identification,data/raw/live/bpstat/series_12518356.csv
BPstat Data API v1,12518356,gdp_current_prices_annual,nominal_gdp,GDP at market prices-CP-A,1974,1974-12-31,2279.085,millions of euros,annual,current_prices,54,ce3e4e50cda325537eff729ef64037cd,Portugal reference territory in BPstat metadata; historical treatment of overseas territories not yet independently reviewed,national_accounts_expenditure_approach_historical_series,not_reviewed_in_source_notes,reconstructed_or_harmonised_not_yet_confirmed,accepted_for_context_not_enabled_for_extraction,context_only_not_empirical_identification,data/raw/live/bpstat/series_12518356.csv
BPstat Data API v1,12518356,gdp_current_prices_annual,nominal_gdp,GDP at market prices-CP-A,1975,1975-12-31,2632.302,millions of euros,annual,current_prices,54,ce3e4e50cda325537eff729ef64037cd,Portugal reference territory in BPstat metadata; historical treatment of overseas territories not yet independently reviewed,national_accounts_expenditure_approach_historical_series,not_reviewed_in_source_notes,reconstructed_or_harmonised_not_yet_confirmed,accepted_for_context_not_enabled_for_extraction,context_only_not_empirical_identification,data/raw/live/bpstat/series_12518356.csv
BPstat Data API v1,12518356,gdp_current_prices_annual,nominal_gdp,GDP at market prices-CP-A,1976,1976-12-31,3160.122,millions of euros,annual,current_prices,54,ce3e4e50cda325537eff729ef64037cd,Portugal reference territory in BPstat metadata; historical treatment of overseas territories not yet independently reviewed,national_accounts_expenditure_approach_historical_series,not_reviewed_in_source_notes,reconstructed_or_harmonised_not_yet_confirmed,accepted_for_context_not_enabled_for_extraction,context_only_not_empirical_identification,data/raw/live/bpstat/series_12518356.csv
BPstat Data API v1,12518356,gdp_current_prices_annual,nominal_gdp,GDP at market prices-CP-A,1977,1977-12-31,4074.282,millions of euros,annual,current_prices,54,ce3e4e50cda325537eff729ef64037cd,Portugal reference territory in BPstat metadata; historical treatment of overseas territories not yet independently reviewed,national_accounts_expenditure_approach_historical_series,not_reviewed_in_source_notes,reconstructed_or_harmonised_not_yet_confirmed,accepted_for_context_not_enabled_for_extraction,context_only_not_empirical_identification,data/raw/live/bpstat/series_12518356.csv
BPstat Data API v1,12518356,gdp_current_prices_annual,nominal_gdp,GDP at market prices-CP-A,1978,1978-12-31,5039.27,millions of euros,annual,current_prices,54,ce3e4e50cda325537eff729ef64037cd,Portugal reference territory in BPstat metadata; historical treatment of overseas territories not yet independently reviewed,national_accounts_expenditure_approach_historical_series,not_reviewed_in_source_notes,reconstructed_or_harmonised_not_yet_confirmed,accepted_for_context_not_enabled_for_extraction,context_only_not_empirical_identification,data/raw/live/bpstat/series_12518356.csv
BPstat Data API v1,12518356,gdp_current_prices_annual,nominal_gdp,GDP at market prices-CP-A,1979,1979-12-31,6404.329,millions of euros,annual,current_prices,54,ce3e4e50cda325537eff729ef64037cd,Portugal reference territory in BPstat metadata; historical treatment of overseas territories not yet independently reviewed,national_accounts_expenditure_approach_historical_series,not_reviewed_in_source_notes,reconstructed_or_harmonised_not_yet_confirmed,accepted_for_context_not_enabled_for_extraction,context_only_not_empirical_identification,data/raw/live/bpstat/series_12518356.csv
BPstat Data API v1,12518356,gdp_current_prices_annual,nominal_gdp,GDP at market prices-CP-A,1980,1980-12-31,8356.818,millions of euros,annual,current_prices,54,ce3e4e50cda325537eff729ef64037cd,Portugal reference territory in BPstat metadata; historical treatment of overseas territories not yet independently reviewed,national_accounts_expenditure_approach_historical_series,not_reviewed_in_source_notes,reconstructed_or_harmonised_not_yet_confirmed,accepted_for_context_not_enabled_for_extraction,context_only_not_empirical_identification,data/raw/live/bpstat/series_12518356.csv
BPstat Data API v1,12518356,gdp_current_prices_annual,nominal_gdp,GDP at market prices-CP-A,1981,1981-12-31,10058.168,millions of euros,annual,current_prices,54,ce3e4e50cda325537eff729ef64037cd,Portugal reference territory in BPstat metadata; historical treatment of overseas territories not yet independently reviewed,national_accounts_expenditure_approach_historical_series,not_reviewed_in_source_notes,reconstructed_or_harmonised_not_yet_confirmed,accepted_for_context_not_enabled_for_extraction,context_only_not_empirical_identification,data/raw/live/bpstat/series_12518356.csv
BPstat Data API v1,12518356,gdp_current_prices_annual,nominal_gdp,GDP at market prices-CP-A,1982,1982-12-31,12146.983,millions of euros,annual,current_prices,54,ce3e4e50cda325537eff729ef64037cd,Portugal reference territory in BPstat metadata; historical treatment of overseas territories not yet independently reviewed,national_accounts_expenditure_approach_historical_series,not_reviewed_in_source_notes,reconstructed_or_harmonised_not_yet_confirmed,accepted_for_context_not_enabled_for_extraction,context_only_not_empirical_identification,data/raw/live/bpstat/series_12518356.csv
BPstat Data API v1,12518356,gdp_current_prices_annual,nominal_gdp,GDP at market prices-CP-A,1983,1983-12-31,15440.028,millions of euros,annual,current_prices,54,ce3e4e50cda325537eff729ef64037cd,Portugal reference territory in BPstat metadata; historical treatment of overseas territories not yet independently reviewed,national_accounts_expenditure_approach_historical_series,not_reviewed_in_source_notes,reconstructed_or_harmonised_not_yet_confirmed,accepted_for_context_not_enabled_for_extraction,context_only_not_empirical_identification,data/raw/live/bpstat/series_12518356.csv
BPstat Data API v1,12518356,gdp_current_prices_annual,nominal_gdp,GDP at market prices-CP-A,1984,1984-12-31,18948.92,millions of euros,annual,current_prices,54,ce3e4e50cda325537eff729ef64037cd,Portugal reference territory in BPstat metadata; historical treatment of overseas territories not yet independently reviewed,national_accounts_expenditure_approach_historical_series,not_reviewed_in_source_notes,reconstructed_or_harmonised_not_yet_confirmed,accepted_for_context_not_enabled_for_extraction,context_only_not_empirical_identification,data/raw/live/bpstat/series_12518356.csv
BPstat Data API v1,12518356,gdp_current_prices_annual,nominal_gdp,GDP at market prices-CP-A,1985,1985-12-31,23226.595,millions of euros,annual,current_prices,54,ce3e4e50cda325537eff729ef64037cd,Portugal reference territory in BPstat metadata; historical treatment of overseas territories not yet independently reviewed,national_accounts_expenditure_approach_historical_series,not_reviewed_in_source_notes,reconstructed_or_harmonised_not_yet_confirmed,accepted_for_context_not_enabled_for_extraction,context_only_not_empirical_identification,data/raw/live/bpstat/series_12518356.csv
BPstat Data API v1,12518356,gdp_current_prices_annual,nominal_gdp,GDP at market prices-CP-A,1986,1986-12-31,28332.521,millions of euros,annual,current_prices,54,ce3e4e50cda325537eff729ef64037cd,Portugal reference territory in BPstat metadata; historical treatment of overseas territories not yet independently reviewed,national_accounts_expenditure_approach_historical_series,not_reviewed_in_source_notes,reconstructed_or_harmonised_not_yet_confirmed,accepted_for_context_not_enabled_for_extraction,context_only_not_empirical_identification,data/raw/live/bpstat/series_12518356.csv
BPstat Data API v1,12518356,gdp_current_prices_annual,nominal_gdp,GDP at market prices-CP-A,1987,1987-12-31,33508.41,millions of euros,annual,current_prices,54,ce3e4e50cda325537eff729ef64037cd,Portugal reference territory in BPstat metadata; historical treatment of overseas territories not yet independently reviewed,national_accounts_expenditure_approach_historical_series,not_reviewed_in_source_notes,reconstructed_or_harmonised_not_yet_confirmed,accepted_for_context_not_enabled_for_extraction,context_only_not_empirical_identification,data/raw/live/bpstat/series_12518356.csv
BPstat Data API v1,12518356,gdp_current_prices_annual,nominal_gdp,GDP at market prices-CP-A,1988,1988-12-31,40045.842,millions of euros,annual,current_prices,54,ce3e4e50cda325537eff729ef64037cd,Portugal reference territory in BPstat metadata; historical treatment of overseas territories not yet independently reviewed,national_accounts_expenditure_approach_historical_series,not_reviewed_in_source_notes,reconstructed_or_harmonised_not_yet_confirmed,accepted_for_context_not_enabled_for_extraction,context_only_not_empirical_identification,data/raw/live/bpstat/series_12518356.csv
BPstat Data API v1,12518356,gdp_current_prices_annual,nominal_gdp,GDP at market prices-CP-A,1989,1989-12-31,47221.23,millions of euros,annual,current_prices,54,ce3e4e50cda325537eff729ef64037cd,Portugal reference territory in BPstat metadata; historical treatment of overseas territories not yet independently reviewed,national_accounts_expenditure_approach_historical_series,not_reviewed_in_source_notes,reconstructed_or_harmonised_not_yet_confirmed,accepted_for_context_not_enabled_for_extraction,context_only_not_empirical_identification,data/raw/live/bpstat/series_12518356.csv
BPstat Data API v1,12518356,gdp_current_prices_annual,nominal_gdp,GDP at market prices-CP-A,1990,1990-12-31,56691.911,millions of euros,annual,current_prices,54,ce3e4e50cda325537eff729ef64037cd,Portugal reference territory in BPstat metadata; historical treatment of overseas territories not yet independently reviewed,national_accounts_expenditure_approach_historical_series,not_reviewed_in_source_notes,reconstructed_or_harmonised_not_yet_confirmed,accepted_for_context_not_enabled_for_extraction,context_only_not_empirical_identification,data/raw/live/bpstat/series_12518356.csv
BPstat Data API v1,12518356,gdp_current_prices_annual,nominal_gdp,GDP at market prices-CP-A,1991,1991-12-31,65005.229,millions of euros,annual,current_prices,54,ce3e4e50cda325537eff729ef64037cd,Portugal reference territory in BPstat metadata; historical treatment of overseas territories not yet independently reviewed,national_accounts_expenditure_approach_historical_series,not_reviewed_in_source_notes,reconstructed_or_harmonised_not_yet_confirmed,accepted_for_context_not_enabled_for_extraction,context_only_not_empirical_identification,data/raw/live/bpstat/series_12518356.csv
BPstat Data API v1,12518356,gdp_current_prices_annual,nominal_gdp,GDP at market prices-CP-A,1992,1992-12-31,72957.492,millions of euros,annual,current_prices,54,ce3e4e50cda325537eff729ef64037cd,Portugal reference territory in BPstat metadata; historical treatment of overseas territories not yet independently reviewed,national_accounts_expenditure_approach_historical_series,not_reviewed_in_source_notes,reconstructed_or_harmonised_not_yet_confirmed,accepted_for_context_not_enabled_for_extraction,context_only_not_empirical_identification,data/raw/live/bpstat/series_12518356.csv
BPstat Data API v1,12518356,gdp_current_prices_annual,nominal_gdp,GDP at market prices-CP-A,1993,1993-12-31,76065.072,millions of euros,annual,current_prices,54,ce3e4e50cda325537eff729ef64037cd,Portugal reference territory in BPstat metadata; historical treatment of overseas territories not yet independently reviewed,national_accounts_expenditure_approach_historical_series,not_reviewed_in_source_notes,reconstructed_or_harmonised_not_yet_confirmed,accepted_for_context_not_enabled_for_extraction,context_only_not_empirical_identification,data/raw/live/bpstat/series_12518356.csv
BPstat Data API v1,12518356,gdp_current_prices_annual,nominal_gdp,GDP at market prices-CP-A,1994,1994-12-31,82468.675,millions of euros,annual,current_prices,54,ce3e4e50cda325537eff729ef64037cd,Portugal reference territory in BPstat metadata; historical treatment of overseas territories not yet independently reviewed,national_accounts_expenditure_approach_historical_series,not_reviewed_in_source_notes,reconstructed_or_harmonised_not_yet_confirmed,accepted_for_context_not_enabled_for_extraction,context_only_not_empirical_identification,data/raw/live/bpstat/series_12518356.csv
BPstat Data API v1,12518356,gdp_current_prices_annual,nominal_gdp,GDP at market prices-CP-A,1995,1995-12-31,89028.557,millions of euros,annual,current_prices,54,ce3e4e50cda325537eff729ef64037cd,Portugal reference territory in BPstat metadata; historical treatment of overseas territories not yet independently reviewed,national_accounts_expenditure_approach_historical_series,not_reviewed_in_source_notes,reconstructed_or_harmonised_not_yet_confirmed,accepted_for_context_not_enabled_for_extraction,context_only_not_empirical_identification,data/raw/live/bpstat/series_12518356.csv
BPstat Data API v1,12518356,gdp_current_prices_annual,nominal_gdp,GDP at market prices-CP-A,1996,1996-12-31,94351.591,millions of euros,annual,current_prices,54,ce3e4e50cda325537eff729ef64037cd,Portugal reference territory in BPstat metadata; historical treatment of overseas territories not yet independently reviewed,national_accounts_expenditure_approach_historical_series,not_reviewed_in_source_notes,reconstructed_or_harmonised_not_yet_confirmed,accepted_for_context_not_enabled_for_extraction,context_only_not_empirical_identification,data/raw/live/bpstat/series_12518356.csv
BPstat Data API v1,12518356,gdp_current_prices_annual,nominal_gdp,GDP at market prices-CP-A,1997,1997-12-31,102330.96,millions of euros,annual,current_prices,54,ce3e4e50cda325537eff729ef64037cd,Portugal reference territory in BPstat metadata; historical treatment of overseas territories not yet independently reviewed,national_accounts_expenditure_approach_historical_series,not_reviewed_in_source_notes,reconstructed_or_harmonised_not_yet_confirmed,accepted_for_context_not_enabled_for_extraction,context_only_not_empirical_identification,data/raw/live/bpstat/series_12518356.csv
BPstat Data API v1,12518356,gdp_current_prices_annual,nominal_gdp,GDP at market prices-CP-A,1998,1998-12-31,111353.381,millions of euros,annual,current_prices,54,ce3e4e50cda325537eff729ef64037cd,Portugal reference territory in BPstat metadata; historical treatment of overseas territories not yet independently reviewed,national_accounts_expenditure_approach_historical_series,not_reviewed_in_source_notes,reconstructed_or_harmonised_not_yet_confirmed,accepted_for_context_not_enabled_for_extraction,context_only_not_empirical_identification,data/raw/live/bpstat/series_12518356.csv
BPstat Data API v1,12518356,gdp_current_prices_annual,nominal_gdp,GDP at market prices-CP-A,1999,1999-12-31,119603.305,millions of euros,annual,current_prices,54,ce3e4e50cda325537eff729ef64037cd,Portugal reference territory in BPstat metadata; historical treatment of overseas territories not yet independently reviewed,national_accounts_expenditure_approach_historical_series,not_reviewed_in_source_notes,reconstructed_or_harmonised_not_yet_confirmed,accepted_for_context_not_enabled_for_extraction,context_only_not_empirical_identification,data/raw/live/bpstat/series_12518356.csv
BPstat Data API v1,12518356,gdp_current_prices_annual,nominal_gdp,GDP at market prices-CP-A,2000,2000-12-31,128414.445,millions of euros,annual,current_prices,54,ce3e4e50cda325537eff729ef64037cd,Portugal reference territory in BPstat metadata; historical treatment of overseas territories not yet independently reviewed,national_accounts_expenditure_approach_historical_series,not_reviewed_in_source_notes,reconstructed_or_harmonised_not_yet_confirmed,accepted_for_context_not_enabled_for_extraction,context_only_not_empirical_identification,data/raw/live/bpstat/series_12518356.csv
BPstat Data API v1,12518356,gdp_current_prices_annual,nominal_gdp,GDP at market prices-CP-A,2001,2001-12-31,135775.009,millions of euros,annual,current_prices,54,ce3e4e50cda325537eff729ef64037cd,Portugal reference territory in BPstat metadata; historical treatment of overseas territories not yet independently reviewed,national_accounts_expenditure_approach_historical_series,not_reviewed_in_source_notes,reconstructed_or_harmonised_not_yet_confirmed,accepted_for_context_not_enabled_for_extraction,context_only_not_empirical_identification,data/raw/live/bpstat/series_12518356.csv
BPstat Data API v1,12518356,gdp_current_prices_annual,nominal_gdp,GDP at market prices-CP-A,2002,2002-12-31,142554.263,millions of euros,annual,current_prices,54,ce3e4e50cda325537eff729ef64037cd,Portugal reference territory in BPstat metadata; historical treatment of overseas territories not yet independently reviewed,national_accounts_expenditure_approach_historical_series,not_reviewed_in_source_notes,reconstructed_or_harmonised_not_yet_confirmed,accepted_for_context_not_enabled_for_extraction,context_only_not_empirical_identification,data/raw/live/bpstat/series_12518356.csv
BPstat Data API v1,12518356,gdp_current_prices_annual,nominal_gdp,GDP at market prices-CP-A,2003,2003-12-31,146067.858,millions of euros,annual,current_prices,54,ce3e4e50cda325537eff729ef64037cd,Portugal reference territory in BPstat metadata; historical treatment of overseas territories not yet independently reviewed,national_accounts_expenditure_approach_historical_series,not_reviewed_in_source_notes,reconstructed_or_harmonised_not_yet_confirmed,accepted_for_context_not_enabled_for_extraction,context_only_not_empirical_identification,data/raw/live/bpstat/series_12518356.csv
BPstat Data API v1,12518356,gdp_current_prices_annual,nominal_gdp,GDP at market prices-CP-A,2004,2004-12-31,152248.388,millions of euros,annual,current_prices,54,ce3e4e50cda325537eff729ef64037cd,Portugal reference territory in BPstat metadata; historical treatment of overseas territories not yet independently reviewed,national_accounts_expenditure_approach_historical_series,not_reviewed_in_source_notes,reconstructed_or_harmonised_not_yet_confirmed,accepted_for_context_not_enabled_for_extraction,context_only_not_empirical_identification,data/raw/live/bpstat/series_12518356.csv
BPstat Data API v1,12518356,gdp_current_prices_annual,nominal_gdp,GDP at market prices-CP-A,2005,2005-12-31,158552.704,millions of euros,annual,current_prices,54,ce3e4e50cda325537eff729ef64037cd,Portugal reference territory in BPstat metadata; historical treatment of overseas territories not yet independently reviewed,national_accounts_expenditure_approach_historical_series,not_reviewed_in_source_notes,reconstructed_or_harmonised_not_yet_confirmed,accepted_for_context_not_enabled_for_extraction,context_only_not_empirical_identification,data/raw/live/bpstat/series_12518356.csv
BPstat Data API v1,12518356,gdp_current_prices_annual,nominal_gdp,GDP at market prices-CP-A,2006,2006-12-31,166260.469,millions of euros,annual,current_prices,54,ce3e4e50cda325537eff729ef64037cd,Portugal reference territory in BPstat metadata; historical treatment of overseas territories not yet independently reviewed,national_accounts_expenditure_approach_historical_series,not_reviewed_in_source_notes,reconstructed_or_harmonised_not_yet_confirmed,accepted_for_context_not_enabled_for_extraction,context_only_not_empirical_identification,data/raw/live/bpstat/series_12518356.csv
BPstat Data API v1,12518356,gdp_current_prices_annual,nominal_gdp,GDP at market prices-CP-A,2007,2007-12-31,175483.401,millions of euros,annual,current_prices,54,ce3e4e50cda325537eff729ef64037cd,Portugal reference territory in BPstat metadata; historical treatment of overseas territories not yet independently reviewed,national_accounts_expenditure_approach_historical_series,not_reviewed_in_source_notes,reconstructed_or_harmonised_not_yet_confirmed,accepted_for_context_not_enabled_for_extraction,context_only_not_empirical_identification,data/raw/live/bpstat/series_12518356.csv
BPstat Data API v1,12518356,gdp_current_prices_annual,nominal_gdp,GDP at market prices-CP-A,2008,2008-12-31,179102.781,millions of euros,annual,current_prices,54,ce3e4e50cda325537eff729ef64037cd,Portugal reference territory in BPstat metadata; historical treatment of overseas territories not yet independently reviewed,national_accounts_expenditure_approach_historical_series,not_reviewed_in_source_notes,reconstructed_or_harmonised_not_yet_confirmed,accepted_for_context_not_enabled_for_extraction,context_only_not_empirical_identification,data/raw/live/bpstat/series_12518356.csv
BPstat Data API v1,12518356,gdp_current_prices_annual,nominal_gdp,GDP at market prices-CP-A,2009,2009-12-31,175416.437,millions of euros,annual,current_prices,54,ce3e4e50cda325537eff729ef64037cd,Portugal reference territory in BPstat metadata; historical treatment of overseas territories not yet independently reviewed,national_accounts_expenditure_approach_historical_series,not_reviewed_in_source_notes,reconstructed_or_harmonised_not_yet_confirmed,accepted_for_context_not_enabled_for_extraction,context_only_not_empirical_identification,data/raw/live/bpstat/series_12518356.csv
BPstat Data API v1,12518356,gdp_current_prices_annual,nominal_gdp,GDP at market prices-CP-A,2010,2010-12-31,179860.351,millions of euros,annual,current_prices,54,ce3e4e50cda325537eff729ef64037cd,Portugal reference territory in BPstat metadata; historical treatment of overseas territories not yet independently reviewed,national_accounts_expenditure_approach_historical_series,not_reviewed_in_source_notes,reconstructed_or_harmonised_not_yet_confirmed,accepted_for_context_not_enabled_for_extraction,context_only_not_empirical_identification,data/raw/live/bpstat/series_12518356.csv
BPstat Data API v1,12518356,gdp_current_prices_annual,nominal_gdp,GDP at market prices-CP-A,2011,2011-12-31,176318.001,millions of euros,annual,current_prices,54,ce3e4e50cda325537eff729ef64037cd,Portugal reference territory in BPstat metadata; historical treatment of overseas territories not yet independently reviewed,national_accounts_expenditure_approach_historical_series,not_reviewed_in_source_notes,reconstructed_or_harmonised_not_yet_confirmed,accepted_for_context_not_enabled_for_extraction,context_only_not_empirical_identification,data/raw/live/bpstat/series_12518356.csv
BPstat Data API v1,12518356,gdp_current_prices_annual,nominal_gdp,GDP at market prices-CP-A,2012,2012-12-31,168538.75,millions of euros,annual,current_prices,54,ce3e4e50cda325537eff729ef64037cd,Portugal reference territory in BPstat metadata; historical treatment of overseas territories not yet independently reviewed,national_accounts_expenditure_approach_historical_series,not_reviewed_in_source_notes,reconstructed_or_harmonised_not_yet_confirmed,accepted_for_context_not_enabled_for_extraction,context_only_not_empirical_identification,data/raw/live/bpstat/series_12518356.csv
BPstat Data API v1,12518356,gdp_current_prices_annual,nominal_gdp,GDP at market prices-CP-A,2013,2013-12-31,170675.649,millions of euros,annual,current_prices,54,ce3e4e50cda325537eff729ef64037cd,Portugal reference territory in BPstat metadata; historical treatment of overseas territories not yet independently reviewed,national_accounts_expenditure_approach_historical_series,not_reviewed_in_source_notes,reconstructed_or_harmonised_not_yet_confirmed,accepted_for_context_not_enabled_for_extraction,context_only_not_empirical_identification,data/raw/live/bpstat/series_12518356.csv
BPstat Data API v1,12518356,gdp_current_prices_annual,nominal_gdp,GDP at market prices-CP-A,2014,2014-12-31,173186.662,millions of euros,annual,current_prices,54,ce3e4e50cda325537eff729ef64037cd,Portugal reference territory in BPstat metadata; historical treatment of overseas territories not yet independently reviewed,national_accounts_expenditure_approach_historical_series,not_reviewed_in_source_notes,reconstructed_or_harmonised_not_yet_confirmed,accepted_for_context_not_enabled_for_extraction,context_only_not_empirical_identification,data/raw/live/bpstat/series_12518356.csv
BPstat Data API v1,12518356,gdp_current_prices_annual,nominal_gdp,GDP at market prices-CP-A,2015,2015-12-31,179392.709,millions of euros,annual,current_prices,54,ce3e4e50cda325537eff729ef64037cd,Portugal reference territory in BPstat metadata; historical treatment of overseas territories not yet independently reviewed,national_accounts_expenditure_approach_historical_series,not_reviewed_in_source_notes,reconstructed_or_harmonised_not_yet_confirmed,accepted_for_context_not_enabled_for_extraction,context_only_not_empirical_identification,data/raw/live/bpstat/series_12518356.csv
BPstat Data API v1,12518356,gdp_current_prices_annual,nominal_gdp,GDP at market prices-CP-A,2016,2016-12-31,186380.749,millions of euros,annual,current_prices,54,ce3e4e50cda325537eff729ef64037cd,Portugal reference territory in BPstat metadata; historical treatment of overseas territories not yet independently reviewed,national_accounts_expenditure_approach_historical_series,not_reviewed_in_source_notes,reconstructed_or_harmonised_not_yet_confirmed,accepted_for_context_not_enabled_for_extraction,context_only_not_empirical_identification,data/raw/live/bpstat/series_12518356.csv
BPstat Data API v1,12518356,gdp_current_prices_annual,nominal_gdp,GDP at market prices-CP-A,2017,2017-12-31,195509.136,millions of euros,annual,current_prices,54,ce3e4e50cda325537eff729ef64037cd,Portugal reference territory in BPstat metadata; historical treatment of overseas territories not yet independently reviewed,national_accounts_expenditure_approach_historical_series,not_reviewed_in_source_notes,reconstructed_or_harmonised_not_yet_confirmed,accepted_for_context_not_enabled_for_extraction,context_only_not_empirical_identification,data/raw/live/bpstat/series_12518356.csv
BPstat Data API v1,12518356,gdp_current_prices_annual,nominal_gdp,GDP at market prices-CP-A,2018,2018-12-31,204997.646,millions of euros,annual,current_prices,54,ce3e4e50cda325537eff729ef64037cd,Portugal reference territory in BPstat metadata; historical treatment of overseas territories not yet independently reviewed,national_accounts_expenditure_approach_historical_series,not_reviewed_in_source_notes,reconstructed_or_harmonised_not_yet_confirmed,accepted_for_context_not_enabled_for_extraction,context_only_not_empirical_identification,data/raw/live/bpstat/series_12518356.csv
BPstat Data API v1,12518356,gdp_current_prices_annual,nominal_gdp,GDP at market prices-CP-A,2019,2019-12-31,214489.895,millions of euros,annual,current_prices,54,ce3e4e50cda325537eff729ef64037cd,Portugal reference territory in BPstat metadata; historical treatment of overseas territories not yet independently reviewed,national_accounts_expenditure_approach_historical_series,not_reviewed_in_source_notes,reconstructed_or_harmonised_not_yet_confirmed,accepted_for_context_not_enabled_for_extraction,context_only_not_empirical_identification,data/raw/live/bpstat/series_12518356.csv
BPstat Data API v1,12518356,gdp_current_prices_annual,nominal_gdp,GDP at market prices-CP-A,2020,2020-12-31,201032.705,millions of euros,annual,current_prices,54,ce3e4e50cda325537eff729ef64037cd,Portugal reference territory in BPstat metadata; historical treatment of overseas territories not yet independently reviewed,national_accounts_expenditure_approach_historical_series,not_reviewed_in_source_notes,reconstructed_or_harmonised_not_yet_confirmed,accepted_for_context_not_enabled_for_extraction,context_only_not_empirical_identification,data/raw/live/bpstat/series_12518356.csv
BPstat Data API v1,12518356,gdp_current_prices_annual,nominal_gdp,GDP at market prices-CP-A,2021,2021-12-31,216493.745,millions of euros,annual,current_prices,54,ce3e4e50cda325537eff729ef64037cd,Portugal reference territory in BPstat metadata; historical treatment of overseas territories not yet independently reviewed,national_accounts_expenditure_approach_historical_series,not_reviewed_in_source_notes,reconstructed_or_harmonised_not_yet_confirmed,accepted_for_context_not_enabled_for_extraction,context_only_not_empirical_identification,data/raw/live/bpstat/series_12518356.csv
BPstat Data API v1,12518356,gdp_current_prices_annual,nominal_gdp,GDP at market prices-CP-A,2022,2022-12-31,243957.086,millions of euros,annual,current_prices,54,ce3e4e50cda325537eff729ef64037cd,Portugal reference territory in BPstat metadata; historical treatment of overseas territories not yet independently reviewed,national_accounts_expenditure_approach_historical_series,not_reviewed_in_source_notes,reconstructed_or_harmonised_not_yet_confirmed,accepted_for_context_not_enabled_for_extraction,context_only_not_empirical_identification,data/raw/live/bpstat/series_12518356.csv
BPstat Data API v1,12518356,gdp_current_prices_annual,nominal_gdp,GDP at market prices-CP-A,2023,2023-12-31,270352.615,millions of euros,annual,current_prices,54,ce3e4e50cda325537eff729ef64037cd,Portugal reference territory in BPstat metadata; historical treatment of overseas territories not yet independently reviewed,national_accounts_expenditure_approach_historical_series,not_reviewed_in_source_notes,reconstructed_or_harmonised_not_yet_confirmed,accepted_for_context_not_enabled_for_extraction,context_only_not_empirical_identification,data/raw/live/bpstat/series_12518356.csv
BPstat Data API v1,12518356,gdp_current_prices_annual,nominal_gdp,GDP at market prices-CP-A,2024,2024-12-31,289784.317,millions of euros,annual,current_prices,54,ce3e4e50cda325537eff729ef64037cd,Portugal reference territory in BPstat metadata; historical treatment of overseas territories not yet independently reviewed,national_accounts_expenditure_approach_historical_series,not_reviewed_in_source_notes,reconstructed_or_harmonised_not_yet_confirmed,accepted_for_context_not_enabled_for_extraction,context_only_not_empirical_identification,data/raw/live/bpstat/series_12518356.csv
BPstat Data API v1,12518356,gdp_current_prices_annual,nominal_gdp,GDP at market prices-CP-A,2025,2025-12-31,306765.485,millions of euros,annual,current_prices,54,ce3e4e50cda325537eff729ef64037cd,Portugal reference territory in BPstat metadata; historical treatment of overseas territories not yet independently reviewed,national_accounts_expenditure_approach_historical_series,not_reviewed_in_source_notes,reconstructed_or_harmonised_not_yet_confirmed,accepted_for_context_not_enabled_for_extraction,context_only_not_empirical_identification,data/raw/live/bpstat/series_12518356.csv
BPstat Data API v1,12706851,gdp_deflator_annual,gdp_deflator,Deflators of GDP at market prices-annual,1953,1953-12-31,0.978,index,annual,deflator,181,0623eb9d3bebc56c07359ba1fa875039,Portugal reference territory in BPstat metadata; historical treatment of overseas territories not yet independently reviewed,national_accounts_deflator_historical_series,not_reviewed_in_source_notes,reconstructed_or_harmonised_not_yet_confirmed,accepted_for_context_not_enabled_for_extraction,context_only_not_empirical_identification,data/raw/live/bpstat/series_12706851.csv
BPstat Data API v1,12706851,gdp_deflator_annual,gdp_deflator,Deflators of GDP at market prices-annual,1954,1954-12-31,0.984,index,annual,deflator,181,0623eb9d3bebc56c07359ba1fa875039,Portugal reference territory in BPstat metadata; historical treatment of overseas territories not yet independently reviewed,national_accounts_deflator_historical_series,not_reviewed_in_source_notes,reconstructed_or_harmonised_not_yet_confirmed,accepted_for_context_not_enabled_for_extraction,context_only_not_empirical_identification,data/raw/live/bpstat/series_12706851.csv
BPstat Data API v1,12706851,gdp_deflator_annual,gdp_deflator,Deflators of GDP at market prices-annual,1955,1955-12-31,0.985,index,annual,deflator,181,0623eb9d3bebc56c07359ba1fa875039,Portugal reference territory in BPstat metadata; historical treatment of overseas territories not yet independently reviewed,national_accounts_deflator_historical_series,not_reviewed_in_source_notes,reconstructed_or_harmonised_not_yet_confirmed,accepted_for_context_not_enabled_for_extraction,context_only_not_empirical_identification,data/raw/live/bpstat/series_12706851.csv
BPstat Data API v1,12706851,gdp_deflator_annual,gdp_deflator,Deflators of GDP at market prices-annual,1956,1956-12-31,1.014,index,annual,deflator,181,0623eb9d3bebc56c07359ba1fa875039,Portugal reference territory in BPstat metadata; historical treatment of overseas territories not yet independently reviewed,national_accounts_deflator_historical_series,not_reviewed_in_source_notes,reconstructed_or_harmonised_not_yet_confirmed,accepted_for_context_not_enabled_for_extraction,context_only_not_empirical_identification,data/raw/live/bpstat/series_12706851.csv
BPstat Data API v1,12706851,gdp_deflator_annual,gdp_deflator,Deflators of GDP at market prices-annual,1957,1957-12-31,1.021,index,annual,deflator,181,0623eb9d3bebc56c07359ba1fa875039,Portugal reference territory in BPstat metadata; historical treatment of overseas territories not yet independently reviewed,national_accounts_deflator_historical_series,not_reviewed_in_source_notes,reconstructed_or_harmonised_not_yet_confirmed,accepted_for_context_not_enabled_for_extraction,context_only_not_empirical_identification,data/raw/live/bpstat/series_12706851.csv
BPstat Data API v1,12706851,gdp_deflator_annual,gdp_deflator,Deflators of GDP at market prices-annual,1958,1958-12-31,1.038,index,annual,deflator,181,0623eb9d3bebc56c07359ba1fa875039,Portugal reference territory in BPstat metadata; historical treatment of overseas territories not yet independently reviewed,national_accounts_deflator_historical_series,not_reviewed_in_source_notes,reconstructed_or_harmonised_not_yet_confirmed,accepted_for_context_not_enabled_for_extraction,context_only_not_empirical_identification,data/raw/live/bpstat/series_12706851.csv
BPstat Data API v1,12706851,gdp_deflator_annual,gdp_deflator,Deflators of GDP at market prices-annual,1959,1959-12-31,1.065,index,annual,deflator,181,0623eb9d3bebc56c07359ba1fa875039,Portugal reference territory in BPstat metadata; historical treatment of overseas territories not yet independently reviewed,national_accounts_deflator_historical_series,not_reviewed_in_source_notes,reconstructed_or_harmonised_not_yet_confirmed,accepted_for_context_not_enabled_for_extraction,context_only_not_empirical_identification,data/raw/live/bpstat/series_12706851.csv
BPstat Data API v1,12706851,gdp_deflator_annual,gdp_deflator,Deflators of GDP at market prices-annual,1960,1960-12-31,1.086,index,annual,deflator,181,0623eb9d3bebc56c07359ba1fa875039,Portugal reference territory in BPstat metadata; historical treatment of overseas territories not yet independently reviewed,national_accounts_deflator_historical_series,not_reviewed_in_source_notes,reconstructed_or_harmonised_not_yet_confirmed,accepted_for_context_not_enabled_for_extraction,context_only_not_empirical_identification,data/raw/live/bpstat/series_12706851.csv
BPstat Data API v1,12706851,gdp_deflator_annual,gdp_deflator,Deflators of GDP at market prices-annual,1961,1961-12-31,1.104,index,annual,deflator,181,0623eb9d3bebc56c07359ba1fa875039,Portugal reference territory in BPstat metadata; historical treatment of overseas territories not yet independently reviewed,national_accounts_deflator_historical_series,not_reviewed_in_source_notes,reconstructed_or_harmonised_not_yet_confirmed,accepted_for_context_not_enabled_for_extraction,context_only_not_empirical_identification,data/raw/live/bpstat/series_12706851.csv
BPstat Data API v1,12706851,gdp_deflator_annual,gdp_deflator,Deflators of GDP at market prices-annual,1962,1962-12-31,1.121,index,annual,deflator,181,0623eb9d3bebc56c07359ba1fa875039,Portugal reference territory in BPstat metadata; historical treatment of overseas territories not yet independently reviewed,national_accounts_deflator_historical_series,not_reviewed_in_source_notes,reconstructed_or_harmonised_not_yet_confirmed,accepted_for_context_not_enabled_for_extraction,context_only_not_empirical_identification,data/raw/live/bpstat/series_12706851.csv
BPstat Data API v1,12706851,gdp_deflator_annual,gdp_deflator,Deflators of GDP at market prices-annual,1963,1963-12-31,1.143,index,annual,deflator,181,0623eb9d3bebc56c07359ba1fa875039,Portugal reference territory in BPstat metadata; historical treatment of overseas territories not yet independently reviewed,national_accounts_deflator_historical_series,not_reviewed_in_source_notes,reconstructed_or_harmonised_not_yet_confirmed,accepted_for_context_not_enabled_for_extraction,context_only_not_empirical_identification,data/raw/live/bpstat/series_12706851.csv
BPstat Data API v1,12706851,gdp_deflator_annual,gdp_deflator,Deflators of GDP at market prices-annual,1964,1964-12-31,1.178,index,annual,deflator,181,0623eb9d3bebc56c07359ba1fa875039,Portugal reference territory in BPstat metadata; historical treatment of overseas territories not yet independently reviewed,national_accounts_deflator_historical_series,not_reviewed_in_source_notes,reconstructed_or_harmonised_not_yet_confirmed,accepted_for_context_not_enabled_for_extraction,context_only_not_empirical_identification,data/raw/live/bpstat/series_12706851.csv
BPstat Data API v1,12706851,gdp_deflator_annual,gdp_deflator,Deflators of GDP at market prices-annual,1965,1965-12-31,1.254,index,annual,deflator,181,0623eb9d3bebc56c07359ba1fa875039,Portugal reference territory in BPstat metadata; historical treatment of overseas territories not yet independently reviewed,national_accounts_deflator_historical_series,not_reviewed_in_source_notes,reconstructed_or_harmonised_not_yet_confirmed,accepted_for_context_not_enabled_for_extraction,context_only_not_empirical_identification,data/raw/live/bpstat/series_12706851.csv
BPstat Data API v1,12706851,gdp_deflator_annual,gdp_deflator,Deflators of GDP at market prices-annual,1966,1966-12-31,1.305,index,annual,deflator,181,0623eb9d3bebc56c07359ba1fa875039,Portugal reference territory in BPstat metadata; historical treatment of overseas territories not yet independently reviewed,national_accounts_deflator_historical_series,not_reviewed_in_source_notes,reconstructed_or_harmonised_not_yet_confirmed,accepted_for_context_not_enabled_for_extraction,context_only_not_empirical_identification,data/raw/live/bpstat/series_12706851.csv
BPstat Data API v1,12706851,gdp_deflator_annual,gdp_deflator,Deflators of GDP at market prices-annual,1967,1967-12-31,1.391,index,annual,deflator,181,0623eb9d3bebc56c07359ba1fa875039,Portugal reference territory in BPstat metadata; historical treatment of overseas territories not yet independently reviewed,national_accounts_deflator_historical_series,not_reviewed_in_source_notes,reconstructed_or_harmonised_not_yet_confirmed,accepted_for_context_not_enabled_for_extraction,context_only_not_empirical_identification,data/raw/live/bpstat/series_12706851.csv
BPstat Data API v1,12706851,gdp_deflator_annual,gdp_deflator,Deflators of GDP at market prices-annual,1968,1968-12-31,1.451,index,annual,deflator,181,0623eb9d3bebc56c07359ba1fa875039,Portugal reference territory in BPstat metadata; historical treatment of overseas territories not yet independently reviewed,national_accounts_deflator_historical_series,not_reviewed_in_source_notes,reconstructed_or_harmonised_not_yet_confirmed,accepted_for_context_not_enabled_for_extraction,context_only_not_empirical_identification,data/raw/live/bpstat/series_12706851.csv
BPstat Data API v1,12706851,gdp_deflator_annual,gdp_deflator,Deflators of GDP at market prices-annual,1969,1969-12-31,1.518,index,annual,deflator,181,0623eb9d3bebc56c07359ba1fa875039,Portugal reference territory in BPstat metadata; historical treatment of overseas territories not yet independently reviewed,national_accounts_deflator_historical_series,not_reviewed_in_source_notes,reconstructed_or_harmonised_not_yet_confirmed,accepted_for_context_not_enabled_for_extraction,context_only_not_empirical_identification,data/raw/live/bpstat/series_12706851.csv
BPstat Data API v1,12706851,gdp_deflator_annual,gdp_deflator,Deflators of GDP at market prices-annual,1970,1970-12-31,1.601,index,annual,deflator,181,0623eb9d3bebc56c07359ba1fa875039,Portugal reference territory in BPstat metadata; historical treatment of overseas territories not yet independently reviewed,national_accounts_deflator_historical_series,not_reviewed_in_source_notes,reconstructed_or_harmonised_not_yet_confirmed,accepted_for_context_not_enabled_for_extraction,context_only_not_empirical_identification,data/raw/live/bpstat/series_12706851.csv
BPstat Data API v1,12706851,gdp_deflator_annual,gdp_deflator,Deflators of GDP at market prices-annual,1971,1971-12-31,1.749,index,annual,deflator,181,0623eb9d3bebc56c07359ba1fa875039,Portugal reference territory in BPstat metadata; historical treatment of overseas territories not yet independently reviewed,national_accounts_deflator_historical_series,not_reviewed_in_source_notes,reconstructed_or_harmonised_not_yet_confirmed,accepted_for_context_not_enabled_for_extraction,context_only_not_empirical_identification,data/raw/live/bpstat/series_12706851.csv
BPstat Data API v1,12706851,gdp_deflator_annual,gdp_deflator,Deflators of GDP at market prices-annual,1972,1972-12-31,1.88,index,annual,deflator,181,0623eb9d3bebc56c07359ba1fa875039,Portugal reference territory in BPstat metadata; historical treatment of overseas territories not yet independently reviewed,national_accounts_deflator_historical_series,not_reviewed_in_source_notes,reconstructed_or_harmonised_not_yet_confirmed,accepted_for_context_not_enabled_for_extraction,context_only_not_empirical_identification,data/raw/live/bpstat/series_12706851.csv
BPstat Data API v1,12706851,gdp_deflator_annual,gdp_deflator,Deflators of GDP at market prices-annual,1973,1973-12-31,2.103,index,annual,deflator,181,0623eb9d3bebc56c07359ba1fa875039,Portugal reference territory in BPstat metadata; historical treatment of overseas territories not yet independently reviewed,national_accounts_deflator_historical_series,not_reviewed_in_source_notes,reconstructed_or_harmonised_not_yet_confirmed,accepted_for_context_not_enabled_for_extraction,context_only_not_empirical_identification,data/raw/live/bpstat/series_12706851.csv
BPstat Data API v1,12706851,gdp_deflator_annual,gdp_deflator,Deflators of GDP at market prices-annual,1974,1974-12-31,2.496,index,annual,deflator,181,0623eb9d3bebc56c07359ba1fa875039,Portugal reference territory in BPstat metadata; historical treatment of overseas territories not yet independently reviewed,national_accounts_deflator_historical_series,not_reviewed_in_source_notes,reconstructed_or_harmonised_not_yet_confirmed,accepted_for_context_not_enabled_for_extraction,context_only_not_empirical_identification,data/raw/live/bpstat/series_12706851.csv
BPstat Data API v1,12706851,gdp_deflator_annual,gdp_deflator,Deflators of GDP at market prices-annual,1975,1975-12-31,2.981,index,annual,deflator,181,0623eb9d3bebc56c07359ba1fa875039,Portugal reference territory in BPstat metadata; historical treatment of overseas territories not yet independently reviewed,national_accounts_deflator_historical_series,not_reviewed_in_source_notes,reconstructed_or_harmonised_not_yet_confirmed,accepted_for_context_not_enabled_for_extraction,context_only_not_empirical_identification,data/raw/live/bpstat/series_12706851.csv
BPstat Data API v1,12706851,gdp_deflator_annual,gdp_deflator,Deflators of GDP at market prices-annual,1976,1976-12-31,3.519,index,annual,deflator,181,0623eb9d3bebc56c07359ba1fa875039,Portugal reference territory in BPstat metadata; historical treatment of overseas territories not yet independently reviewed,national_accounts_deflator_historical_series,not_reviewed_in_source_notes,reconstructed_or_harmonised_not_yet_confirmed,accepted_for_context_not_enabled_for_extraction,context_only_not_empirical_identification,data/raw/live/bpstat/series_12706851.csv
BPstat Data API v1,12706851,gdp_deflator_annual,gdp_deflator,Deflators of GDP at market prices-annual,1977,1977-12-31,4.405,index,annual,deflator,181,0623eb9d3bebc56c07359ba1fa875039,Portugal reference territory in BPstat metadata; historical treatment of overseas territories not yet independently reviewed,national_accounts_deflator_historical_series,not_reviewed_in_source_notes,reconstructed_or_harmonised_not_yet_confirmed,accepted_for_context_not_enabled_for_extraction,context_only_not_empirical_identification,data/raw/live/bpstat/series_12706851.csv
BPstat Data API v1,12706851,gdp_deflator_annual,gdp_deflator,Deflators of GDP at market prices-annual,1978,1978-12-31,5.27,index,annual,deflator,181,0623eb9d3bebc56c07359ba1fa875039,Portugal reference territory in BPstat metadata; historical treatment of overseas territories not yet independently reviewed,national_accounts_deflator_historical_series,not_reviewed_in_source_notes,reconstructed_or_harmonised_not_yet_confirmed,accepted_for_context_not_enabled_for_extraction,context_only_not_empirical_identification,data/raw/live/bpstat/series_12706851.csv
BPstat Data API v1,12706851,gdp_deflator_annual,gdp_deflator,Deflators of GDP at market prices-annual,1979,1979-12-31,6.356,index,annual,deflator,181,0623eb9d3bebc56c07359ba1fa875039,Portugal reference territory in BPstat metadata; historical treatment of overseas territories not yet independently reviewed,national_accounts_deflator_historical_series,not_reviewed_in_source_notes,reconstructed_or_harmonised_not_yet_confirmed,accepted_for_context_not_enabled_for_extraction,context_only_not_empirical_identification,data/raw/live/bpstat/series_12706851.csv
BPstat Data API v1,12706851,gdp_deflator_annual,gdp_deflator,Deflators of GDP at market prices-annual,1980,1980-12-31,7.764,index,annual,deflator,181,0623eb9d3bebc56c07359ba1fa875039,Portugal reference territory in BPstat metadata; historical treatment of overseas territories not yet independently reviewed,national_accounts_deflator_historical_series,not_reviewed_in_source_notes,reconstructed_or_harmonised_not_yet_confirmed,accepted_for_context_not_enabled_for_extraction,context_only_not_empirical_identification,data/raw/live/bpstat/series_12706851.csv
BPstat Data API v1,12706851,gdp_deflator_annual,gdp_deflator,Deflators of GDP at market prices-annual,1981,1981-12-31,9.118,index,annual,deflator,181,0623eb9d3bebc56c07359ba1fa875039,Portugal reference territory in BPstat metadata; historical treatment of overseas territories not yet independently reviewed,national_accounts_deflator_historical_series,not_reviewed_in_source_notes,reconstructed_or_harmonised_not_yet_confirmed,accepted_for_context_not_enabled_for_extraction,context_only_not_empirical_identification,data/raw/live/bpstat/series_12706851.csv
BPstat Data API v1,12706851,gdp_deflator_annual,gdp_deflator,Deflators of GDP at market prices-annual,1982,1982-12-31,10.873,index,annual,deflator,181,0623eb9d3bebc56c07359ba1fa875039,Portugal reference territory in BPstat metadata; historical treatment of overseas territories not yet independently reviewed,national_accounts_deflator_historical_series,not_reviewed_in_source_notes,reconstructed_or_harmonised_not_yet_confirmed,accepted_for_context_not_enabled_for_extraction,context_only_not_empirical_identification,data/raw/live/bpstat/series_12706851.csv
BPstat Data API v1,12706851,gdp_deflator_annual,gdp_deflator,Deflators of GDP at market prices-annual,1983,1983-12-31,13.589,index,annual,deflator,181,0623eb9d3bebc56c07359ba1fa875039,Portugal reference territory in BPstat metadata; historical treatment of overseas territories not yet independently reviewed,national_accounts_deflator_historical_series,not_reviewed_in_source_notes,reconstructed_or_harmonised_not_yet_confirmed,accepted_for_context_not_enabled_for_extraction,context_only_not_empirical_identification,data/raw/live/bpstat/series_12706851.csv
BPstat Data API v1,12706851,gdp_deflator_annual,gdp_deflator,Deflators of GDP at market prices-annual,1984,1984-12-31,16.892,index,annual,deflator,181,0623eb9d3bebc56c07359ba1fa875039,Portugal reference territory in BPstat metadata; historical treatment of overseas territories not yet independently reviewed,national_accounts_deflator_historical_series,not_reviewed_in_source_notes,reconstructed_or_harmonised_not_yet_confirmed,accepted_for_context_not_enabled_for_extraction,context_only_not_empirical_identification,data/raw/live/bpstat/series_12706851.csv
BPstat Data API v1,12706851,gdp_deflator_annual,gdp_deflator,Deflators of GDP at market prices-annual,1985,1985-12-31,20.519,index,annual,deflator,181,0623eb9d3bebc56c07359ba1fa875039,Portugal reference territory in BPstat metadata; historical treatment of overseas territories not yet independently reviewed,national_accounts_deflator_historical_series,not_reviewed_in_source_notes,reconstructed_or_harmonised_not_yet_confirmed,accepted_for_context_not_enabled_for_extraction,context_only_not_empirical_identification,data/raw/live/bpstat/series_12706851.csv
BPstat Data API v1,12706851,gdp_deflator_annual,gdp_deflator,Deflators of GDP at market prices-annual,1986,1986-12-31,24.279,index,annual,deflator,181,0623eb9d3bebc56c07359ba1fa875039,Portugal reference territory in BPstat metadata; historical treatment of overseas territories not yet independently reviewed,national_accounts_deflator_historical_series,not_reviewed_in_source_notes,reconstructed_or_harmonised_not_yet_confirmed,accepted_for_context_not_enabled_for_extraction,context_only_not_empirical_identification,data/raw/live/bpstat/series_12706851.csv
BPstat Data API v1,12706851,gdp_deflator_annual,gdp_deflator,Deflators of GDP at market prices-annual,1987,1987-12-31,26.884,index,annual,deflator,181,0623eb9d3bebc56c07359ba1fa875039,Portugal reference territory in BPstat metadata; historical treatment of overseas territories not yet independently reviewed,national_accounts_deflator_historical_series,not_reviewed_in_source_notes,reconstructed_or_harmonised_not_yet_confirmed,accepted_for_context_not_enabled_for_extraction,context_only_not_empirical_identification,data/raw/live/bpstat/series_12706851.csv
BPstat Data API v1,12706851,gdp_deflator_annual,gdp_deflator,Deflators of GDP at market prices-annual,1988,1988-12-31,30.201,index,annual,deflator,181,0623eb9d3bebc56c07359ba1fa875039,Portugal reference territory in BPstat metadata; historical treatment of overseas territories not yet independently reviewed,national_accounts_deflator_historical_series,not_reviewed_in_source_notes,reconstructed_or_harmonised_not_yet_confirmed,accepted_for_context_not_enabled_for_extraction,context_only_not_empirical_identification,data/raw/live/bpstat/series_12706851.csv
BPstat Data API v1,12706851,gdp_deflator_annual,gdp_deflator,Deflators of GDP at market prices-annual,1989,1989-12-31,33.685,index,annual,deflator,181,0623eb9d3bebc56c07359ba1fa875039,Portugal reference territory in BPstat metadata; historical treatment of overseas territories not yet independently reviewed,national_accounts_deflator_historical_series,not_reviewed_in_source_notes,reconstructed_or_harmonised_not_yet_confirmed,accepted_for_context_not_enabled_for_extraction,context_only_not_empirical_identification,data/raw/live/bpstat/series_12706851.csv
BPstat Data API v1,12706851,gdp_deflator_annual,gdp_deflator,Deflators of GDP at market prices-annual,1990,1990-12-31,38.094,index,annual,deflator,181,0623eb9d3bebc56c07359ba1fa875039,Portugal reference territory in BPstat metadata; historical treatment of overseas territories not yet independently reviewed,national_accounts_deflator_historical_series,not_reviewed_in_source_notes,reconstructed_or_harmonised_not_yet_confirmed,accepted_for_context_not_enabled_for_extraction,context_only_not_empirical_identification,data/raw/live/bpstat/series_12706851.csv
BPstat Data API v1,12706851,gdp_deflator_annual,gdp_deflator,Deflators of GDP at market prices-annual,1991,1991-12-31,42.446,index,annual,deflator,181,0623eb9d3bebc56c07359ba1fa875039,Portugal reference territory in BPstat metadata; historical treatment of overseas territories not yet independently reviewed,national_accounts_deflator_historical_series,not_reviewed_in_source_notes,reconstructed_or_harmonised_not_yet_confirmed,accepted_for_context_not_enabled_for_extraction,context_only_not_empirical_identification,data/raw/live/bpstat/series_12706851.csv
BPstat Data API v1,12706851,gdp_deflator_annual,gdp_deflator,Deflators of GDP at market prices-annual,1992,1992-12-31,46.832,index,annual,deflator,181,0623eb9d3bebc56c07359ba1fa875039,Portugal reference territory in BPstat metadata; historical treatment of overseas territories not yet independently reviewed,national_accounts_deflator_historical_series,not_reviewed_in_source_notes,reconstructed_or_harmonised_not_yet_confirmed,accepted_for_context_not_enabled_for_extraction,context_only_not_empirical_identification,data/raw/live/bpstat/series_12706851.csv
BPstat Data API v1,12706851,gdp_deflator_annual,gdp_deflator,Deflators of GDP at market prices-annual,1993,1993-12-31,49.656,index,annual,deflator,181,0623eb9d3bebc56c07359ba1fa875039,Portugal reference territory in BPstat metadata; historical treatment of overseas territories not yet independently reviewed,national_accounts_deflator_historical_series,not_reviewed_in_source_notes,reconstructed_or_harmonised_not_yet_confirmed,accepted_for_context_not_enabled_for_extraction,context_only_not_empirical_identification,data/raw/live/bpstat/series_12706851.csv
BPstat Data API v1,12706851,gdp_deflator_annual,gdp_deflator,Deflators of GDP at market prices-annual,1994,1994-12-31,52.888,index,annual,deflator,181,0623eb9d3bebc56c07359ba1fa875039,Portugal reference territory in BPstat metadata; historical treatment of overseas territories not yet independently reviewed,national_accounts_deflator_historical_series,not_reviewed_in_source_notes,reconstructed_or_harmonised_not_yet_confirmed,accepted_for_context_not_enabled_for_extraction,context_only_not_empirical_identification,data/raw/live/bpstat/series_12706851.csv
BPstat Data API v1,12706851,gdp_deflator_annual,gdp_deflator,Deflators of GDP at market prices-annual,1995,1995-12-31,55.767,index,annual,deflator,181,0623eb9d3bebc56c07359ba1fa875039,Portugal reference territory in BPstat metadata; historical treatment of overseas territories not yet independently reviewed,national_accounts_deflator_historical_series,not_reviewed_in_source_notes,reconstructed_or_harmonised_not_yet_confirmed,accepted_for_context_not_enabled_for_extraction,context_only_not_empirical_identification,data/raw/live/bpstat/series_12706851.csv
BPstat Data API v1,12706851,gdp_deflator_annual,gdp_deflator,Deflators of GDP at market prices-annual,1996,1996-12-31,57.1,index,annual,deflator,181,0623eb9d3bebc56c07359ba1fa875039,Portugal reference territory in BPstat metadata; historical treatment of overseas territories not yet independently reviewed,national_accounts_deflator_historical_series,not_reviewed_in_source_notes,reconstructed_or_harmonised_not_yet_confirmed,accepted_for_context_not_enabled_for_extraction,context_only_not_empirical_identification,data/raw/live/bpstat/series_12706851.csv
BPstat Data API v1,12706851,gdp_deflator_annual,gdp_deflator,Deflators of GDP at market prices-annual,1997,1997-12-31,59.319,index,annual,deflator,181,0623eb9d3bebc56c07359ba1fa875039,Portugal reference territory in BPstat metadata; historical treatment of overseas territories not yet independently reviewed,national_accounts_deflator_historical_series,not_reviewed_in_source_notes,reconstructed_or_harmonised_not_yet_confirmed,accepted_for_context_not_enabled_for_extraction,context_only_not_empirical_identification,data/raw/live/bpstat/series_12706851.csv
BPstat Data API v1,12706851,gdp_deflator_annual,gdp_deflator,Deflators of GDP at market prices-annual,1998,1998-12-31,61.588,index,annual,deflator,181,0623eb9d3bebc56c07359ba1fa875039,Portugal reference territory in BPstat metadata; historical treatment of overseas territories not yet independently reviewed,national_accounts_deflator_historical_series,not_reviewed_in_source_notes,reconstructed_or_harmonised_not_yet_confirmed,accepted_for_context_not_enabled_for_extraction,context_only_not_empirical_identification,data/raw/live/bpstat/series_12706851.csv
BPstat Data API v1,12706851,gdp_deflator_annual,gdp_deflator,Deflators of GDP at market prices-annual,1999,1999-12-31,63.663,index,annual,deflator,181,0623eb9d3bebc56c07359ba1fa875039,Portugal reference territory in BPstat metadata; historical treatment of overseas territories not yet independently reviewed,national_accounts_deflator_historical_series,not_reviewed_in_source_notes,reconstructed_or_harmonised_not_yet_confirmed,accepted_for_context_not_enabled_for_extraction,context_only_not_empirical_identification,data/raw/live/bpstat/series_12706851.csv
BPstat Data API v1,12706851,gdp_deflator_annual,gdp_deflator,Deflators of GDP at market prices-annual,2000,2000-12-31,65.841,index,annual,deflator,181,0623eb9d3bebc56c07359ba1fa875039,Portugal reference territory in BPstat metadata; historical treatment of overseas territories not yet independently reviewed,national_accounts_deflator_historical_series,not_reviewed_in_source_notes,reconstructed_or_harmonised_not_yet_confirmed,accepted_for_context_not_enabled_for_extraction,context_only_not_empirical_identification,data/raw/live/bpstat/series_12706851.csv
BPstat Data API v1,12706851,gdp_deflator_annual,gdp_deflator,Deflators of GDP at market prices-annual,2001,2001-12-31,68.288,index,annual,deflator,181,0623eb9d3bebc56c07359ba1fa875039,Portugal reference territory in BPstat metadata; historical treatment of overseas territories not yet independently reviewed,national_accounts_deflator_historical_series,not_reviewed_in_source_notes,reconstructed_or_harmonised_not_yet_confirmed,accepted_for_context_not_enabled_for_extraction,context_only_not_empirical_identification,data/raw/live/bpstat/series_12706851.csv
BPstat Data API v1,12706851,gdp_deflator_annual,gdp_deflator,Deflators of GDP at market prices-annual,2002,2002-12-31,71.149,index,annual,deflator,181,0623eb9d3bebc56c07359ba1fa875039,Portugal reference territory in BPstat metadata; historical treatment of overseas territories not yet independently reviewed,national_accounts_deflator_historical_series,not_reviewed_in_source_notes,reconstructed_or_harmonised_not_yet_confirmed,accepted_for_context_not_enabled_for_extraction,context_only_not_empirical_identification,data/raw/live/bpstat/series_12706851.csv
BPstat Data API v1,12706851,gdp_deflator_annual,gdp_deflator,Deflators of GDP at market prices-annual,2003,2003-12-31,73.587,index,annual,deflator,181,0623eb9d3bebc56c07359ba1fa875039,Portugal reference territory in BPstat metadata; historical treatment of overseas territories not yet independently reviewed,national_accounts_deflator_historical_series,not_reviewed_in_source_notes,reconstructed_or_harmonised_not_yet_confirmed,accepted_for_context_not_enabled_for_extraction,context_only_not_empirical_identification,data/raw/live/bpstat/series_12706851.csv
BPstat Data API v1,12706851,gdp_deflator_annual,gdp_deflator,Deflators of GDP at market prices-annual,2004,2004-12-31,75.353,index,annual,deflator,181,0623eb9d3bebc56c07359ba1fa875039,Portugal reference territory in BPstat metadata; historical treatment of overseas territories not yet independently reviewed,national_accounts_deflator_historical_series,not_reviewed_in_source_notes,reconstructed_or_harmonised_not_yet_confirmed,accepted_for_context_not_enabled_for_extraction,context_only_not_empirical_identification,data/raw/live/bpstat/series_12706851.csv
BPstat Data API v1,12706851,gdp_deflator_annual,gdp_deflator,Deflators of GDP at market prices-annual,2005,2005-12-31,77.864,index,annual,deflator,181,0623eb9d3bebc56c07359ba1fa875039,Portugal reference territory in BPstat metadata; historical treatment of overseas territories not yet independently reviewed,national_accounts_deflator_historical_series,not_reviewed_in_source_notes,reconstructed_or_harmonised_not_yet_confirmed,accepted_for_context_not_enabled_for_extraction,context_only_not_empirical_identification,data/raw/live/bpstat/series_12706851.csv
BPstat Data API v1,12706851,gdp_deflator_annual,gdp_deflator,Deflators of GDP at market prices-annual,2006,2006-12-31,80.344,index,annual,deflator,181,0623eb9d3bebc56c07359ba1fa875039,Portugal reference territory in BPstat metadata; historical treatment of overseas territories not yet independently reviewed,national_accounts_deflator_historical_series,not_reviewed_in_source_notes,reconstructed_or_harmonised_not_yet_confirmed,accepted_for_context_not_enabled_for_extraction,context_only_not_empirical_identification,data/raw/live/bpstat/series_12706851.csv
BPstat Data API v1,12706851,gdp_deflator_annual,gdp_deflator,Deflators of GDP at market prices-annual,2007,2007-12-31,82.727,index,annual,deflator,181,0623eb9d3bebc56c07359ba1fa875039,Portugal reference territory in BPstat metadata; historical treatment of overseas territories not yet independently reviewed,national_accounts_deflator_historical_series,not_reviewed_in_source_notes,reconstructed_or_harmonised_not_yet_confirmed,accepted_for_context_not_enabled_for_extraction,context_only_not_empirical_identification,data/raw/live/bpstat/series_12706851.csv
BPstat Data API v1,12706851,gdp_deflator_annual,gdp_deflator,Deflators of GDP at market prices-annual,2008,2008-12-31,84.165,index,annual,deflator,181,0623eb9d3bebc56c07359ba1fa875039,Portugal reference territory in BPstat metadata; historical treatment of overseas territories not yet independently reviewed,national_accounts_deflator_historical_series,not_reviewed_in_source_notes,reconstructed_or_harmonised_not_yet_confirmed,accepted_for_context_not_enabled_for_extraction,context_only_not_empirical_identification,data/raw/live/bpstat/series_12706851.csv
BPstat Data API v1,12706851,gdp_deflator_annual,gdp_deflator,Deflators of GDP at market prices-annual,2009,2009-12-31,85.089,index,annual,deflator,181,0623eb9d3bebc56c07359ba1fa875039,Portugal reference territory in BPstat metadata; historical treatment of overseas territories not yet independently reviewed,national_accounts_deflator_historical_series,not_reviewed_in_source_notes,reconstructed_or_harmonised_not_yet_confirmed,accepted_for_context_not_enabled_for_extraction,context_only_not_empirical_identification,data/raw/live/bpstat/series_12706851.csv
BPstat Data API v1,12706851,gdp_deflator_annual,gdp_deflator,Deflators of GDP at market prices-annual,2010,2010-12-31,85.755,index,annual,deflator,181,0623eb9d3bebc56c07359ba1fa875039,Portugal reference territory in BPstat metadata; historical treatment of overseas territories not yet independently reviewed,national_accounts_deflator_historical_series,not_reviewed_in_source_notes,reconstructed_or_harmonised_not_yet_confirmed,accepted_for_context_not_enabled_for_extraction,context_only_not_empirical_identification,data/raw/live/bpstat/series_12706851.csv
BPstat Data API v1,12706851,gdp_deflator_annual,gdp_deflator,Deflators of GDP at market prices-annual,2011,2011-12-31,85.531,index,annual,deflator,181,0623eb9d3bebc56c07359ba1fa875039,Portugal reference territory in BPstat metadata; historical treatment of overseas territories not yet independently reviewed,national_accounts_deflator_historical_series,not_reviewed_in_source_notes,reconstructed_or_harmonised_not_yet_confirmed,accepted_for_context_not_enabled_for_extraction,context_only_not_empirical_identification,data/raw/live/bpstat/series_12706851.csv
BPstat Data API v1,12706851,gdp_deflator_annual,gdp_deflator,Deflators of GDP at market prices-annual,2012,2012-12-31,85.209,index,annual,deflator,181,0623eb9d3bebc56c07359ba1fa875039,Portugal reference territory in BPstat metadata; historical treatment of overseas territories not yet independently reviewed,national_accounts_deflator_historical_series,not_reviewed_in_source_notes,reconstructed_or_harmonised_not_yet_confirmed,accepted_for_context_not_enabled_for_extraction,context_only_not_empirical_identification,data/raw/live/bpstat/series_12706851.csv
BPstat Data API v1,12706851,gdp_deflator_annual,gdp_deflator,Deflators of GDP at market prices-annual,2013,2013-12-31,87.147,index,annual,deflator,181,0623eb9d3bebc56c07359ba1fa875039,Portugal reference territory in BPstat metadata; historical treatment of overseas territories not yet independently reviewed,national_accounts_deflator_historical_series,not_reviewed_in_source_notes,reconstructed_or_harmonised_not_yet_confirmed,accepted_for_context_not_enabled_for_extraction,context_only_not_empirical_identification,data/raw/live/bpstat/series_12706851.csv
BPstat Data API v1,12706851,gdp_deflator_annual,gdp_deflator,Deflators of GDP at market prices-annual,2014,2014-12-31,87.779,index,annual,deflator,181,0623eb9d3bebc56c07359ba1fa875039,Portugal reference territory in BPstat metadata; historical treatment of overseas territories not yet independently reviewed,national_accounts_deflator_historical_series,not_reviewed_in_source_notes,reconstructed_or_harmonised_not_yet_confirmed,accepted_for_context_not_enabled_for_extraction,context_only_not_empirical_identification,data/raw/live/bpstat/series_12706851.csv
BPstat Data API v1,12706851,gdp_deflator_annual,gdp_deflator,Deflators of GDP at market prices-annual,2015,2015-12-31,89.501,index,annual,deflator,181,0623eb9d3bebc56c07359ba1fa875039,Portugal reference territory in BPstat metadata; historical treatment of overseas territories not yet independently reviewed,national_accounts_deflator_historical_series,not_reviewed_in_source_notes,reconstructed_or_harmonised_not_yet_confirmed,accepted_for_context_not_enabled_for_extraction,context_only_not_empirical_identification,data/raw/live/bpstat/series_12706851.csv
BPstat Data API v1,12706851,gdp_deflator_annual,gdp_deflator,Deflators of GDP at market prices-annual,2016,2016-12-31,91.161,index,annual,deflator,181,0623eb9d3bebc56c07359ba1fa875039,Portugal reference territory in BPstat metadata; historical treatment of overseas territories not yet independently reviewed,national_accounts_deflator_historical_series,not_reviewed_in_source_notes,reconstructed_or_harmonised_not_yet_confirmed,accepted_for_context_not_enabled_for_extraction,context_only_not_empirical_identification,data/raw/live/bpstat/series_12706851.csv
BPstat Data API v1,12706851,gdp_deflator_annual,gdp_deflator,Deflators of GDP at market prices-annual,2017,2017-12-31,92.557,index,annual,deflator,181,0623eb9d3bebc56c07359ba1fa875039,Portugal reference territory in BPstat metadata; historical treatment of overseas territories not yet independently reviewed,national_accounts_deflator_historical_series,not_reviewed_in_source_notes,reconstructed_or_harmonised_not_yet_confirmed,accepted_for_context_not_enabled_for_extraction,context_only_not_empirical_identification,data/raw/live/bpstat/series_12706851.csv
BPstat Data API v1,12706851,gdp_deflator_annual,gdp_deflator,Deflators of GDP at market prices-annual,2018,2018-12-31,94.272,index,annual,deflator,181,0623eb9d3bebc56c07359ba1fa875039,Portugal reference territory in BPstat metadata; historical treatment of overseas territories not yet independently reviewed,national_accounts_deflator_historical_series,not_reviewed_in_source_notes,reconstructed_or_harmonised_not_yet_confirmed,accepted_for_context_not_enabled_for_extraction,context_only_not_empirical_identification,data/raw/live/bpstat/series_12706851.csv
BPstat Data API v1,12706851,gdp_deflator_annual,gdp_deflator,Deflators of GDP at market prices-annual,2019,2019-12-31,96.001,index,annual,deflator,181,0623eb9d3bebc56c07359ba1fa875039,Portugal reference territory in BPstat metadata; historical treatment of overseas territories not yet independently reviewed,national_accounts_deflator_historical_series,not_reviewed_in_source_notes,reconstructed_or_harmonised_not_yet_confirmed,accepted_for_context_not_enabled_for_extraction,context_only_not_empirical_identification,data/raw/live/bpstat/series_12706851.csv
BPstat Data API v1,12706851,gdp_deflator_annual,gdp_deflator,Deflators of GDP at market prices-annual,2020,2020-12-31,98.02,index,annual,deflator,181,0623eb9d3bebc56c07359ba1fa875039,Portugal reference territory in BPstat metadata; historical treatment of overseas territories not yet independently reviewed,national_accounts_deflator_historical_series,not_reviewed_in_source_notes,reconstructed_or_harmonised_not_yet_confirmed,accepted_for_context_not_enabled_for_extraction,context_only_not_empirical_identification,data/raw/live/bpstat/series_12706851.csv
BPstat Data API v1,12706851,gdp_deflator_annual,gdp_deflator,Deflators of GDP at market prices-annual,2021,2021-12-31,100.0,index,annual,deflator,181,0623eb9d3bebc56c07359ba1fa875039,Portugal reference territory in BPstat metadata; historical treatment of overseas territories not yet independently reviewed,national_accounts_deflator_historical_series,not_reviewed_in_source_notes,reconstructed_or_harmonised_not_yet_confirmed,accepted_for_context_not_enabled_for_extraction,context_only_not_empirical_identification,data/raw/live/bpstat/series_12706851.csv
BPstat Data API v1,12706851,gdp_deflator_annual,gdp_deflator,Deflators of GDP at market prices-annual,2022,2022-12-31,105.328,index,annual,deflator,181,0623eb9d3bebc56c07359ba1fa875039,Portugal reference territory in BPstat metadata; historical treatment of overseas territories not yet independently reviewed,national_accounts_deflator_historical_series,not_reviewed_in_source_notes,reconstructed_or_harmonised_not_yet_confirmed,accepted_for_context_not_enabled_for_extraction,context_only_not_empirical_identification,data/raw/live/bpstat/series_12706851.csv
BPstat Data API v1,12706851,gdp_deflator_annual,gdp_deflator,Deflators of GDP at market prices-annual,2023,2023-12-31,113.214,index,annual,deflator,181,0623eb9d3bebc56c07359ba1fa875039,Portugal reference territory in BPstat metadata; historical treatment of overseas territories not yet independently reviewed,national_accounts_deflator_historical_series,not_reviewed_in_source_notes,reconstructed_or_harmonised_not_yet_confirmed,accepted_for_context_not_enabled_for_extraction,context_only_not_empirical_identification,data/raw/live/bpstat/series_12706851.csv
BPstat Data API v1,12706851,gdp_deflator_annual,gdp_deflator,Deflators of GDP at market prices-annual,2024,2024-12-31,118.722,index,annual,deflator,181,0623eb9d3bebc56c07359ba1fa875039,Portugal reference territory in BPstat metadata; historical treatment of overseas territories not yet independently reviewed,national_accounts_deflator_historical_series,not_reviewed_in_source_notes,reconstructed_or_harmonised_not_yet_confirmed,accepted_for_context_not_enabled_for_extraction,context_only_not_empirical_identification,data/raw/live/bpstat/series_12706851.csv
BPstat Data API v1,12706851,gdp_deflator_annual,gdp_deflator,Deflators of GDP at market prices-annual,2025,2025-12-31,123.379,index,annual,deflator,181,0623eb9d3bebc56c07359ba1fa875039,Portugal reference territory in BPstat metadata; historical treatment of overseas territories not yet independently reviewed,national_accounts_deflator_historical_series,not_reviewed_in_source_notes,reconstructed_or_harmonised_not_yet_confirmed,accepted_for_context_not_enabled_for_extraction,context_only_not_empirical_identification,data/raw/live/bpstat/series_12706851.csv
BPstat Data API v1,12706759,gdp_deflator_yoy_annual,gdp_deflator_growth,Deflators of GDP at market prices-YoY-annual,1954,1954-12-31,0.66,year_over_year_percent_change,annual,deflator_yoy,181,0623eb9d3bebc56c07359ba1fa875039,Portugal reference territory in BPstat metadata; historical treatment of overseas territories not yet independently reviewed,national_accounts_deflator_historical_series,not_reviewed_in_source_notes,reconstructed_or_harmonised_not_yet_confirmed,accepted_for_context_not_enabled_for_extraction,context_only_not_empirical_identification,data/raw/live/bpstat/series_12706759.csv
BPstat Data API v1,12706759,gdp_deflator_yoy_annual,gdp_deflator_growth,Deflators of GDP at market prices-YoY-annual,1955,1955-12-31,0.11,year_over_year_percent_change,annual,deflator_yoy,181,0623eb9d3bebc56c07359ba1fa875039,Portugal reference territory in BPstat metadata; historical treatment of overseas territories not yet independently reviewed,national_accounts_deflator_historical_series,not_reviewed_in_source_notes,reconstructed_or_harmonised_not_yet_confirmed,accepted_for_context_not_enabled_for_extraction,context_only_not_empirical_identification,data/raw/live/bpstat/series_12706759.csv
BPstat Data API v1,12706759,gdp_deflator_yoy_annual,gdp_deflator_growth,Deflators of GDP at market prices-YoY-annual,1956,1956-12-31,2.88,year_over_year_percent_change,annual,deflator_yoy,181,0623eb9d3bebc56c07359ba1fa875039,Portugal reference territory in BPstat metadata; historical treatment of overseas territories not yet independently reviewed,national_accounts_deflator_historical_series,not_reviewed_in_source_notes,reconstructed_or_harmonised_not_yet_confirmed,accepted_for_context_not_enabled_for_extraction,context_only_not_empirical_identification,data/raw/live/bpstat/series_12706759.csv
BPstat Data API v1,12706759,gdp_deflator_yoy_annual,gdp_deflator_growth,Deflators of GDP at market prices-YoY-annual,1957,1957-12-31,0.76,year_over_year_percent_change,annual,deflator_yoy,181,0623eb9d3bebc56c07359ba1fa875039,Portugal reference territory in BPstat metadata; historical treatment of overseas territories not yet independently reviewed,national_accounts_deflator_historical_series,not_reviewed_in_source_notes,reconstructed_or_harmonised_not_yet_confirmed,accepted_for_context_not_enabled_for_extraction,context_only_not_empirical_identification,data/raw/live/bpstat/series_12706759.csv
BPstat Data API v1,12706759,gdp_deflator_yoy_annual,gdp_deflator_growth,Deflators of GDP at market prices-YoY-annual,1958,1958-12-31,1.67,year_over_year_percent_change,annual,deflator_yoy,181,0623eb9d3bebc56c07359ba1fa875039,Portugal reference territory in BPstat metadata; historical treatment of overseas territories not yet independently reviewed,national_accounts_deflator_historical_series,not_reviewed_in_source_notes,reconstructed_or_harmonised_not_yet_confirmed,accepted_for_context_not_enabled_for_extraction,context_only_not_empirical_identification,data/raw/live/bpstat/series_12706759.csv
BPstat Data API v1,12706759,gdp_deflator_yoy_annual,gdp_deflator_growth,Deflators of GDP at market prices-YoY-annual,1959,1959-12-31,2.54,year_over_year_percent_change,annual,deflator_yoy,181,0623eb9d3bebc56c07359ba1fa875039,Portugal reference territory in BPstat metadata; historical treatment of overseas territories not yet independently reviewed,national_accounts_deflator_historical_series,not_reviewed_in_source_notes,reconstructed_or_harmonised_not_yet_confirmed,accepted_for_context_not_enabled_for_extraction,context_only_not_empirical_identification,data/raw/live/bpstat/series_12706759.csv
BPstat Data API v1,12706759,gdp_deflator_yoy_annual,gdp_deflator_growth,Deflators of GDP at market prices-YoY-annual,1960,1960-12-31,1.98,year_over_year_percent_change,annual,deflator_yoy,181,0623eb9d3bebc56c07359ba1fa875039,Portugal reference territory in BPstat metadata; historical treatment of overseas territories not yet independently reviewed,national_accounts_deflator_historical_series,not_reviewed_in_source_notes,reconstructed_or_harmonised_not_yet_confirmed,accepted_for_context_not_enabled_for_extraction,context_only_not_empirical_identification,data/raw/live/bpstat/series_12706759.csv
BPstat Data API v1,12706759,gdp_deflator_yoy_annual,gdp_deflator_growth,Deflators of GDP at market prices-YoY-annual,1961,1961-12-31,1.69,year_over_year_percent_change,annual,deflator_yoy,181,0623eb9d3bebc56c07359ba1fa875039,Portugal reference territory in BPstat metadata; historical treatment of overseas territories not yet independently reviewed,national_accounts_deflator_historical_series,not_reviewed_in_source_notes,reconstructed_or_harmonised_not_yet_confirmed,accepted_for_context_not_enabled_for_extraction,context_only_not_empirical_identification,data/raw/live/bpstat/series_12706759.csv
BPstat Data API v1,12706759,gdp_deflator_yoy_annual,gdp_deflator_growth,Deflators of GDP at market prices-YoY-annual,1962,1962-12-31,1.52,year_over_year_percent_change,annual,deflator_yoy,181,0623eb9d3bebc56c07359ba1fa875039,Portugal reference territory in BPstat metadata; historical treatment of overseas territories not yet independently reviewed,national_accounts_deflator_historical_series,not_reviewed_in_source_notes,reconstructed_or_harmonised_not_yet_confirmed,accepted_for_context_not_enabled_for_extraction,context_only_not_empirical_identification,data/raw/live/bpstat/series_12706759.csv
BPstat Data API v1,12706759,gdp_deflator_yoy_annual,gdp_deflator_growth,Deflators of GDP at market prices-YoY-annual,1963,1963-12-31,1.93,year_over_year_percent_change,annual,deflator_yoy,181,0623eb9d3bebc56c07359ba1fa875039,Portugal reference territory in BPstat metadata; historical treatment of overseas territories not yet independently reviewed,national_accounts_deflator_historical_series,not_reviewed_in_source_notes,reconstructed_or_harmonised_not_yet_confirmed,accepted_for_context_not_enabled_for_extraction,context_only_not_empirical_identification,data/raw/live/bpstat/series_12706759.csv
BPstat Data API v1,12706759,gdp_deflator_yoy_annual,gdp_deflator_growth,Deflators of GDP at market prices-YoY-annual,1964,1964-12-31,3.11,year_over_year_percent_change,annual,deflator_yoy,181,0623eb9d3bebc56c07359ba1fa875039,Portugal reference territory in BPstat metadata; historical treatment of overseas territories not yet independently reviewed,national_accounts_deflator_historical_series,not_reviewed_in_source_notes,reconstructed_or_harmonised_not_yet_confirmed,accepted_for_context_not_enabled_for_extraction,context_only_not_empirical_identification,data/raw/live/bpstat/series_12706759.csv
BPstat Data API v1,12706759,gdp_deflator_yoy_annual,gdp_deflator_growth,Deflators of GDP at market prices-YoY-annual,1965,1965-12-31,6.39,year_over_year_percent_change,annual,deflator_yoy,181,0623eb9d3bebc56c07359ba1fa875039,Portugal reference territory in BPstat metadata; historical treatment of overseas territories not yet independently reviewed,national_accounts_deflator_historical_series,not_reviewed_in_source_notes,reconstructed_or_harmonised_not_yet_confirmed,accepted_for_context_not_enabled_for_extraction,context_only_not_empirical_identification,data/raw/live/bpstat/series_12706759.csv
BPstat Data API v1,12706759,gdp_deflator_yoy_annual,gdp_deflator_growth,Deflators of GDP at market prices-YoY-annual,1966,1966-12-31,4.12,year_over_year_percent_change,annual,deflator_yoy,181,0623eb9d3bebc56c07359ba1fa875039,Portugal reference territory in BPstat metadata; historical treatment of overseas territories not yet independently reviewed,national_accounts_deflator_historical_series,not_reviewed_in_source_notes,reconstructed_or_harmonised_not_yet_confirmed,accepted_for_context_not_enabled_for_extraction,context_only_not_empirical_identification,data/raw/live/bpstat/series_12706759.csv
BPstat Data API v1,12706759,gdp_deflator_yoy_annual,gdp_deflator_growth,Deflators of GDP at market prices-YoY-annual,1967,1967-12-31,6.6,year_over_year_percent_change,annual,deflator_yoy,181,0623eb9d3bebc56c07359ba1fa875039,Portugal reference territory in BPstat metadata; historical treatment of overseas territories not yet independently reviewed,national_accounts_deflator_historical_series,not_reviewed_in_source_notes,reconstructed_or_harmonised_not_yet_confirmed,accepted_for_context_not_enabled_for_extraction,context_only_not_empirical_identification,data/raw/live/bpstat/series_12706759.csv
BPstat Data API v1,12706759,gdp_deflator_yoy_annual,gdp_deflator_growth,Deflators of GDP at market prices-YoY-annual,1968,1968-12-31,4.33,year_over_year_percent_change,annual,deflator_yoy,181,0623eb9d3bebc56c07359ba1fa875039,Portugal reference territory in BPstat metadata; historical treatment of overseas territories not yet independently reviewed,national_accounts_deflator_historical_series,not_reviewed_in_source_notes,reconstructed_or_harmonised_not_yet_confirmed,accepted_for_context_not_enabled_for_extraction,context_only_not_empirical_identification,data/raw/live/bpstat/series_12706759.csv
BPstat Data API v1,12706759,gdp_deflator_yoy_annual,gdp_deflator_growth,Deflators of GDP at market prices-YoY-annual,1969,1969-12-31,4.6,year_over_year_percent_change,annual,deflator_yoy,181,0623eb9d3bebc56c07359ba1fa875039,Portugal reference territory in BPstat metadata; historical treatment of overseas territories not yet independently reviewed,national_accounts_deflator_historical_series,not_reviewed_in_source_notes,reconstructed_or_harmonised_not_yet_confirmed,accepted_for_context_not_enabled_for_extraction,context_only_not_empirical_identification,data/raw/live/bpstat/series_12706759.csv
BPstat Data API v1,12706759,gdp_deflator_yoy_annual,gdp_deflator_growth,Deflators of GDP at market prices-YoY-annual,1970,1970-12-31,5.48,year_over_year_percent_change,annual,deflator_yoy,181,0623eb9d3bebc56c07359ba1fa875039,Portugal reference territory in BPstat metadata; historical treatment of overseas territories not yet independently reviewed,national_accounts_deflator_historical_series,not_reviewed_in_source_notes,reconstructed_or_harmonised_not_yet_confirmed,accepted_for_context_not_enabled_for_extraction,context_only_not_empirical_identification,data/raw/live/bpstat/series_12706759.csv
BPstat Data API v1,12706759,gdp_deflator_yoy_annual,gdp_deflator_growth,Deflators of GDP at market prices-YoY-annual,1971,1971-12-31,9.18,year_over_year_percent_change,annual,deflator_yoy,181,0623eb9d3bebc56c07359ba1fa875039,Portugal reference territory in BPstat metadata; historical treatment of overseas territories not yet independently reviewed,national_accounts_deflator_historical_series,not_reviewed_in_source_notes,reconstructed_or_harmonised_not_yet_confirmed,accepted_for_context_not_enabled_for_extraction,context_only_not_empirical_identification,data/raw/live/bpstat/series_12706759.csv
BPstat Data API v1,12706759,gdp_deflator_yoy_annual,gdp_deflator_growth,Deflators of GDP at market prices-YoY-annual,1972,1972-12-31,7.52,year_over_year_percent_change,annual,deflator_yoy,181,0623eb9d3bebc56c07359ba1fa875039,Portugal reference territory in BPstat metadata; historical treatment of overseas territories not yet independently reviewed,national_accounts_deflator_historical_series,not_reviewed_in_source_notes,reconstructed_or_harmonised_not_yet_confirmed,accepted_for_context_not_enabled_for_extraction,context_only_not_empirical_identification,data/raw/live/bpstat/series_12706759.csv
BPstat Data API v1,12706759,gdp_deflator_yoy_annual,gdp_deflator_growth,Deflators of GDP at market prices-YoY-annual,1973,1973-12-31,11.87,year_over_year_percent_change,annual,deflator_yoy,181,0623eb9d3bebc56c07359ba1fa875039,Portugal reference territory in BPstat metadata; historical treatment of overseas territories not yet independently reviewed,national_accounts_deflator_historical_series,not_reviewed_in_source_notes,reconstructed_or_harmonised_not_yet_confirmed,accepted_for_context_not_enabled_for_extraction,context_only_not_empirical_identification,data/raw/live/bpstat/series_12706759.csv
BPstat Data API v1,12706759,gdp_deflator_yoy_annual,gdp_deflator_growth,Deflators of GDP at market prices-YoY-annual,1974,1974-12-31,18.66,year_over_year_percent_change,annual,deflator_yoy,181,0623eb9d3bebc56c07359ba1fa875039,Portugal reference territory in BPstat metadata; historical treatment of overseas territories not yet independently reviewed,national_accounts_deflator_historical_series,not_reviewed_in_source_notes,reconstructed_or_harmonised_not_yet_confirmed,accepted_for_context_not_enabled_for_extraction,context_only_not_empirical_identification,data/raw/live/bpstat/series_12706759.csv
BPstat Data API v1,12706759,gdp_deflator_yoy_annual,gdp_deflator_growth,Deflators of GDP at market prices-YoY-annual,1975,1975-12-31,19.44,year_over_year_percent_change,annual,deflator_yoy,181,0623eb9d3bebc56c07359ba1fa875039,Portugal reference territory in BPstat metadata; historical treatment of overseas territories not yet independently reviewed,national_accounts_deflator_historical_series,not_reviewed_in_source_notes,reconstructed_or_harmonised_not_yet_confirmed,accepted_for_context_not_enabled_for_extraction,context_only_not_empirical_identification,data/raw/live/bpstat/series_12706759.csv
BPstat Data API v1,12706759,gdp_deflator_yoy_annual,gdp_deflator_growth,Deflators of GDP at market prices-YoY-annual,1976,1976-12-31,18.07,year_over_year_percent_change,annual,deflator_yoy,181,0623eb9d3bebc56c07359ba1fa875039,Portugal reference territory in BPstat metadata; historical treatment of overseas territories not yet independently reviewed,national_accounts_deflator_historical_series,not_reviewed_in_source_notes,reconstructed_or_harmonised_not_yet_confirmed,accepted_for_context_not_enabled_for_extraction,context_only_not_empirical_identification,data/raw/live/bpstat/series_12706759.csv
BPstat Data API v1,12706759,gdp_deflator_yoy_annual,gdp_deflator_growth,Deflators of GDP at market prices-YoY-annual,1977,1977-12-31,25.15,year_over_year_percent_change,annual,deflator_yoy,181,0623eb9d3bebc56c07359ba1fa875039,Portugal reference territory in BPstat metadata; historical treatment of overseas territories not yet independently reviewed,national_accounts_deflator_historical_series,not_reviewed_in_source_notes,reconstructed_or_harmonised_not_yet_confirmed,accepted_for_context_not_enabled_for_extraction,context_only_not_empirical_identification,data/raw/live/bpstat/series_12706759.csv
BPstat Data API v1,12706759,gdp_deflator_yoy_annual,gdp_deflator_growth,Deflators of GDP at market prices-YoY-annual,1978,1978-12-31,19.64,year_over_year_percent_change,annual,deflator_yoy,181,0623eb9d3bebc56c07359ba1fa875039,Portugal reference territory in BPstat metadata; historical treatment of overseas territories not yet independently reviewed,national_accounts_deflator_historical_series,not_reviewed_in_source_notes,reconstructed_or_harmonised_not_yet_confirmed,accepted_for_context_not_enabled_for_extraction,context_only_not_empirical_identification,data/raw/live/bpstat/series_12706759.csv
BPstat Data API v1,12706759,gdp_deflator_yoy_annual,gdp_deflator_growth,Deflators of GDP at market prices-YoY-annual,1979,1979-12-31,20.61,year_over_year_percent_change,annual,deflator_yoy,181,0623eb9d3bebc56c07359ba1fa875039,Portugal reference territory in BPstat metadata; historical treatment of overseas territories not yet independently reviewed,national_accounts_deflator_historical_series,not_reviewed_in_source_notes,reconstructed_or_harmonised_not_yet_confirmed,accepted_for_context_not_enabled_for_extraction,context_only_not_empirical_identification,data/raw/live/bpstat/series_12706759.csv
BPstat Data API v1,12706759,gdp_deflator_yoy_annual,gdp_deflator_growth,Deflators of GDP at market prices-YoY-annual,1980,1980-12-31,22.16,year_over_year_percent_change,annual,deflator_yoy,181,0623eb9d3bebc56c07359ba1fa875039,Portugal reference territory in BPstat metadata; historical treatment of overseas territories not yet independently reviewed,national_accounts_deflator_historical_series,not_reviewed_in_source_notes,reconstructed_or_harmonised_not_yet_confirmed,accepted_for_context_not_enabled_for_extraction,context_only_not_empirical_identification,data/raw/live/bpstat/series_12706759.csv
BPstat Data API v1,12706759,gdp_deflator_yoy_annual,gdp_deflator_growth,Deflators of GDP at market prices-YoY-annual,1981,1981-12-31,17.44,year_over_year_percent_change,annual,deflator_yoy,181,0623eb9d3bebc56c07359ba1fa875039,Portugal reference territory in BPstat metadata; historical treatment of overseas territories not yet independently reviewed,national_accounts_deflator_historical_series,not_reviewed_in_source_notes,reconstructed_or_harmonised_not_yet_confirmed,accepted_for_context_not_enabled_for_extraction,context_only_not_empirical_identification,data/raw/live/bpstat/series_12706759.csv
BPstat Data API v1,12706759,gdp_deflator_yoy_annual,gdp_deflator_growth,Deflators of GDP at market prices-YoY-annual,1982,1982-12-31,19.25,year_over_year_percent_change,annual,deflator_yoy,181,0623eb9d3bebc56c07359ba1fa875039,Portugal reference territory in BPstat metadata; historical treatment of overseas territories not yet independently reviewed,national_accounts_deflator_historical_series,not_reviewed_in_source_notes,reconstructed_or_harmonised_not_yet_confirmed,accepted_for_context_not_enabled_for_extraction,context_only_not_empirical_identification,data/raw/live/bpstat/series_12706759.csv
BPstat Data API v1,12706759,gdp_deflator_yoy_annual,gdp_deflator_growth,Deflators of GDP at market prices-YoY-annual,1983,1983-12-31,24.98,year_over_year_percent_change,annual,deflator_yoy,181,0623eb9d3bebc56c07359ba1fa875039,Portugal reference territory in BPstat metadata; historical treatment of overseas territories not yet independently reviewed,national_accounts_deflator_historical_series,not_reviewed_in_source_notes,reconstructed_or_harmonised_not_yet_confirmed,accepted_for_context_not_enabled_for_extraction,context_only_not_empirical_identification,data/raw/live/bpstat/series_12706759.csv
BPstat Data API v1,12706759,gdp_deflator_yoy_annual,gdp_deflator_growth,Deflators of GDP at market prices-YoY-annual,1984,1984-12-31,24.31,year_over_year_percent_change,annual,deflator_yoy,181,0623eb9d3bebc56c07359ba1fa875039,Portugal reference territory in BPstat metadata; historical treatment of overseas territories not yet independently reviewed,national_accounts_deflator_historical_series,not_reviewed_in_source_notes,reconstructed_or_harmonised_not_yet_confirmed,accepted_for_context_not_enabled_for_extraction,context_only_not_empirical_identification,data/raw/live/bpstat/series_12706759.csv
BPstat Data API v1,12706759,gdp_deflator_yoy_annual,gdp_deflator_growth,Deflators of GDP at market prices-YoY-annual,1985,1985-12-31,21.47,year_over_year_percent_change,annual,deflator_yoy,181,0623eb9d3bebc56c07359ba1fa875039,Portugal reference territory in BPstat metadata; historical treatment of overseas territories not yet independently reviewed,national_accounts_deflator_historical_series,not_reviewed_in_source_notes,reconstructed_or_harmonised_not_yet_confirmed,accepted_for_context_not_enabled_for_extraction,context_only_not_empirical_identification,data/raw/live/bpstat/series_12706759.csv
BPstat Data API v1,12706759,gdp_deflator_yoy_annual,gdp_deflator_growth,Deflators of GDP at market prices-YoY-annual,1986,1986-12-31,18.33,year_over_year_percent_change,annual,deflator_yoy,181,0623eb9d3bebc56c07359ba1fa875039,Portugal reference territory in BPstat metadata; historical treatment of overseas territories not yet independently reviewed,national_accounts_deflator_historical_series,not_reviewed_in_source_notes,reconstructed_or_harmonised_not_yet_confirmed,accepted_for_context_not_enabled_for_extraction,context_only_not_empirical_identification,data/raw/live/bpstat/series_12706759.csv
BPstat Data API v1,12706759,gdp_deflator_yoy_annual,gdp_deflator_growth,Deflators of GDP at market prices-YoY-annual,1987,1987-12-31,10.73,year_over_year_percent_change,annual,deflator_yoy,181,0623eb9d3bebc56c07359ba1fa875039,Portugal reference territory in BPstat metadata; historical treatment of overseas territories not yet independently reviewed,national_accounts_deflator_historical_series,not_reviewed_in_source_notes,reconstructed_or_harmonised_not_yet_confirmed,accepted_for_context_not_enabled_for_extraction,context_only_not_empirical_identification,data/raw/live/bpstat/series_12706759.csv
BPstat Data API v1,12706759,gdp_deflator_yoy_annual,gdp_deflator_growth,Deflators of GDP at market prices-YoY-annual,1988,1988-12-31,12.34,year_over_year_percent_change,annual,deflator_yoy,181,0623eb9d3bebc56c07359ba1fa875039,Portugal reference territory in BPstat metadata; historical treatment of overseas territories not yet independently reviewed,national_accounts_deflator_historical_series,not_reviewed_in_source_notes,reconstructed_or_harmonised_not_yet_confirmed,accepted_for_context_not_enabled_for_extraction,context_only_not_empirical_identification,data/raw/live/bpstat/series_12706759.csv
BPstat Data API v1,12706759,gdp_deflator_yoy_annual,gdp_deflator_growth,Deflators of GDP at market prices-YoY-annual,1989,1989-12-31,11.54,year_over_year_percent_change,annual,deflator_yoy,181,0623eb9d3bebc56c07359ba1fa875039,Portugal reference territory in BPstat metadata; historical treatment of overseas territories not yet independently reviewed,national_accounts_deflator_historical_series,not_reviewed_in_source_notes,reconstructed_or_harmonised_not_yet_confirmed,accepted_for_context_not_enabled_for_extraction,context_only_not_empirical_identification,data/raw/live/bpstat/series_12706759.csv
BPstat Data API v1,12706759,gdp_deflator_yoy_annual,gdp_deflator_growth,Deflators of GDP at market prices-YoY-annual,1990,1990-12-31,13.09,year_over_year_percent_change,annual,deflator_yoy,181,0623eb9d3bebc56c07359ba1fa875039,Portugal reference territory in BPstat metadata; historical treatment of overseas territories not yet independently reviewed,national_accounts_deflator_historical_series,not_reviewed_in_source_notes,reconstructed_or_harmonised_not_yet_confirmed,accepted_for_context_not_enabled_for_extraction,context_only_not_empirical_identification,data/raw/live/bpstat/series_12706759.csv
BPstat Data API v1,12706759,gdp_deflator_yoy_annual,gdp_deflator_growth,Deflators of GDP at market prices-YoY-annual,1991,1991-12-31,11.42,year_over_year_percent_change,annual,deflator_yoy,181,0623eb9d3bebc56c07359ba1fa875039,Portugal reference territory in BPstat metadata; historical treatment of overseas territories not yet independently reviewed,national_accounts_deflator_historical_series,not_reviewed_in_source_notes,reconstructed_or_harmonised_not_yet_confirmed,accepted_for_context_not_enabled_for_extraction,context_only_not_empirical_identification,data/raw/live/bpstat/series_12706759.csv
BPstat Data API v1,12706759,gdp_deflator_yoy_annual,gdp_deflator_growth,Deflators of GDP at market prices-YoY-annual,1992,1992-12-31,10.33,year_over_year_percent_change,annual,deflator_yoy,181,0623eb9d3bebc56c07359ba1fa875039,Portugal reference territory in BPstat metadata; historical treatment of overseas territories not yet independently reviewed,national_accounts_deflator_historical_series,not_reviewed_in_source_notes,reconstructed_or_harmonised_not_yet_confirmed,accepted_for_context_not_enabled_for_extraction,context_only_not_empirical_identification,data/raw/live/bpstat/series_12706759.csv
BPstat Data API v1,12706759,gdp_deflator_yoy_annual,gdp_deflator_growth,Deflators of GDP at market prices-YoY-annual,1993,1993-12-31,6.03,year_over_year_percent_change,annual,deflator_yoy,181,0623eb9d3bebc56c07359ba1fa875039,Portugal reference territory in BPstat metadata; historical treatment of overseas territories not yet independently reviewed,national_accounts_deflator_historical_series,not_reviewed_in_source_notes,reconstructed_or_harmonised_not_yet_confirmed,accepted_for_context_not_enabled_for_extraction,context_only_not_empirical_identification,data/raw/live/bpstat/series_12706759.csv
BPstat Data API v1,12706759,gdp_deflator_yoy_annual,gdp_deflator_growth,Deflators of GDP at market prices-YoY-annual,1994,1994-12-31,6.51,year_over_year_percent_change,annual,deflator_yoy,181,0623eb9d3bebc56c07359ba1fa875039,Portugal reference territory in BPstat metadata; historical treatment of overseas territories not yet independently reviewed,national_accounts_deflator_historical_series,not_reviewed_in_source_notes,reconstructed_or_harmonised_not_yet_confirmed,accepted_for_context_not_enabled_for_extraction,context_only_not_empirical_identification,data/raw/live/bpstat/series_12706759.csv
BPstat Data API v1,12706759,gdp_deflator_yoy_annual,gdp_deflator_growth,Deflators of GDP at market prices-YoY-annual,1995,1995-12-31,5.44,year_over_year_percent_change,annual,deflator_yoy,181,0623eb9d3bebc56c07359ba1fa875039,Portugal reference territory in BPstat metadata; historical treatment of overseas territories not yet independently reviewed,national_accounts_deflator_historical_series,not_reviewed_in_source_notes,reconstructed_or_harmonised_not_yet_confirmed,accepted_for_context_not_enabled_for_extraction,context_only_not_empirical_identification,data/raw/live/bpstat/series_12706759.csv
BPstat Data API v1,12706759,gdp_deflator_yoy_annual,gdp_deflator_growth,Deflators of GDP at market prices-YoY-annual,1996,1996-12-31,2.39,year_over_year_percent_change,annual,deflator_yoy,181,0623eb9d3bebc56c07359ba1fa875039,Portugal reference territory in BPstat metadata; historical treatment of overseas territories not yet independently reviewed,national_accounts_deflator_historical_series,not_reviewed_in_source_notes,reconstructed_or_harmonised_not_yet_confirmed,accepted_for_context_not_enabled_for_extraction,context_only_not_empirical_identification,data/raw/live/bpstat/series_12706759.csv
BPstat Data API v1,12706759,gdp_deflator_yoy_annual,gdp_deflator_growth,Deflators of GDP at market prices-YoY-annual,1997,1997-12-31,3.89,year_over_year_percent_change,annual,deflator_yoy,181,0623eb9d3bebc56c07359ba1fa875039,Portugal reference territory in BPstat metadata; historical treatment of overseas territories not yet independently reviewed,national_accounts_deflator_historical_series,not_reviewed_in_source_notes,reconstructed_or_harmonised_not_yet_confirmed,accepted_for_context_not_enabled_for_extraction,context_only_not_empirical_identification,data/raw/live/bpstat/series_12706759.csv
BPstat Data API v1,12706759,gdp_deflator_yoy_annual,gdp_deflator_growth,Deflators of GDP at market prices-YoY-annual,1998,1998-12-31,3.83,year_over_year_percent_change,annual,deflator_yoy,181,0623eb9d3bebc56c07359ba1fa875039,Portugal reference territory in BPstat metadata; historical treatment of overseas territories not yet independently reviewed,national_accounts_deflator_historical_series,not_reviewed_in_source_notes,reconstructed_or_harmonised_not_yet_confirmed,accepted_for_context_not_enabled_for_extraction,context_only_not_empirical_identification,data/raw/live/bpstat/series_12706759.csv
BPstat Data API v1,12706759,gdp_deflator_yoy_annual,gdp_deflator_growth,Deflators of GDP at market prices-YoY-annual,1999,1999-12-31,3.37,year_over_year_percent_change,annual,deflator_yoy,181,0623eb9d3bebc56c07359ba1fa875039,Portugal reference territory in BPstat metadata; historical treatment of overseas territories not yet independently reviewed,national_accounts_deflator_historical_series,not_reviewed_in_source_notes,reconstructed_or_harmonised_not_yet_confirmed,accepted_for_context_not_enabled_for_extraction,context_only_not_empirical_identification,data/raw/live/bpstat/series_12706759.csv
BPstat Data API v1,12706759,gdp_deflator_yoy_annual,gdp_deflator_growth,Deflators of GDP at market prices-YoY-annual,2000,2000-12-31,3.42,year_over_year_percent_change,annual,deflator_yoy,181,0623eb9d3bebc56c07359ba1fa875039,Portugal reference territory in BPstat metadata; historical treatment of overseas territories not yet independently reviewed,national_accounts_deflator_historical_series,not_reviewed_in_source_notes,reconstructed_or_harmonised_not_yet_confirmed,accepted_for_context_not_enabled_for_extraction,context_only_not_empirical_identification,data/raw/live/bpstat/series_12706759.csv
BPstat Data API v1,12706759,gdp_deflator_yoy_annual,gdp_deflator_growth,Deflators of GDP at market prices-YoY-annual,2001,2001-12-31,3.72,year_over_year_percent_change,annual,deflator_yoy,181,0623eb9d3bebc56c07359ba1fa875039,Portugal reference territory in BPstat metadata; historical treatment of overseas territories not yet independently reviewed,national_accounts_deflator_historical_series,not_reviewed_in_source_notes,reconstructed_or_harmonised_not_yet_confirmed,accepted_for_context_not_enabled_for_extraction,context_only_not_empirical_identification,data/raw/live/bpstat/series_12706759.csv
BPstat Data API v1,12706759,gdp_deflator_yoy_annual,gdp_deflator_growth,Deflators of GDP at market prices-YoY-annual,2002,2002-12-31,4.19,year_over_year_percent_change,annual,deflator_yoy,181,0623eb9d3bebc56c07359ba1fa875039,Portugal reference territory in BPstat metadata; historical treatment of overseas territories not yet independently reviewed,national_accounts_deflator_historical_series,not_reviewed_in_source_notes,reconstructed_or_harmonised_not_yet_confirmed,accepted_for_context_not_enabled_for_extraction,context_only_not_empirical_identification,data/raw/live/bpstat/series_12706759.csv
BPstat Data API v1,12706759,gdp_deflator_yoy_annual,gdp_deflator_growth,Deflators of GDP at market prices-YoY-annual,2003,2003-12-31,3.43,year_over_year_percent_change,annual,deflator_yoy,181,0623eb9d3bebc56c07359ba1fa875039,Portugal reference territory in BPstat metadata; historical treatment of overseas territories not yet independently reviewed,national_accounts_deflator_historical_series,not_reviewed_in_source_notes,reconstructed_or_harmonised_not_yet_confirmed,accepted_for_context_not_enabled_for_extraction,context_only_not_empirical_identification,data/raw/live/bpstat/series_12706759.csv
BPstat Data API v1,12706759,gdp_deflator_yoy_annual,gdp_deflator_growth,Deflators of GDP at market prices-YoY-annual,2004,2004-12-31,2.4,year_over_year_percent_change,annual,deflator_yoy,181,0623eb9d3bebc56c07359ba1fa875039,Portugal reference territory in BPstat metadata; historical treatment of overseas territories not yet independently reviewed,national_accounts_deflator_historical_series,not_reviewed_in_source_notes,reconstructed_or_harmonised_not_yet_confirmed,accepted_for_context_not_enabled_for_extraction,context_only_not_empirical_identification,data/raw/live/bpstat/series_12706759.csv
BPstat Data API v1,12706759,gdp_deflator_yoy_annual,gdp_deflator_growth,Deflators of GDP at market prices-YoY-annual,2005,2005-12-31,3.33,year_over_year_percent_change,annual,deflator_yoy,181,0623eb9d3bebc56c07359ba1fa875039,Portugal reference territory in BPstat metadata; historical treatment of overseas territories not yet independently reviewed,national_accounts_deflator_historical_series,not_reviewed_in_source_notes,reconstructed_or_harmonised_not_yet_confirmed,accepted_for_context_not_enabled_for_extraction,context_only_not_empirical_identification,data/raw/live/bpstat/series_12706759.csv
BPstat Data API v1,12706759,gdp_deflator_yoy_annual,gdp_deflator_growth,Deflators of GDP at market prices-YoY-annual,2006,2006-12-31,3.18,year_over_year_percent_change,annual,deflator_yoy,181,0623eb9d3bebc56c07359ba1fa875039,Portugal reference territory in BPstat metadata; historical treatment of overseas territories not yet independently reviewed,national_accounts_deflator_historical_series,not_reviewed_in_source_notes,reconstructed_or_harmonised_not_yet_confirmed,accepted_for_context_not_enabled_for_extraction,context_only_not_empirical_identification,data/raw/live/bpstat/series_12706759.csv
BPstat Data API v1,12706759,gdp_deflator_yoy_annual,gdp_deflator_growth,Deflators of GDP at market prices-YoY-annual,2007,2007-12-31,2.97,year_over_year_percent_change,annual,deflator_yoy,181,0623eb9d3bebc56c07359ba1fa875039,Portugal reference territory in BPstat metadata; historical treatment of overseas territories not yet independently reviewed,national_accounts_deflator_historical_series,not_reviewed_in_source_notes,reconstructed_or_harmonised_not_yet_confirmed,accepted_for_context_not_enabled_for_extraction,context_only_not_empirical_identification,data/raw/live/bpstat/series_12706759.csv
BPstat Data API v1,12706759,gdp_deflator_yoy_annual,gdp_deflator_growth,Deflators of GDP at market prices-YoY-annual,2008,2008-12-31,1.74,year_over_year_percent_change,annual,deflator_yoy,181,0623eb9d3bebc56c07359ba1fa875039,Portugal reference territory in BPstat metadata; historical treatment of overseas territories not yet independently reviewed,national_accounts_deflator_historical_series,not_reviewed_in_source_notes,reconstructed_or_harmonised_not_yet_confirmed,accepted_for_context_not_enabled_for_extraction,context_only_not_empirical_identification,data/raw/live/bpstat/series_12706759.csv
BPstat Data API v1,12706759,gdp_deflator_yoy_annual,gdp_deflator_growth,Deflators of GDP at market prices-YoY-annual,2009,2009-12-31,1.1,year_over_year_percent_change,annual,deflator_yoy,181,0623eb9d3bebc56c07359ba1fa875039,Portugal reference territory in BPstat metadata; historical treatment of overseas territories not yet independently reviewed,national_accounts_deflator_historical_series,not_reviewed_in_source_notes,reconstructed_or_harmonised_not_yet_confirmed,accepted_for_context_not_enabled_for_extraction,context_only_not_empirical_identification,data/raw/live/bpstat/series_12706759.csv
BPstat Data API v1,12706759,gdp_deflator_yoy_annual,gdp_deflator_growth,Deflators of GDP at market prices-YoY-annual,2010,2010-12-31,0.78,year_over_year_percent_change,annual,deflator_yoy,181,0623eb9d3bebc56c07359ba1fa875039,Portugal reference territory in BPstat metadata; historical treatment of overseas territories not yet independently reviewed,national_accounts_deflator_historical_series,not_reviewed_in_source_notes,reconstructed_or_harmonised_not_yet_confirmed,accepted_for_context_not_enabled_for_extraction,context_only_not_empirical_identification,data/raw/live/bpstat/series_12706759.csv
BPstat Data API v1,12706759,gdp_deflator_yoy_annual,gdp_deflator_growth,Deflators of GDP at market prices-YoY-annual,2011,2011-12-31,-0.26,year_over_year_percent_change,annual,deflator_yoy,181,0623eb9d3bebc56c07359ba1fa875039,Portugal reference territory in BPstat metadata; historical treatment of overseas territories not yet independently reviewed,national_accounts_deflator_historical_series,not_reviewed_in_source_notes,reconstructed_or_harmonised_not_yet_confirmed,accepted_for_context_not_enabled_for_extraction,context_only_not_empirical_identification,data/raw/live/bpstat/series_12706759.csv
BPstat Data API v1,12706759,gdp_deflator_yoy_annual,gdp_deflator_growth,Deflators of GDP at market prices-YoY-annual,2012,2012-12-31,-0.38,year_over_year_percent_change,annual,deflator_yoy,181,0623eb9d3bebc56c07359ba1fa875039,Portugal reference territory in BPstat metadata; historical treatment of overseas territories not yet independently reviewed,national_accounts_deflator_historical_series,not_reviewed_in_source_notes,reconstructed_or_harmonised_not_yet_confirmed,accepted_for_context_not_enabled_for_extraction,context_only_not_empirical_identification,data/raw/live/bpstat/series_12706759.csv
BPstat Data API v1,12706759,gdp_deflator_yoy_annual,gdp_deflator_growth,Deflators of GDP at market prices-YoY-annual,2013,2013-12-31,2.27,year_over_year_percent_change,annual,deflator_yoy,181,0623eb9d3bebc56c07359ba1fa875039,Portugal reference territory in BPstat metadata; historical treatment of overseas territories not yet independently reviewed,national_accounts_deflator_historical_series,not_reviewed_in_source_notes,reconstructed_or_harmonised_not_yet_confirmed,accepted_for_context_not_enabled_for_extraction,context_only_not_empirical_identification,data/raw/live/bpstat/series_12706759.csv
BPstat Data API v1,12706759,gdp_deflator_yoy_annual,gdp_deflator_growth,Deflators of GDP at market prices-YoY-annual,2014,2014-12-31,0.72,year_over_year_percent_change,annual,deflator_yoy,181,0623eb9d3bebc56c07359ba1fa875039,Portugal reference territory in BPstat metadata; historical treatment of overseas territories not yet independently reviewed,national_accounts_deflator_historical_series,not_reviewed_in_source_notes,reconstructed_or_harmonised_not_yet_confirmed,accepted_for_context_not_enabled_for_extraction,context_only_not_empirical_identification,data/raw/live/bpstat/series_12706759.csv
BPstat Data API v1,12706759,gdp_deflator_yoy_annual,gdp_deflator_growth,Deflators of GDP at market prices-YoY-annual,2015,2015-12-31,1.96,year_over_year_percent_change,annual,deflator_yoy,181,0623eb9d3bebc56c07359ba1fa875039,Portugal reference territory in BPstat metadata; historical treatment of overseas territories not yet independently reviewed,national_accounts_deflator_historical_series,not_reviewed_in_source_notes,reconstructed_or_harmonised_not_yet_confirmed,accepted_for_context_not_enabled_for_extraction,context_only_not_empirical_identification,data/raw/live/bpstat/series_12706759.csv
BPstat Data API v1,12706759,gdp_deflator_yoy_annual,gdp_deflator_growth,Deflators of GDP at market prices-YoY-annual,2016,2016-12-31,1.85,year_over_year_percent_change,annual,deflator_yoy,181,0623eb9d3bebc56c07359ba1fa875039,Portugal reference territory in BPstat metadata; historical treatment of overseas territories not yet independently reviewed,national_accounts_deflator_historical_series,not_reviewed_in_source_notes,reconstructed_or_harmonised_not_yet_confirmed,accepted_for_context_not_enabled_for_extraction,context_only_not_empirical_identification,data/raw/live/bpstat/series_12706759.csv
BPstat Data API v1,12706759,gdp_deflator_yoy_annual,gdp_deflator_growth,Deflators of GDP at market prices-YoY-annual,2017,2017-12-31,1.53,year_over_year_percent_change,annual,deflator_yoy,181,0623eb9d3bebc56c07359ba1fa875039,Portugal reference territory in BPstat metadata; historical treatment of overseas territories not yet independently reviewed,national_accounts_deflator_historical_series,not_reviewed_in_source_notes,reconstructed_or_harmonised_not_yet_confirmed,accepted_for_context_not_enabled_for_extraction,context_only_not_empirical_identification,data/raw/live/bpstat/series_12706759.csv
BPstat Data API v1,12706759,gdp_deflator_yoy_annual,gdp_deflator_growth,Deflators of GDP at market prices-YoY-annual,2018,2018-12-31,1.85,year_over_year_percent_change,annual,deflator_yoy,181,0623eb9d3bebc56c07359ba1fa875039,Portugal reference territory in BPstat metadata; historical treatment of overseas territories not yet independently reviewed,national_accounts_deflator_historical_series,not_reviewed_in_source_notes,reconstructed_or_harmonised_not_yet_confirmed,accepted_for_context_not_enabled_for_extraction,context_only_not_empirical_identification,data/raw/live/bpstat/series_12706759.csv
BPstat Data API v1,12706759,gdp_deflator_yoy_annual,gdp_deflator_growth,Deflators of GDP at market prices-YoY-annual,2019,2019-12-31,1.83,year_over_year_percent_change,annual,deflator_yoy,181,0623eb9d3bebc56c07359ba1fa875039,Portugal reference territory in BPstat metadata; historical treatment of overseas territories not yet independently reviewed,national_accounts_deflator_historical_series,not_reviewed_in_source_notes,reconstructed_or_harmonised_not_yet_confirmed,accepted_for_context_not_enabled_for_extraction,context_only_not_empirical_identification,data/raw/live/bpstat/series_12706759.csv
BPstat Data API v1,12706759,gdp_deflator_yoy_annual,gdp_deflator_growth,Deflators of GDP at market prices-YoY-annual,2020,2020-12-31,2.1,year_over_year_percent_change,annual,deflator_yoy,181,0623eb9d3bebc56c07359ba1fa875039,Portugal reference territory in BPstat metadata; historical treatment of overseas territories not yet independently reviewed,national_accounts_deflator_historical_series,not_reviewed_in_source_notes,reconstructed_or_harmonised_not_yet_confirmed,accepted_for_context_not_enabled_for_extraction,context_only_not_empirical_identification,data/raw/live/bpstat/series_12706759.csv
BPstat Data API v1,12706759,gdp_deflator_yoy_annual,gdp_deflator_growth,Deflators of GDP at market prices-YoY-annual,2021,2021-12-31,2.02,year_over_year_percent_change,annual,deflator_yoy,181,0623eb9d3bebc56c07359ba1fa875039,Portugal reference territory in BPstat metadata; historical treatment of overseas territories not yet independently reviewed,national_accounts_deflator_historical_series,not_reviewed_in_source_notes,reconstructed_or_harmonised_not_yet_confirmed,accepted_for_context_not_enabled_for_extraction,context_only_not_empirical_identification,data/raw/live/bpstat/series_12706759.csv
BPstat Data API v1,12706759,gdp_deflator_yoy_annual,gdp_deflator_growth,Deflators of GDP at market prices-YoY-annual,2022,2022-12-31,5.33,year_over_year_percent_change,annual,deflator_yoy,181,0623eb9d3bebc56c07359ba1fa875039,Portugal reference territory in BPstat metadata; historical treatment of overseas territories not yet independently reviewed,national_accounts_deflator_historical_series,not_reviewed_in_source_notes,reconstructed_or_harmonised_not_yet_confirmed,accepted_for_context_not_enabled_for_extraction,context_only_not_empirical_identification,data/raw/live/bpstat/series_12706759.csv
BPstat Data API v1,12706759,gdp_deflator_yoy_annual,gdp_deflator_growth,Deflators of GDP at market prices-YoY-annual,2023,2023-12-31,7.49,year_over_year_percent_change,annual,deflator_yoy,181,0623eb9d3bebc56c07359ba1fa875039,Portugal reference territory in BPstat metadata; historical treatment of overseas territories not yet independently reviewed,national_accounts_deflator_historical_series,not_reviewed_in_source_notes,reconstructed_or_harmonised_not_yet_confirmed,accepted_for_context_not_enabled_for_extraction,context_only_not_empirical_identification,data/raw/live/bpstat/series_12706759.csv
BPstat Data API v1,12706759,gdp_deflator_yoy_annual,gdp_deflator_growth,Deflators of GDP at market prices-YoY-annual,2024,2024-12-31,4.87,year_over_year_percent_change,annual,deflator_yoy,181,0623eb9d3bebc56c07359ba1fa875039,Portugal reference territory in BPstat metadata; historical treatment of overseas territories not yet independently reviewed,national_accounts_deflator_historical_series,not_reviewed_in_source_notes,reconstructed_or_harmonised_not_yet_confirmed,accepted_for_context_not_enabled_for_extraction,context_only_not_empirical_identification,data/raw/live/bpstat/series_12706759.csv
BPstat Data API v1,12706759,gdp_deflator_yoy_annual,gdp_deflator_growth,Deflators of GDP at market prices-YoY-annual,2025,2025-12-31,3.92,year_over_year_percent_change,annual,deflator_yoy,181,0623eb9d3bebc56c07359ba1fa875039,Portugal reference territory in BPstat metadata; historical treatment of overseas territories not yet independently reviewed,national_accounts_deflator_historical_series,not_reviewed_in_source_notes,reconstructed_or_harmonised_not_yet_confirmed,accepted_for_context_not_enabled_for_extraction,context_only_not_empirical_identification,data/raw/live/bpstat/series_12706759.csv
BPstat Data API v1,12518303,gdp_growth_chain_volume_yoy_annual,gdp_growth,GDP at market prices-Annual-Chained volume-YoY,1954,1954-12-31,5.331,year_over_year_percent_change,annual,chain_linked_volume_yoy,54,ce3e4e50cda325537eff729ef64037cd,Portugal reference territory in BPstat metadata; historical treatment of overseas territories not yet independently reviewed,national_accounts_expenditure_approach_historical_series,not_reviewed_in_source_notes,reconstructed_or_harmonised_not_yet_confirmed,accepted_for_context_not_enabled_for_extraction,context_only_not_empirical_identification,data/raw/live/bpstat/series_12518303.csv
BPstat Data API v1,12518303,gdp_growth_chain_volume_yoy_annual,gdp_growth,GDP at market prices-Annual-Chained volume-YoY,1955,1955-12-31,4.405,year_over_year_percent_change,annual,chain_linked_volume_yoy,54,ce3e4e50cda325537eff729ef64037cd,Portugal reference territory in BPstat metadata; historical treatment of overseas territories not yet independently reviewed,national_accounts_expenditure_approach_historical_series,not_reviewed_in_source_notes,reconstructed_or_harmonised_not_yet_confirmed,accepted_for_context_not_enabled_for_extraction,context_only_not_empirical_identification,data/raw/live/bpstat/series_12518303.csv
BPstat Data API v1,12518303,gdp_growth_chain_volume_yoy_annual,gdp_growth,GDP at market prices-Annual-Chained volume-YoY,1956,1956-12-31,3.882,year_over_year_percent_change,annual,chain_linked_volume_yoy,54,ce3e4e50cda325537eff729ef64037cd,Portugal reference territory in BPstat metadata; historical treatment of overseas territories not yet independently reviewed,national_accounts_expenditure_approach_historical_series,not_reviewed_in_source_notes,reconstructed_or_harmonised_not_yet_confirmed,accepted_for_context_not_enabled_for_extraction,context_only_not_empirical_identification,data/raw/live/bpstat/series_12518303.csv
BPstat Data API v1,12518303,gdp_growth_chain_volume_yoy_annual,gdp_growth,GDP at market prices-Annual-Chained volume-YoY,1957,1957-12-31,5.451,year_over_year_percent_change,annual,chain_linked_volume_yoy,54,ce3e4e50cda325537eff729ef64037cd,Portugal reference territory in BPstat metadata; historical treatment of overseas territories not yet independently reviewed,national_accounts_expenditure_approach_historical_series,not_reviewed_in_source_notes,reconstructed_or_harmonised_not_yet_confirmed,accepted_for_context_not_enabled_for_extraction,context_only_not_empirical_identification,data/raw/live/bpstat/series_12518303.csv
BPstat Data API v1,12518303,gdp_growth_chain_volume_yoy_annual,gdp_growth,GDP at market prices-Annual-Chained volume-YoY,1958,1958-12-31,4.773,year_over_year_percent_change,annual,chain_linked_volume_yoy,54,ce3e4e50cda325537eff729ef64037cd,Portugal reference territory in BPstat metadata; historical treatment of overseas territories not yet independently reviewed,national_accounts_expenditure_approach_historical_series,not_reviewed_in_source_notes,reconstructed_or_harmonised_not_yet_confirmed,accepted_for_context_not_enabled_for_extraction,context_only_not_empirical_identification,data/raw/live/bpstat/series_12518303.csv
BPstat Data API v1,12518303,gdp_growth_chain_volume_yoy_annual,gdp_growth,GDP at market prices-Annual-Chained volume-YoY,1959,1959-12-31,3.51,year_over_year_percent_change,annual,chain_linked_volume_yoy,54,ce3e4e50cda325537eff729ef64037cd,Portugal reference territory in BPstat metadata; historical treatment of overseas territories not yet independently reviewed,national_accounts_expenditure_approach_historical_series,not_reviewed_in_source_notes,reconstructed_or_harmonised_not_yet_confirmed,accepted_for_context_not_enabled_for_extraction,context_only_not_empirical_identification,data/raw/live/bpstat/series_12518303.csv
BPstat Data API v1,12518303,gdp_growth_chain_volume_yoy_annual,gdp_growth,GDP at market prices-Annual-Chained volume-YoY,1960,1960-12-31,3.771,year_over_year_percent_change,annual,chain_linked_volume_yoy,54,ce3e4e50cda325537eff729ef64037cd,Portugal reference territory in BPstat metadata; historical treatment of overseas territories not yet independently reviewed,national_accounts_expenditure_approach_historical_series,not_reviewed_in_source_notes,reconstructed_or_harmonised_not_yet_confirmed,accepted_for_context_not_enabled_for_extraction,context_only_not_empirical_identification,data/raw/live/bpstat/series_12518303.csv
BPstat Data API v1,12518303,gdp_growth_chain_volume_yoy_annual,gdp_growth,GDP at market prices-Annual-Chained volume-YoY,1961,1961-12-31,2.745,year_over_year_percent_change,annual,chain_linked_volume_yoy,54,ce3e4e50cda325537eff729ef64037cd,Portugal reference territory in BPstat metadata; historical treatment of overseas territories not yet independently reviewed,national_accounts_expenditure_approach_historical_series,not_reviewed_in_source_notes,reconstructed_or_harmonised_not_yet_confirmed,accepted_for_context_not_enabled_for_extraction,context_only_not_empirical_identification,data/raw/live/bpstat/series_12518303.csv
BPstat Data API v1,12518303,gdp_growth_chain_volume_yoy_annual,gdp_growth,GDP at market prices-Annual-Chained volume-YoY,1962,1962-12-31,10.208,year_over_year_percent_change,annual,chain_linked_volume_yoy,54,ce3e4e50cda325537eff729ef64037cd,Portugal reference territory in BPstat metadata; historical treatment of overseas territories not yet independently reviewed,national_accounts_expenditure_approach_historical_series,not_reviewed_in_source_notes,reconstructed_or_harmonised_not_yet_confirmed,accepted_for_context_not_enabled_for_extraction,context_only_not_empirical_identification,data/raw/live/bpstat/series_12518303.csv
BPstat Data API v1,12518303,gdp_growth_chain_volume_yoy_annual,gdp_growth,GDP at market prices-Annual-Chained volume-YoY,1963,1963-12-31,1.517,year_over_year_percent_change,annual,chain_linked_volume_yoy,54,ce3e4e50cda325537eff729ef64037cd,Portugal reference territory in BPstat metadata; historical treatment of overseas territories not yet independently reviewed,national_accounts_expenditure_approach_historical_series,not_reviewed_in_source_notes,reconstructed_or_harmonised_not_yet_confirmed,accepted_for_context_not_enabled_for_extraction,context_only_not_empirical_identification,data/raw/live/bpstat/series_12518303.csv
BPstat Data API v1,12518303,gdp_growth_chain_volume_yoy_annual,gdp_growth,GDP at market prices-Annual-Chained volume-YoY,1964,1964-12-31,5.422,year_over_year_percent_change,annual,chain_linked_volume_yoy,54,ce3e4e50cda325537eff729ef64037cd,Portugal reference territory in BPstat metadata; historical treatment of overseas territories not yet independently reviewed,national_accounts_expenditure_approach_historical_series,not_reviewed_in_source_notes,reconstructed_or_harmonised_not_yet_confirmed,accepted_for_context_not_enabled_for_extraction,context_only_not_empirical_identification,data/raw/live/bpstat/series_12518303.csv
BPstat Data API v1,12518303,gdp_growth_chain_volume_yoy_annual,gdp_growth,GDP at market prices-Annual-Chained volume-YoY,1965,1965-12-31,9.458,year_over_year_percent_change,annual,chain_linked_volume_yoy,54,ce3e4e50cda325537eff729ef64037cd,Portugal reference territory in BPstat metadata; historical treatment of overseas territories not yet independently reviewed,national_accounts_expenditure_approach_historical_series,not_reviewed_in_source_notes,reconstructed_or_harmonised_not_yet_confirmed,accepted_for_context_not_enabled_for_extraction,context_only_not_empirical_identification,data/raw/live/bpstat/series_12518303.csv
BPstat Data API v1,12518303,gdp_growth_chain_volume_yoy_annual,gdp_growth,GDP at market prices-Annual-Chained volume-YoY,1966,1966-12-31,2.925,year_over_year_percent_change,annual,chain_linked_volume_yoy,54,ce3e4e50cda325537eff729ef64037cd,Portugal reference territory in BPstat metadata; historical treatment of overseas territories not yet independently reviewed,national_accounts_expenditure_approach_historical_series,not_reviewed_in_source_notes,reconstructed_or_harmonised_not_yet_confirmed,accepted_for_context_not_enabled_for_extraction,context_only_not_empirical_identification,data/raw/live/bpstat/series_12518303.csv
BPstat Data API v1,12518303,gdp_growth_chain_volume_yoy_annual,gdp_growth,GDP at market prices-Annual-Chained volume-YoY,1967,1967-12-31,5.0,year_over_year_percent_change,annual,chain_linked_volume_yoy,54,ce3e4e50cda325537eff729ef64037cd,Portugal reference territory in BPstat metadata; historical treatment of overseas territories not yet independently reviewed,national_accounts_expenditure_approach_historical_series,not_reviewed_in_source_notes,reconstructed_or_harmonised_not_yet_confirmed,accepted_for_context_not_enabled_for_extraction,context_only_not_empirical_identification,data/raw/live/bpstat/series_12518303.csv
BPstat Data API v1,12518303,gdp_growth_chain_volume_yoy_annual,gdp_growth,GDP at market prices-Annual-Chained volume-YoY,1968,1968-12-31,3.512,year_over_year_percent_change,annual,chain_linked_volume_yoy,54,ce3e4e50cda325537eff729ef64037cd,Portugal reference territory in BPstat metadata; historical treatment of overseas territories not yet independently reviewed,national_accounts_expenditure_approach_historical_series,not_reviewed_in_source_notes,reconstructed_or_harmonised_not_yet_confirmed,accepted_for_context_not_enabled_for_extraction,context_only_not_empirical_identification,data/raw/live/bpstat/series_12518303.csv
BPstat Data API v1,12518303,gdp_growth_chain_volume_yoy_annual,gdp_growth,GDP at market prices-Annual-Chained volume-YoY,1969,1969-12-31,2.318,year_over_year_percent_change,annual,chain_linked_volume_yoy,54,ce3e4e50cda325537eff729ef64037cd,Portugal reference territory in BPstat metadata; historical treatment of overseas territories not yet independently reviewed,national_accounts_expenditure_approach_historical_series,not_reviewed_in_source_notes,reconstructed_or_harmonised_not_yet_confirmed,accepted_for_context_not_enabled_for_extraction,context_only_not_empirical_identification,data/raw/live/bpstat/series_12518303.csv
BPstat Data API v1,12518303,gdp_growth_chain_volume_yoy_annual,gdp_growth,GDP at market prices-Annual-Chained volume-YoY,1970,1970-12-31,7.298,year_over_year_percent_change,annual,chain_linked_volume_yoy,54,ce3e4e50cda325537eff729ef64037cd,Portugal reference territory in BPstat metadata; historical treatment of overseas territories not yet independently reviewed,national_accounts_expenditure_approach_historical_series,not_reviewed_in_source_notes,reconstructed_or_harmonised_not_yet_confirmed,accepted_for_context_not_enabled_for_extraction,context_only_not_empirical_identification,data/raw/live/bpstat/series_12518303.csv
BPstat Data API v1,12518303,gdp_growth_chain_volume_yoy_annual,gdp_growth,GDP at market prices-Annual-Chained volume-YoY,1971,1971-12-31,6.286,year_over_year_percent_change,annual,chain_linked_volume_yoy,54,ce3e4e50cda325537eff729ef64037cd,Portugal reference territory in BPstat metadata; historical treatment of overseas territories not yet independently reviewed,national_accounts_expenditure_approach_historical_series,not_reviewed_in_source_notes,reconstructed_or_harmonised_not_yet_confirmed,accepted_for_context_not_enabled_for_extraction,context_only_not_empirical_identification,data/raw/live/bpstat/series_12518303.csv
BPstat Data API v1,12518303,gdp_growth_chain_volume_yoy_annual,gdp_growth,GDP at market prices-Annual-Chained volume-YoY,1972,1972-12-31,9.711,year_over_year_percent_change,annual,chain_linked_volume_yoy,54,ce3e4e50cda325537eff729ef64037cd,Portugal reference territory in BPstat metadata; historical treatment of overseas territories not yet independently reviewed,national_accounts_expenditure_approach_historical_series,not_reviewed_in_source_notes,reconstructed_or_harmonised_not_yet_confirmed,accepted_for_context_not_enabled_for_extraction,context_only_not_empirical_identification,data/raw/live/bpstat/series_12518303.csv
BPstat Data API v1,12518303,gdp_growth_chain_volume_yoy_annual,gdp_growth,GDP at market prices-Annual-Chained volume-YoY,1973,1973-12-31,5.613,year_over_year_percent_change,annual,chain_linked_volume_yoy,54,ce3e4e50cda325537eff729ef64037cd,Portugal reference territory in BPstat metadata; historical treatment of overseas territories not yet independently reviewed,national_accounts_expenditure_approach_historical_series,not_reviewed_in_source_notes,reconstructed_or_harmonised_not_yet_confirmed,accepted_for_context_not_enabled_for_extraction,context_only_not_empirical_identification,data/raw/live/bpstat/series_12518303.csv
BPstat Data API v1,12518303,gdp_growth_chain_volume_yoy_annual,gdp_growth,GDP at market prices-Annual-Chained volume-YoY,1974,1974-12-31,0.078,year_over_year_percent_change,annual,chain_linked_volume_yoy,54,ce3e4e50cda325537eff729ef64037cd,Portugal reference territory in BPstat metadata; historical treatment of overseas territories not yet independently reviewed,national_accounts_expenditure_approach_historical_series,not_reviewed_in_source_notes,reconstructed_or_harmonised_not_yet_confirmed,accepted_for_context_not_enabled_for_extraction,context_only_not_empirical_identification,data/raw/live/bpstat/series_12518303.csv
BPstat Data API v1,12518303,gdp_growth_chain_volume_yoy_annual,gdp_growth,GDP at market prices-Annual-Chained volume-YoY,1975,1975-12-31,-3.304,year_over_year_percent_change,annual,chain_linked_volume_yoy,54,ce3e4e50cda325537eff729ef64037cd,Portugal reference territory in BPstat metadata; historical treatment of overseas territories not yet independently reviewed,national_accounts_expenditure_approach_historical_series,not_reviewed_in_source_notes,reconstructed_or_harmonised_not_yet_confirmed,accepted_for_context_not_enabled_for_extraction,context_only_not_empirical_identification,data/raw/live/bpstat/series_12518303.csv
BPstat Data API v1,12518303,gdp_growth_chain_volume_yoy_annual,gdp_growth,GDP at market prices-Annual-Chained volume-YoY,1976,1976-12-31,1.68,year_over_year_percent_change,annual,chain_linked_volume_yoy,54,ce3e4e50cda325537eff729ef64037cd,Portugal reference territory in BPstat metadata; historical treatment of overseas territories not yet independently reviewed,national_accounts_expenditure_approach_historical_series,not_reviewed_in_source_notes,reconstructed_or_harmonised_not_yet_confirmed,accepted_for_context_not_enabled_for_extraction,context_only_not_empirical_identification,data/raw/live/bpstat/series_12518303.csv
BPstat Data API v1,12518303,gdp_growth_chain_volume_yoy_annual,gdp_growth,GDP at market prices-Annual-Chained volume-YoY,1977,1977-12-31,3.015,year_over_year_percent_change,annual,chain_linked_volume_yoy,54,ce3e4e50cda325537eff729ef64037cd,Portugal reference territory in BPstat metadata; historical treatment of overseas territories not yet independently reviewed,national_accounts_expenditure_approach_historical_series,not_reviewed_in_source_notes,reconstructed_or_harmonised_not_yet_confirmed,accepted_for_context_not_enabled_for_extraction,context_only_not_empirical_identification,data/raw/live/bpstat/series_12518303.csv
BPstat Data API v1,12518303,gdp_growth_chain_volume_yoy_annual,gdp_growth,GDP at market prices-Annual-Chained volume-YoY,1978,1978-12-31,3.384,year_over_year_percent_change,annual,chain_linked_volume_yoy,54,ce3e4e50cda325537eff729ef64037cd,Portugal reference territory in BPstat metadata; historical treatment of overseas territories not yet independently reviewed,national_accounts_expenditure_approach_historical_series,not_reviewed_in_source_notes,reconstructed_or_harmonised_not_yet_confirmed,accepted_for_context_not_enabled_for_extraction,context_only_not_empirical_identification,data/raw/live/bpstat/series_12518303.csv
BPstat Data API v1,12518303,gdp_growth_chain_volume_yoy_annual,gdp_growth,GDP at market prices-Annual-Chained volume-YoY,1979,1979-12-31,5.371,year_over_year_percent_change,annual,chain_linked_volume_yoy,54,ce3e4e50cda325537eff729ef64037cd,Portugal reference territory in BPstat metadata; historical treatment of overseas territories not yet independently reviewed,national_accounts_expenditure_approach_historical_series,not_reviewed_in_source_notes,reconstructed_or_harmonised_not_yet_confirmed,accepted_for_context_not_enabled_for_extraction,context_only_not_empirical_identification,data/raw/live/bpstat/series_12518303.csv
BPstat Data API v1,12518303,gdp_growth_chain_volume_yoy_annual,gdp_growth,GDP at market prices-Annual-Chained volume-YoY,1980,1980-12-31,6.819,year_over_year_percent_change,annual,chain_linked_volume_yoy,54,ce3e4e50cda325537eff729ef64037cd,Portugal reference territory in BPstat metadata; historical treatment of overseas territories not yet independently reviewed,national_accounts_expenditure_approach_historical_series,not_reviewed_in_source_notes,reconstructed_or_harmonised_not_yet_confirmed,accepted_for_context_not_enabled_for_extraction,context_only_not_empirical_identification,data/raw/live/bpstat/series_12518303.csv
BPstat Data API v1,12518303,gdp_growth_chain_volume_yoy_annual,gdp_growth,GDP at market prices-Annual-Chained volume-YoY,1981,1981-12-31,2.488,year_over_year_percent_change,annual,chain_linked_volume_yoy,54,ce3e4e50cda325537eff729ef64037cd,Portugal reference territory in BPstat metadata; historical treatment of overseas territories not yet independently reviewed,national_accounts_expenditure_approach_historical_series,not_reviewed_in_source_notes,reconstructed_or_harmonised_not_yet_confirmed,accepted_for_context_not_enabled_for_extraction,context_only_not_empirical_identification,data/raw/live/bpstat/series_12518303.csv
BPstat Data API v1,12518303,gdp_growth_chain_volume_yoy_annual,gdp_growth,GDP at market prices-Annual-Chained volume-YoY,1982,1982-12-31,1.276,year_over_year_percent_change,annual,chain_linked_volume_yoy,54,ce3e4e50cda325537eff729ef64037cd,Portugal reference territory in BPstat metadata; historical treatment of overseas territories not yet independently reviewed,national_accounts_expenditure_approach_historical_series,not_reviewed_in_source_notes,reconstructed_or_harmonised_not_yet_confirmed,accepted_for_context_not_enabled_for_extraction,context_only_not_empirical_identification,data/raw/live/bpstat/series_12518303.csv
BPstat Data API v1,12518303,gdp_growth_chain_volume_yoy_annual,gdp_growth,GDP at market prices-Annual-Chained volume-YoY,1983,1983-12-31,1.701,year_over_year_percent_change,annual,chain_linked_volume_yoy,54,ce3e4e50cda325537eff729ef64037cd,Portugal reference territory in BPstat metadata; historical treatment of overseas territories not yet independently reviewed,national_accounts_expenditure_approach_historical_series,not_reviewed_in_source_notes,reconstructed_or_harmonised_not_yet_confirmed,accepted_for_context_not_enabled_for_extraction,context_only_not_empirical_identification,data/raw/live/bpstat/series_12518303.csv
BPstat Data API v1,12518303,gdp_growth_chain_volume_yoy_annual,gdp_growth,GDP at market prices-Annual-Chained volume-YoY,1984,1984-12-31,-1.273,year_over_year_percent_change,annual,chain_linked_volume_yoy,54,ce3e4e50cda325537eff729ef64037cd,Portugal reference territory in BPstat metadata; historical treatment of overseas territories not yet independently reviewed,national_accounts_expenditure_approach_historical_series,not_reviewed_in_source_notes,reconstructed_or_harmonised_not_yet_confirmed,accepted_for_context_not_enabled_for_extraction,context_only_not_empirical_identification,data/raw/live/bpstat/series_12518303.csv
BPstat Data API v1,12518303,gdp_growth_chain_volume_yoy_annual,gdp_growth,GDP at market prices-Annual-Chained volume-YoY,1985,1985-12-31,0.911,year_over_year_percent_change,annual,chain_linked_volume_yoy,54,ce3e4e50cda325537eff729ef64037cd,Portugal reference territory in BPstat metadata; historical treatment of overseas territories not yet independently reviewed,national_accounts_expenditure_approach_historical_series,not_reviewed_in_source_notes,reconstructed_or_harmonised_not_yet_confirmed,accepted_for_context_not_enabled_for_extraction,context_only_not_empirical_identification,data/raw/live/bpstat/series_12518303.csv
BPstat Data API v1,12518303,gdp_growth_chain_volume_yoy_annual,gdp_growth,GDP at market prices-Annual-Chained volume-YoY,1986,1986-12-31,3.089,year_over_year_percent_change,annual,chain_linked_volume_yoy,54,ce3e4e50cda325537eff729ef64037cd,Portugal reference territory in BPstat metadata; historical treatment of overseas territories not yet independently reviewed,national_accounts_expenditure_approach_historical_series,not_reviewed_in_source_notes,reconstructed_or_harmonised_not_yet_confirmed,accepted_for_context_not_enabled_for_extraction,context_only_not_empirical_identification,data/raw/live/bpstat/series_12518303.csv
BPstat Data API v1,12518303,gdp_growth_chain_volume_yoy_annual,gdp_growth,GDP at market prices-Annual-Chained volume-YoY,1987,1987-12-31,6.811,year_over_year_percent_change,annual,chain_linked_volume_yoy,54,ce3e4e50cda325537eff729ef64037cd,Portugal reference territory in BPstat metadata; historical treatment of overseas territories not yet independently reviewed,national_accounts_expenditure_approach_historical_series,not_reviewed_in_source_notes,reconstructed_or_harmonised_not_yet_confirmed,accepted_for_context_not_enabled_for_extraction,context_only_not_empirical_identification,data/raw/live/bpstat/series_12518303.csv
BPstat Data API v1,12518303,gdp_growth_chain_volume_yoy_annual,gdp_growth,GDP at market prices-Annual-Chained volume-YoY,1988,1988-12-31,6.385,year_over_year_percent_change,annual,chain_linked_volume_yoy,54,ce3e4e50cda325537eff729ef64037cd,Portugal reference territory in BPstat metadata; historical treatment of overseas territories not yet independently reviewed,national_accounts_expenditure_approach_historical_series,not_reviewed_in_source_notes,reconstructed_or_harmonised_not_yet_confirmed,accepted_for_context_not_enabled_for_extraction,context_only_not_empirical_identification,data/raw/live/bpstat/series_12518303.csv
BPstat Data API v1,12518303,gdp_growth_chain_volume_yoy_annual,gdp_growth,GDP at market prices-Annual-Chained volume-YoY,1989,1989-12-31,5.72,year_over_year_percent_change,annual,chain_linked_volume_yoy,54,ce3e4e50cda325537eff729ef64037cd,Portugal reference territory in BPstat metadata; historical treatment of overseas territories not yet independently reviewed,national_accounts_expenditure_approach_historical_series,not_reviewed_in_source_notes,reconstructed_or_harmonised_not_yet_confirmed,accepted_for_context_not_enabled_for_extraction,context_only_not_empirical_identification,data/raw/live/bpstat/series_12518303.csv
BPstat Data API v1,12518303,gdp_growth_chain_volume_yoy_annual,gdp_growth,GDP at market prices-Annual-Chained volume-YoY,1990,1990-12-31,6.16,year_over_year_percent_change,annual,chain_linked_volume_yoy,54,ce3e4e50cda325537eff729ef64037cd,Portugal reference territory in BPstat metadata; historical treatment of overseas territories not yet independently reviewed,national_accounts_expenditure_approach_historical_series,not_reviewed_in_source_notes,reconstructed_or_harmonised_not_yet_confirmed,accepted_for_context_not_enabled_for_extraction,context_only_not_empirical_identification,data/raw/live/bpstat/series_12518303.csv
BPstat Data API v1,12518303,gdp_growth_chain_volume_yoy_annual,gdp_growth,GDP at market prices-Annual-Chained volume-YoY,1991,1991-12-31,2.909,year_over_year_percent_change,annual,chain_linked_volume_yoy,54,ce3e4e50cda325537eff729ef64037cd,Portugal reference territory in BPstat metadata; historical treatment of overseas territories not yet independently reviewed,national_accounts_expenditure_approach_historical_series,not_reviewed_in_source_notes,reconstructed_or_harmonised_not_yet_confirmed,accepted_for_context_not_enabled_for_extraction,context_only_not_empirical_identification,data/raw/live/bpstat/series_12518303.csv
BPstat Data API v1,12518303,gdp_growth_chain_volume_yoy_annual,gdp_growth,GDP at market prices-Annual-Chained volume-YoY,1992,1992-12-31,1.723,year_over_year_percent_change,annual,chain_linked_volume_yoy,54,ce3e4e50cda325537eff729ef64037cd,Portugal reference territory in BPstat metadata; historical treatment of overseas territories not yet independently reviewed,national_accounts_expenditure_approach_historical_series,not_reviewed_in_source_notes,reconstructed_or_harmonised_not_yet_confirmed,accepted_for_context_not_enabled_for_extraction,context_only_not_empirical_identification,data/raw/live/bpstat/series_12518303.csv
BPstat Data API v1,12518303,gdp_growth_chain_volume_yoy_annual,gdp_growth,GDP at market prices-Annual-Chained volume-YoY,1993,1993-12-31,-1.671,year_over_year_percent_change,annual,chain_linked_volume_yoy,54,ce3e4e50cda325537eff729ef64037cd,Portugal reference territory in BPstat metadata; historical treatment of overseas territories not yet independently reviewed,national_accounts_expenditure_approach_historical_series,not_reviewed_in_source_notes,reconstructed_or_harmonised_not_yet_confirmed,accepted_for_context_not_enabled_for_extraction,context_only_not_empirical_identification,data/raw/live/bpstat/series_12518303.csv
BPstat Data API v1,12518303,gdp_growth_chain_volume_yoy_annual,gdp_growth,GDP at market prices-Annual-Chained volume-YoY,1994,1994-12-31,1.794,year_over_year_percent_change,annual,chain_linked_volume_yoy,54,ce3e4e50cda325537eff729ef64037cd,Portugal reference territory in BPstat metadata; historical treatment of overseas territories not yet independently reviewed,national_accounts_expenditure_approach_historical_series,not_reviewed_in_source_notes,reconstructed_or_harmonised_not_yet_confirmed,accepted_for_context_not_enabled_for_extraction,context_only_not_empirical_identification,data/raw/live/bpstat/series_12518303.csv
BPstat Data API v1,12518303,gdp_growth_chain_volume_yoy_annual,gdp_growth,GDP at market prices-Annual-Chained volume-YoY,1995,1995-12-31,2.382,year_over_year_percent_change,annual,chain_linked_volume_yoy,54,ce3e4e50cda325537eff729ef64037cd,Portugal reference territory in BPstat metadata; historical treatment of overseas territories not yet independently reviewed,national_accounts_expenditure_approach_historical_series,not_reviewed_in_source_notes,reconstructed_or_harmonised_not_yet_confirmed,accepted_for_context_not_enabled_for_extraction,context_only_not_empirical_identification,data/raw/live/bpstat/series_12518303.csv
BPstat Data API v1,12518303,gdp_growth_chain_volume_yoy_annual,gdp_growth,GDP at market prices-Annual-Chained volume-YoY,1996,1996-12-31,3.504,year_over_year_percent_change,annual,chain_linked_volume_yoy,54,ce3e4e50cda325537eff729ef64037cd,Portugal reference territory in BPstat metadata; historical treatment of overseas territories not yet independently reviewed,national_accounts_expenditure_approach_historical_series,not_reviewed_in_source_notes,reconstructed_or_harmonised_not_yet_confirmed,accepted_for_context_not_enabled_for_extraction,context_only_not_empirical_identification,data/raw/live/bpstat/series_12518303.csv
BPstat Data API v1,12518303,gdp_growth_chain_volume_yoy_annual,gdp_growth,GDP at market prices-Annual-Chained volume-YoY,1997,1997-12-31,4.401,year_over_year_percent_change,annual,chain_linked_volume_yoy,54,ce3e4e50cda325537eff729ef64037cd,Portugal reference territory in BPstat metadata; historical treatment of overseas territories not yet independently reviewed,national_accounts_expenditure_approach_historical_series,not_reviewed_in_source_notes,reconstructed_or_harmonised_not_yet_confirmed,accepted_for_context_not_enabled_for_extraction,context_only_not_empirical_identification,data/raw/live/bpstat/series_12518303.csv
BPstat Data API v1,12518303,gdp_growth_chain_volume_yoy_annual,gdp_growth,GDP at market prices-Annual-Chained volume-YoY,1998,1998-12-31,4.808,year_over_year_percent_change,annual,chain_linked_volume_yoy,54,ce3e4e50cda325537eff729ef64037cd,Portugal reference territory in BPstat metadata; historical treatment of overseas territories not yet independently reviewed,national_accounts_expenditure_approach_historical_series,not_reviewed_in_source_notes,reconstructed_or_harmonised_not_yet_confirmed,accepted_for_context_not_enabled_for_extraction,context_only_not_empirical_identification,data/raw/live/bpstat/series_12518303.csv
BPstat Data API v1,12518303,gdp_growth_chain_volume_yoy_annual,gdp_growth,GDP at market prices-Annual-Chained volume-YoY,1999,1999-12-31,3.907,year_over_year_percent_change,annual,chain_linked_volume_yoy,54,ce3e4e50cda325537eff729ef64037cd,Portugal reference territory in BPstat metadata; historical treatment of overseas territories not yet independently reviewed,national_accounts_expenditure_approach_historical_series,not_reviewed_in_source_notes,reconstructed_or_harmonised_not_yet_confirmed,accepted_for_context_not_enabled_for_extraction,context_only_not_empirical_identification,data/raw/live/bpstat/series_12518303.csv
BPstat Data API v1,12518303,gdp_growth_chain_volume_yoy_annual,gdp_growth,GDP at market prices-Annual-Chained volume-YoY,2000,2000-12-31,3.816,year_over_year_percent_change,annual,chain_linked_volume_yoy,54,ce3e4e50cda325537eff729ef64037cd,Portugal reference territory in BPstat metadata; historical treatment of overseas territories not yet independently reviewed,national_accounts_expenditure_approach_historical_series,not_reviewed_in_source_notes,reconstructed_or_harmonised_not_yet_confirmed,accepted_for_context_not_enabled_for_extraction,context_only_not_empirical_identification,data/raw/live/bpstat/series_12518303.csv
BPstat Data API v1,12518303,gdp_growth_chain_volume_yoy_annual,gdp_growth,GDP at market prices-Annual-Chained volume-YoY,2001,2001-12-31,1.944,year_over_year_percent_change,annual,chain_linked_volume_yoy,54,ce3e4e50cda325537eff729ef64037cd,Portugal reference territory in BPstat metadata; historical treatment of overseas territories not yet independently reviewed,national_accounts_expenditure_approach_historical_series,not_reviewed_in_source_notes,reconstructed_or_harmonised_not_yet_confirmed,accepted_for_context_not_enabled_for_extraction,context_only_not_empirical_identification,data/raw/live/bpstat/series_12518303.csv
BPstat Data API v1,12518303,gdp_growth_chain_volume_yoy_annual,gdp_growth,GDP at market prices-Annual-Chained volume-YoY,2002,2002-12-31,0.771,year_over_year_percent_change,annual,chain_linked_volume_yoy,54,ce3e4e50cda325537eff729ef64037cd,Portugal reference territory in BPstat metadata; historical treatment of overseas territories not yet independently reviewed,national_accounts_expenditure_approach_historical_series,not_reviewed_in_source_notes,reconstructed_or_harmonised_not_yet_confirmed,accepted_for_context_not_enabled_for_extraction,context_only_not_empirical_identification,data/raw/live/bpstat/series_12518303.csv
BPstat Data API v1,12518303,gdp_growth_chain_volume_yoy_annual,gdp_growth,GDP at market prices-Annual-Chained volume-YoY,2003,2003-12-31,-0.931,year_over_year_percent_change,annual,chain_linked_volume_yoy,54,ce3e4e50cda325537eff729ef64037cd,Portugal reference territory in BPstat metadata; historical treatment of overseas territories not yet independently reviewed,national_accounts_expenditure_approach_historical_series,not_reviewed_in_source_notes,reconstructed_or_harmonised_not_yet_confirmed,accepted_for_context_not_enabled_for_extraction,context_only_not_empirical_identification,data/raw/live/bpstat/series_12518303.csv
BPstat Data API v1,12518303,gdp_growth_chain_volume_yoy_annual,gdp_growth,GDP at market prices-Annual-Chained volume-YoY,2004,2004-12-31,1.789,year_over_year_percent_change,annual,chain_linked_volume_yoy,54,ce3e4e50cda325537eff729ef64037cd,Portugal reference territory in BPstat metadata; historical treatment of overseas territories not yet independently reviewed,national_accounts_expenditure_approach_historical_series,not_reviewed_in_source_notes,reconstructed_or_harmonised_not_yet_confirmed,accepted_for_context_not_enabled_for_extraction,context_only_not_empirical_identification,data/raw/live/bpstat/series_12518303.csv
BPstat Data API v1,12518303,gdp_growth_chain_volume_yoy_annual,gdp_growth,GDP at market prices-Annual-Chained volume-YoY,2005,2005-12-31,0.782,year_over_year_percent_change,annual,chain_linked_volume_yoy,54,ce3e4e50cda325537eff729ef64037cd,Portugal reference territory in BPstat metadata; historical treatment of overseas territories not yet independently reviewed,national_accounts_expenditure_approach_historical_series,not_reviewed_in_source_notes,reconstructed_or_harmonised_not_yet_confirmed,accepted_for_context_not_enabled_for_extraction,context_only_not_empirical_identification,data/raw/live/bpstat/series_12518303.csv
BPstat Data API v1,12518303,gdp_growth_chain_volume_yoy_annual,gdp_growth,GDP at market prices-Annual-Chained volume-YoY,2006,2006-12-31,1.625,year_over_year_percent_change,annual,chain_linked_volume_yoy,54,ce3e4e50cda325537eff729ef64037cd,Portugal reference territory in BPstat metadata; historical treatment of overseas territories not yet independently reviewed,national_accounts_expenditure_approach_historical_series,not_reviewed_in_source_notes,reconstructed_or_harmonised_not_yet_confirmed,accepted_for_context_not_enabled_for_extraction,context_only_not_empirical_identification,data/raw/live/bpstat/series_12518303.csv
BPstat Data API v1,12518303,gdp_growth_chain_volume_yoy_annual,gdp_growth,GDP at market prices-Annual-Chained volume-YoY,2007,2007-12-31,2.507,year_over_year_percent_change,annual,chain_linked_volume_yoy,54,ce3e4e50cda325537eff729ef64037cd,Portugal reference territory in BPstat metadata; historical treatment of overseas territories not yet independently reviewed,national_accounts_expenditure_approach_historical_series,not_reviewed_in_source_notes,reconstructed_or_harmonised_not_yet_confirmed,accepted_for_context_not_enabled_for_extraction,context_only_not_empirical_identification,data/raw/live/bpstat/series_12518303.csv
BPstat Data API v1,12518303,gdp_growth_chain_volume_yoy_annual,gdp_growth,GDP at market prices-Annual-Chained volume-YoY,2008,2008-12-31,0.319,year_over_year_percent_change,annual,chain_linked_volume_yoy,54,ce3e4e50cda325537eff729ef64037cd,Portugal reference territory in BPstat metadata; historical treatment of overseas territories not yet independently reviewed,national_accounts_expenditure_approach_historical_series,not_reviewed_in_source_notes,reconstructed_or_harmonised_not_yet_confirmed,accepted_for_context_not_enabled_for_extraction,context_only_not_empirical_identification,data/raw/live/bpstat/series_12518303.csv
BPstat Data API v1,12518303,gdp_growth_chain_volume_yoy_annual,gdp_growth,GDP at market prices-Annual-Chained volume-YoY,2009,2009-12-31,-3.122,year_over_year_percent_change,annual,chain_linked_volume_yoy,54,ce3e4e50cda325537eff729ef64037cd,Portugal reference territory in BPstat metadata; historical treatment of overseas territories not yet independently reviewed,national_accounts_expenditure_approach_historical_series,not_reviewed_in_source_notes,reconstructed_or_harmonised_not_yet_confirmed,accepted_for_context_not_enabled_for_extraction,context_only_not_empirical_identification,data/raw/live/bpstat/series_12518303.csv
BPstat Data API v1,12518303,gdp_growth_chain_volume_yoy_annual,gdp_growth,GDP at market prices-Annual-Chained volume-YoY,2010,2010-12-31,1.738,year_over_year_percent_change,annual,chain_linked_volume_yoy,54,ce3e4e50cda325537eff729ef64037cd,Portugal reference territory in BPstat metadata; historical treatment of overseas territories not yet independently reviewed,national_accounts_expenditure_approach_historical_series,not_reviewed_in_source_notes,reconstructed_or_harmonised_not_yet_confirmed,accepted_for_context_not_enabled_for_extraction,context_only_not_empirical_identification,data/raw/live/bpstat/series_12518303.csv
BPstat Data API v1,12518303,gdp_growth_chain_volume_yoy_annual,gdp_growth,GDP at market prices-Annual-Chained volume-YoY,2011,2011-12-31,-1.714,year_over_year_percent_change,annual,chain_linked_volume_yoy,54,ce3e4e50cda325537eff729ef64037cd,Portugal reference territory in BPstat metadata; historical treatment of overseas territories not yet independently reviewed,national_accounts_expenditure_approach_historical_series,not_reviewed_in_source_notes,reconstructed_or_harmonised_not_yet_confirmed,accepted_for_context_not_enabled_for_extraction,context_only_not_empirical_identification,data/raw/live/bpstat/series_12518303.csv
BPstat Data API v1,12518303,gdp_growth_chain_volume_yoy_annual,gdp_growth,GDP at market prices-Annual-Chained volume-YoY,2012,2012-12-31,-4.051,year_over_year_percent_change,annual,chain_linked_volume_yoy,54,ce3e4e50cda325537eff729ef64037cd,Portugal reference territory in BPstat metadata; historical treatment of overseas territories not yet independently reviewed,national_accounts_expenditure_approach_historical_series,not_reviewed_in_source_notes,reconstructed_or_harmonised_not_yet_confirmed,accepted_for_context_not_enabled_for_extraction,context_only_not_empirical_identification,data/raw/live/bpstat/series_12518303.csv
BPstat Data API v1,12518303,gdp_growth_chain_volume_yoy_annual,gdp_growth,GDP at market prices-Annual-Chained volume-YoY,2013,2013-12-31,-0.984,year_over_year_percent_change,annual,chain_linked_volume_yoy,54,ce3e4e50cda325537eff729ef64037cd,Portugal reference territory in BPstat metadata; historical treatment of overseas territories not yet independently reviewed,national_accounts_expenditure_approach_historical_series,not_reviewed_in_source_notes,reconstructed_or_harmonised_not_yet_confirmed,accepted_for_context_not_enabled_for_extraction,context_only_not_empirical_identification,data/raw/live/bpstat/series_12518303.csv
BPstat Data API v1,12518303,gdp_growth_chain_volume_yoy_annual,gdp_growth,GDP at market prices-Annual-Chained volume-YoY,2014,2014-12-31,0.741,year_over_year_percent_change,annual,chain_linked_volume_yoy,54,ce3e4e50cda325537eff729ef64037cd,Portugal reference territory in BPstat metadata; historical treatment of overseas territories not yet independently reviewed,national_accounts_expenditure_approach_historical_series,not_reviewed_in_source_notes,reconstructed_or_harmonised_not_yet_confirmed,accepted_for_context_not_enabled_for_extraction,context_only_not_empirical_identification,data/raw/live/bpstat/series_12518303.csv
BPstat Data API v1,12518303,gdp_growth_chain_volume_yoy_annual,gdp_growth,GDP at market prices-Annual-Chained volume-YoY,2015,2015-12-31,1.59,year_over_year_percent_change,annual,chain_linked_volume_yoy,54,ce3e4e50cda325537eff729ef64037cd,Portugal reference territory in BPstat metadata; historical treatment of overseas territories not yet independently reviewed,national_accounts_expenditure_approach_historical_series,not_reviewed_in_source_notes,reconstructed_or_harmonised_not_yet_confirmed,accepted_for_context_not_enabled_for_extraction,context_only_not_empirical_identification,data/raw/live/bpstat/series_12518303.csv
BPstat Data API v1,12518303,gdp_growth_chain_volume_yoy_annual,gdp_growth,GDP at market prices-Annual-Chained volume-YoY,2016,2016-12-31,2.004,year_over_year_percent_change,annual,chain_linked_volume_yoy,54,ce3e4e50cda325537eff729ef64037cd,Portugal reference territory in BPstat metadata; historical treatment of overseas territories not yet independently reviewed,national_accounts_expenditure_approach_historical_series,not_reviewed_in_source_notes,reconstructed_or_harmonised_not_yet_confirmed,accepted_for_context_not_enabled_for_extraction,context_only_not_empirical_identification,data/raw/live/bpstat/series_12518303.csv
BPstat Data API v1,12518303,gdp_growth_chain_volume_yoy_annual,gdp_growth,GDP at market prices-Annual-Chained volume-YoY,2017,2017-12-31,3.315,year_over_year_percent_change,annual,chain_linked_volume_yoy,54,ce3e4e50cda325537eff729ef64037cd,Portugal reference territory in BPstat metadata; historical treatment of overseas territories not yet independently reviewed,national_accounts_expenditure_approach_historical_series,not_reviewed_in_source_notes,reconstructed_or_harmonised_not_yet_confirmed,accepted_for_context_not_enabled_for_extraction,context_only_not_empirical_identification,data/raw/live/bpstat/series_12518303.csv
BPstat Data API v1,12518303,gdp_growth_chain_volume_yoy_annual,gdp_growth,GDP at market prices-Annual-Chained volume-YoY,2018,2018-12-31,2.946,year_over_year_percent_change,annual,chain_linked_volume_yoy,54,ce3e4e50cda325537eff729ef64037cd,Portugal reference territory in BPstat metadata; historical treatment of overseas territories not yet independently reviewed,national_accounts_expenditure_approach_historical_series,not_reviewed_in_source_notes,reconstructed_or_harmonised_not_yet_confirmed,accepted_for_context_not_enabled_for_extraction,context_only_not_empirical_identification,data/raw/live/bpstat/series_12518303.csv
BPstat Data API v1,12518303,gdp_growth_chain_volume_yoy_annual,gdp_growth,GDP at market prices-Annual-Chained volume-YoY,2019,2019-12-31,2.746,year_over_year_percent_change,annual,chain_linked_volume_yoy,54,ce3e4e50cda325537eff729ef64037cd,Portugal reference territory in BPstat metadata; historical treatment of overseas territories not yet independently reviewed,national_accounts_expenditure_approach_historical_series,not_reviewed_in_source_notes,reconstructed_or_harmonised_not_yet_confirmed,accepted_for_context_not_enabled_for_extraction,context_only_not_empirical_identification,data/raw/live/bpstat/series_12518303.csv
BPstat Data API v1,12518303,gdp_growth_chain_volume_yoy_annual,gdp_growth,GDP at market prices-Annual-Chained volume-YoY,2020,2020-12-31,-8.205,year_over_year_percent_change,annual,chain_linked_volume_yoy,54,ce3e4e50cda325537eff729ef64037cd,Portugal reference territory in BPstat metadata; historical treatment of overseas territories not yet independently reviewed,national_accounts_expenditure_approach_historical_series,not_reviewed_in_source_notes,reconstructed_or_harmonised_not_yet_confirmed,accepted_for_context_not_enabled_for_extraction,context_only_not_empirical_identification,data/raw/live/bpstat/series_12518303.csv
BPstat Data API v1,12518303,gdp_growth_chain_volume_yoy_annual,gdp_growth,GDP at market prices-Annual-Chained volume-YoY,2021,2021-12-31,5.559,year_over_year_percent_change,annual,chain_linked_volume_yoy,54,ce3e4e50cda325537eff729ef64037cd,Portugal reference territory in BPstat metadata; historical treatment of overseas territories not yet independently reviewed,national_accounts_expenditure_approach_historical_series,not_reviewed_in_source_notes,reconstructed_or_harmonised_not_yet_confirmed,accepted_for_context_not_enabled_for_extraction,context_only_not_empirical_identification,data/raw/live/bpstat/series_12518303.csv
BPstat Data API v1,12518303,gdp_growth_chain_volume_yoy_annual,gdp_growth,GDP at market prices-Annual-Chained volume-YoY,2022,2022-12-31,6.986,year_over_year_percent_change,annual,chain_linked_volume_yoy,54,ce3e4e50cda325537eff729ef64037cd,Portugal reference territory in BPstat metadata; historical treatment of overseas territories not yet independently reviewed,national_accounts_expenditure_approach_historical_series,not_reviewed_in_source_notes,reconstructed_or_harmonised_not_yet_confirmed,accepted_for_context_not_enabled_for_extraction,context_only_not_empirical_identification,data/raw/live/bpstat/series_12518303.csv
BPstat Data API v1,12518303,gdp_growth_chain_volume_yoy_annual,gdp_growth,GDP at market prices-Annual-Chained volume-YoY,2023,2023-12-31,3.1,year_over_year_percent_change,annual,chain_linked_volume_yoy,54,ce3e4e50cda325537eff729ef64037cd,Portugal reference territory in BPstat metadata; historical treatment of overseas territories not yet independently reviewed,national_accounts_expenditure_approach_historical_series,not_reviewed_in_source_notes,reconstructed_or_harmonised_not_yet_confirmed,accepted_for_context_not_enabled_for_extraction,context_only_not_empirical_identification,data/raw/live/bpstat/series_12518303.csv
BPstat Data API v1,12518303,gdp_growth_chain_volume_yoy_annual,gdp_growth,GDP at market prices-Annual-Chained volume-YoY,2024,2024-12-31,2.215,year_over_year_percent_change,annual,chain_linked_volume_yoy,54,ce3e4e50cda325537eff729ef64037cd,Portugal reference territory in BPstat metadata; historical treatment of overseas territories not yet independently reviewed,national_accounts_expenditure_approach_historical_series,not_reviewed_in_source_notes,reconstructed_or_harmonised_not_yet_confirmed,accepted_for_context_not_enabled_for_extraction,context_only_not_empirical_identification,data/raw/live/bpstat/series_12518303.csv
BPstat Data API v1,12518303,gdp_growth_chain_volume_yoy_annual,gdp_growth,GDP at market prices-Annual-Chained volume-YoY,2025,2025-12-31,1.864,year_over_year_percent_change,annual,chain_linked_volume_yoy,54,ce3e4e50cda325537eff729ef64037cd,Portugal reference territory in BPstat metadata; historical treatment of overseas territories not yet independently reviewed,national_accounts_expenditure_approach_historical_series,not_reviewed_in_source_notes,reconstructed_or_harmonised_not_yet_confirmed,accepted_for_context_not_enabled_for_extraction,context_only_not_empirical_identification,data/raw/live/bpstat/series_12518303.csv
BPstat Data API v1,12518329,gross_fixed_capital_formation_chain_linked_annual,real_gross_fixed_capital_formation,Gross fixed capital formation-CLV-A,1954,1954-12-31,4201.301,millions of euros,annual,chain_linked_volume,54,ce3e4e50cda325537eff729ef64037cd,Portugal reference territory in BPstat metadata; historical treatment of overseas territories not yet independently reviewed,national_accounts_expenditure_approach_historical_series,not_reviewed_in_source_notes,reconstructed_or_harmonised_not_yet_confirmed,accepted_for_context_not_enabled_for_extraction,context_only_not_empirical_identification,data/raw/live/bpstat/series_12518329.csv
BPstat Data API v1,12518329,gross_fixed_capital_formation_chain_linked_annual,real_gross_fixed_capital_formation,Gross fixed capital formation-CLV-A,1955,1955-12-31,4657.35,millions of euros,annual,chain_linked_volume,54,ce3e4e50cda325537eff729ef64037cd,Portugal reference territory in BPstat metadata; historical treatment of overseas territories not yet independently reviewed,national_accounts_expenditure_approach_historical_series,not_reviewed_in_source_notes,reconstructed_or_harmonised_not_yet_confirmed,accepted_for_context_not_enabled_for_extraction,context_only_not_empirical_identification,data/raw/live/bpstat/series_12518329.csv
BPstat Data API v1,12518329,gross_fixed_capital_formation_chain_linked_annual,real_gross_fixed_capital_formation,Gross fixed capital formation-CLV-A,1956,1956-12-31,5035.071,millions of euros,annual,chain_linked_volume,54,ce3e4e50cda325537eff729ef64037cd,Portugal reference territory in BPstat metadata; historical treatment of overseas territories not yet independently reviewed,national_accounts_expenditure_approach_historical_series,not_reviewed_in_source_notes,reconstructed_or_harmonised_not_yet_confirmed,accepted_for_context_not_enabled_for_extraction,context_only_not_empirical_identification,data/raw/live/bpstat/series_12518329.csv
BPstat Data API v1,12518329,gross_fixed_capital_formation_chain_linked_annual,real_gross_fixed_capital_formation,Gross fixed capital formation-CLV-A,1957,1957-12-31,5487.81,millions of euros,annual,chain_linked_volume,54,ce3e4e50cda325537eff729ef64037cd,Portugal reference territory in BPstat metadata; historical treatment of overseas territories not yet independently reviewed,national_accounts_expenditure_approach_historical_series,not_reviewed_in_source_notes,reconstructed_or_harmonised_not_yet_confirmed,accepted_for_context_not_enabled_for_extraction,context_only_not_empirical_identification,data/raw/live/bpstat/series_12518329.csv
BPstat Data API v1,12518329,gross_fixed_capital_formation_chain_linked_annual,real_gross_fixed_capital_formation,Gross fixed capital formation-CLV-A,1958,1958-12-31,6079.071,millions of euros,annual,chain_linked_volume,54,ce3e4e50cda325537eff729ef64037cd,Portugal reference territory in BPstat metadata; historical treatment of overseas territories not yet independently reviewed,national_accounts_expenditure_approach_historical_series,not_reviewed_in_source_notes,reconstructed_or_harmonised_not_yet_confirmed,accepted_for_context_not_enabled_for_extraction,context_only_not_empirical_identification,data/raw/live/bpstat/series_12518329.csv
BPstat Data API v1,12518329,gross_fixed_capital_formation_chain_linked_annual,real_gross_fixed_capital_formation,Gross fixed capital formation-CLV-A,1959,1959-12-31,6299.624,millions of euros,annual,chain_linked_volume,54,ce3e4e50cda325537eff729ef64037cd,Portugal reference territory in BPstat metadata; historical treatment of overseas territories not yet independently reviewed,national_accounts_expenditure_approach_historical_series,not_reviewed_in_source_notes,reconstructed_or_harmonised_not_yet_confirmed,accepted_for_context_not_enabled_for_extraction,context_only_not_empirical_identification,data/raw/live/bpstat/series_12518329.csv
BPstat Data API v1,12518329,gross_fixed_capital_formation_chain_linked_annual,real_gross_fixed_capital_formation,Gross fixed capital formation-CLV-A,1960,1960-12-31,6444.397,millions of euros,annual,chain_linked_volume,54,ce3e4e50cda325537eff729ef64037cd,Portugal reference territory in BPstat metadata; historical treatment of overseas territories not yet independently reviewed,national_accounts_expenditure_approach_historical_series,not_reviewed_in_source_notes,reconstructed_or_harmonised_not_yet_confirmed,accepted_for_context_not_enabled_for_extraction,context_only_not_empirical_identification,data/raw/live/bpstat/series_12518329.csv
BPstat Data API v1,12518329,gross_fixed_capital_formation_chain_linked_annual,real_gross_fixed_capital_formation,Gross fixed capital formation-CLV-A,1961,1961-12-31,7351.781,millions of euros,annual,chain_linked_volume,54,ce3e4e50cda325537eff729ef64037cd,Portugal reference territory in BPstat metadata; historical treatment of overseas territories not yet independently reviewed,national_accounts_expenditure_approach_historical_series,not_reviewed_in_source_notes,reconstructed_or_harmonised_not_yet_confirmed,accepted_for_context_not_enabled_for_extraction,context_only_not_empirical_identification,data/raw/live/bpstat/series_12518329.csv
BPstat Data API v1,12518329,gross_fixed_capital_formation_chain_linked_annual,real_gross_fixed_capital_formation,Gross fixed capital formation-CLV-A,1962,1962-12-31,7426.016,millions of euros,annual,chain_linked_volume,54,ce3e4e50cda325537eff729ef64037cd,Portugal reference territory in BPstat metadata; historical treatment of overseas territories not yet independently reviewed,national_accounts_expenditure_approach_historical_series,not_reviewed_in_source_notes,reconstructed_or_harmonised_not_yet_confirmed,accepted_for_context_not_enabled_for_extraction,context_only_not_empirical_identification,data/raw/live/bpstat/series_12518329.csv
BPstat Data API v1,12518329,gross_fixed_capital_formation_chain_linked_annual,real_gross_fixed_capital_formation,Gross fixed capital formation-CLV-A,1963,1963-12-31,6603.666,millions of euros,annual,chain_linked_volume,54,ce3e4e50cda325537eff729ef64037cd,Portugal reference territory in BPstat metadata; historical treatment of overseas territories not yet independently reviewed,national_accounts_expenditure_approach_historical_series,not_reviewed_in_source_notes,reconstructed_or_harmonised_not_yet_confirmed,accepted_for_context_not_enabled_for_extraction,context_only_not_empirical_identification,data/raw/live/bpstat/series_12518329.csv
BPstat Data API v1,12518329,gross_fixed_capital_formation_chain_linked_annual,real_gross_fixed_capital_formation,Gross fixed capital formation-CLV-A,1964,1964-12-31,7208.496,millions of euros,annual,chain_linked_volume,54,ce3e4e50cda325537eff729ef64037cd,Portugal reference territory in BPstat metadata; historical treatment of overseas territories not yet independently reviewed,national_accounts_expenditure_approach_historical_series,not_reviewed_in_source_notes,reconstructed_or_harmonised_not_yet_confirmed,accepted_for_context_not_enabled_for_extraction,context_only_not_empirical_identification,data/raw/live/bpstat/series_12518329.csv
BPstat Data API v1,12518329,gross_fixed_capital_formation_chain_linked_annual,real_gross_fixed_capital_formation,Gross fixed capital formation-CLV-A,1965,1965-12-31,8094.282,millions of euros,annual,chain_linked_volume,54,ce3e4e50cda325537eff729ef64037cd,Portugal reference territory in BPstat metadata; historical treatment of overseas territories not yet independently reviewed,national_accounts_expenditure_approach_historical_series,not_reviewed_in_source_notes,reconstructed_or_harmonised_not_yet_confirmed,accepted_for_context_not_enabled_for_extraction,context_only_not_empirical_identification,data/raw/live/bpstat/series_12518329.csv
BPstat Data API v1,12518329,gross_fixed_capital_formation_chain_linked_annual,real_gross_fixed_capital_formation,Gross fixed capital formation-CLV-A,1966,1966-12-31,9698.774,millions of euros,annual,chain_linked_volume,54,ce3e4e50cda325537eff729ef64037cd,Portugal reference territory in BPstat metadata; historical treatment of overseas territories not yet independently reviewed,national_accounts_expenditure_approach_historical_series,not_reviewed_in_source_notes,reconstructed_or_harmonised_not_yet_confirmed,accepted_for_context_not_enabled_for_extraction,context_only_not_empirical_identification,data/raw/live/bpstat/series_12518329.csv
BPstat Data API v1,12518329,gross_fixed_capital_formation_chain_linked_annual,real_gross_fixed_capital_formation,Gross fixed capital formation-CLV-A,1967,1967-12-31,9752.344,millions of euros,annual,chain_linked_volume,54,ce3e4e50cda325537eff729ef64037cd,Portugal reference territory in BPstat metadata; historical treatment of overseas territories not yet independently reviewed,national_accounts_expenditure_approach_historical_series,not_reviewed_in_source_notes,reconstructed_or_harmonised_not_yet_confirmed,accepted_for_context_not_enabled_for_extraction,context_only_not_empirical_identification,data/raw/live/bpstat/series_12518329.csv
BPstat Data API v1,12518329,gross_fixed_capital_formation_chain_linked_annual,real_gross_fixed_capital_formation,Gross fixed capital formation-CLV-A,1968,1968-12-31,10461.349,millions of euros,annual,chain_linked_volume,54,ce3e4e50cda325537eff729ef64037cd,Portugal reference territory in BPstat metadata; historical treatment of overseas territories not yet independently reviewed,national_accounts_expenditure_approach_historical_series,not_reviewed_in_source_notes,reconstructed_or_harmonised_not_yet_confirmed,accepted_for_context_not_enabled_for_extraction,context_only_not_empirical_identification,data/raw/live/bpstat/series_12518329.csv
BPstat Data API v1,12518329,gross_fixed_capital_formation_chain_linked_annual,real_gross_fixed_capital_formation,Gross fixed capital formation-CLV-A,1969,1969-12-31,11876.441,millions of euros,annual,chain_linked_volume,54,ce3e4e50cda325537eff729ef64037cd,Portugal reference territory in BPstat metadata; historical treatment of overseas territories not yet independently reviewed,national_accounts_expenditure_approach_historical_series,not_reviewed_in_source_notes,reconstructed_or_harmonised_not_yet_confirmed,accepted_for_context_not_enabled_for_extraction,context_only_not_empirical_identification,data/raw/live/bpstat/series_12518329.csv
BPstat Data API v1,12518329,gross_fixed_capital_formation_chain_linked_annual,real_gross_fixed_capital_formation,Gross fixed capital formation-CLV-A,1970,1970-12-31,12554.692,millions of euros,annual,chain_linked_volume,54,ce3e4e50cda325537eff729ef64037cd,Portugal reference territory in BPstat metadata; historical treatment of overseas territories not yet independently reviewed,national_accounts_expenditure_approach_historical_series,not_reviewed_in_source_notes,reconstructed_or_harmonised_not_yet_confirmed,accepted_for_context_not_enabled_for_extraction,context_only_not_empirical_identification,data/raw/live/bpstat/series_12518329.csv
BPstat Data API v1,12518329,gross_fixed_capital_formation_chain_linked_annual,real_gross_fixed_capital_formation,Gross fixed capital formation-CLV-A,1971,1971-12-31,15091.965,millions of euros,annual,chain_linked_volume,54,ce3e4e50cda325537eff729ef64037cd,Portugal reference territory in BPstat metadata; historical treatment of overseas territories not yet independently reviewed,national_accounts_expenditure_approach_historical_series,not_reviewed_in_source_notes,reconstructed_or_harmonised_not_yet_confirmed,accepted_for_context_not_enabled_for_extraction,context_only_not_empirical_identification,data/raw/live/bpstat/series_12518329.csv
BPstat Data API v1,12518329,gross_fixed_capital_formation_chain_linked_annual,real_gross_fixed_capital_formation,Gross fixed capital formation-CLV-A,1972,1972-12-31,18274.389,millions of euros,annual,chain_linked_volume,54,ce3e4e50cda325537eff729ef64037cd,Portugal reference territory in BPstat metadata; historical treatment of overseas territories not yet independently reviewed,national_accounts_expenditure_approach_historical_series,not_reviewed_in_source_notes,reconstructed_or_harmonised_not_yet_confirmed,accepted_for_context_not_enabled_for_extraction,context_only_not_empirical_identification,data/raw/live/bpstat/series_12518329.csv
BPstat Data API v1,12518329,gross_fixed_capital_formation_chain_linked_annual,real_gross_fixed_capital_formation,Gross fixed capital formation-CLV-A,1973,1973-12-31,20039.81,millions of euros,annual,chain_linked_volume,54,ce3e4e50cda325537eff729ef64037cd,Portugal reference territory in BPstat metadata; historical treatment of overseas territories not yet independently reviewed,national_accounts_expenditure_approach_historical_series,not_reviewed_in_source_notes,reconstructed_or_harmonised_not_yet_confirmed,accepted_for_context_not_enabled_for_extraction,context_only_not_empirical_identification,data/raw/live/bpstat/series_12518329.csv
BPstat Data API v1,12518329,gross_fixed_capital_formation_chain_linked_annual,real_gross_fixed_capital_formation,Gross fixed capital formation-CLV-A,1974,1974-12-31,22110.18,millions of euros,annual,chain_linked_volume,54,ce3e4e50cda325537eff729ef64037cd,Portugal reference territory in BPstat metadata; historical treatment of overseas territories not yet independently reviewed,national_accounts_expenditure_approach_historical_series,not_reviewed_in_source_notes,reconstructed_or_harmonised_not_yet_confirmed,accepted_for_context_not_enabled_for_extraction,context_only_not_empirical_identification,data/raw/live/bpstat/series_12518329.csv
BPstat Data API v1,12518329,gross_fixed_capital_formation_chain_linked_annual,real_gross_fixed_capital_formation,Gross fixed capital formation-CLV-A,1975,1975-12-31,17678.311,millions of euros,annual,chain_linked_volume,54,ce3e4e50cda325537eff729ef64037cd,Portugal reference territory in BPstat metadata; historical treatment of overseas territories not yet independently reviewed,national_accounts_expenditure_approach_historical_series,not_reviewed_in_source_notes,reconstructed_or_harmonised_not_yet_confirmed,accepted_for_context_not_enabled_for_extraction,context_only_not_empirical_identification,data/raw/live/bpstat/series_12518329.csv
BPstat Data API v1,12518329,gross_fixed_capital_formation_chain_linked_annual,real_gross_fixed_capital_formation,Gross fixed capital formation-CLV-A,1976,1976-12-31,16176.338,millions of euros,annual,chain_linked_volume,54,ce3e4e50cda325537eff729ef64037cd,Portugal reference territory in BPstat metadata; historical treatment of overseas territories not yet independently reviewed,national_accounts_expenditure_approach_historical_series,not_reviewed_in_source_notes,reconstructed_or_harmonised_not_yet_confirmed,accepted_for_context_not_enabled_for_extraction,context_only_not_empirical_identification,data/raw/live/bpstat/series_12518329.csv
BPstat Data API v1,12518329,gross_fixed_capital_formation_chain_linked_annual,real_gross_fixed_capital_formation,Gross fixed capital formation-CLV-A,1977,1977-12-31,19119.595,millions of euros,annual,chain_linked_volume,54,ce3e4e50cda325537eff729ef64037cd,Portugal reference territory in BPstat metadata; historical treatment of overseas territories not yet independently reviewed,national_accounts_expenditure_approach_historical_series,not_reviewed_in_source_notes,reconstructed_or_harmonised_not_yet_confirmed,accepted_for_context_not_enabled_for_extraction,context_only_not_empirical_identification,data/raw/live/bpstat/series_12518329.csv
BPstat Data API v1,12518329,gross_fixed_capital_formation_chain_linked_annual,real_gross_fixed_capital_formation,Gross fixed capital formation-CLV-A,1978,1978-12-31,18823.427,millions of euros,annual,chain_linked_volume,54,ce3e4e50cda325537eff729ef64037cd,Portugal reference territory in BPstat metadata; historical treatment of overseas territories not yet independently reviewed,national_accounts_expenditure_approach_historical_series,not_reviewed_in_source_notes,reconstructed_or_harmonised_not_yet_confirmed,accepted_for_context_not_enabled_for_extraction,context_only_not_empirical_identification,data/raw/live/bpstat/series_12518329.csv
BPstat Data API v1,12518329,gross_fixed_capital_formation_chain_linked_annual,real_gross_fixed_capital_formation,Gross fixed capital formation-CLV-A,1979,1979-12-31,21733.365,millions of euros,annual,chain_linked_volume,54,ce3e4e50cda325537eff729ef64037cd,Portugal reference territory in BPstat metadata; historical treatment of overseas territories not yet independently reviewed,national_accounts_expenditure_approach_historical_series,not_reviewed_in_source_notes,reconstructed_or_harmonised_not_yet_confirmed,accepted_for_context_not_enabled_for_extraction,context_only_not_empirical_identification,data/raw/live/bpstat/series_12518329.csv
BPstat Data API v1,12518329,gross_fixed_capital_formation_chain_linked_annual,real_gross_fixed_capital_formation,Gross fixed capital formation-CLV-A,1980,1980-12-31,19002.515,millions of euros,annual,chain_linked_volume,54,ce3e4e50cda325537eff729ef64037cd,Portugal reference territory in BPstat metadata; historical treatment of overseas territories not yet independently reviewed,national_accounts_expenditure_approach_historical_series,not_reviewed_in_source_notes,reconstructed_or_harmonised_not_yet_confirmed,accepted_for_context_not_enabled_for_extraction,context_only_not_empirical_identification,data/raw/live/bpstat/series_12518329.csv
BPstat Data API v1,12518329,gross_fixed_capital_formation_chain_linked_annual,real_gross_fixed_capital_formation,Gross fixed capital formation-CLV-A,1981,1981-12-31,22075.009,millions of euros,annual,chain_linked_volume,54,ce3e4e50cda325537eff729ef64037cd,Portugal reference territory in BPstat metadata; historical treatment of overseas territories not yet independently reviewed,national_accounts_expenditure_approach_historical_series,not_reviewed_in_source_notes,reconstructed_or_harmonised_not_yet_confirmed,accepted_for_context_not_enabled_for_extraction,context_only_not_empirical_identification,data/raw/live/bpstat/series_12518329.csv
BPstat Data API v1,12518329,gross_fixed_capital_formation_chain_linked_annual,real_gross_fixed_capital_formation,Gross fixed capital formation-CLV-A,1982,1982-12-31,22643.728,millions of euros,annual,chain_linked_volume,54,ce3e4e50cda325537eff729ef64037cd,Portugal reference territory in BPstat metadata; historical treatment of overseas territories not yet independently reviewed,national_accounts_expenditure_approach_historical_series,not_reviewed_in_source_notes,reconstructed_or_harmonised_not_yet_confirmed,accepted_for_context_not_enabled_for_extraction,context_only_not_empirical_identification,data/raw/live/bpstat/series_12518329.csv
BPstat Data API v1,12518329,gross_fixed_capital_formation_chain_linked_annual,real_gross_fixed_capital_formation,Gross fixed capital formation-CLV-A,1983,1983-12-31,21868.762,millions of euros,annual,chain_linked_volume,54,ce3e4e50cda325537eff729ef64037cd,Portugal reference territory in BPstat metadata; historical treatment of overseas territories not yet independently reviewed,national_accounts_expenditure_approach_historical_series,not_reviewed_in_source_notes,reconstructed_or_harmonised_not_yet_confirmed,accepted_for_context_not_enabled_for_extraction,context_only_not_empirical_identification,data/raw/live/bpstat/series_12518329.csv
BPstat Data API v1,12518329,gross_fixed_capital_formation_chain_linked_annual,real_gross_fixed_capital_formation,Gross fixed capital formation-CLV-A,1984,1984-12-31,19213.193,millions of euros,annual,chain_linked_volume,54,ce3e4e50cda325537eff729ef64037cd,Portugal reference territory in BPstat metadata; historical treatment of overseas territories not yet independently reviewed,national_accounts_expenditure_approach_historical_series,not_reviewed_in_source_notes,reconstructed_or_harmonised_not_yet_confirmed,accepted_for_context_not_enabled_for_extraction,context_only_not_empirical_identification,data/raw/live/bpstat/series_12518329.csv
BPstat Data API v1,12518329,gross_fixed_capital_formation_chain_linked_annual,real_gross_fixed_capital_formation,Gross fixed capital formation-CLV-A,1985,1985-12-31,18824.46,millions of euros,annual,chain_linked_volume,54,ce3e4e50cda325537eff729ef64037cd,Portugal reference territory in BPstat metadata; historical treatment of overseas territories not yet independently reviewed,national_accounts_expenditure_approach_historical_series,not_reviewed_in_source_notes,reconstructed_or_harmonised_not_yet_confirmed,accepted_for_context_not_enabled_for_extraction,context_only_not_empirical_identification,data/raw/live/bpstat/series_12518329.csv
BPstat Data API v1,12518329,gross_fixed_capital_formation_chain_linked_annual,real_gross_fixed_capital_formation,Gross fixed capital formation-CLV-A,1986,1986-12-31,19991.316,millions of euros,annual,chain_linked_volume,54,ce3e4e50cda325537eff729ef64037cd,Portugal reference territory in BPstat metadata; historical treatment of overseas territories not yet independently reviewed,national_accounts_expenditure_approach_historical_series,not_reviewed_in_source_notes,reconstructed_or_harmonised_not_yet_confirmed,accepted_for_context_not_enabled_for_extraction,context_only_not_empirical_identification,data/raw/live/bpstat/series_12518329.csv
BPstat Data API v1,12518329,gross_fixed_capital_formation_chain_linked_annual,real_gross_fixed_capital_formation,Gross fixed capital formation-CLV-A,1987,1987-12-31,24114.131,millions of euros,annual,chain_linked_volume,54,ce3e4e50cda325537eff729ef64037cd,Portugal reference territory in BPstat metadata; historical treatment of overseas territories not yet independently reviewed,national_accounts_expenditure_approach_historical_series,not_reviewed_in_source_notes,reconstructed_or_harmonised_not_yet_confirmed,accepted_for_context_not_enabled_for_extraction,context_only_not_empirical_identification,data/raw/live/bpstat/series_12518329.csv
BPstat Data API v1,12518329,gross_fixed_capital_formation_chain_linked_annual,real_gross_fixed_capital_formation,Gross fixed capital formation-CLV-A,1988,1988-12-31,27489.785,millions of euros,annual,chain_linked_volume,54,ce3e4e50cda325537eff729ef64037cd,Portugal reference territory in BPstat metadata; historical treatment of overseas territories not yet independently reviewed,national_accounts_expenditure_approach_historical_series,not_reviewed_in_source_notes,reconstructed_or_harmonised_not_yet_confirmed,accepted_for_context_not_enabled_for_extraction,context_only_not_empirical_identification,data/raw/live/bpstat/series_12518329.csv
BPstat Data API v1,12518329,gross_fixed_capital_formation_chain_linked_annual,real_gross_fixed_capital_formation,Gross fixed capital formation-CLV-A,1989,1989-12-31,28575.446,millions of euros,annual,chain_linked_volume,54,ce3e4e50cda325537eff729ef64037cd,Portugal reference territory in BPstat metadata; historical treatment of overseas territories not yet independently reviewed,national_accounts_expenditure_approach_historical_series,not_reviewed_in_source_notes,reconstructed_or_harmonised_not_yet_confirmed,accepted_for_context_not_enabled_for_extraction,context_only_not_empirical_identification,data/raw/live/bpstat/series_12518329.csv
BPstat Data API v1,12518329,gross_fixed_capital_formation_chain_linked_annual,real_gross_fixed_capital_formation,Gross fixed capital formation-CLV-A,1990,1990-12-31,30700.459,millions of euros,annual,chain_linked_volume,54,ce3e4e50cda325537eff729ef64037cd,Portugal reference territory in BPstat metadata; historical treatment of overseas territories not yet independently reviewed,national_accounts_expenditure_approach_historical_series,not_reviewed_in_source_notes,reconstructed_or_harmonised_not_yet_confirmed,accepted_for_context_not_enabled_for_extraction,context_only_not_empirical_identification,data/raw/live/bpstat/series_12518329.csv
BPstat Data API v1,12518329,gross_fixed_capital_formation_chain_linked_annual,real_gross_fixed_capital_formation,Gross fixed capital formation-CLV-A,1991,1991-12-31,32906.264,millions of euros,annual,chain_linked_volume,54,ce3e4e50cda325537eff729ef64037cd,Portugal reference territory in BPstat metadata; historical treatment of overseas territories not yet independently reviewed,national_accounts_expenditure_approach_historical_series,not_reviewed_in_source_notes,reconstructed_or_harmonised_not_yet_confirmed,accepted_for_context_not_enabled_for_extraction,context_only_not_empirical_identification,data/raw/live/bpstat/series_12518329.csv
BPstat Data API v1,12518329,gross_fixed_capital_formation_chain_linked_annual,real_gross_fixed_capital_formation,Gross fixed capital formation-CLV-A,1992,1992-12-31,35690.11,millions of euros,annual,chain_linked_volume,54,ce3e4e50cda325537eff729ef64037cd,Portugal reference territory in BPstat metadata; historical treatment of overseas territories not yet independently reviewed,national_accounts_expenditure_approach_historical_series,not_reviewed_in_source_notes,reconstructed_or_harmonised_not_yet_confirmed,accepted_for_context_not_enabled_for_extraction,context_only_not_empirical_identification,data/raw/live/bpstat/series_12518329.csv
BPstat Data API v1,12518329,gross_fixed_capital_formation_chain_linked_annual,real_gross_fixed_capital_formation,Gross fixed capital formation-CLV-A,1993,1993-12-31,33415.093,millions of euros,annual,chain_linked_volume,54,ce3e4e50cda325537eff729ef64037cd,Portugal reference territory in BPstat metadata; historical treatment of overseas territories not yet independently reviewed,national_accounts_expenditure_approach_historical_series,not_reviewed_in_source_notes,reconstructed_or_harmonised_not_yet_confirmed,accepted_for_context_not_enabled_for_extraction,context_only_not_empirical_identification,data/raw/live/bpstat/series_12518329.csv
BPstat Data API v1,12518329,gross_fixed_capital_formation_chain_linked_annual,real_gross_fixed_capital_formation,Gross fixed capital formation-CLV-A,1994,1994-12-31,33189.005,millions of euros,annual,chain_linked_volume,54,ce3e4e50cda325537eff729ef64037cd,Portugal reference territory in BPstat metadata; historical treatment of overseas territories not yet independently reviewed,national_accounts_expenditure_approach_historical_series,not_reviewed_in_source_notes,reconstructed_or_harmonised_not_yet_confirmed,accepted_for_context_not_enabled_for_extraction,context_only_not_empirical_identification,data/raw/live/bpstat/series_12518329.csv
BPstat Data API v1,12518329,gross_fixed_capital_formation_chain_linked_annual,real_gross_fixed_capital_formation,Gross fixed capital formation-CLV-A,1995,1995-12-31,34615.167,millions of euros,annual,chain_linked_volume,54,ce3e4e50cda325537eff729ef64037cd,Portugal reference territory in BPstat metadata; historical treatment of overseas territories not yet independently reviewed,national_accounts_expenditure_approach_historical_series,not_reviewed_in_source_notes,reconstructed_or_harmonised_not_yet_confirmed,accepted_for_context_not_enabled_for_extraction,context_only_not_empirical_identification,data/raw/live/bpstat/series_12518329.csv
BPstat Data API v1,12518329,gross_fixed_capital_formation_chain_linked_annual,real_gross_fixed_capital_formation,Gross fixed capital formation-CLV-A,1996,1996-12-31,36410.7,millions of euros,annual,chain_linked_volume,54,ce3e4e50cda325537eff729ef64037cd,Portugal reference territory in BPstat metadata; historical treatment of overseas territories not yet independently reviewed,national_accounts_expenditure_approach_historical_series,not_reviewed_in_source_notes,reconstructed_or_harmonised_not_yet_confirmed,accepted_for_context_not_enabled_for_extraction,context_only_not_empirical_identification,data/raw/live/bpstat/series_12518329.csv
BPstat Data API v1,12518329,gross_fixed_capital_formation_chain_linked_annual,real_gross_fixed_capital_formation,Gross fixed capital formation-CLV-A,1997,1997-12-31,41567.272,millions of euros,annual,chain_linked_volume,54,ce3e4e50cda325537eff729ef64037cd,Portugal reference territory in BPstat metadata; historical treatment of overseas territories not yet independently reviewed,national_accounts_expenditure_approach_historical_series,not_reviewed_in_source_notes,reconstructed_or_harmonised_not_yet_confirmed,accepted_for_context_not_enabled_for_extraction,context_only_not_empirical_identification,data/raw/live/bpstat/series_12518329.csv
BPstat Data API v1,12518329,gross_fixed_capital_formation_chain_linked_annual,real_gross_fixed_capital_formation,Gross fixed capital formation-CLV-A,1998,1998-12-31,46444.952,millions of euros,annual,chain_linked_volume,54,ce3e4e50cda325537eff729ef64037cd,Portugal reference territory in BPstat metadata; historical treatment of overseas territories not yet independently reviewed,national_accounts_expenditure_approach_historical_series,not_reviewed_in_source_notes,reconstructed_or_harmonised_not_yet_confirmed,accepted_for_context_not_enabled_for_extraction,context_only_not_empirical_identification,data/raw/live/bpstat/series_12518329.csv
BPstat Data API v1,12518329,gross_fixed_capital_formation_chain_linked_annual,real_gross_fixed_capital_formation,Gross fixed capital formation-CLV-A,1999,1999-12-31,49263.923,millions of euros,annual,chain_linked_volume,54,ce3e4e50cda325537eff729ef64037cd,Portugal reference territory in BPstat metadata; historical treatment of overseas territories not yet independently reviewed,national_accounts_expenditure_approach_historical_series,not_reviewed_in_source_notes,reconstructed_or_harmonised_not_yet_confirmed,accepted_for_context_not_enabled_for_extraction,context_only_not_empirical_identification,data/raw/live/bpstat/series_12518329.csv
BPstat Data API v1,12518329,gross_fixed_capital_formation_chain_linked_annual,real_gross_fixed_capital_formation,Gross fixed capital formation-CLV-A,2000,2000-12-31,51262.756,millions of euros,annual,chain_linked_volume,54,ce3e4e50cda325537eff729ef64037cd,Portugal reference territory in BPstat metadata; historical treatment of overseas territories not yet independently reviewed,national_accounts_expenditure_approach_historical_series,not_reviewed_in_source_notes,reconstructed_or_harmonised_not_yet_confirmed,accepted_for_context_not_enabled_for_extraction,context_only_not_empirical_identification,data/raw/live/bpstat/series_12518329.csv
BPstat Data API v1,12518329,gross_fixed_capital_formation_chain_linked_annual,real_gross_fixed_capital_formation,Gross fixed capital formation-CLV-A,2001,2001-12-31,51761.289,millions of euros,annual,chain_linked_volume,54,ce3e4e50cda325537eff729ef64037cd,Portugal reference territory in BPstat metadata; historical treatment of overseas territories not yet independently reviewed,national_accounts_expenditure_approach_historical_series,not_reviewed_in_source_notes,reconstructed_or_harmonised_not_yet_confirmed,accepted_for_context_not_enabled_for_extraction,context_only_not_empirical_identification,data/raw/live/bpstat/series_12518329.csv
BPstat Data API v1,12518329,gross_fixed_capital_formation_chain_linked_annual,real_gross_fixed_capital_formation,Gross fixed capital formation-CLV-A,2002,2002-12-31,50005.602,millions of euros,annual,chain_linked_volume,54,ce3e4e50cda325537eff729ef64037cd,Portugal reference territory in BPstat metadata; historical treatment of overseas territories not yet independently reviewed,national_accounts_expenditure_approach_historical_series,not_reviewed_in_source_notes,reconstructed_or_harmonised_not_yet_confirmed,accepted_for_context_not_enabled_for_extraction,context_only_not_empirical_identification,data/raw/live/bpstat/series_12518329.csv
BPstat Data API v1,12518329,gross_fixed_capital_formation_chain_linked_annual,real_gross_fixed_capital_formation,Gross fixed capital formation-CLV-A,2003,2003-12-31,46348.251,millions of euros,annual,chain_linked_volume,54,ce3e4e50cda325537eff729ef64037cd,Portugal reference territory in BPstat metadata; historical treatment of overseas territories not yet independently reviewed,national_accounts_expenditure_approach_historical_series,not_reviewed_in_source_notes,reconstructed_or_harmonised_not_yet_confirmed,accepted_for_context_not_enabled_for_extraction,context_only_not_empirical_identification,data/raw/live/bpstat/series_12518329.csv
BPstat Data API v1,12518329,gross_fixed_capital_formation_chain_linked_annual,real_gross_fixed_capital_formation,Gross fixed capital formation-CLV-A,2004,2004-12-31,46435.774,millions of euros,annual,chain_linked_volume,54,ce3e4e50cda325537eff729ef64037cd,Portugal reference territory in BPstat metadata; historical treatment of overseas territories not yet independently reviewed,national_accounts_expenditure_approach_historical_series,not_reviewed_in_source_notes,reconstructed_or_harmonised_not_yet_confirmed,accepted_for_context_not_enabled_for_extraction,context_only_not_empirical_identification,data/raw/live/bpstat/series_12518329.csv
BPstat Data API v1,12518329,gross_fixed_capital_formation_chain_linked_annual,real_gross_fixed_capital_formation,Gross fixed capital formation-CLV-A,2005,2005-12-31,46486.93,millions of euros,annual,chain_linked_volume,54,ce3e4e50cda325537eff729ef64037cd,Portugal reference territory in BPstat metadata; historical treatment of overseas territories not yet independently reviewed,national_accounts_expenditure_approach_historical_series,not_reviewed_in_source_notes,reconstructed_or_harmonised_not_yet_confirmed,accepted_for_context_not_enabled_for_extraction,context_only_not_empirical_identification,data/raw/live/bpstat/series_12518329.csv
BPstat Data API v1,12518329,gross_fixed_capital_formation_chain_linked_annual,real_gross_fixed_capital_formation,Gross fixed capital formation-CLV-A,2006,2006-12-31,46135.127,millions of euros,annual,chain_linked_volume,54,ce3e4e50cda325537eff729ef64037cd,Portugal reference territory in BPstat metadata; historical treatment of overseas territories not yet independently reviewed,national_accounts_expenditure_approach_historical_series,not_reviewed_in_source_notes,reconstructed_or_harmonised_not_yet_confirmed,accepted_for_context_not_enabled_for_extraction,context_only_not_empirical_identification,data/raw/live/bpstat/series_12518329.csv
BPstat Data API v1,12518329,gross_fixed_capital_formation_chain_linked_annual,real_gross_fixed_capital_formation,Gross fixed capital formation-CLV-A,2007,2007-12-31,47558.957,millions of euros,annual,chain_linked_volume,54,ce3e4e50cda325537eff729ef64037cd,Portugal reference territory in BPstat metadata; historical treatment of overseas territories not yet independently reviewed,national_accounts_expenditure_approach_historical_series,not_reviewed_in_source_notes,reconstructed_or_harmonised_not_yet_confirmed,accepted_for_context_not_enabled_for_extraction,context_only_not_empirical_identification,data/raw/live/bpstat/series_12518329.csv
BPstat Data API v1,12518329,gross_fixed_capital_formation_chain_linked_annual,real_gross_fixed_capital_formation,Gross fixed capital formation-CLV-A,2008,2008-12-31,47760.365,millions of euros,annual,chain_linked_volume,54,ce3e4e50cda325537eff729ef64037cd,Portugal reference territory in BPstat metadata; historical treatment of overseas territories not yet independently reviewed,national_accounts_expenditure_approach_historical_series,not_reviewed_in_source_notes,reconstructed_or_harmonised_not_yet_confirmed,accepted_for_context_not_enabled_for_extraction,context_only_not_empirical_identification,data/raw/live/bpstat/series_12518329.csv
BPstat Data API v1,12518329,gross_fixed_capital_formation_chain_linked_annual,real_gross_fixed_capital_formation,Gross fixed capital formation-CLV-A,2009,2009-12-31,44160.05,millions of euros,annual,chain_linked_volume,54,ce3e4e50cda325537eff729ef64037cd,Portugal reference territory in BPstat metadata; historical treatment of overseas territories not yet independently reviewed,national_accounts_expenditure_approach_historical_series,not_reviewed_in_source_notes,reconstructed_or_harmonised_not_yet_confirmed,accepted_for_context_not_enabled_for_extraction,context_only_not_empirical_identification,data/raw/live/bpstat/series_12518329.csv
BPstat Data API v1,12518329,gross_fixed_capital_formation_chain_linked_annual,real_gross_fixed_capital_formation,Gross fixed capital formation-CLV-A,2010,2010-12-31,43663.016,millions of euros,annual,chain_linked_volume,54,ce3e4e50cda325537eff729ef64037cd,Portugal reference territory in BPstat metadata; historical treatment of overseas territories not yet independently reviewed,national_accounts_expenditure_approach_historical_series,not_reviewed_in_source_notes,reconstructed_or_harmonised_not_yet_confirmed,accepted_for_context_not_enabled_for_extraction,context_only_not_empirical_identification,data/raw/live/bpstat/series_12518329.csv
BPstat Data API v1,12518329,gross_fixed_capital_formation_chain_linked_annual,real_gross_fixed_capital_formation,Gross fixed capital formation-CLV-A,2011,2011-12-31,38186.428,millions of euros,annual,chain_linked_volume,54,ce3e4e50cda325537eff729ef64037cd,Portugal reference territory in BPstat metadata; historical treatment of overseas territories not yet independently reviewed,national_accounts_expenditure_approach_historical_series,not_reviewed_in_source_notes,reconstructed_or_harmonised_not_yet_confirmed,accepted_for_context_not_enabled_for_extraction,context_only_not_empirical_identification,data/raw/live/bpstat/series_12518329.csv
BPstat Data API v1,12518329,gross_fixed_capital_formation_chain_linked_annual,real_gross_fixed_capital_formation,Gross fixed capital formation-CLV-A,2012,2012-12-31,31815.069,millions of euros,annual,chain_linked_volume,54,ce3e4e50cda325537eff729ef64037cd,Portugal reference territory in BPstat metadata; historical treatment of overseas territories not yet independently reviewed,national_accounts_expenditure_approach_historical_series,not_reviewed_in_source_notes,reconstructed_or_harmonised_not_yet_confirmed,accepted_for_context_not_enabled_for_extraction,context_only_not_empirical_identification,data/raw/live/bpstat/series_12518329.csv
BPstat Data API v1,12518329,gross_fixed_capital_formation_chain_linked_annual,real_gross_fixed_capital_formation,Gross fixed capital formation-CLV-A,2013,2013-12-31,30328.012,millions of euros,annual,chain_linked_volume,54,ce3e4e50cda325537eff729ef64037cd,Portugal reference territory in BPstat metadata; historical treatment of overseas territories not yet independently reviewed,national_accounts_expenditure_approach_historical_series,not_reviewed_in_source_notes,reconstructed_or_harmonised_not_yet_confirmed,accepted_for_context_not_enabled_for_extraction,context_only_not_empirical_identification,data/raw/live/bpstat/series_12518329.csv
BPstat Data API v1,12518329,gross_fixed_capital_formation_chain_linked_annual,real_gross_fixed_capital_formation,Gross fixed capital formation-CLV-A,2014,2014-12-31,30998.352,millions of euros,annual,chain_linked_volume,54,ce3e4e50cda325537eff729ef64037cd,Portugal reference territory in BPstat metadata; historical treatment of overseas territories not yet independently reviewed,national_accounts_expenditure_approach_historical_series,not_reviewed_in_source_notes,reconstructed_or_harmonised_not_yet_confirmed,accepted_for_context_not_enabled_for_extraction,context_only_not_empirical_identification,data/raw/live/bpstat/series_12518329.csv
BPstat Data API v1,12518329,gross_fixed_capital_formation_chain_linked_annual,real_gross_fixed_capital_formation,Gross fixed capital formation-CLV-A,2015,2015-12-31,32861.116,millions of euros,annual,chain_linked_volume,54,ce3e4e50cda325537eff729ef64037cd,Portugal reference territory in BPstat metadata; historical treatment of overseas territories not yet independently reviewed,national_accounts_expenditure_approach_historical_series,not_reviewed_in_source_notes,reconstructed_or_harmonised_not_yet_confirmed,accepted_for_context_not_enabled_for_extraction,context_only_not_empirical_identification,data/raw/live/bpstat/series_12518329.csv
BPstat Data API v1,12518329,gross_fixed_capital_formation_chain_linked_annual,real_gross_fixed_capital_formation,Gross fixed capital formation-CLV-A,2016,2016-12-31,33742.68,millions of euros,annual,chain_linked_volume,54,ce3e4e50cda325537eff729ef64037cd,Portugal reference territory in BPstat metadata; historical treatment of overseas territories not yet independently reviewed,national_accounts_expenditure_approach_historical_series,not_reviewed_in_source_notes,reconstructed_or_harmonised_not_yet_confirmed,accepted_for_context_not_enabled_for_extraction,context_only_not_empirical_identification,data/raw/live/bpstat/series_12518329.csv
BPstat Data API v1,12518329,gross_fixed_capital_formation_chain_linked_annual,real_gross_fixed_capital_formation,Gross fixed capital formation-CLV-A,2017,2017-12-31,37641.146,millions of euros,annual,chain_linked_volume,54,ce3e4e50cda325537eff729ef64037cd,Portugal reference territory in BPstat metadata; historical treatment of overseas territories not yet independently reviewed,national_accounts_expenditure_approach_historical_series,not_reviewed_in_source_notes,reconstructed_or_harmonised_not_yet_confirmed,accepted_for_context_not_enabled_for_extraction,context_only_not_empirical_identification,data/raw/live/bpstat/series_12518329.csv
BPstat Data API v1,12518329,gross_fixed_capital_formation_chain_linked_annual,real_gross_fixed_capital_formation,Gross fixed capital formation-CLV-A,2018,2018-12-31,39960.434,millions of euros,annual,chain_linked_volume,54,ce3e4e50cda325537eff729ef64037cd,Portugal reference territory in BPstat metadata; historical treatment of overseas territories not yet independently reviewed,national_accounts_expenditure_approach_historical_series,not_reviewed_in_source_notes,reconstructed_or_harmonised_not_yet_confirmed,accepted_for_context_not_enabled_for_extraction,context_only_not_empirical_identification,data/raw/live/bpstat/series_12518329.csv
BPstat Data API v1,12518329,gross_fixed_capital_formation_chain_linked_annual,real_gross_fixed_capital_formation,Gross fixed capital formation-CLV-A,2019,2019-12-31,42167.537,millions of euros,annual,chain_linked_volume,54,ce3e4e50cda325537eff729ef64037cd,Portugal reference territory in BPstat metadata; historical treatment of overseas territories not yet independently reviewed,national_accounts_expenditure_approach_historical_series,not_reviewed_in_source_notes,reconstructed_or_harmonised_not_yet_confirmed,accepted_for_context_not_enabled_for_extraction,context_only_not_empirical_identification,data/raw/live/bpstat/series_12518329.csv
BPstat Data API v1,12518329,gross_fixed_capital_formation_chain_linked_annual,real_gross_fixed_capital_formation,Gross fixed capital formation-CLV-A,2020,2020-12-31,41180.002,millions of euros,annual,chain_linked_volume,54,ce3e4e50cda325537eff729ef64037cd,Portugal reference territory in BPstat metadata; historical treatment of overseas territories not yet independently reviewed,national_accounts_expenditure_approach_historical_series,not_reviewed_in_source_notes,reconstructed_or_harmonised_not_yet_confirmed,accepted_for_context_not_enabled_for_extraction,context_only_not_empirical_identification,data/raw/live/bpstat/series_12518329.csv
BPstat Data API v1,12518329,gross_fixed_capital_formation_chain_linked_annual,real_gross_fixed_capital_formation,Gross fixed capital formation-CLV-A,2021,2021-12-31,44387.665,millions of euros,annual,chain_linked_volume,54,ce3e4e50cda325537eff729ef64037cd,Portugal reference territory in BPstat metadata; historical treatment of overseas territories not yet independently reviewed,national_accounts_expenditure_approach_historical_series,not_reviewed_in_source_notes,reconstructed_or_harmonised_not_yet_confirmed,accepted_for_context_not_enabled_for_extraction,context_only_not_empirical_identification,data/raw/live/bpstat/series_12518329.csv
BPstat Data API v1,12518329,gross_fixed_capital_formation_chain_linked_annual,real_gross_fixed_capital_formation,Gross fixed capital formation-CLV-A,2022,2022-12-31,45868.666,millions of euros,annual,chain_linked_volume,54,ce3e4e50cda325537eff729ef64037cd,Portugal reference territory in BPstat metadata; historical treatment of overseas territories not yet independently reviewed,national_accounts_expenditure_approach_historical_series,not_reviewed_in_source_notes,reconstructed_or_harmonised_not_yet_confirmed,accepted_for_context_not_enabled_for_extraction,context_only_not_empirical_identification,data/raw/live/bpstat/series_12518329.csv
BPstat Data API v1,12518329,gross_fixed_capital_formation_chain_linked_annual,real_gross_fixed_capital_formation,Gross fixed capital formation-CLV-A,2023,2023-12-31,48627.21,millions of euros,annual,chain_linked_volume,54,ce3e4e50cda325537eff729ef64037cd,Portugal reference territory in BPstat metadata; historical treatment of overseas territories not yet independently reviewed,national_accounts_expenditure_approach_historical_series,not_reviewed_in_source_notes,reconstructed_or_harmonised_not_yet_confirmed,accepted_for_context_not_enabled_for_extraction,context_only_not_empirical_identification,data/raw/live/bpstat/series_12518329.csv
BPstat Data API v1,12518329,gross_fixed_capital_formation_chain_linked_annual,real_gross_fixed_capital_formation,Gross fixed capital formation-CLV-A,2024,2024-12-31,50455.396,millions of euros,annual,chain_linked_volume,54,ce3e4e50cda325537eff729ef64037cd,Portugal reference territory in BPstat metadata; historical treatment of overseas territories not yet independently reviewed,national_accounts_expenditure_approach_historical_series,not_reviewed_in_source_notes,reconstructed_or_harmonised_not_yet_confirmed,accepted_for_context_not_enabled_for_extraction,context_only_not_empirical_identification,data/raw/live/bpstat/series_12518329.csv
BPstat Data API v1,12518329,gross_fixed_capital_formation_chain_linked_annual,real_gross_fixed_capital_formation,Gross fixed capital formation-CLV-A,2025,2025-12-31,52804.716,millions of euros,annual,chain_linked_volume,54,ce3e4e50cda325537eff729ef64037cd,Portugal reference territory in BPstat metadata; historical treatment of overseas territories not yet independently reviewed,national_accounts_expenditure_approach_historical_series,not_reviewed_in_source_notes,reconstructed_or_harmonised_not_yet_confirmed,accepted_for_context_not_enabled_for_extraction,context_only_not_empirical_identification,data/raw/live/bpstat/series_12518329.csv
BPstat Data API v1,12518349,gross_fixed_capital_formation_current_annual,gross_fixed_capital_formation,Gross fixed capital formation-CP-A,1953,1953-12-31,63.49,millions of euros,annual,current_prices,54,ce3e4e50cda325537eff729ef64037cd,Portugal reference territory in BPstat metadata; historical treatment of overseas territories not yet independently reviewed,national_accounts_expenditure_approach_historical_series,not_reviewed_in_source_notes,reconstructed_or_harmonised_not_yet_confirmed,accepted_for_context_not_enabled_for_extraction,context_only_not_empirical_identification,data/raw/live/bpstat/series_12518349.csv
BPstat Data API v1,12518349,gross_fixed_capital_formation_current_annual,gross_fixed_capital_formation,Gross fixed capital formation-CP-A,1954,1954-12-31,64.457,millions of euros,annual,current_prices,54,ce3e4e50cda325537eff729ef64037cd,Portugal reference territory in BPstat metadata; historical treatment of overseas territories not yet independently reviewed,national_accounts_expenditure_approach_historical_series,not_reviewed_in_source_notes,reconstructed_or_harmonised_not_yet_confirmed,accepted_for_context_not_enabled_for_extraction,context_only_not_empirical_identification,data/raw/live/bpstat/series_12518349.csv
BPstat Data API v1,12518349,gross_fixed_capital_formation_current_annual,gross_fixed_capital_formation,Gross fixed capital formation-CP-A,1955,1955-12-31,71.029,millions of euros,annual,current_prices,54,ce3e4e50cda325537eff729ef64037cd,Portugal reference territory in BPstat metadata; historical treatment of overseas territories not yet independently reviewed,national_accounts_expenditure_approach_historical_series,not_reviewed_in_source_notes,reconstructed_or_harmonised_not_yet_confirmed,accepted_for_context_not_enabled_for_extraction,context_only_not_empirical_identification,data/raw/live/bpstat/series_12518349.csv
BPstat Data API v1,12518349,gross_fixed_capital_formation_current_annual,gross_fixed_capital_formation,Gross fixed capital formation-CP-A,1956,1956-12-31,81.011,millions of euros,annual,current_prices,54,ce3e4e50cda325537eff729ef64037cd,Portugal reference territory in BPstat metadata; historical treatment of overseas territories not yet independently reviewed,national_accounts_expenditure_approach_historical_series,not_reviewed_in_source_notes,reconstructed_or_harmonised_not_yet_confirmed,accepted_for_context_not_enabled_for_extraction,context_only_not_empirical_identification,data/raw/live/bpstat/series_12518349.csv
BPstat Data API v1,12518349,gross_fixed_capital_formation_current_annual,gross_fixed_capital_formation,Gross fixed capital formation-CP-A,1957,1957-12-31,90.043,millions of euros,annual,current_prices,54,ce3e4e50cda325537eff729ef64037cd,Portugal reference territory in BPstat metadata; historical treatment of overseas territories not yet independently reviewed,national_accounts_expenditure_approach_historical_series,not_reviewed_in_source_notes,reconstructed_or_harmonised_not_yet_confirmed,accepted_for_context_not_enabled_for_extraction,context_only_not_empirical_identification,data/raw/live/bpstat/series_12518349.csv
BPstat Data API v1,12518349,gross_fixed_capital_formation_current_annual,gross_fixed_capital_formation,Gross fixed capital formation-CP-A,1958,1958-12-31,100.039,millions of euros,annual,current_prices,54,ce3e4e50cda325537eff729ef64037cd,Portugal reference territory in BPstat metadata; historical treatment of overseas territories not yet independently reviewed,national_accounts_expenditure_approach_historical_series,not_reviewed_in_source_notes,reconstructed_or_harmonised_not_yet_confirmed,accepted_for_context_not_enabled_for_extraction,context_only_not_empirical_identification,data/raw/live/bpstat/series_12518349.csv
BPstat Data API v1,12518349,gross_fixed_capital_formation_current_annual,gross_fixed_capital_formation,Gross fixed capital formation-CP-A,1959,1959-12-31,106.923,millions of euros,annual,current_prices,54,ce3e4e50cda325537eff729ef64037cd,Portugal reference territory in BPstat metadata; historical treatment of overseas territories not yet independently reviewed,national_accounts_expenditure_approach_historical_series,not_reviewed_in_source_notes,reconstructed_or_harmonised_not_yet_confirmed,accepted_for_context_not_enabled_for_extraction,context_only_not_empirical_identification,data/raw/live/bpstat/series_12518349.csv
BPstat Data API v1,12518349,gross_fixed_capital_formation_current_annual,gross_fixed_capital_formation,Gross fixed capital formation-CP-A,1960,1960-12-31,109.821,millions of euros,annual,current_prices,54,ce3e4e50cda325537eff729ef64037cd,Portugal reference territory in BPstat metadata; historical treatment of overseas territories not yet independently reviewed,national_accounts_expenditure_approach_historical_series,not_reviewed_in_source_notes,reconstructed_or_harmonised_not_yet_confirmed,accepted_for_context_not_enabled_for_extraction,context_only_not_empirical_identification,data/raw/live/bpstat/series_12518349.csv
BPstat Data API v1,12518349,gross_fixed_capital_formation_current_annual,gross_fixed_capital_formation,Gross fixed capital formation-CP-A,1961,1961-12-31,132.222,millions of euros,annual,current_prices,54,ce3e4e50cda325537eff729ef64037cd,Portugal reference territory in BPstat metadata; historical treatment of overseas territories not yet independently reviewed,national_accounts_expenditure_approach_historical_series,not_reviewed_in_source_notes,reconstructed_or_harmonised_not_yet_confirmed,accepted_for_context_not_enabled_for_extraction,context_only_not_empirical_identification,data/raw/live/bpstat/series_12518349.csv
BPstat Data API v1,12518349,gross_fixed_capital_formation_current_annual,gross_fixed_capital_formation,Gross fixed capital formation-CP-A,1962,1962-12-31,137.992,millions of euros,annual,current_prices,54,ce3e4e50cda325537eff729ef64037cd,Portugal reference territory in BPstat metadata; historical treatment of overseas territories not yet independently reviewed,national_accounts_expenditure_approach_historical_series,not_reviewed_in_source_notes,reconstructed_or_harmonised_not_yet_confirmed,accepted_for_context_not_enabled_for_extraction,context_only_not_empirical_identification,data/raw/live/bpstat/series_12518349.csv
BPstat Data API v1,12518349,gross_fixed_capital_formation_current_annual,gross_fixed_capital_formation,Gross fixed capital formation-CP-A,1963,1963-12-31,130.919,millions of euros,annual,current_prices,54,ce3e4e50cda325537eff729ef64037cd,Portugal reference territory in BPstat metadata; historical treatment of overseas territories not yet independently reviewed,national_accounts_expenditure_approach_historical_series,not_reviewed_in_source_notes,reconstructed_or_harmonised_not_yet_confirmed,accepted_for_context_not_enabled_for_extraction,context_only_not_empirical_identification,data/raw/live/bpstat/series_12518349.csv
BPstat Data API v1,12518349,gross_fixed_capital_formation_current_annual,gross_fixed_capital_formation,Gross fixed capital formation-CP-A,1964,1964-12-31,144.592,millions of euros,annual,current_prices,54,ce3e4e50cda325537eff729ef64037cd,Portugal reference territory in BPstat metadata; historical treatment of overseas territories not yet independently reviewed,national_accounts_expenditure_approach_historical_series,not_reviewed_in_source_notes,reconstructed_or_harmonised_not_yet_confirmed,accepted_for_context_not_enabled_for_extraction,context_only_not_empirical_identification,data/raw/live/bpstat/series_12518349.csv
BPstat Data API v1,12518349,gross_fixed_capital_formation_current_annual,gross_fixed_capital_formation,Gross fixed capital formation-CP-A,1965,1965-12-31,164.289,millions of euros,annual,current_prices,54,ce3e4e50cda325537eff729ef64037cd,Portugal reference territory in BPstat metadata; historical treatment of overseas territories not yet independently reviewed,national_accounts_expenditure_approach_historical_series,not_reviewed_in_source_notes,reconstructed_or_harmonised_not_yet_confirmed,accepted_for_context_not_enabled_for_extraction,context_only_not_empirical_identification,data/raw/live/bpstat/series_12518349.csv
BPstat Data API v1,12518349,gross_fixed_capital_formation_current_annual,gross_fixed_capital_formation,Gross fixed capital formation-CP-A,1966,1966-12-31,201.115,millions of euros,annual,current_prices,54,ce3e4e50cda325537eff729ef64037cd,Portugal reference territory in BPstat metadata; historical treatment of overseas territories not yet independently reviewed,national_accounts_expenditure_approach_historical_series,not_reviewed_in_source_notes,reconstructed_or_harmonised_not_yet_confirmed,accepted_for_context_not_enabled_for_extraction,context_only_not_empirical_identification,data/raw/live/bpstat/series_12518349.csv
BPstat Data API v1,12518349,gross_fixed_capital_formation_current_annual,gross_fixed_capital_formation,Gross fixed capital formation-CP-A,1967,1967-12-31,220.399,millions of euros,annual,current_prices,54,ce3e4e50cda325537eff729ef64037cd,Portugal reference territory in BPstat metadata; historical treatment of overseas territories not yet independently reviewed,national_accounts_expenditure_approach_historical_series,not_reviewed_in_source_notes,reconstructed_or_harmonised_not_yet_confirmed,accepted_for_context_not_enabled_for_extraction,context_only_not_empirical_identification,data/raw/live/bpstat/series_12518349.csv
BPstat Data API v1,12518349,gross_fixed_capital_formation_current_annual,gross_fixed_capital_formation,Gross fixed capital formation-CP-A,1968,1968-12-31,234.089,millions of euros,annual,current_prices,54,ce3e4e50cda325537eff729ef64037cd,Portugal reference territory in BPstat metadata; historical treatment of overseas territories not yet independently reviewed,national_accounts_expenditure_approach_historical_series,not_reviewed_in_source_notes,reconstructed_or_harmonised_not_yet_confirmed,accepted_for_context_not_enabled_for_extraction,context_only_not_empirical_identification,data/raw/live/bpstat/series_12518349.csv
BPstat Data API v1,12518349,gross_fixed_capital_formation_current_annual,gross_fixed_capital_formation,Gross fixed capital formation-CP-A,1969,1969-12-31,270.1,millions of euros,annual,current_prices,54,ce3e4e50cda325537eff729ef64037cd,Portugal reference territory in BPstat metadata; historical treatment of overseas territories not yet independently reviewed,national_accounts_expenditure_approach_historical_series,not_reviewed_in_source_notes,reconstructed_or_harmonised_not_yet_confirmed,accepted_for_context_not_enabled_for_extraction,context_only_not_empirical_identification,data/raw/live/bpstat/series_12518349.csv
BPstat Data API v1,12518349,gross_fixed_capital_formation_current_annual,gross_fixed_capital_formation,Gross fixed capital formation-CP-A,1970,1970-12-31,298.199,millions of euros,annual,current_prices,54,ce3e4e50cda325537eff729ef64037cd,Portugal reference territory in BPstat metadata; historical treatment of overseas territories not yet independently reviewed,national_accounts_expenditure_approach_historical_series,not_reviewed_in_source_notes,reconstructed_or_harmonised_not_yet_confirmed,accepted_for_context_not_enabled_for_extraction,context_only_not_empirical_identification,data/raw/live/bpstat/series_12518349.csv
BPstat Data API v1,12518349,gross_fixed_capital_formation_current_annual,gross_fixed_capital_formation,Gross fixed capital formation-CP-A,1971,1971-12-31,379.168,millions of euros,annual,current_prices,54,ce3e4e50cda325537eff729ef64037cd,Portugal reference territory in BPstat metadata; historical treatment of overseas territories not yet independently reviewed,national_accounts_expenditure_approach_historical_series,not_reviewed_in_source_notes,reconstructed_or_harmonised_not_yet_confirmed,accepted_for_context_not_enabled_for_extraction,context_only_not_empirical_identification,data/raw/live/bpstat/series_12518349.csv
BPstat Data API v1,12518349,gross_fixed_capital_formation_current_annual,gross_fixed_capital_formation,Gross fixed capital formation-CP-A,1972,1972-12-31,478.49,millions of euros,annual,current_prices,54,ce3e4e50cda325537eff729ef64037cd,Portugal reference territory in BPstat metadata; historical treatment of overseas territories not yet independently reviewed,national_accounts_expenditure_approach_historical_series,not_reviewed_in_source_notes,reconstructed_or_harmonised_not_yet_confirmed,accepted_for_context_not_enabled_for_extraction,context_only_not_empirical_identification,data/raw/live/bpstat/series_12518349.csv
BPstat Data API v1,12518349,gross_fixed_capital_formation_current_annual,gross_fixed_capital_formation,Gross fixed capital formation-CP-A,1973,1973-12-31,585.242,millions of euros,annual,current_prices,54,ce3e4e50cda325537eff729ef64037cd,Portugal reference territory in BPstat metadata; historical treatment of overseas territories not yet independently reviewed,national_accounts_expenditure_approach_historical_series,not_reviewed_in_source_notes,reconstructed_or_harmonised_not_yet_confirmed,accepted_for_context_not_enabled_for_extraction,context_only_not_empirical_identification,data/raw/live/bpstat/series_12518349.csv
BPstat Data API v1,12518349,gross_fixed_capital_formation_current_annual,gross_fixed_capital_formation,Gross fixed capital formation-CP-A,1974,1974-12-31,782.915,millions of euros,annual,current_prices,54,ce3e4e50cda325537eff729ef64037cd,Portugal reference territory in BPstat metadata; historical treatment of overseas territories not yet independently reviewed,national_accounts_expenditure_approach_historical_series,not_reviewed_in_source_notes,reconstructed_or_harmonised_not_yet_confirmed,accepted_for_context_not_enabled_for_extraction,context_only_not_empirical_identification,data/raw/live/bpstat/series_12518349.csv
BPstat Data API v1,12518349,gross_fixed_capital_formation_current_annual,gross_fixed_capital_formation,Gross fixed capital formation-CP-A,1975,1975-12-31,769.008,millions of euros,annual,current_prices,54,ce3e4e50cda325537eff729ef64037cd,Portugal reference territory in BPstat metadata; historical treatment of overseas territories not yet independently reviewed,national_accounts_expenditure_approach_historical_series,not_reviewed_in_source_notes,reconstructed_or_harmonised_not_yet_confirmed,accepted_for_context_not_enabled_for_extraction,context_only_not_empirical_identification,data/raw/live/bpstat/series_12518349.csv
BPstat Data API v1,12518349,gross_fixed_capital_formation_current_annual,gross_fixed_capital_formation,Gross fixed capital formation-CP-A,1976,1976-12-31,847.26,millions of euros,annual,current_prices,54,ce3e4e50cda325537eff729ef64037cd,Portugal reference territory in BPstat metadata; historical treatment of overseas territories not yet independently reviewed,national_accounts_expenditure_approach_historical_series,not_reviewed_in_source_notes,reconstructed_or_harmonised_not_yet_confirmed,accepted_for_context_not_enabled_for_extraction,context_only_not_empirical_identification,data/raw/live/bpstat/series_12518349.csv
BPstat Data API v1,12518349,gross_fixed_capital_formation_current_annual,gross_fixed_capital_formation,Gross fixed capital formation-CP-A,1977,1977-12-31,1286.563,millions of euros,annual,current_prices,54,ce3e4e50cda325537eff729ef64037cd,Portugal reference territory in BPstat metadata; historical treatment of overseas territories not yet independently reviewed,national_accounts_expenditure_approach_historical_series,not_reviewed_in_source_notes,reconstructed_or_harmonised_not_yet_confirmed,accepted_for_context_not_enabled_for_extraction,context_only_not_empirical_identification,data/raw/live/bpstat/series_12518349.csv
BPstat Data API v1,12518349,gross_fixed_capital_formation_current_annual,gross_fixed_capital_formation,Gross fixed capital formation-CP-A,1978,1978-12-31,1489.002,millions of euros,annual,current_prices,54,ce3e4e50cda325537eff729ef64037cd,Portugal reference territory in BPstat metadata; historical treatment of overseas territories not yet independently reviewed,national_accounts_expenditure_approach_historical_series,not_reviewed_in_source_notes,reconstructed_or_harmonised_not_yet_confirmed,accepted_for_context_not_enabled_for_extraction,context_only_not_empirical_identification,data/raw/live/bpstat/series_12518349.csv
BPstat Data API v1,12518349,gross_fixed_capital_formation_current_annual,gross_fixed_capital_formation,Gross fixed capital formation-CP-A,1979,1979-12-31,2130.913,millions of euros,annual,current_prices,54,ce3e4e50cda325537eff729ef64037cd,Portugal reference territory in BPstat metadata; historical treatment of overseas territories not yet independently reviewed,national_accounts_expenditure_approach_historical_series,not_reviewed_in_source_notes,reconstructed_or_harmonised_not_yet_confirmed,accepted_for_context_not_enabled_for_extraction,context_only_not_empirical_identification,data/raw/live/bpstat/series_12518349.csv
BPstat Data API v1,12518349,gross_fixed_capital_formation_current_annual,gross_fixed_capital_formation,Gross fixed capital formation-CP-A,1980,1980-12-31,2428.145,millions of euros,annual,current_prices,54,ce3e4e50cda325537eff729ef64037cd,Portugal reference territory in BPstat metadata; historical treatment of overseas territories not yet independently reviewed,national_accounts_expenditure_approach_historical_series,not_reviewed_in_source_notes,reconstructed_or_harmonised_not_yet_confirmed,accepted_for_context_not_enabled_for_extraction,context_only_not_empirical_identification,data/raw/live/bpstat/series_12518349.csv
BPstat Data API v1,12518349,gross_fixed_capital_formation_current_annual,gross_fixed_capital_formation,Gross fixed capital formation-CP-A,1981,1981-12-31,3327.19,millions of euros,annual,current_prices,54,ce3e4e50cda325537eff729ef64037cd,Portugal reference territory in BPstat metadata; historical treatment of overseas territories not yet independently reviewed,national_accounts_expenditure_approach_historical_series,not_reviewed_in_source_notes,reconstructed_or_harmonised_not_yet_confirmed,accepted_for_context_not_enabled_for_extraction,context_only_not_empirical_identification,data/raw/live/bpstat/series_12518349.csv
BPstat Data API v1,12518349,gross_fixed_capital_formation_current_annual,gross_fixed_capital_formation,Gross fixed capital formation-CP-A,1982,1982-12-31,3960.363,millions of euros,annual,current_prices,54,ce3e4e50cda325537eff729ef64037cd,Portugal reference territory in BPstat metadata; historical treatment of overseas territories not yet independently reviewed,national_accounts_expenditure_approach_historical_series,not_reviewed_in_source_notes,reconstructed_or_harmonised_not_yet_confirmed,accepted_for_context_not_enabled_for_extraction,context_only_not_empirical_identification,data/raw/live/bpstat/series_12518349.csv
BPstat Data API v1,12518349,gross_fixed_capital_formation_current_annual,gross_fixed_capital_formation,Gross fixed capital formation-CP-A,1983,1983-12-31,4837.41,millions of euros,annual,current_prices,54,ce3e4e50cda325537eff729ef64037cd,Portugal reference territory in BPstat metadata; historical treatment of overseas territories not yet independently reviewed,national_accounts_expenditure_approach_historical_series,not_reviewed_in_source_notes,reconstructed_or_harmonised_not_yet_confirmed,accepted_for_context_not_enabled_for_extraction,context_only_not_empirical_identification,data/raw/live/bpstat/series_12518349.csv
BPstat Data API v1,12518349,gross_fixed_capital_formation_current_annual,gross_fixed_capital_formation,Gross fixed capital formation-CP-A,1984,1984-12-31,5235.305,millions of euros,annual,current_prices,54,ce3e4e50cda325537eff729ef64037cd,Portugal reference territory in BPstat metadata; historical treatment of overseas territories not yet independently reviewed,national_accounts_expenditure_approach_historical_series,not_reviewed_in_source_notes,reconstructed_or_harmonised_not_yet_confirmed,accepted_for_context_not_enabled_for_extraction,context_only_not_empirical_identification,data/raw/live/bpstat/series_12518349.csv
BPstat Data API v1,12518349,gross_fixed_capital_formation_current_annual,gross_fixed_capital_formation,Gross fixed capital formation-CP-A,1985,1985-12-31,5999.39,millions of euros,annual,current_prices,54,ce3e4e50cda325537eff729ef64037cd,Portugal reference territory in BPstat metadata; historical treatment of overseas territories not yet independently reviewed,national_accounts_expenditure_approach_historical_series,not_reviewed_in_source_notes,reconstructed_or_harmonised_not_yet_confirmed,accepted_for_context_not_enabled_for_extraction,context_only_not_empirical_identification,data/raw/live/bpstat/series_12518349.csv
BPstat Data API v1,12518349,gross_fixed_capital_formation_current_annual,gross_fixed_capital_formation,Gross fixed capital formation-CP-A,1986,1986-12-31,7063.261,millions of euros,annual,current_prices,54,ce3e4e50cda325537eff729ef64037cd,Portugal reference territory in BPstat metadata; historical treatment of overseas territories not yet independently reviewed,national_accounts_expenditure_approach_historical_series,not_reviewed_in_source_notes,reconstructed_or_harmonised_not_yet_confirmed,accepted_for_context_not_enabled_for_extraction,context_only_not_empirical_identification,data/raw/live/bpstat/series_12518349.csv
BPstat Data API v1,12518349,gross_fixed_capital_formation_current_annual,gross_fixed_capital_formation,Gross fixed capital formation-CP-A,1987,1987-12-31,9207.286,millions of euros,annual,current_prices,54,ce3e4e50cda325537eff729ef64037cd,Portugal reference territory in BPstat metadata; historical treatment of overseas territories not yet independently reviewed,national_accounts_expenditure_approach_historical_series,not_reviewed_in_source_notes,reconstructed_or_harmonised_not_yet_confirmed,accepted_for_context_not_enabled_for_extraction,context_only_not_empirical_identification,data/raw/live/bpstat/series_12518349.csv
BPstat Data API v1,12518349,gross_fixed_capital_formation_current_annual,gross_fixed_capital_formation,Gross fixed capital formation-CP-A,1988,1988-12-31,11703.509,millions of euros,annual,current_prices,54,ce3e4e50cda325537eff729ef64037cd,Portugal reference territory in BPstat metadata; historical treatment of overseas territories not yet independently reviewed,national_accounts_expenditure_approach_historical_series,not_reviewed_in_source_notes,reconstructed_or_harmonised_not_yet_confirmed,accepted_for_context_not_enabled_for_extraction,context_only_not_empirical_identification,data/raw/live/bpstat/series_12518349.csv
BPstat Data API v1,12518349,gross_fixed_capital_formation_current_annual,gross_fixed_capital_formation,Gross fixed capital formation-CP-A,1989,1989-12-31,13409.139,millions of euros,annual,current_prices,54,ce3e4e50cda325537eff729ef64037cd,Portugal reference territory in BPstat metadata; historical treatment of overseas territories not yet independently reviewed,national_accounts_expenditure_approach_historical_series,not_reviewed_in_source_notes,reconstructed_or_harmonised_not_yet_confirmed,accepted_for_context_not_enabled_for_extraction,context_only_not_empirical_identification,data/raw/live/bpstat/series_12518349.csv
BPstat Data API v1,12518349,gross_fixed_capital_formation_current_annual,gross_fixed_capital_formation,Gross fixed capital formation-CP-A,1990,1990-12-31,15366.011,millions of euros,annual,current_prices,54,ce3e4e50cda325537eff729ef64037cd,Portugal reference territory in BPstat metadata; historical treatment of overseas territories not yet independently reviewed,national_accounts_expenditure_approach_historical_series,not_reviewed_in_source_notes,reconstructed_or_harmonised_not_yet_confirmed,accepted_for_context_not_enabled_for_extraction,context_only_not_empirical_identification,data/raw/live/bpstat/series_12518349.csv
BPstat Data API v1,12518349,gross_fixed_capital_formation_current_annual,gross_fixed_capital_formation,Gross fixed capital formation-CP-A,1991,1991-12-31,17376.275,millions of euros,annual,current_prices,54,ce3e4e50cda325537eff729ef64037cd,Portugal reference territory in BPstat metadata; historical treatment of overseas territories not yet independently reviewed,national_accounts_expenditure_approach_historical_series,not_reviewed_in_source_notes,reconstructed_or_harmonised_not_yet_confirmed,accepted_for_context_not_enabled_for_extraction,context_only_not_empirical_identification,data/raw/live/bpstat/series_12518349.csv
BPstat Data API v1,12518349,gross_fixed_capital_formation_current_annual,gross_fixed_capital_formation,Gross fixed capital formation-CP-A,1992,1992-12-31,19441.98,millions of euros,annual,current_prices,54,ce3e4e50cda325537eff729ef64037cd,Portugal reference territory in BPstat metadata; historical treatment of overseas territories not yet independently reviewed,national_accounts_expenditure_approach_historical_series,not_reviewed_in_source_notes,reconstructed_or_harmonised_not_yet_confirmed,accepted_for_context_not_enabled_for_extraction,context_only_not_empirical_identification,data/raw/live/bpstat/series_12518349.csv
BPstat Data API v1,12518349,gross_fixed_capital_formation_current_annual,gross_fixed_capital_formation,Gross fixed capital formation-CP-A,1993,1993-12-31,18553.089,millions of euros,annual,current_prices,54,ce3e4e50cda325537eff729ef64037cd,Portugal reference territory in BPstat metadata; historical treatment of overseas territories not yet independently reviewed,national_accounts_expenditure_approach_historical_series,not_reviewed_in_source_notes,reconstructed_or_harmonised_not_yet_confirmed,accepted_for_context_not_enabled_for_extraction,context_only_not_empirical_identification,data/raw/live/bpstat/series_12518349.csv
BPstat Data API v1,12518349,gross_fixed_capital_formation_current_annual,gross_fixed_capital_formation,Gross fixed capital formation-CP-A,1994,1994-12-31,19235.145,millions of euros,annual,current_prices,54,ce3e4e50cda325537eff729ef64037cd,Portugal reference territory in BPstat metadata; historical treatment of overseas territories not yet independently reviewed,national_accounts_expenditure_approach_historical_series,not_reviewed_in_source_notes,reconstructed_or_harmonised_not_yet_confirmed,accepted_for_context_not_enabled_for_extraction,context_only_not_empirical_identification,data/raw/live/bpstat/series_12518349.csv
BPstat Data API v1,12518349,gross_fixed_capital_formation_current_annual,gross_fixed_capital_formation,Gross fixed capital formation-CP-A,1995,1995-12-31,20727.208,millions of euros,annual,current_prices,54,ce3e4e50cda325537eff729ef64037cd,Portugal reference territory in BPstat metadata; historical treatment of overseas territories not yet independently reviewed,national_accounts_expenditure_approach_historical_series,not_reviewed_in_source_notes,reconstructed_or_harmonised_not_yet_confirmed,accepted_for_context_not_enabled_for_extraction,context_only_not_empirical_identification,data/raw/live/bpstat/series_12518349.csv
BPstat Data API v1,12518349,gross_fixed_capital_formation_current_annual,gross_fixed_capital_formation,Gross fixed capital formation-CP-A,1996,1996-12-31,22478.121,millions of euros,annual,current_prices,54,ce3e4e50cda325537eff729ef64037cd,Portugal reference territory in BPstat metadata; historical treatment of overseas territories not yet independently reviewed,national_accounts_expenditure_approach_historical_series,not_reviewed_in_source_notes,reconstructed_or_harmonised_not_yet_confirmed,accepted_for_context_not_enabled_for_extraction,context_only_not_empirical_identification,data/raw/live/bpstat/series_12518349.csv
BPstat Data API v1,12518349,gross_fixed_capital_formation_current_annual,gross_fixed_capital_formation,Gross fixed capital formation-CP-A,1997,1997-12-31,26603.35,millions of euros,annual,current_prices,54,ce3e4e50cda325537eff729ef64037cd,Portugal reference territory in BPstat metadata; historical treatment of overseas territories not yet independently reviewed,national_accounts_expenditure_approach_historical_series,not_reviewed_in_source_notes,reconstructed_or_harmonised_not_yet_confirmed,accepted_for_context_not_enabled_for_extraction,context_only_not_empirical_identification,data/raw/live/bpstat/series_12518349.csv
BPstat Data API v1,12518349,gross_fixed_capital_formation_current_annual,gross_fixed_capital_formation,Gross fixed capital formation-CP-A,1998,1998-12-31,30453.171,millions of euros,annual,current_prices,54,ce3e4e50cda325537eff729ef64037cd,Portugal reference territory in BPstat metadata; historical treatment of overseas territories not yet independently reviewed,national_accounts_expenditure_approach_historical_series,not_reviewed_in_source_notes,reconstructed_or_harmonised_not_yet_confirmed,accepted_for_context_not_enabled_for_extraction,context_only_not_empirical_identification,data/raw/live/bpstat/series_12518349.csv
BPstat Data API v1,12518349,gross_fixed_capital_formation_current_annual,gross_fixed_capital_formation,Gross fixed capital formation-CP-A,1999,1999-12-31,32999.91,millions of euros,annual,current_prices,54,ce3e4e50cda325537eff729ef64037cd,Portugal reference territory in BPstat metadata; historical treatment of overseas territories not yet independently reviewed,national_accounts_expenditure_approach_historical_series,not_reviewed_in_source_notes,reconstructed_or_harmonised_not_yet_confirmed,accepted_for_context_not_enabled_for_extraction,context_only_not_empirical_identification,data/raw/live/bpstat/series_12518349.csv
BPstat Data API v1,12518349,gross_fixed_capital_formation_current_annual,gross_fixed_capital_formation,Gross fixed capital formation-CP-A,2000,2000-12-31,35959.962,millions of euros,annual,current_prices,54,ce3e4e50cda325537eff729ef64037cd,Portugal reference territory in BPstat metadata; historical treatment of overseas territories not yet independently reviewed,national_accounts_expenditure_approach_historical_series,not_reviewed_in_source_notes,reconstructed_or_harmonised_not_yet_confirmed,accepted_for_context_not_enabled_for_extraction,context_only_not_empirical_identification,data/raw/live/bpstat/series_12518349.csv
BPstat Data API v1,12518349,gross_fixed_capital_formation_current_annual,gross_fixed_capital_formation,Gross fixed capital formation-CP-A,2001,2001-12-31,37177.356,millions of euros,annual,current_prices,54,ce3e4e50cda325537eff729ef64037cd,Portugal reference territory in BPstat metadata; historical treatment of overseas territories not yet independently reviewed,national_accounts_expenditure_approach_historical_series,not_reviewed_in_source_notes,reconstructed_or_harmonised_not_yet_confirmed,accepted_for_context_not_enabled_for_extraction,context_only_not_empirical_identification,data/raw/live/bpstat/series_12518349.csv
BPstat Data API v1,12518349,gross_fixed_capital_formation_current_annual,gross_fixed_capital_formation,Gross fixed capital formation-CP-A,2002,2002-12-31,36860.405,millions of euros,annual,current_prices,54,ce3e4e50cda325537eff729ef64037cd,Portugal reference territory in BPstat metadata; historical treatment of overseas territories not yet independently reviewed,national_accounts_expenditure_approach_historical_series,not_reviewed_in_source_notes,reconstructed_or_harmonised_not_yet_confirmed,accepted_for_context_not_enabled_for_extraction,context_only_not_empirical_identification,data/raw/live/bpstat/series_12518349.csv
BPstat Data API v1,12518349,gross_fixed_capital_formation_current_annual,gross_fixed_capital_formation,Gross fixed capital formation-CP-A,2003,2003-12-31,34706.37,millions of euros,annual,current_prices,54,ce3e4e50cda325537eff729ef64037cd,Portugal reference territory in BPstat metadata; historical treatment of overseas territories not yet independently reviewed,national_accounts_expenditure_approach_historical_series,not_reviewed_in_source_notes,reconstructed_or_harmonised_not_yet_confirmed,accepted_for_context_not_enabled_for_extraction,context_only_not_empirical_identification,data/raw/live/bpstat/series_12518349.csv
BPstat Data API v1,12518349,gross_fixed_capital_formation_current_annual,gross_fixed_capital_formation,Gross fixed capital formation-CP-A,2004,2004-12-31,35662.765,millions of euros,annual,current_prices,54,ce3e4e50cda325537eff729ef64037cd,Portugal reference territory in BPstat metadata; historical treatment of overseas territories not yet independently reviewed,national_accounts_expenditure_approach_historical_series,not_reviewed_in_source_notes,reconstructed_or_harmonised_not_yet_confirmed,accepted_for_context_not_enabled_for_extraction,context_only_not_empirical_identification,data/raw/live/bpstat/series_12518349.csv
BPstat Data API v1,12518349,gross_fixed_capital_formation_current_annual,gross_fixed_capital_formation,Gross fixed capital formation-CP-A,2005,2005-12-31,36667.811,millions of euros,annual,current_prices,54,ce3e4e50cda325537eff729ef64037cd,Portugal reference territory in BPstat metadata; historical treatment of overseas territories not yet independently reviewed,national_accounts_expenditure_approach_historical_series,not_reviewed_in_source_notes,reconstructed_or_harmonised_not_yet_confirmed,accepted_for_context_not_enabled_for_extraction,context_only_not_empirical_identification,data/raw/live/bpstat/series_12518349.csv
BPstat Data API v1,12518349,gross_fixed_capital_formation_current_annual,gross_fixed_capital_formation,Gross fixed capital formation-CP-A,2006,2006-12-31,37463.228,millions of euros,annual,current_prices,54,ce3e4e50cda325537eff729ef64037cd,Portugal reference territory in BPstat metadata; historical treatment of overseas territories not yet independently reviewed,national_accounts_expenditure_approach_historical_series,not_reviewed_in_source_notes,reconstructed_or_harmonised_not_yet_confirmed,accepted_for_context_not_enabled_for_extraction,context_only_not_empirical_identification,data/raw/live/bpstat/series_12518349.csv
BPstat Data API v1,12518349,gross_fixed_capital_formation_current_annual,gross_fixed_capital_formation,Gross fixed capital formation-CP-A,2007,2007-12-31,39500.651,millions of euros,annual,current_prices,54,ce3e4e50cda325537eff729ef64037cd,Portugal reference territory in BPstat metadata; historical treatment of overseas territories not yet independently reviewed,national_accounts_expenditure_approach_historical_series,not_reviewed_in_source_notes,reconstructed_or_harmonised_not_yet_confirmed,accepted_for_context_not_enabled_for_extraction,context_only_not_empirical_identification,data/raw/live/bpstat/series_12518349.csv
BPstat Data API v1,12518349,gross_fixed_capital_formation_current_annual,gross_fixed_capital_formation,Gross fixed capital formation-CP-A,2008,2008-12-31,40928.99,millions of euros,annual,current_prices,54,ce3e4e50cda325537eff729ef64037cd,Portugal reference territory in BPstat metadata; historical treatment of overseas territories not yet independently reviewed,national_accounts_expenditure_approach_historical_series,not_reviewed_in_source_notes,reconstructed_or_harmonised_not_yet_confirmed,accepted_for_context_not_enabled_for_extraction,context_only_not_empirical_identification,data/raw/live/bpstat/series_12518349.csv
BPstat Data API v1,12518349,gross_fixed_capital_formation_current_annual,gross_fixed_capital_formation,Gross fixed capital formation-CP-A,2009,2009-12-31,37191.083,millions of euros,annual,current_prices,54,ce3e4e50cda325537eff729ef64037cd,Portugal reference territory in BPstat metadata; historical treatment of overseas territories not yet independently reviewed,national_accounts_expenditure_approach_historical_series,not_reviewed_in_source_notes,reconstructed_or_harmonised_not_yet_confirmed,accepted_for_context_not_enabled_for_extraction,context_only_not_empirical_identification,data/raw/live/bpstat/series_12518349.csv
BPstat Data API v1,12518349,gross_fixed_capital_formation_current_annual,gross_fixed_capital_formation,Gross fixed capital formation-CP-A,2010,2010-12-31,37137.636,millions of euros,annual,current_prices,54,ce3e4e50cda325537eff729ef64037cd,Portugal reference territory in BPstat metadata; historical treatment of overseas territories not yet independently reviewed,national_accounts_expenditure_approach_historical_series,not_reviewed_in_source_notes,reconstructed_or_harmonised_not_yet_confirmed,accepted_for_context_not_enabled_for_extraction,context_only_not_empirical_identification,data/raw/live/bpstat/series_12518349.csv
BPstat Data API v1,12518349,gross_fixed_capital_formation_current_annual,gross_fixed_capital_formation,Gross fixed capital formation-CP-A,2011,2011-12-31,32590.819,millions of euros,annual,current_prices,54,ce3e4e50cda325537eff729ef64037cd,Portugal reference territory in BPstat metadata; historical treatment of overseas territories not yet independently reviewed,national_accounts_expenditure_approach_historical_series,not_reviewed_in_source_notes,reconstructed_or_harmonised_not_yet_confirmed,accepted_for_context_not_enabled_for_extraction,context_only_not_empirical_identification,data/raw/live/bpstat/series_12518349.csv
BPstat Data API v1,12518349,gross_fixed_capital_formation_current_annual,gross_fixed_capital_formation,Gross fixed capital formation-CP-A,2012,2012-12-31,26760.862,millions of euros,annual,current_prices,54,ce3e4e50cda325537eff729ef64037cd,Portugal reference territory in BPstat metadata; historical treatment of overseas territories not yet independently reviewed,national_accounts_expenditure_approach_historical_series,not_reviewed_in_source_notes,reconstructed_or_harmonised_not_yet_confirmed,accepted_for_context_not_enabled_for_extraction,context_only_not_empirical_identification,data/raw/live/bpstat/series_12518349.csv
BPstat Data API v1,12518349,gross_fixed_capital_formation_current_annual,gross_fixed_capital_formation,Gross fixed capital formation-CP-A,2013,2013-12-31,25312.765,millions of euros,annual,current_prices,54,ce3e4e50cda325537eff729ef64037cd,Portugal reference territory in BPstat metadata; historical treatment of overseas territories not yet independently reviewed,national_accounts_expenditure_approach_historical_series,not_reviewed_in_source_notes,reconstructed_or_harmonised_not_yet_confirmed,accepted_for_context_not_enabled_for_extraction,context_only_not_empirical_identification,data/raw/live/bpstat/series_12518349.csv
BPstat Data API v1,12518349,gross_fixed_capital_formation_current_annual,gross_fixed_capital_formation,Gross fixed capital formation-CP-A,2014,2014-12-31,26169.8,millions of euros,annual,current_prices,54,ce3e4e50cda325537eff729ef64037cd,Portugal reference territory in BPstat metadata; historical treatment of overseas territories not yet independently reviewed,national_accounts_expenditure_approach_historical_series,not_reviewed_in_source_notes,reconstructed_or_harmonised_not_yet_confirmed,accepted_for_context_not_enabled_for_extraction,context_only_not_empirical_identification,data/raw/live/bpstat/series_12518349.csv
BPstat Data API v1,12518349,gross_fixed_capital_formation_current_annual,gross_fixed_capital_formation,Gross fixed capital formation-CP-A,2015,2015-12-31,28082.266,millions of euros,annual,current_prices,54,ce3e4e50cda325537eff729ef64037cd,Portugal reference territory in BPstat metadata; historical treatment of overseas territories not yet independently reviewed,national_accounts_expenditure_approach_historical_series,not_reviewed_in_source_notes,reconstructed_or_harmonised_not_yet_confirmed,accepted_for_context_not_enabled_for_extraction,context_only_not_empirical_identification,data/raw/live/bpstat/series_12518349.csv
BPstat Data API v1,12518349,gross_fixed_capital_formation_current_annual,gross_fixed_capital_formation,Gross fixed capital formation-CP-A,2016,2016-12-31,29311.592,millions of euros,annual,current_prices,54,ce3e4e50cda325537eff729ef64037cd,Portugal reference territory in BPstat metadata; historical treatment of overseas territories not yet independently reviewed,national_accounts_expenditure_approach_historical_series,not_reviewed_in_source_notes,reconstructed_or_harmonised_not_yet_confirmed,accepted_for_context_not_enabled_for_extraction,context_only_not_empirical_identification,data/raw/live/bpstat/series_12518349.csv
BPstat Data API v1,12518349,gross_fixed_capital_formation_current_annual,gross_fixed_capital_formation,Gross fixed capital formation-CP-A,2017,2017-12-31,33404.025,millions of euros,annual,current_prices,54,ce3e4e50cda325537eff729ef64037cd,Portugal reference territory in BPstat metadata; historical treatment of overseas territories not yet independently reviewed,national_accounts_expenditure_approach_historical_series,not_reviewed_in_source_notes,reconstructed_or_harmonised_not_yet_confirmed,accepted_for_context_not_enabled_for_extraction,context_only_not_empirical_identification,data/raw/live/bpstat/series_12518349.csv
BPstat Data API v1,12518349,gross_fixed_capital_formation_current_annual,gross_fixed_capital_formation,Gross fixed capital formation-CP-A,2018,2018-12-31,36548.599,millions of euros,annual,current_prices,54,ce3e4e50cda325537eff729ef64037cd,Portugal reference territory in BPstat metadata; historical treatment of overseas territories not yet independently reviewed,national_accounts_expenditure_approach_historical_series,not_reviewed_in_source_notes,reconstructed_or_harmonised_not_yet_confirmed,accepted_for_context_not_enabled_for_extraction,context_only_not_empirical_identification,data/raw/live/bpstat/series_12518349.csv
BPstat Data API v1,12518349,gross_fixed_capital_formation_current_annual,gross_fixed_capital_formation,Gross fixed capital formation-CP-A,2019,2019-12-31,39536.548,millions of euros,annual,current_prices,54,ce3e4e50cda325537eff729ef64037cd,Portugal reference territory in BPstat metadata; historical treatment of overseas territories not yet independently reviewed,national_accounts_expenditure_approach_historical_series,not_reviewed_in_source_notes,reconstructed_or_harmonised_not_yet_confirmed,accepted_for_context_not_enabled_for_extraction,context_only_not_empirical_identification,data/raw/live/bpstat/series_12518349.csv
BPstat Data API v1,12518349,gross_fixed_capital_formation_current_annual,gross_fixed_capital_formation,Gross fixed capital formation-CP-A,2020,2020-12-31,39193.938,millions of euros,annual,current_prices,54,ce3e4e50cda325537eff729ef64037cd,Portugal reference territory in BPstat metadata; historical treatment of overseas territories not yet independently reviewed,national_accounts_expenditure_approach_historical_series,not_reviewed_in_source_notes,reconstructed_or_harmonised_not_yet_confirmed,accepted_for_context_not_enabled_for_extraction,context_only_not_empirical_identification,data/raw/live/bpstat/series_12518349.csv
BPstat Data API v1,12518349,gross_fixed_capital_formation_current_annual,gross_fixed_capital_formation,Gross fixed capital formation-CP-A,2021,2021-12-31,44387.665,millions of euros,annual,current_prices,54,ce3e4e50cda325537eff729ef64037cd,Portugal reference territory in BPstat metadata; historical treatment of overseas territories not yet independently reviewed,national_accounts_expenditure_approach_historical_series,not_reviewed_in_source_notes,reconstructed_or_harmonised_not_yet_confirmed,accepted_for_context_not_enabled_for_extraction,context_only_not_empirical_identification,data/raw/live/bpstat/series_12518349.csv
BPstat Data API v1,12518349,gross_fixed_capital_formation_current_annual,gross_fixed_capital_formation,Gross fixed capital formation-CP-A,2022,2022-12-31,50189.88,millions of euros,annual,current_prices,54,ce3e4e50cda325537eff729ef64037cd,Portugal reference territory in BPstat metadata; historical treatment of overseas territories not yet independently reviewed,national_accounts_expenditure_approach_historical_series,not_reviewed_in_source_notes,reconstructed_or_harmonised_not_yet_confirmed,accepted_for_context_not_enabled_for_extraction,context_only_not_empirical_identification,data/raw/live/bpstat/series_12518349.csv
BPstat Data API v1,12518349,gross_fixed_capital_formation_current_annual,gross_fixed_capital_formation,Gross fixed capital formation-CP-A,2023,2023-12-31,55384.307,millions of euros,annual,current_prices,54,ce3e4e50cda325537eff729ef64037cd,Portugal reference territory in BPstat metadata; historical treatment of overseas territories not yet independently reviewed,national_accounts_expenditure_approach_historical_series,not_reviewed_in_source_notes,reconstructed_or_harmonised_not_yet_confirmed,accepted_for_context_not_enabled_for_extraction,context_only_not_empirical_identification,data/raw/live/bpstat/series_12518349.csv
BPstat Data API v1,12518349,gross_fixed_capital_formation_current_annual,gross_fixed_capital_formation,Gross fixed capital formation-CP-A,2024,2024-12-31,59197.477,millions of euros,annual,current_prices,54,ce3e4e50cda325537eff729ef64037cd,Portugal reference territory in BPstat metadata; historical treatment of overseas territories not yet independently reviewed,national_accounts_expenditure_approach_historical_series,not_reviewed_in_source_notes,reconstructed_or_harmonised_not_yet_confirmed,accepted_for_context_not_enabled_for_extraction,context_only_not_empirical_identification,data/raw/live/bpstat/series_12518349.csv
BPstat Data API v1,12518349,gross_fixed_capital_formation_current_annual,gross_fixed_capital_formation,Gross fixed capital formation-CP-A,2025,2025-12-31,63485.309,millions of euros,annual,current_prices,54,ce3e4e50cda325537eff729ef64037cd,Portugal reference territory in BPstat metadata; historical treatment of overseas territories not yet independently reviewed,national_accounts_expenditure_approach_historical_series,not_reviewed_in_source_notes,reconstructed_or_harmonised_not_yet_confirmed,accepted_for_context_not_enabled_for_extraction,context_only_not_empirical_identification,data/raw/live/bpstat/series_12518349.csv
BPstat Data API v1,12518323,imports_goods_services_chain_linked_annual,real_imports_goods_services,Imports of goods and services-CLV-A,1954,1954-12-31,1322.579,millions of euros,annual,chain_linked_volume,54,ce3e4e50cda325537eff729ef64037cd,"Portugal reference territory in BPstat metadata; national-accounts goods-and-services concept, not merchandise-only trade",national_accounts_expenditure_approach_historical_series,not_reviewed_in_source_notes,reconstructed_or_harmonised_not_yet_confirmed,accepted_for_context_not_enabled_for_extraction,context_only_not_empirical_identification,data/raw/live/bpstat/series_12518323.csv
BPstat Data API v1,12518323,imports_goods_services_chain_linked_annual,real_imports_goods_services,Imports of goods and services-CLV-A,1955,1955-12-31,1422.443,millions of euros,annual,chain_linked_volume,54,ce3e4e50cda325537eff729ef64037cd,"Portugal reference territory in BPstat metadata; national-accounts goods-and-services concept, not merchandise-only trade",national_accounts_expenditure_approach_historical_series,not_reviewed_in_source_notes,reconstructed_or_harmonised_not_yet_confirmed,accepted_for_context_not_enabled_for_extraction,context_only_not_empirical_identification,data/raw/live/bpstat/series_12518323.csv
BPstat Data API v1,12518323,imports_goods_services_chain_linked_annual,real_imports_goods_services,Imports of goods and services-CLV-A,1956,1956-12-31,1479.825,millions of euros,annual,chain_linked_volume,54,ce3e4e50cda325537eff729ef64037cd,"Portugal reference territory in BPstat metadata; national-accounts goods-and-services concept, not merchandise-only trade",national_accounts_expenditure_approach_historical_series,not_reviewed_in_source_notes,reconstructed_or_harmonised_not_yet_confirmed,accepted_for_context_not_enabled_for_extraction,context_only_not_empirical_identification,data/raw/live/bpstat/series_12518323.csv
BPstat Data API v1,12518323,imports_goods_services_chain_linked_annual,real_imports_goods_services,Imports of goods and services-CLV-A,1957,1957-12-31,1589.657,millions of euros,annual,chain_linked_volume,54,ce3e4e50cda325537eff729ef64037cd,"Portugal reference territory in BPstat metadata; national-accounts goods-and-services concept, not merchandise-only trade",national_accounts_expenditure_approach_historical_series,not_reviewed_in_source_notes,reconstructed_or_harmonised_not_yet_confirmed,accepted_for_context_not_enabled_for_extraction,context_only_not_empirical_identification,data/raw/live/bpstat/series_12518323.csv
BPstat Data API v1,12518323,imports_goods_services_chain_linked_annual,real_imports_goods_services,Imports of goods and services-CLV-A,1958,1958-12-31,1646.045,millions of euros,annual,chain_linked_volume,54,ce3e4e50cda325537eff729ef64037cd,"Portugal reference territory in BPstat metadata; national-accounts goods-and-services concept, not merchandise-only trade",national_accounts_expenditure_approach_historical_series,not_reviewed_in_source_notes,reconstructed_or_harmonised_not_yet_confirmed,accepted_for_context_not_enabled_for_extraction,context_only_not_empirical_identification,data/raw/live/bpstat/series_12518323.csv
BPstat Data API v1,12518323,imports_goods_services_chain_linked_annual,real_imports_goods_services,Imports of goods and services-CLV-A,1959,1959-12-31,1670.059,millions of euros,annual,chain_linked_volume,54,ce3e4e50cda325537eff729ef64037cd,"Portugal reference territory in BPstat metadata; national-accounts goods-and-services concept, not merchandise-only trade",national_accounts_expenditure_approach_historical_series,not_reviewed_in_source_notes,reconstructed_or_harmonised_not_yet_confirmed,accepted_for_context_not_enabled_for_extraction,context_only_not_empirical_identification,data/raw/live/bpstat/series_12518323.csv
BPstat Data API v1,12518323,imports_goods_services_chain_linked_annual,real_imports_goods_services,Imports of goods and services-CLV-A,1960,1960-12-31,1901.481,millions of euros,annual,chain_linked_volume,54,ce3e4e50cda325537eff729ef64037cd,"Portugal reference territory in BPstat metadata; national-accounts goods-and-services concept, not merchandise-only trade",national_accounts_expenditure_approach_historical_series,not_reviewed_in_source_notes,reconstructed_or_harmonised_not_yet_confirmed,accepted_for_context_not_enabled_for_extraction,context_only_not_empirical_identification,data/raw/live/bpstat/series_12518323.csv
BPstat Data API v1,12518323,imports_goods_services_chain_linked_annual,real_imports_goods_services,Imports of goods and services-CLV-A,1961,1961-12-31,2522.698,millions of euros,annual,chain_linked_volume,54,ce3e4e50cda325537eff729ef64037cd,"Portugal reference territory in BPstat metadata; national-accounts goods-and-services concept, not merchandise-only trade",national_accounts_expenditure_approach_historical_series,not_reviewed_in_source_notes,reconstructed_or_harmonised_not_yet_confirmed,accepted_for_context_not_enabled_for_extraction,context_only_not_empirical_identification,data/raw/live/bpstat/series_12518323.csv
BPstat Data API v1,12518323,imports_goods_services_chain_linked_annual,real_imports_goods_services,Imports of goods and services-CLV-A,1962,1962-12-31,2324.925,millions of euros,annual,chain_linked_volume,54,ce3e4e50cda325537eff729ef64037cd,"Portugal reference territory in BPstat metadata; national-accounts goods-and-services concept, not merchandise-only trade",national_accounts_expenditure_approach_historical_series,not_reviewed_in_source_notes,reconstructed_or_harmonised_not_yet_confirmed,accepted_for_context_not_enabled_for_extraction,context_only_not_empirical_identification,data/raw/live/bpstat/series_12518323.csv
BPstat Data API v1,12518323,imports_goods_services_chain_linked_annual,real_imports_goods_services,Imports of goods and services-CLV-A,1963,1963-12-31,2532.039,millions of euros,annual,chain_linked_volume,54,ce3e4e50cda325537eff729ef64037cd,"Portugal reference territory in BPstat metadata; national-accounts goods-and-services concept, not merchandise-only trade",national_accounts_expenditure_approach_historical_series,not_reviewed_in_source_notes,reconstructed_or_harmonised_not_yet_confirmed,accepted_for_context_not_enabled_for_extraction,context_only_not_empirical_identification,data/raw/live/bpstat/series_12518323.csv
BPstat Data API v1,12518323,imports_goods_services_chain_linked_annual,real_imports_goods_services,Imports of goods and services-CLV-A,1964,1964-12-31,2894.851,millions of euros,annual,chain_linked_volume,54,ce3e4e50cda325537eff729ef64037cd,"Portugal reference territory in BPstat metadata; national-accounts goods-and-services concept, not merchandise-only trade",national_accounts_expenditure_approach_historical_series,not_reviewed_in_source_notes,reconstructed_or_harmonised_not_yet_confirmed,accepted_for_context_not_enabled_for_extraction,context_only_not_empirical_identification,data/raw/live/bpstat/series_12518323.csv
BPstat Data API v1,12518323,imports_goods_services_chain_linked_annual,real_imports_goods_services,Imports of goods and services-CLV-A,1965,1965-12-31,3354.755,millions of euros,annual,chain_linked_volume,54,ce3e4e50cda325537eff729ef64037cd,"Portugal reference territory in BPstat metadata; national-accounts goods-and-services concept, not merchandise-only trade",national_accounts_expenditure_approach_historical_series,not_reviewed_in_source_notes,reconstructed_or_harmonised_not_yet_confirmed,accepted_for_context_not_enabled_for_extraction,context_only_not_empirical_identification,data/raw/live/bpstat/series_12518323.csv
BPstat Data API v1,12518323,imports_goods_services_chain_linked_annual,real_imports_goods_services,Imports of goods and services-CLV-A,1966,1966-12-31,3598.177,millions of euros,annual,chain_linked_volume,54,ce3e4e50cda325537eff729ef64037cd,"Portugal reference territory in BPstat metadata; national-accounts goods-and-services concept, not merchandise-only trade",national_accounts_expenditure_approach_historical_series,not_reviewed_in_source_notes,reconstructed_or_harmonised_not_yet_confirmed,accepted_for_context_not_enabled_for_extraction,context_only_not_empirical_identification,data/raw/live/bpstat/series_12518323.csv
BPstat Data API v1,12518323,imports_goods_services_chain_linked_annual,real_imports_goods_services,Imports of goods and services-CLV-A,1967,1967-12-31,3971.644,millions of euros,annual,chain_linked_volume,54,ce3e4e50cda325537eff729ef64037cd,"Portugal reference territory in BPstat metadata; national-accounts goods-and-services concept, not merchandise-only trade",national_accounts_expenditure_approach_historical_series,not_reviewed_in_source_notes,reconstructed_or_harmonised_not_yet_confirmed,accepted_for_context_not_enabled_for_extraction,context_only_not_empirical_identification,data/raw/live/bpstat/series_12518323.csv
BPstat Data API v1,12518323,imports_goods_services_chain_linked_annual,real_imports_goods_services,Imports of goods and services-CLV-A,1968,1968-12-31,4698.18,millions of euros,annual,chain_linked_volume,54,ce3e4e50cda325537eff729ef64037cd,"Portugal reference territory in BPstat metadata; national-accounts goods-and-services concept, not merchandise-only trade",national_accounts_expenditure_approach_historical_series,not_reviewed_in_source_notes,reconstructed_or_harmonised_not_yet_confirmed,accepted_for_context_not_enabled_for_extraction,context_only_not_empirical_identification,data/raw/live/bpstat/series_12518323.csv
BPstat Data API v1,12518323,imports_goods_services_chain_linked_annual,real_imports_goods_services,Imports of goods and services-CLV-A,1969,1969-12-31,4902.182,millions of euros,annual,chain_linked_volume,54,ce3e4e50cda325537eff729ef64037cd,"Portugal reference territory in BPstat metadata; national-accounts goods-and-services concept, not merchandise-only trade",national_accounts_expenditure_approach_historical_series,not_reviewed_in_source_notes,reconstructed_or_harmonised_not_yet_confirmed,accepted_for_context_not_enabled_for_extraction,context_only_not_empirical_identification,data/raw/live/bpstat/series_12518323.csv
BPstat Data API v1,12518323,imports_goods_services_chain_linked_annual,real_imports_goods_services,Imports of goods and services-CLV-A,1970,1970-12-31,5561.409,millions of euros,annual,chain_linked_volume,54,ce3e4e50cda325537eff729ef64037cd,"Portugal reference territory in BPstat metadata; national-accounts goods-and-services concept, not merchandise-only trade",national_accounts_expenditure_approach_historical_series,not_reviewed_in_source_notes,reconstructed_or_harmonised_not_yet_confirmed,accepted_for_context_not_enabled_for_extraction,context_only_not_empirical_identification,data/raw/live/bpstat/series_12518323.csv
BPstat Data API v1,12518323,imports_goods_services_chain_linked_annual,real_imports_goods_services,Imports of goods and services-CLV-A,1971,1971-12-31,6192.75,millions of euros,annual,chain_linked_volume,54,ce3e4e50cda325537eff729ef64037cd,"Portugal reference territory in BPstat metadata; national-accounts goods-and-services concept, not merchandise-only trade",national_accounts_expenditure_approach_historical_series,not_reviewed_in_source_notes,reconstructed_or_harmonised_not_yet_confirmed,accepted_for_context_not_enabled_for_extraction,context_only_not_empirical_identification,data/raw/live/bpstat/series_12518323.csv
BPstat Data API v1,12518323,imports_goods_services_chain_linked_annual,real_imports_goods_services,Imports of goods and services-CLV-A,1972,1972-12-31,6873.692,millions of euros,annual,chain_linked_volume,54,ce3e4e50cda325537eff729ef64037cd,"Portugal reference territory in BPstat metadata; national-accounts goods-and-services concept, not merchandise-only trade",national_accounts_expenditure_approach_historical_series,not_reviewed_in_source_notes,reconstructed_or_harmonised_not_yet_confirmed,accepted_for_context_not_enabled_for_extraction,context_only_not_empirical_identification,data/raw/live/bpstat/series_12518323.csv
BPstat Data API v1,12518323,imports_goods_services_chain_linked_annual,real_imports_goods_services,Imports of goods and services-CLV-A,1973,1973-12-31,7857.78,millions of euros,annual,chain_linked_volume,54,ce3e4e50cda325537eff729ef64037cd,"Portugal reference territory in BPstat metadata; national-accounts goods-and-services concept, not merchandise-only trade",national_accounts_expenditure_approach_historical_series,not_reviewed_in_source_notes,reconstructed_or_harmonised_not_yet_confirmed,accepted_for_context_not_enabled_for_extraction,context_only_not_empirical_identification,data/raw/live/bpstat/series_12518323.csv
BPstat Data API v1,12518323,imports_goods_services_chain_linked_annual,real_imports_goods_services,Imports of goods and services-CLV-A,1974,1974-12-31,8624.839,millions of euros,annual,chain_linked_volume,54,ce3e4e50cda325537eff729ef64037cd,"Portugal reference territory in BPstat metadata; national-accounts goods-and-services concept, not merchandise-only trade",national_accounts_expenditure_approach_historical_series,not_reviewed_in_source_notes,reconstructed_or_harmonised_not_yet_confirmed,accepted_for_context_not_enabled_for_extraction,context_only_not_empirical_identification,data/raw/live/bpstat/series_12518323.csv
BPstat Data API v1,12518323,imports_goods_services_chain_linked_annual,real_imports_goods_services,Imports of goods and services-CLV-A,1975,1975-12-31,6727.499,millions of euros,annual,chain_linked_volume,54,ce3e4e50cda325537eff729ef64037cd,"Portugal reference territory in BPstat metadata; national-accounts goods-and-services concept, not merchandise-only trade",national_accounts_expenditure_approach_historical_series,not_reviewed_in_source_notes,reconstructed_or_harmonised_not_yet_confirmed,accepted_for_context_not_enabled_for_extraction,context_only_not_empirical_identification,data/raw/live/bpstat/series_12518323.csv
BPstat Data API v1,12518323,imports_goods_services_chain_linked_annual,real_imports_goods_services,Imports of goods and services-CLV-A,1976,1976-12-31,6890.119,millions of euros,annual,chain_linked_volume,54,ce3e4e50cda325537eff729ef64037cd,"Portugal reference territory in BPstat metadata; national-accounts goods-and-services concept, not merchandise-only trade",national_accounts_expenditure_approach_historical_series,not_reviewed_in_source_notes,reconstructed_or_harmonised_not_yet_confirmed,accepted_for_context_not_enabled_for_extraction,context_only_not_empirical_identification,data/raw/live/bpstat/series_12518323.csv
BPstat Data API v1,12518323,imports_goods_services_chain_linked_annual,real_imports_goods_services,Imports of goods and services-CLV-A,1977,1977-12-31,7650.414,millions of euros,annual,chain_linked_volume,54,ce3e4e50cda325537eff729ef64037cd,"Portugal reference territory in BPstat metadata; national-accounts goods-and-services concept, not merchandise-only trade",national_accounts_expenditure_approach_historical_series,not_reviewed_in_source_notes,reconstructed_or_harmonised_not_yet_confirmed,accepted_for_context_not_enabled_for_extraction,context_only_not_empirical_identification,data/raw/live/bpstat/series_12518323.csv
BPstat Data API v1,12518323,imports_goods_services_chain_linked_annual,real_imports_goods_services,Imports of goods and services-CLV-A,1978,1978-12-31,7879.378,millions of euros,annual,chain_linked_volume,54,ce3e4e50cda325537eff729ef64037cd,"Portugal reference territory in BPstat metadata; national-accounts goods-and-services concept, not merchandise-only trade",national_accounts_expenditure_approach_historical_series,not_reviewed_in_source_notes,reconstructed_or_harmonised_not_yet_confirmed,accepted_for_context_not_enabled_for_extraction,context_only_not_empirical_identification,data/raw/live/bpstat/series_12518323.csv
BPstat Data API v1,12518323,imports_goods_services_chain_linked_annual,real_imports_goods_services,Imports of goods and services-CLV-A,1979,1979-12-31,8828.968,millions of euros,annual,chain_linked_volume,54,ce3e4e50cda325537eff729ef64037cd,"Portugal reference territory in BPstat metadata; national-accounts goods-and-services concept, not merchandise-only trade",national_accounts_expenditure_approach_historical_series,not_reviewed_in_source_notes,reconstructed_or_harmonised_not_yet_confirmed,accepted_for_context_not_enabled_for_extraction,context_only_not_empirical_identification,data/raw/live/bpstat/series_12518323.csv
BPstat Data API v1,12518323,imports_goods_services_chain_linked_annual,real_imports_goods_services,Imports of goods and services-CLV-A,1980,1980-12-31,9645.182,millions of euros,annual,chain_linked_volume,54,ce3e4e50cda325537eff729ef64037cd,"Portugal reference territory in BPstat metadata; national-accounts goods-and-services concept, not merchandise-only trade",national_accounts_expenditure_approach_historical_series,not_reviewed_in_source_notes,reconstructed_or_harmonised_not_yet_confirmed,accepted_for_context_not_enabled_for_extraction,context_only_not_empirical_identification,data/raw/live/bpstat/series_12518323.csv
BPstat Data API v1,12518323,imports_goods_services_chain_linked_annual,real_imports_goods_services,Imports of goods and services-CLV-A,1981,1981-12-31,10416.745,millions of euros,annual,chain_linked_volume,54,ce3e4e50cda325537eff729ef64037cd,"Portugal reference territory in BPstat metadata; national-accounts goods-and-services concept, not merchandise-only trade",national_accounts_expenditure_approach_historical_series,not_reviewed_in_source_notes,reconstructed_or_harmonised_not_yet_confirmed,accepted_for_context_not_enabled_for_extraction,context_only_not_empirical_identification,data/raw/live/bpstat/series_12518323.csv
BPstat Data API v1,12518323,imports_goods_services_chain_linked_annual,real_imports_goods_services,Imports of goods and services-CLV-A,1982,1982-12-31,11164.135,millions of euros,annual,chain_linked_volume,54,ce3e4e50cda325537eff729ef64037cd,"Portugal reference territory in BPstat metadata; national-accounts goods-and-services concept, not merchandise-only trade",national_accounts_expenditure_approach_historical_series,not_reviewed_in_source_notes,reconstructed_or_harmonised_not_yet_confirmed,accepted_for_context_not_enabled_for_extraction,context_only_not_empirical_identification,data/raw/live/bpstat/series_12518323.csv
BPstat Data API v1,12518323,imports_goods_services_chain_linked_annual,real_imports_goods_services,Imports of goods and services-CLV-A,1983,1983-12-31,10313.332,millions of euros,annual,chain_linked_volume,54,ce3e4e50cda325537eff729ef64037cd,"Portugal reference territory in BPstat metadata; national-accounts goods-and-services concept, not merchandise-only trade",national_accounts_expenditure_approach_historical_series,not_reviewed_in_source_notes,reconstructed_or_harmonised_not_yet_confirmed,accepted_for_context_not_enabled_for_extraction,context_only_not_empirical_identification,data/raw/live/bpstat/series_12518323.csv
BPstat Data API v1,12518323,imports_goods_services_chain_linked_annual,real_imports_goods_services,Imports of goods and services-CLV-A,1984,1984-12-31,10071.414,millions of euros,annual,chain_linked_volume,54,ce3e4e50cda325537eff729ef64037cd,"Portugal reference territory in BPstat metadata; national-accounts goods-and-services concept, not merchandise-only trade",national_accounts_expenditure_approach_historical_series,not_reviewed_in_source_notes,reconstructed_or_harmonised_not_yet_confirmed,accepted_for_context_not_enabled_for_extraction,context_only_not_empirical_identification,data/raw/live/bpstat/series_12518323.csv
BPstat Data API v1,12518323,imports_goods_services_chain_linked_annual,real_imports_goods_services,Imports of goods and services-CLV-A,1985,1985-12-31,10413.384,millions of euros,annual,chain_linked_volume,54,ce3e4e50cda325537eff729ef64037cd,"Portugal reference territory in BPstat metadata; national-accounts goods-and-services concept, not merchandise-only trade",national_accounts_expenditure_approach_historical_series,not_reviewed_in_source_notes,reconstructed_or_harmonised_not_yet_confirmed,accepted_for_context_not_enabled_for_extraction,context_only_not_empirical_identification,data/raw/live/bpstat/series_12518323.csv
BPstat Data API v1,12518323,imports_goods_services_chain_linked_annual,real_imports_goods_services,Imports of goods and services-CLV-A,1986,1986-12-31,12384.109,millions of euros,annual,chain_linked_volume,54,ce3e4e50cda325537eff729ef64037cd,"Portugal reference territory in BPstat metadata; national-accounts goods-and-services concept, not merchandise-only trade",national_accounts_expenditure_approach_historical_series,not_reviewed_in_source_notes,reconstructed_or_harmonised_not_yet_confirmed,accepted_for_context_not_enabled_for_extraction,context_only_not_empirical_identification,data/raw/live/bpstat/series_12518323.csv
BPstat Data API v1,12518323,imports_goods_services_chain_linked_annual,real_imports_goods_services,Imports of goods and services-CLV-A,1987,1987-12-31,15677.388,millions of euros,annual,chain_linked_volume,54,ce3e4e50cda325537eff729ef64037cd,"Portugal reference territory in BPstat metadata; national-accounts goods-and-services concept, not merchandise-only trade",national_accounts_expenditure_approach_historical_series,not_reviewed_in_source_notes,reconstructed_or_harmonised_not_yet_confirmed,accepted_for_context_not_enabled_for_extraction,context_only_not_empirical_identification,data/raw/live/bpstat/series_12518323.csv
BPstat Data API v1,12518323,imports_goods_services_chain_linked_annual,real_imports_goods_services,Imports of goods and services-CLV-A,1988,1988-12-31,19000.693,millions of euros,annual,chain_linked_volume,54,ce3e4e50cda325537eff729ef64037cd,"Portugal reference territory in BPstat metadata; national-accounts goods-and-services concept, not merchandise-only trade",national_accounts_expenditure_approach_historical_series,not_reviewed_in_source_notes,reconstructed_or_harmonised_not_yet_confirmed,accepted_for_context_not_enabled_for_extraction,context_only_not_empirical_identification,data/raw/live/bpstat/series_12518323.csv
BPstat Data API v1,12518323,imports_goods_services_chain_linked_annual,real_imports_goods_services,Imports of goods and services-CLV-A,1989,1989-12-31,20788.717,millions of euros,annual,chain_linked_volume,54,ce3e4e50cda325537eff729ef64037cd,"Portugal reference territory in BPstat metadata; national-accounts goods-and-services concept, not merchandise-only trade",national_accounts_expenditure_approach_historical_series,not_reviewed_in_source_notes,reconstructed_or_harmonised_not_yet_confirmed,accepted_for_context_not_enabled_for_extraction,context_only_not_empirical_identification,data/raw/live/bpstat/series_12518323.csv
BPstat Data API v1,12518323,imports_goods_services_chain_linked_annual,real_imports_goods_services,Imports of goods and services-CLV-A,1990,1990-12-31,24256.439,millions of euros,annual,chain_linked_volume,54,ce3e4e50cda325537eff729ef64037cd,"Portugal reference territory in BPstat metadata; national-accounts goods-and-services concept, not merchandise-only trade",national_accounts_expenditure_approach_historical_series,not_reviewed_in_source_notes,reconstructed_or_harmonised_not_yet_confirmed,accepted_for_context_not_enabled_for_extraction,context_only_not_empirical_identification,data/raw/live/bpstat/series_12518323.csv
BPstat Data API v1,12518323,imports_goods_services_chain_linked_annual,real_imports_goods_services,Imports of goods and services-CLV-A,1991,1991-12-31,26931.237,millions of euros,annual,chain_linked_volume,54,ce3e4e50cda325537eff729ef64037cd,"Portugal reference territory in BPstat metadata; national-accounts goods-and-services concept, not merchandise-only trade",national_accounts_expenditure_approach_historical_series,not_reviewed_in_source_notes,reconstructed_or_harmonised_not_yet_confirmed,accepted_for_context_not_enabled_for_extraction,context_only_not_empirical_identification,data/raw/live/bpstat/series_12518323.csv
BPstat Data API v1,12518323,imports_goods_services_chain_linked_annual,real_imports_goods_services,Imports of goods and services-CLV-A,1992,1992-12-31,30163.65,millions of euros,annual,chain_linked_volume,54,ce3e4e50cda325537eff729ef64037cd,"Portugal reference territory in BPstat metadata; national-accounts goods-and-services concept, not merchandise-only trade",national_accounts_expenditure_approach_historical_series,not_reviewed_in_source_notes,reconstructed_or_harmonised_not_yet_confirmed,accepted_for_context_not_enabled_for_extraction,context_only_not_empirical_identification,data/raw/live/bpstat/series_12518323.csv
BPstat Data API v1,12518323,imports_goods_services_chain_linked_annual,real_imports_goods_services,Imports of goods and services-CLV-A,1993,1993-12-31,30964.903,millions of euros,annual,chain_linked_volume,54,ce3e4e50cda325537eff729ef64037cd,"Portugal reference territory in BPstat metadata; national-accounts goods-and-services concept, not merchandise-only trade",national_accounts_expenditure_approach_historical_series,not_reviewed_in_source_notes,reconstructed_or_harmonised_not_yet_confirmed,accepted_for_context_not_enabled_for_extraction,context_only_not_empirical_identification,data/raw/live/bpstat/series_12518323.csv
BPstat Data API v1,12518323,imports_goods_services_chain_linked_annual,real_imports_goods_services,Imports of goods and services-CLV-A,1994,1994-12-31,33775.981,millions of euros,annual,chain_linked_volume,54,ce3e4e50cda325537eff729ef64037cd,"Portugal reference territory in BPstat metadata; national-accounts goods-and-services concept, not merchandise-only trade",national_accounts_expenditure_approach_historical_series,not_reviewed_in_source_notes,reconstructed_or_harmonised_not_yet_confirmed,accepted_for_context_not_enabled_for_extraction,context_only_not_empirical_identification,data/raw/live/bpstat/series_12518323.csv
BPstat Data API v1,12518323,imports_goods_services_chain_linked_annual,real_imports_goods_services,Imports of goods and services-CLV-A,1995,1995-12-31,37104.885,millions of euros,annual,chain_linked_volume,54,ce3e4e50cda325537eff729ef64037cd,"Portugal reference territory in BPstat metadata; national-accounts goods-and-services concept, not merchandise-only trade",national_accounts_expenditure_approach_historical_series,not_reviewed_in_source_notes,reconstructed_or_harmonised_not_yet_confirmed,accepted_for_context_not_enabled_for_extraction,context_only_not_empirical_identification,data/raw/live/bpstat/series_12518323.csv
BPstat Data API v1,12518323,imports_goods_services_chain_linked_annual,real_imports_goods_services,Imports of goods and services-CLV-A,1996,1996-12-31,39273.744,millions of euros,annual,chain_linked_volume,54,ce3e4e50cda325537eff729ef64037cd,"Portugal reference territory in BPstat metadata; national-accounts goods-and-services concept, not merchandise-only trade",national_accounts_expenditure_approach_historical_series,not_reviewed_in_source_notes,reconstructed_or_harmonised_not_yet_confirmed,accepted_for_context_not_enabled_for_extraction,context_only_not_empirical_identification,data/raw/live/bpstat/series_12518323.csv
BPstat Data API v1,12518323,imports_goods_services_chain_linked_annual,real_imports_goods_services,Imports of goods and services-CLV-A,1997,1997-12-31,43373.221,millions of euros,annual,chain_linked_volume,54,ce3e4e50cda325537eff729ef64037cd,"Portugal reference territory in BPstat metadata; national-accounts goods-and-services concept, not merchandise-only trade",national_accounts_expenditure_approach_historical_series,not_reviewed_in_source_notes,reconstructed_or_harmonised_not_yet_confirmed,accepted_for_context_not_enabled_for_extraction,context_only_not_empirical_identification,data/raw/live/bpstat/series_12518323.csv
BPstat Data API v1,12518323,imports_goods_services_chain_linked_annual,real_imports_goods_services,Imports of goods and services-CLV-A,1998,1998-12-31,49727.027,millions of euros,annual,chain_linked_volume,54,ce3e4e50cda325537eff729ef64037cd,"Portugal reference territory in BPstat metadata; national-accounts goods-and-services concept, not merchandise-only trade",national_accounts_expenditure_approach_historical_series,not_reviewed_in_source_notes,reconstructed_or_harmonised_not_yet_confirmed,accepted_for_context_not_enabled_for_extraction,context_only_not_empirical_identification,data/raw/live/bpstat/series_12518323.csv
BPstat Data API v1,12518323,imports_goods_services_chain_linked_annual,real_imports_goods_services,Imports of goods and services-CLV-A,1999,1999-12-31,54295.848,millions of euros,annual,chain_linked_volume,54,ce3e4e50cda325537eff729ef64037cd,"Portugal reference territory in BPstat metadata; national-accounts goods-and-services concept, not merchandise-only trade",national_accounts_expenditure_approach_historical_series,not_reviewed_in_source_notes,reconstructed_or_harmonised_not_yet_confirmed,accepted_for_context_not_enabled_for_extraction,context_only_not_empirical_identification,data/raw/live/bpstat/series_12518323.csv
BPstat Data API v1,12518323,imports_goods_services_chain_linked_annual,real_imports_goods_services,Imports of goods and services-CLV-A,2000,2000-12-31,57298.371,millions of euros,annual,chain_linked_volume,54,ce3e4e50cda325537eff729ef64037cd,"Portugal reference territory in BPstat metadata; national-accounts goods-and-services concept, not merchandise-only trade",national_accounts_expenditure_approach_historical_series,not_reviewed_in_source_notes,reconstructed_or_harmonised_not_yet_confirmed,accepted_for_context_not_enabled_for_extraction,context_only_not_empirical_identification,data/raw/live/bpstat/series_12518323.csv
BPstat Data API v1,12518323,imports_goods_services_chain_linked_annual,real_imports_goods_services,Imports of goods and services-CLV-A,2001,2001-12-31,57950.897,millions of euros,annual,chain_linked_volume,54,ce3e4e50cda325537eff729ef64037cd,"Portugal reference territory in BPstat metadata; national-accounts goods-and-services concept, not merchandise-only trade",national_accounts_expenditure_approach_historical_series,not_reviewed_in_source_notes,reconstructed_or_harmonised_not_yet_confirmed,accepted_for_context_not_enabled_for_extraction,context_only_not_empirical_identification,data/raw/live/bpstat/series_12518323.csv
BPstat Data API v1,12518323,imports_goods_services_chain_linked_annual,real_imports_goods_services,Imports of goods and services-CLV-A,2002,2002-12-31,57847.65,millions of euros,annual,chain_linked_volume,54,ce3e4e50cda325537eff729ef64037cd,"Portugal reference territory in BPstat metadata; national-accounts goods-and-services concept, not merchandise-only trade",national_accounts_expenditure_approach_historical_series,not_reviewed_in_source_notes,reconstructed_or_harmonised_not_yet_confirmed,accepted_for_context_not_enabled_for_extraction,context_only_not_empirical_identification,data/raw/live/bpstat/series_12518323.csv
BPstat Data API v1,12518323,imports_goods_services_chain_linked_annual,real_imports_goods_services,Imports of goods and services-CLV-A,2003,2003-12-31,57726.188,millions of euros,annual,chain_linked_volume,54,ce3e4e50cda325537eff729ef64037cd,"Portugal reference territory in BPstat metadata; national-accounts goods-and-services concept, not merchandise-only trade",national_accounts_expenditure_approach_historical_series,not_reviewed_in_source_notes,reconstructed_or_harmonised_not_yet_confirmed,accepted_for_context_not_enabled_for_extraction,context_only_not_empirical_identification,data/raw/live/bpstat/series_12518323.csv
BPstat Data API v1,12518323,imports_goods_services_chain_linked_annual,real_imports_goods_services,Imports of goods and services-CLV-A,2004,2004-12-31,62009.965,millions of euros,annual,chain_linked_volume,54,ce3e4e50cda325537eff729ef64037cd,"Portugal reference territory in BPstat metadata; national-accounts goods-and-services concept, not merchandise-only trade",national_accounts_expenditure_approach_historical_series,not_reviewed_in_source_notes,reconstructed_or_harmonised_not_yet_confirmed,accepted_for_context_not_enabled_for_extraction,context_only_not_empirical_identification,data/raw/live/bpstat/series_12518323.csv
BPstat Data API v1,12518323,imports_goods_services_chain_linked_annual,real_imports_goods_services,Imports of goods and services-CLV-A,2005,2005-12-31,63342.04,millions of euros,annual,chain_linked_volume,54,ce3e4e50cda325537eff729ef64037cd,"Portugal reference territory in BPstat metadata; national-accounts goods-and-services concept, not merchandise-only trade",national_accounts_expenditure_approach_historical_series,not_reviewed_in_source_notes,reconstructed_or_harmonised_not_yet_confirmed,accepted_for_context_not_enabled_for_extraction,context_only_not_empirical_identification,data/raw/live/bpstat/series_12518323.csv
BPstat Data API v1,12518323,imports_goods_services_chain_linked_annual,real_imports_goods_services,Imports of goods and services-CLV-A,2006,2006-12-31,68143.671,millions of euros,annual,chain_linked_volume,54,ce3e4e50cda325537eff729ef64037cd,"Portugal reference territory in BPstat metadata; national-accounts goods-and-services concept, not merchandise-only trade",national_accounts_expenditure_approach_historical_series,not_reviewed_in_source_notes,reconstructed_or_harmonised_not_yet_confirmed,accepted_for_context_not_enabled_for_extraction,context_only_not_empirical_identification,data/raw/live/bpstat/series_12518323.csv
BPstat Data API v1,12518323,imports_goods_services_chain_linked_annual,real_imports_goods_services,Imports of goods and services-CLV-A,2007,2007-12-31,71973.76,millions of euros,annual,chain_linked_volume,54,ce3e4e50cda325537eff729ef64037cd,"Portugal reference territory in BPstat metadata; national-accounts goods-and-services concept, not merchandise-only trade",national_accounts_expenditure_approach_historical_series,not_reviewed_in_source_notes,reconstructed_or_harmonised_not_yet_confirmed,accepted_for_context_not_enabled_for_extraction,context_only_not_empirical_identification,data/raw/live/bpstat/series_12518323.csv
BPstat Data API v1,12518323,imports_goods_services_chain_linked_annual,real_imports_goods_services,Imports of goods and services-CLV-A,2008,2008-12-31,73579.592,millions of euros,annual,chain_linked_volume,54,ce3e4e50cda325537eff729ef64037cd,"Portugal reference territory in BPstat metadata; national-accounts goods-and-services concept, not merchandise-only trade",national_accounts_expenditure_approach_historical_series,not_reviewed_in_source_notes,reconstructed_or_harmonised_not_yet_confirmed,accepted_for_context_not_enabled_for_extraction,context_only_not_empirical_identification,data/raw/live/bpstat/series_12518323.csv
BPstat Data API v1,12518323,imports_goods_services_chain_linked_annual,real_imports_goods_services,Imports of goods and services-CLV-A,2009,2009-12-31,66587.967,millions of euros,annual,chain_linked_volume,54,ce3e4e50cda325537eff729ef64037cd,"Portugal reference territory in BPstat metadata; national-accounts goods-and-services concept, not merchandise-only trade",national_accounts_expenditure_approach_historical_series,not_reviewed_in_source_notes,reconstructed_or_harmonised_not_yet_confirmed,accepted_for_context_not_enabled_for_extraction,context_only_not_empirical_identification,data/raw/live/bpstat/series_12518323.csv
BPstat Data API v1,12518323,imports_goods_services_chain_linked_annual,real_imports_goods_services,Imports of goods and services-CLV-A,2010,2010-12-31,71801.001,millions of euros,annual,chain_linked_volume,54,ce3e4e50cda325537eff729ef64037cd,"Portugal reference territory in BPstat metadata; national-accounts goods-and-services concept, not merchandise-only trade",national_accounts_expenditure_approach_historical_series,not_reviewed_in_source_notes,reconstructed_or_harmonised_not_yet_confirmed,accepted_for_context_not_enabled_for_extraction,context_only_not_empirical_identification,data/raw/live/bpstat/series_12518323.csv
BPstat Data API v1,12518323,imports_goods_services_chain_linked_annual,real_imports_goods_services,Imports of goods and services-CLV-A,2011,2011-12-31,67363.993,millions of euros,annual,chain_linked_volume,54,ce3e4e50cda325537eff729ef64037cd,"Portugal reference territory in BPstat metadata; national-accounts goods-and-services concept, not merchandise-only trade",national_accounts_expenditure_approach_historical_series,not_reviewed_in_source_notes,reconstructed_or_harmonised_not_yet_confirmed,accepted_for_context_not_enabled_for_extraction,context_only_not_empirical_identification,data/raw/live/bpstat/series_12518323.csv
BPstat Data API v1,12518323,imports_goods_services_chain_linked_annual,real_imports_goods_services,Imports of goods and services-CLV-A,2012,2012-12-31,63064.12,millions of euros,annual,chain_linked_volume,54,ce3e4e50cda325537eff729ef64037cd,"Portugal reference territory in BPstat metadata; national-accounts goods-and-services concept, not merchandise-only trade",national_accounts_expenditure_approach_historical_series,not_reviewed_in_source_notes,reconstructed_or_harmonised_not_yet_confirmed,accepted_for_context_not_enabled_for_extraction,context_only_not_empirical_identification,data/raw/live/bpstat/series_12518323.csv
BPstat Data API v1,12518323,imports_goods_services_chain_linked_annual,real_imports_goods_services,Imports of goods and services-CLV-A,2013,2013-12-31,66050.992,millions of euros,annual,chain_linked_volume,54,ce3e4e50cda325537eff729ef64037cd,"Portugal reference territory in BPstat metadata; national-accounts goods-and-services concept, not merchandise-only trade",national_accounts_expenditure_approach_historical_series,not_reviewed_in_source_notes,reconstructed_or_harmonised_not_yet_confirmed,accepted_for_context_not_enabled_for_extraction,context_only_not_empirical_identification,data/raw/live/bpstat/series_12518323.csv
BPstat Data API v1,12518323,imports_goods_services_chain_linked_annual,real_imports_goods_services,Imports of goods and services-CLV-A,2014,2014-12-31,71433.591,millions of euros,annual,chain_linked_volume,54,ce3e4e50cda325537eff729ef64037cd,"Portugal reference territory in BPstat metadata; national-accounts goods-and-services concept, not merchandise-only trade",national_accounts_expenditure_approach_historical_series,not_reviewed_in_source_notes,reconstructed_or_harmonised_not_yet_confirmed,accepted_for_context_not_enabled_for_extraction,context_only_not_empirical_identification,data/raw/live/bpstat/series_12518323.csv
BPstat Data API v1,12518323,imports_goods_services_chain_linked_annual,real_imports_goods_services,Imports of goods and services-CLV-A,2015,2015-12-31,77197.739,millions of euros,annual,chain_linked_volume,54,ce3e4e50cda325537eff729ef64037cd,"Portugal reference territory in BPstat metadata; national-accounts goods-and-services concept, not merchandise-only trade",national_accounts_expenditure_approach_historical_series,not_reviewed_in_source_notes,reconstructed_or_harmonised_not_yet_confirmed,accepted_for_context_not_enabled_for_extraction,context_only_not_empirical_identification,data/raw/live/bpstat/series_12518323.csv
BPstat Data API v1,12518323,imports_goods_services_chain_linked_annual,real_imports_goods_services,Imports of goods and services-CLV-A,2016,2016-12-31,81226.046,millions of euros,annual,chain_linked_volume,54,ce3e4e50cda325537eff729ef64037cd,"Portugal reference territory in BPstat metadata; national-accounts goods-and-services concept, not merchandise-only trade",national_accounts_expenditure_approach_historical_series,not_reviewed_in_source_notes,reconstructed_or_harmonised_not_yet_confirmed,accepted_for_context_not_enabled_for_extraction,context_only_not_empirical_identification,data/raw/live/bpstat/series_12518323.csv
BPstat Data API v1,12518323,imports_goods_services_chain_linked_annual,real_imports_goods_services,Imports of goods and services-CLV-A,2017,2017-12-31,87749.143,millions of euros,annual,chain_linked_volume,54,ce3e4e50cda325537eff729ef64037cd,"Portugal reference territory in BPstat metadata; national-accounts goods-and-services concept, not merchandise-only trade",national_accounts_expenditure_approach_historical_series,not_reviewed_in_source_notes,reconstructed_or_harmonised_not_yet_confirmed,accepted_for_context_not_enabled_for_extraction,context_only_not_empirical_identification,data/raw/live/bpstat/series_12518323.csv
BPstat Data API v1,12518323,imports_goods_services_chain_linked_annual,real_imports_goods_services,Imports of goods and services-CLV-A,2018,2018-12-31,92058.283,millions of euros,annual,chain_linked_volume,54,ce3e4e50cda325537eff729ef64037cd,"Portugal reference territory in BPstat metadata; national-accounts goods-and-services concept, not merchandise-only trade",national_accounts_expenditure_approach_historical_series,not_reviewed_in_source_notes,reconstructed_or_harmonised_not_yet_confirmed,accepted_for_context_not_enabled_for_extraction,context_only_not_empirical_identification,data/raw/live/bpstat/series_12518323.csv
BPstat Data API v1,12518323,imports_goods_services_chain_linked_annual,real_imports_goods_services,Imports of goods and services-CLV-A,2019,2019-12-31,96714.464,millions of euros,annual,chain_linked_volume,54,ce3e4e50cda325537eff729ef64037cd,"Portugal reference territory in BPstat metadata; national-accounts goods-and-services concept, not merchandise-only trade",national_accounts_expenditure_approach_historical_series,not_reviewed_in_source_notes,reconstructed_or_harmonised_not_yet_confirmed,accepted_for_context_not_enabled_for_extraction,context_only_not_empirical_identification,data/raw/live/bpstat/series_12518323.csv
BPstat Data API v1,12518323,imports_goods_services_chain_linked_annual,real_imports_goods_services,Imports of goods and services-CLV-A,2020,2020-12-31,85468.857,millions of euros,annual,chain_linked_volume,54,ce3e4e50cda325537eff729ef64037cd,"Portugal reference territory in BPstat metadata; national-accounts goods-and-services concept, not merchandise-only trade",national_accounts_expenditure_approach_historical_series,not_reviewed_in_source_notes,reconstructed_or_harmonised_not_yet_confirmed,accepted_for_context_not_enabled_for_extraction,context_only_not_empirical_identification,data/raw/live/bpstat/series_12518323.csv
BPstat Data API v1,12518323,imports_goods_services_chain_linked_annual,real_imports_goods_services,Imports of goods and services-CLV-A,2021,2021-12-31,95961.108,millions of euros,annual,chain_linked_volume,54,ce3e4e50cda325537eff729ef64037cd,"Portugal reference territory in BPstat metadata; national-accounts goods-and-services concept, not merchandise-only trade",national_accounts_expenditure_approach_historical_series,not_reviewed_in_source_notes,reconstructed_or_harmonised_not_yet_confirmed,accepted_for_context_not_enabled_for_extraction,context_only_not_empirical_identification,data/raw/live/bpstat/series_12518323.csv
BPstat Data API v1,12518323,imports_goods_services_chain_linked_annual,real_imports_goods_services,Imports of goods and services-CLV-A,2022,2022-12-31,106771.67,millions of euros,annual,chain_linked_volume,54,ce3e4e50cda325537eff729ef64037cd,"Portugal reference territory in BPstat metadata; national-accounts goods-and-services concept, not merchandise-only trade",national_accounts_expenditure_approach_historical_series,not_reviewed_in_source_notes,reconstructed_or_harmonised_not_yet_confirmed,accepted_for_context_not_enabled_for_extraction,context_only_not_empirical_identification,data/raw/live/bpstat/series_12518323.csv
BPstat Data API v1,12518323,imports_goods_services_chain_linked_annual,real_imports_goods_services,Imports of goods and services-CLV-A,2023,2023-12-31,109247.592,millions of euros,annual,chain_linked_volume,54,ce3e4e50cda325537eff729ef64037cd,"Portugal reference territory in BPstat metadata; national-accounts goods-and-services concept, not merchandise-only trade",national_accounts_expenditure_approach_historical_series,not_reviewed_in_source_notes,reconstructed_or_harmonised_not_yet_confirmed,accepted_for_context_not_enabled_for_extraction,context_only_not_empirical_identification,data/raw/live/bpstat/series_12518323.csv
BPstat Data API v1,12518323,imports_goods_services_chain_linked_annual,real_imports_goods_services,Imports of goods and services-CLV-A,2024,2024-12-31,114381.244,millions of euros,annual,chain_linked_volume,54,ce3e4e50cda325537eff729ef64037cd,"Portugal reference territory in BPstat metadata; national-accounts goods-and-services concept, not merchandise-only trade",national_accounts_expenditure_approach_historical_series,not_reviewed_in_source_notes,reconstructed_or_harmonised_not_yet_confirmed,accepted_for_context_not_enabled_for_extraction,context_only_not_empirical_identification,data/raw/live/bpstat/series_12518323.csv
BPstat Data API v1,12518323,imports_goods_services_chain_linked_annual,real_imports_goods_services,Imports of goods and services-CLV-A,2025,2025-12-31,119344.101,millions of euros,annual,chain_linked_volume,54,ce3e4e50cda325537eff729ef64037cd,"Portugal reference territory in BPstat metadata; national-accounts goods-and-services concept, not merchandise-only trade",national_accounts_expenditure_approach_historical_series,not_reviewed_in_source_notes,reconstructed_or_harmonised_not_yet_confirmed,accepted_for_context_not_enabled_for_extraction,context_only_not_empirical_identification,data/raw/live/bpstat/series_12518323.csv
BPstat Data API v1,12518343,imports_goods_services_current_annual,imports_goods_services,Imports of goods and services-CP-A,1953,1953-12-31,63.774,millions of euros,annual,current_prices,54,ce3e4e50cda325537eff729ef64037cd,"Portugal reference territory in BPstat metadata; national-accounts goods-and-services concept, not merchandise-only trade",national_accounts_expenditure_approach_historical_series,not_reviewed_in_source_notes,reconstructed_or_harmonised_not_yet_confirmed,accepted_for_context_not_enabled_for_extraction,context_only_not_empirical_identification,data/raw/live/bpstat/series_12518343.csv
BPstat Data API v1,12518343,imports_goods_services_current_annual,imports_goods_services,Imports of goods and services-CP-A,1954,1954-12-31,68.297,millions of euros,annual,current_prices,54,ce3e4e50cda325537eff729ef64037cd,"Portugal reference territory in BPstat metadata; national-accounts goods-and-services concept, not merchandise-only trade",national_accounts_expenditure_approach_historical_series,not_reviewed_in_source_notes,reconstructed_or_harmonised_not_yet_confirmed,accepted_for_context_not_enabled_for_extraction,context_only_not_empirical_identification,data/raw/live/bpstat/series_12518343.csv
BPstat Data API v1,12518343,imports_goods_services_current_annual,imports_goods_services,Imports of goods and services-CP-A,1955,1955-12-31,76.628,millions of euros,annual,current_prices,54,ce3e4e50cda325537eff729ef64037cd,"Portugal reference territory in BPstat metadata; national-accounts goods-and-services concept, not merchandise-only trade",national_accounts_expenditure_approach_historical_series,not_reviewed_in_source_notes,reconstructed_or_harmonised_not_yet_confirmed,accepted_for_context_not_enabled_for_extraction,context_only_not_empirical_identification,data/raw/live/bpstat/series_12518343.csv
BPstat Data API v1,12518343,imports_goods_services_current_annual,imports_goods_services,Imports of goods and services-CP-A,1956,1956-12-31,81.642,millions of euros,annual,current_prices,54,ce3e4e50cda325537eff729ef64037cd,"Portugal reference territory in BPstat metadata; national-accounts goods-and-services concept, not merchandise-only trade",national_accounts_expenditure_approach_historical_series,not_reviewed_in_source_notes,reconstructed_or_harmonised_not_yet_confirmed,accepted_for_context_not_enabled_for_extraction,context_only_not_empirical_identification,data/raw/live/bpstat/series_12518343.csv
BPstat Data API v1,12518343,imports_goods_services_current_annual,imports_goods_services,Imports of goods and services-CP-A,1957,1957-12-31,91.185,millions of euros,annual,current_prices,54,ce3e4e50cda325537eff729ef64037cd,"Portugal reference territory in BPstat metadata; national-accounts goods-and-services concept, not merchandise-only trade",national_accounts_expenditure_approach_historical_series,not_reviewed_in_source_notes,reconstructed_or_harmonised_not_yet_confirmed,accepted_for_context_not_enabled_for_extraction,context_only_not_empirical_identification,data/raw/live/bpstat/series_12518343.csv
BPstat Data API v1,12518343,imports_goods_services_current_annual,imports_goods_services,Imports of goods and services-CP-A,1958,1958-12-31,88.958,millions of euros,annual,current_prices,54,ce3e4e50cda325537eff729ef64037cd,"Portugal reference territory in BPstat metadata; national-accounts goods-and-services concept, not merchandise-only trade",national_accounts_expenditure_approach_historical_series,not_reviewed_in_source_notes,reconstructed_or_harmonised_not_yet_confirmed,accepted_for_context_not_enabled_for_extraction,context_only_not_empirical_identification,data/raw/live/bpstat/series_12518343.csv
BPstat Data API v1,12518343,imports_goods_services_current_annual,imports_goods_services,Imports of goods and services-CP-A,1959,1959-12-31,87.649,millions of euros,annual,current_prices,54,ce3e4e50cda325537eff729ef64037cd,"Portugal reference territory in BPstat metadata; national-accounts goods-and-services concept, not merchandise-only trade",national_accounts_expenditure_approach_historical_series,not_reviewed_in_source_notes,reconstructed_or_harmonised_not_yet_confirmed,accepted_for_context_not_enabled_for_extraction,context_only_not_empirical_identification,data/raw/live/bpstat/series_12518343.csv
BPstat Data API v1,12518343,imports_goods_services_current_annual,imports_goods_services,Imports of goods and services-CP-A,1960,1960-12-31,100.679,millions of euros,annual,current_prices,54,ce3e4e50cda325537eff729ef64037cd,"Portugal reference territory in BPstat metadata; national-accounts goods-and-services concept, not merchandise-only trade",national_accounts_expenditure_approach_historical_series,not_reviewed_in_source_notes,reconstructed_or_harmonised_not_yet_confirmed,accepted_for_context_not_enabled_for_extraction,context_only_not_empirical_identification,data/raw/live/bpstat/series_12518343.csv
BPstat Data API v1,12518343,imports_goods_services_current_annual,imports_goods_services,Imports of goods and services-CP-A,1961,1961-12-31,130.281,millions of euros,annual,current_prices,54,ce3e4e50cda325537eff729ef64037cd,"Portugal reference territory in BPstat metadata; national-accounts goods-and-services concept, not merchandise-only trade",national_accounts_expenditure_approach_historical_series,not_reviewed_in_source_notes,reconstructed_or_harmonised_not_yet_confirmed,accepted_for_context_not_enabled_for_extraction,context_only_not_empirical_identification,data/raw/live/bpstat/series_12518343.csv
BPstat Data API v1,12518343,imports_goods_services_current_annual,imports_goods_services,Imports of goods and services-CP-A,1962,1962-12-31,117.939,millions of euros,annual,current_prices,54,ce3e4e50cda325537eff729ef64037cd,"Portugal reference territory in BPstat metadata; national-accounts goods-and-services concept, not merchandise-only trade",national_accounts_expenditure_approach_historical_series,not_reviewed_in_source_notes,reconstructed_or_harmonised_not_yet_confirmed,accepted_for_context_not_enabled_for_extraction,context_only_not_empirical_identification,data/raw/live/bpstat/series_12518343.csv
BPstat Data API v1,12518343,imports_goods_services_current_annual,imports_goods_services,Imports of goods and services-CP-A,1963,1963-12-31,129.132,millions of euros,annual,current_prices,54,ce3e4e50cda325537eff729ef64037cd,"Portugal reference territory in BPstat metadata; national-accounts goods-and-services concept, not merchandise-only trade",national_accounts_expenditure_approach_historical_series,not_reviewed_in_source_notes,reconstructed_or_harmonised_not_yet_confirmed,accepted_for_context_not_enabled_for_extraction,context_only_not_empirical_identification,data/raw/live/bpstat/series_12518343.csv
BPstat Data API v1,12518343,imports_goods_services_current_annual,imports_goods_services,Imports of goods and services-CP-A,1964,1964-12-31,152.711,millions of euros,annual,current_prices,54,ce3e4e50cda325537eff729ef64037cd,"Portugal reference territory in BPstat metadata; national-accounts goods-and-services concept, not merchandise-only trade",national_accounts_expenditure_approach_historical_series,not_reviewed_in_source_notes,reconstructed_or_harmonised_not_yet_confirmed,accepted_for_context_not_enabled_for_extraction,context_only_not_empirical_identification,data/raw/live/bpstat/series_12518343.csv
BPstat Data API v1,12518343,imports_goods_services_current_annual,imports_goods_services,Imports of goods and services-CP-A,1965,1965-12-31,179.914,millions of euros,annual,current_prices,54,ce3e4e50cda325537eff729ef64037cd,"Portugal reference territory in BPstat metadata; national-accounts goods-and-services concept, not merchandise-only trade",national_accounts_expenditure_approach_historical_series,not_reviewed_in_source_notes,reconstructed_or_harmonised_not_yet_confirmed,accepted_for_context_not_enabled_for_extraction,context_only_not_empirical_identification,data/raw/live/bpstat/series_12518343.csv
BPstat Data API v1,12518343,imports_goods_services_current_annual,imports_goods_services,Imports of goods and services-CP-A,1966,1966-12-31,195.072,millions of euros,annual,current_prices,54,ce3e4e50cda325537eff729ef64037cd,"Portugal reference territory in BPstat metadata; national-accounts goods-and-services concept, not merchandise-only trade",national_accounts_expenditure_approach_historical_series,not_reviewed_in_source_notes,reconstructed_or_harmonised_not_yet_confirmed,accepted_for_context_not_enabled_for_extraction,context_only_not_empirical_identification,data/raw/live/bpstat/series_12518343.csv
BPstat Data API v1,12518343,imports_goods_services_current_annual,imports_goods_services,Imports of goods and services-CP-A,1967,1967-12-31,210.534,millions of euros,annual,current_prices,54,ce3e4e50cda325537eff729ef64037cd,"Portugal reference territory in BPstat metadata; national-accounts goods-and-services concept, not merchandise-only trade",national_accounts_expenditure_approach_historical_series,not_reviewed_in_source_notes,reconstructed_or_harmonised_not_yet_confirmed,accepted_for_context_not_enabled_for_extraction,context_only_not_empirical_identification,data/raw/live/bpstat/series_12518343.csv
BPstat Data API v1,12518343,imports_goods_services_current_annual,imports_goods_services,Imports of goods and services-CP-A,1968,1968-12-31,237.115,millions of euros,annual,current_prices,54,ce3e4e50cda325537eff729ef64037cd,"Portugal reference territory in BPstat metadata; national-accounts goods-and-services concept, not merchandise-only trade",national_accounts_expenditure_approach_historical_series,not_reviewed_in_source_notes,reconstructed_or_harmonised_not_yet_confirmed,accepted_for_context_not_enabled_for_extraction,context_only_not_empirical_identification,data/raw/live/bpstat/series_12518343.csv
BPstat Data API v1,12518343,imports_goods_services_current_annual,imports_goods_services,Imports of goods and services-CP-A,1969,1969-12-31,251.197,millions of euros,annual,current_prices,54,ce3e4e50cda325537eff729ef64037cd,"Portugal reference territory in BPstat metadata; national-accounts goods-and-services concept, not merchandise-only trade",national_accounts_expenditure_approach_historical_series,not_reviewed_in_source_notes,reconstructed_or_harmonised_not_yet_confirmed,accepted_for_context_not_enabled_for_extraction,context_only_not_empirical_identification,data/raw/live/bpstat/series_12518343.csv
BPstat Data API v1,12518343,imports_goods_services_current_annual,imports_goods_services,Imports of goods and services-CP-A,1970,1970-12-31,299.009,millions of euros,annual,current_prices,54,ce3e4e50cda325537eff729ef64037cd,"Portugal reference territory in BPstat metadata; national-accounts goods-and-services concept, not merchandise-only trade",national_accounts_expenditure_approach_historical_series,not_reviewed_in_source_notes,reconstructed_or_harmonised_not_yet_confirmed,accepted_for_context_not_enabled_for_extraction,context_only_not_empirical_identification,data/raw/live/bpstat/series_12518343.csv
BPstat Data API v1,12518343,imports_goods_services_current_annual,imports_goods_services,Imports of goods and services-CP-A,1971,1971-12-31,344.072,millions of euros,annual,current_prices,54,ce3e4e50cda325537eff729ef64037cd,"Portugal reference territory in BPstat metadata; national-accounts goods-and-services concept, not merchandise-only trade",national_accounts_expenditure_approach_historical_series,not_reviewed_in_source_notes,reconstructed_or_harmonised_not_yet_confirmed,accepted_for_context_not_enabled_for_extraction,context_only_not_empirical_identification,data/raw/live/bpstat/series_12518343.csv
BPstat Data API v1,12518343,imports_goods_services_current_annual,imports_goods_services,Imports of goods and services-CP-A,1972,1972-12-31,392.681,millions of euros,annual,current_prices,54,ce3e4e50cda325537eff729ef64037cd,"Portugal reference territory in BPstat metadata; national-accounts goods-and-services concept, not merchandise-only trade",national_accounts_expenditure_approach_historical_series,not_reviewed_in_source_notes,reconstructed_or_harmonised_not_yet_confirmed,accepted_for_context_not_enabled_for_extraction,context_only_not_empirical_identification,data/raw/live/bpstat/series_12518343.csv
BPstat Data API v1,12518343,imports_goods_services_current_annual,imports_goods_services,Imports of goods and services-CP-A,1973,1973-12-31,493.875,millions of euros,annual,current_prices,54,ce3e4e50cda325537eff729ef64037cd,"Portugal reference territory in BPstat metadata; national-accounts goods-and-services concept, not merchandise-only trade",national_accounts_expenditure_approach_historical_series,not_reviewed_in_source_notes,reconstructed_or_harmonised_not_yet_confirmed,accepted_for_context_not_enabled_for_extraction,context_only_not_empirical_identification,data/raw/live/bpstat/series_12518343.csv
BPstat Data API v1,12518343,imports_goods_services_current_annual,imports_goods_services,Imports of goods and services-CP-A,1974,1974-12-31,737.269,millions of euros,annual,current_prices,54,ce3e4e50cda325537eff729ef64037cd,"Portugal reference territory in BPstat metadata; national-accounts goods-and-services concept, not merchandise-only trade",national_accounts_expenditure_approach_historical_series,not_reviewed_in_source_notes,reconstructed_or_harmonised_not_yet_confirmed,accepted_for_context_not_enabled_for_extraction,context_only_not_empirical_identification,data/raw/live/bpstat/series_12518343.csv
BPstat Data API v1,12518343,imports_goods_services_current_annual,imports_goods_services,Imports of goods and services-CP-A,1975,1975-12-31,644.306,millions of euros,annual,current_prices,54,ce3e4e50cda325537eff729ef64037cd,"Portugal reference territory in BPstat metadata; national-accounts goods-and-services concept, not merchandise-only trade",national_accounts_expenditure_approach_historical_series,not_reviewed_in_source_notes,reconstructed_or_harmonised_not_yet_confirmed,accepted_for_context_not_enabled_for_extraction,context_only_not_empirical_identification,data/raw/live/bpstat/series_12518343.csv
BPstat Data API v1,12518343,imports_goods_services_current_annual,imports_goods_services,Imports of goods and services-CP-A,1976,1976-12-31,753.629,millions of euros,annual,current_prices,54,ce3e4e50cda325537eff729ef64037cd,"Portugal reference territory in BPstat metadata; national-accounts goods-and-services concept, not merchandise-only trade",national_accounts_expenditure_approach_historical_series,not_reviewed_in_source_notes,reconstructed_or_harmonised_not_yet_confirmed,accepted_for_context_not_enabled_for_extraction,context_only_not_empirical_identification,data/raw/live/bpstat/series_12518343.csv
BPstat Data API v1,12518343,imports_goods_services_current_annual,imports_goods_services,Imports of goods and services-CP-A,1977,1977-12-31,1064.869,millions of euros,annual,current_prices,54,ce3e4e50cda325537eff729ef64037cd,"Portugal reference territory in BPstat metadata; national-accounts goods-and-services concept, not merchandise-only trade",national_accounts_expenditure_approach_historical_series,not_reviewed_in_source_notes,reconstructed_or_harmonised_not_yet_confirmed,accepted_for_context_not_enabled_for_extraction,context_only_not_empirical_identification,data/raw/live/bpstat/series_12518343.csv
BPstat Data API v1,12518343,imports_goods_services_current_annual,imports_goods_services,Imports of goods and services-CP-A,1978,1978-12-31,1297.282,millions of euros,annual,current_prices,54,ce3e4e50cda325537eff729ef64037cd,"Portugal reference territory in BPstat metadata; national-accounts goods-and-services concept, not merchandise-only trade",national_accounts_expenditure_approach_historical_series,not_reviewed_in_source_notes,reconstructed_or_harmonised_not_yet_confirmed,accepted_for_context_not_enabled_for_extraction,context_only_not_empirical_identification,data/raw/live/bpstat/series_12518343.csv
BPstat Data API v1,12518343,imports_goods_services_current_annual,imports_goods_services,Imports of goods and services-CP-A,1979,1979-12-31,1898.757,millions of euros,annual,current_prices,54,ce3e4e50cda325537eff729ef64037cd,"Portugal reference territory in BPstat metadata; national-accounts goods-and-services concept, not merchandise-only trade",national_accounts_expenditure_approach_historical_series,not_reviewed_in_source_notes,reconstructed_or_harmonised_not_yet_confirmed,accepted_for_context_not_enabled_for_extraction,context_only_not_empirical_identification,data/raw/live/bpstat/series_12518343.csv
BPstat Data API v1,12518343,imports_goods_services_current_annual,imports_goods_services,Imports of goods and services-CP-A,1980,1980-12-31,2708.88,millions of euros,annual,current_prices,54,ce3e4e50cda325537eff729ef64037cd,"Portugal reference territory in BPstat metadata; national-accounts goods-and-services concept, not merchandise-only trade",national_accounts_expenditure_approach_historical_series,not_reviewed_in_source_notes,reconstructed_or_harmonised_not_yet_confirmed,accepted_for_context_not_enabled_for_extraction,context_only_not_empirical_identification,data/raw/live/bpstat/series_12518343.csv
BPstat Data API v1,12518343,imports_goods_services_current_annual,imports_goods_services,Imports of goods and services-CP-A,1981,1981-12-31,3529.004,millions of euros,annual,current_prices,54,ce3e4e50cda325537eff729ef64037cd,"Portugal reference territory in BPstat metadata; national-accounts goods-and-services concept, not merchandise-only trade",national_accounts_expenditure_approach_historical_series,not_reviewed_in_source_notes,reconstructed_or_harmonised_not_yet_confirmed,accepted_for_context_not_enabled_for_extraction,context_only_not_empirical_identification,data/raw/live/bpstat/series_12518343.csv
BPstat Data API v1,12518343,imports_goods_services_current_annual,imports_goods_services,Imports of goods and services-CP-A,1982,1982-12-31,4315.439,millions of euros,annual,current_prices,54,ce3e4e50cda325537eff729ef64037cd,"Portugal reference territory in BPstat metadata; national-accounts goods-and-services concept, not merchandise-only trade",national_accounts_expenditure_approach_historical_series,not_reviewed_in_source_notes,reconstructed_or_harmonised_not_yet_confirmed,accepted_for_context_not_enabled_for_extraction,context_only_not_empirical_identification,data/raw/live/bpstat/series_12518343.csv
BPstat Data API v1,12518343,imports_goods_services_current_annual,imports_goods_services,Imports of goods and services-CP-A,1983,1983-12-31,5134.169,millions of euros,annual,current_prices,54,ce3e4e50cda325537eff729ef64037cd,"Portugal reference territory in BPstat metadata; national-accounts goods-and-services concept, not merchandise-only trade",national_accounts_expenditure_approach_historical_series,not_reviewed_in_source_notes,reconstructed_or_harmonised_not_yet_confirmed,accepted_for_context_not_enabled_for_extraction,context_only_not_empirical_identification,data/raw/live/bpstat/series_12518343.csv
BPstat Data API v1,12518343,imports_goods_services_current_annual,imports_goods_services,Imports of goods and services-CP-A,1984,1984-12-31,6585.725,millions of euros,annual,current_prices,54,ce3e4e50cda325537eff729ef64037cd,"Portugal reference territory in BPstat metadata; national-accounts goods-and-services concept, not merchandise-only trade",national_accounts_expenditure_approach_historical_series,not_reviewed_in_source_notes,reconstructed_or_harmonised_not_yet_confirmed,accepted_for_context_not_enabled_for_extraction,context_only_not_empirical_identification,data/raw/live/bpstat/series_12518343.csv
BPstat Data API v1,12518343,imports_goods_services_current_annual,imports_goods_services,Imports of goods and services-CP-A,1985,1985-12-31,7565.069,millions of euros,annual,current_prices,54,ce3e4e50cda325537eff729ef64037cd,"Portugal reference territory in BPstat metadata; national-accounts goods-and-services concept, not merchandise-only trade",national_accounts_expenditure_approach_historical_series,not_reviewed_in_source_notes,reconstructed_or_harmonised_not_yet_confirmed,accepted_for_context_not_enabled_for_extraction,context_only_not_empirical_identification,data/raw/live/bpstat/series_12518343.csv
BPstat Data API v1,12518343,imports_goods_services_current_annual,imports_goods_services,Imports of goods and services-CP-A,1986,1986-12-31,8204.393,millions of euros,annual,current_prices,54,ce3e4e50cda325537eff729ef64037cd,"Portugal reference territory in BPstat metadata; national-accounts goods-and-services concept, not merchandise-only trade",national_accounts_expenditure_approach_historical_series,not_reviewed_in_source_notes,reconstructed_or_harmonised_not_yet_confirmed,accepted_for_context_not_enabled_for_extraction,context_only_not_empirical_identification,data/raw/live/bpstat/series_12518343.csv
BPstat Data API v1,12518343,imports_goods_services_current_annual,imports_goods_services,Imports of goods and services-CP-A,1987,1987-12-31,10953.877,millions of euros,annual,current_prices,54,ce3e4e50cda325537eff729ef64037cd,"Portugal reference territory in BPstat metadata; national-accounts goods-and-services concept, not merchandise-only trade",national_accounts_expenditure_approach_historical_series,not_reviewed_in_source_notes,reconstructed_or_harmonised_not_yet_confirmed,accepted_for_context_not_enabled_for_extraction,context_only_not_empirical_identification,data/raw/live/bpstat/series_12518343.csv
BPstat Data API v1,12518343,imports_goods_services_current_annual,imports_goods_services,Imports of goods and services-CP-A,1988,1988-12-31,14306.355,millions of euros,annual,current_prices,54,ce3e4e50cda325537eff729ef64037cd,"Portugal reference territory in BPstat metadata; national-accounts goods-and-services concept, not merchandise-only trade",national_accounts_expenditure_approach_historical_series,not_reviewed_in_source_notes,reconstructed_or_harmonised_not_yet_confirmed,accepted_for_context_not_enabled_for_extraction,context_only_not_empirical_identification,data/raw/live/bpstat/series_12518343.csv
BPstat Data API v1,12518343,imports_goods_services_current_annual,imports_goods_services,Imports of goods and services-CP-A,1989,1989-12-31,16794.654,millions of euros,annual,current_prices,54,ce3e4e50cda325537eff729ef64037cd,"Portugal reference territory in BPstat metadata; national-accounts goods-and-services concept, not merchandise-only trade",national_accounts_expenditure_approach_historical_series,not_reviewed_in_source_notes,reconstructed_or_harmonised_not_yet_confirmed,accepted_for_context_not_enabled_for_extraction,context_only_not_empirical_identification,data/raw/live/bpstat/series_12518343.csv
BPstat Data API v1,12518343,imports_goods_services_current_annual,imports_goods_services,Imports of goods and services-CP-A,1990,1990-12-31,19927.111,millions of euros,annual,current_prices,54,ce3e4e50cda325537eff729ef64037cd,"Portugal reference territory in BPstat metadata; national-accounts goods-and-services concept, not merchandise-only trade",national_accounts_expenditure_approach_historical_series,not_reviewed_in_source_notes,reconstructed_or_harmonised_not_yet_confirmed,accepted_for_context_not_enabled_for_extraction,context_only_not_empirical_identification,data/raw/live/bpstat/series_12518343.csv
BPstat Data API v1,12518343,imports_goods_services_current_annual,imports_goods_services,Imports of goods and services-CP-A,1991,1991-12-31,21844.141,millions of euros,annual,current_prices,54,ce3e4e50cda325537eff729ef64037cd,"Portugal reference territory in BPstat metadata; national-accounts goods-and-services concept, not merchandise-only trade",national_accounts_expenditure_approach_historical_series,not_reviewed_in_source_notes,reconstructed_or_harmonised_not_yet_confirmed,accepted_for_context_not_enabled_for_extraction,context_only_not_empirical_identification,data/raw/live/bpstat/series_12518343.csv
BPstat Data API v1,12518343,imports_goods_services_current_annual,imports_goods_services,Imports of goods and services-CP-A,1992,1992-12-31,23107.929,millions of euros,annual,current_prices,54,ce3e4e50cda325537eff729ef64037cd,"Portugal reference territory in BPstat metadata; national-accounts goods-and-services concept, not merchandise-only trade",national_accounts_expenditure_approach_historical_series,not_reviewed_in_source_notes,reconstructed_or_harmonised_not_yet_confirmed,accepted_for_context_not_enabled_for_extraction,context_only_not_empirical_identification,data/raw/live/bpstat/series_12518343.csv
BPstat Data API v1,12518343,imports_goods_services_current_annual,imports_goods_services,Imports of goods and services-CP-A,1993,1993-12-31,23394.881,millions of euros,annual,current_prices,54,ce3e4e50cda325537eff729ef64037cd,"Portugal reference territory in BPstat metadata; national-accounts goods-and-services concept, not merchandise-only trade",national_accounts_expenditure_approach_historical_series,not_reviewed_in_source_notes,reconstructed_or_harmonised_not_yet_confirmed,accepted_for_context_not_enabled_for_extraction,context_only_not_empirical_identification,data/raw/live/bpstat/series_12518343.csv
BPstat Data API v1,12518343,imports_goods_services_current_annual,imports_goods_services,Imports of goods and services-CP-A,1994,1994-12-31,26483.204,millions of euros,annual,current_prices,54,ce3e4e50cda325537eff729ef64037cd,"Portugal reference territory in BPstat metadata; national-accounts goods-and-services concept, not merchandise-only trade",national_accounts_expenditure_approach_historical_series,not_reviewed_in_source_notes,reconstructed_or_harmonised_not_yet_confirmed,accepted_for_context_not_enabled_for_extraction,context_only_not_empirical_identification,data/raw/live/bpstat/series_12518343.csv
BPstat Data API v1,12518343,imports_goods_services_current_annual,imports_goods_services,Imports of goods and services-CP-A,1995,1995-12-31,29508.284,millions of euros,annual,current_prices,54,ce3e4e50cda325537eff729ef64037cd,"Portugal reference territory in BPstat metadata; national-accounts goods-and-services concept, not merchandise-only trade",national_accounts_expenditure_approach_historical_series,not_reviewed_in_source_notes,reconstructed_or_harmonised_not_yet_confirmed,accepted_for_context_not_enabled_for_extraction,context_only_not_empirical_identification,data/raw/live/bpstat/series_12518343.csv
BPstat Data API v1,12518343,imports_goods_services_current_annual,imports_goods_services,Imports of goods and services-CP-A,1996,1996-12-31,31760.01,millions of euros,annual,current_prices,54,ce3e4e50cda325537eff729ef64037cd,"Portugal reference territory in BPstat metadata; national-accounts goods-and-services concept, not merchandise-only trade",national_accounts_expenditure_approach_historical_series,not_reviewed_in_source_notes,reconstructed_or_harmonised_not_yet_confirmed,accepted_for_context_not_enabled_for_extraction,context_only_not_empirical_identification,data/raw/live/bpstat/series_12518343.csv
BPstat Data API v1,12518343,imports_goods_services_current_annual,imports_goods_services,Imports of goods and services-CP-A,1997,1997-12-31,35970.158,millions of euros,annual,current_prices,54,ce3e4e50cda325537eff729ef64037cd,"Portugal reference territory in BPstat metadata; national-accounts goods-and-services concept, not merchandise-only trade",national_accounts_expenditure_approach_historical_series,not_reviewed_in_source_notes,reconstructed_or_harmonised_not_yet_confirmed,accepted_for_context_not_enabled_for_extraction,context_only_not_empirical_identification,data/raw/live/bpstat/series_12518343.csv
BPstat Data API v1,12518343,imports_goods_services_current_annual,imports_goods_services,Imports of goods and services-CP-A,1998,1998-12-31,40643.173,millions of euros,annual,current_prices,54,ce3e4e50cda325537eff729ef64037cd,"Portugal reference territory in BPstat metadata; national-accounts goods-and-services concept, not merchandise-only trade",national_accounts_expenditure_approach_historical_series,not_reviewed_in_source_notes,reconstructed_or_harmonised_not_yet_confirmed,accepted_for_context_not_enabled_for_extraction,context_only_not_empirical_identification,data/raw/live/bpstat/series_12518343.csv
BPstat Data API v1,12518343,imports_goods_services_current_annual,imports_goods_services,Imports of goods and services-CP-A,1999,1999-12-31,44052.714,millions of euros,annual,current_prices,54,ce3e4e50cda325537eff729ef64037cd,"Portugal reference territory in BPstat metadata; national-accounts goods-and-services concept, not merchandise-only trade",national_accounts_expenditure_approach_historical_series,not_reviewed_in_source_notes,reconstructed_or_harmonised_not_yet_confirmed,accepted_for_context_not_enabled_for_extraction,context_only_not_empirical_identification,data/raw/live/bpstat/series_12518343.csv
BPstat Data API v1,12518343,imports_goods_services_current_annual,imports_goods_services,Imports of goods and services-CP-A,2000,2000-12-31,50400.586,millions of euros,annual,current_prices,54,ce3e4e50cda325537eff729ef64037cd,"Portugal reference territory in BPstat metadata; national-accounts goods-and-services concept, not merchandise-only trade",national_accounts_expenditure_approach_historical_series,not_reviewed_in_source_notes,reconstructed_or_harmonised_not_yet_confirmed,accepted_for_context_not_enabled_for_extraction,context_only_not_empirical_identification,data/raw/live/bpstat/series_12518343.csv
BPstat Data API v1,12518343,imports_goods_services_current_annual,imports_goods_services,Imports of goods and services-CP-A,2001,2001-12-31,51125.576,millions of euros,annual,current_prices,54,ce3e4e50cda325537eff729ef64037cd,"Portugal reference territory in BPstat metadata; national-accounts goods-and-services concept, not merchandise-only trade",national_accounts_expenditure_approach_historical_series,not_reviewed_in_source_notes,reconstructed_or_harmonised_not_yet_confirmed,accepted_for_context_not_enabled_for_extraction,context_only_not_empirical_identification,data/raw/live/bpstat/series_12518343.csv
BPstat Data API v1,12518343,imports_goods_services_current_annual,imports_goods_services,Imports of goods and services-CP-A,2002,2002-12-31,50228.848,millions of euros,annual,current_prices,54,ce3e4e50cda325537eff729ef64037cd,"Portugal reference territory in BPstat metadata; national-accounts goods-and-services concept, not merchandise-only trade",national_accounts_expenditure_approach_historical_series,not_reviewed_in_source_notes,reconstructed_or_harmonised_not_yet_confirmed,accepted_for_context_not_enabled_for_extraction,context_only_not_empirical_identification,data/raw/live/bpstat/series_12518343.csv
BPstat Data API v1,12518343,imports_goods_services_current_annual,imports_goods_services,Imports of goods and services-CP-A,2003,2003-12-31,49329.68,millions of euros,annual,current_prices,54,ce3e4e50cda325537eff729ef64037cd,"Portugal reference territory in BPstat metadata; national-accounts goods-and-services concept, not merchandise-only trade",national_accounts_expenditure_approach_historical_series,not_reviewed_in_source_notes,reconstructed_or_harmonised_not_yet_confirmed,accepted_for_context_not_enabled_for_extraction,context_only_not_empirical_identification,data/raw/live/bpstat/series_12518343.csv
BPstat Data API v1,12518343,imports_goods_services_current_annual,imports_goods_services,Imports of goods and services-CP-A,2004,2004-12-31,54105.335,millions of euros,annual,current_prices,54,ce3e4e50cda325537eff729ef64037cd,"Portugal reference territory in BPstat metadata; national-accounts goods-and-services concept, not merchandise-only trade",national_accounts_expenditure_approach_historical_series,not_reviewed_in_source_notes,reconstructed_or_harmonised_not_yet_confirmed,accepted_for_context_not_enabled_for_extraction,context_only_not_empirical_identification,data/raw/live/bpstat/series_12518343.csv
BPstat Data API v1,12518343,imports_goods_services_current_annual,imports_goods_services,Imports of goods and services-CP-A,2005,2005-12-31,56857.534,millions of euros,annual,current_prices,54,ce3e4e50cda325537eff729ef64037cd,"Portugal reference territory in BPstat metadata; national-accounts goods-and-services concept, not merchandise-only trade",national_accounts_expenditure_approach_historical_series,not_reviewed_in_source_notes,reconstructed_or_harmonised_not_yet_confirmed,accepted_for_context_not_enabled_for_extraction,context_only_not_empirical_identification,data/raw/live/bpstat/series_12518343.csv
BPstat Data API v1,12518343,imports_goods_services_current_annual,imports_goods_services,Imports of goods and services-CP-A,2006,2006-12-31,63494.289,millions of euros,annual,current_prices,54,ce3e4e50cda325537eff729ef64037cd,"Portugal reference territory in BPstat metadata; national-accounts goods-and-services concept, not merchandise-only trade",national_accounts_expenditure_approach_historical_series,not_reviewed_in_source_notes,reconstructed_or_harmonised_not_yet_confirmed,accepted_for_context_not_enabled_for_extraction,context_only_not_empirical_identification,data/raw/live/bpstat/series_12518343.csv
BPstat Data API v1,12518343,imports_goods_services_current_annual,imports_goods_services,Imports of goods and services-CP-A,2007,2007-12-31,68003.21,millions of euros,annual,current_prices,54,ce3e4e50cda325537eff729ef64037cd,"Portugal reference territory in BPstat metadata; national-accounts goods-and-services concept, not merchandise-only trade",national_accounts_expenditure_approach_historical_series,not_reviewed_in_source_notes,reconstructed_or_harmonised_not_yet_confirmed,accepted_for_context_not_enabled_for_extraction,context_only_not_empirical_identification,data/raw/live/bpstat/series_12518343.csv
BPstat Data API v1,12518343,imports_goods_services_current_annual,imports_goods_services,Imports of goods and services-CP-A,2008,2008-12-31,73100.198,millions of euros,annual,current_prices,54,ce3e4e50cda325537eff729ef64037cd,"Portugal reference territory in BPstat metadata; national-accounts goods-and-services concept, not merchandise-only trade",national_accounts_expenditure_approach_historical_series,not_reviewed_in_source_notes,reconstructed_or_harmonised_not_yet_confirmed,accepted_for_context_not_enabled_for_extraction,context_only_not_empirical_identification,data/raw/live/bpstat/series_12518343.csv
BPstat Data API v1,12518343,imports_goods_services_current_annual,imports_goods_services,Imports of goods and services-CP-A,2009,2009-12-31,59990.581,millions of euros,annual,current_prices,54,ce3e4e50cda325537eff729ef64037cd,"Portugal reference territory in BPstat metadata; national-accounts goods-and-services concept, not merchandise-only trade",national_accounts_expenditure_approach_historical_series,not_reviewed_in_source_notes,reconstructed_or_harmonised_not_yet_confirmed,accepted_for_context_not_enabled_for_extraction,context_only_not_empirical_identification,data/raw/live/bpstat/series_12518343.csv
BPstat Data API v1,12518343,imports_goods_services_current_annual,imports_goods_services,Imports of goods and services-CP-A,2010,2010-12-31,67738.385,millions of euros,annual,current_prices,54,ce3e4e50cda325537eff729ef64037cd,"Portugal reference territory in BPstat metadata; national-accounts goods-and-services concept, not merchandise-only trade",national_accounts_expenditure_approach_historical_series,not_reviewed_in_source_notes,reconstructed_or_harmonised_not_yet_confirmed,accepted_for_context_not_enabled_for_extraction,context_only_not_empirical_identification,data/raw/live/bpstat/series_12518343.csv
BPstat Data API v1,12518343,imports_goods_services_current_annual,imports_goods_services,Imports of goods and services-CP-A,2011,2011-12-31,68051.806,millions of euros,annual,current_prices,54,ce3e4e50cda325537eff729ef64037cd,"Portugal reference territory in BPstat metadata; national-accounts goods-and-services concept, not merchandise-only trade",national_accounts_expenditure_approach_historical_series,not_reviewed_in_source_notes,reconstructed_or_harmonised_not_yet_confirmed,accepted_for_context_not_enabled_for_extraction,context_only_not_empirical_identification,data/raw/live/bpstat/series_12518343.csv
BPstat Data API v1,12518343,imports_goods_services_current_annual,imports_goods_services,Imports of goods and services-CP-A,2012,2012-12-31,64411.467,millions of euros,annual,current_prices,54,ce3e4e50cda325537eff729ef64037cd,"Portugal reference territory in BPstat metadata; national-accounts goods-and-services concept, not merchandise-only trade",national_accounts_expenditure_approach_historical_series,not_reviewed_in_source_notes,reconstructed_or_harmonised_not_yet_confirmed,accepted_for_context_not_enabled_for_extraction,context_only_not_empirical_identification,data/raw/live/bpstat/series_12518343.csv
BPstat Data API v1,12518343,imports_goods_services_current_annual,imports_goods_services,Imports of goods and services-CP-A,2013,2013-12-31,65653.043,millions of euros,annual,current_prices,54,ce3e4e50cda325537eff729ef64037cd,"Portugal reference territory in BPstat metadata; national-accounts goods-and-services concept, not merchandise-only trade",national_accounts_expenditure_approach_historical_series,not_reviewed_in_source_notes,reconstructed_or_harmonised_not_yet_confirmed,accepted_for_context_not_enabled_for_extraction,context_only_not_empirical_identification,data/raw/live/bpstat/series_12518343.csv
BPstat Data API v1,12518343,imports_goods_services_current_annual,imports_goods_services,Imports of goods and services-CP-A,2014,2014-12-31,69336.282,millions of euros,annual,current_prices,54,ce3e4e50cda325537eff729ef64037cd,"Portugal reference territory in BPstat metadata; national-accounts goods-and-services concept, not merchandise-only trade",national_accounts_expenditure_approach_historical_series,not_reviewed_in_source_notes,reconstructed_or_harmonised_not_yet_confirmed,accepted_for_context_not_enabled_for_extraction,context_only_not_empirical_identification,data/raw/live/bpstat/series_12518343.csv
BPstat Data API v1,12518343,imports_goods_services_current_annual,imports_goods_services,Imports of goods and services-CP-A,2015,2015-12-31,71662.022,millions of euros,annual,current_prices,54,ce3e4e50cda325537eff729ef64037cd,"Portugal reference territory in BPstat metadata; national-accounts goods-and-services concept, not merchandise-only trade",national_accounts_expenditure_approach_historical_series,not_reviewed_in_source_notes,reconstructed_or_harmonised_not_yet_confirmed,accepted_for_context_not_enabled_for_extraction,context_only_not_empirical_identification,data/raw/live/bpstat/series_12518343.csv
BPstat Data API v1,12518343,imports_goods_services_current_annual,imports_goods_services,Imports of goods and services-CP-A,2016,2016-12-31,73000.228,millions of euros,annual,current_prices,54,ce3e4e50cda325537eff729ef64037cd,"Portugal reference territory in BPstat metadata; national-accounts goods-and-services concept, not merchandise-only trade",national_accounts_expenditure_approach_historical_series,not_reviewed_in_source_notes,reconstructed_or_harmonised_not_yet_confirmed,accepted_for_context_not_enabled_for_extraction,context_only_not_empirical_identification,data/raw/live/bpstat/series_12518343.csv
BPstat Data API v1,12518343,imports_goods_services_current_annual,imports_goods_services,Imports of goods and services-CP-A,2017,2017-12-31,81850.122,millions of euros,annual,current_prices,54,ce3e4e50cda325537eff729ef64037cd,"Portugal reference territory in BPstat metadata; national-accounts goods-and-services concept, not merchandise-only trade",national_accounts_expenditure_approach_historical_series,not_reviewed_in_source_notes,reconstructed_or_harmonised_not_yet_confirmed,accepted_for_context_not_enabled_for_extraction,context_only_not_empirical_identification,data/raw/live/bpstat/series_12518343.csv
BPstat Data API v1,12518343,imports_goods_services_current_annual,imports_goods_services,Imports of goods and services-CP-A,2018,2018-12-31,88268.122,millions of euros,annual,current_prices,54,ce3e4e50cda325537eff729ef64037cd,"Portugal reference territory in BPstat metadata; national-accounts goods-and-services concept, not merchandise-only trade",national_accounts_expenditure_approach_historical_series,not_reviewed_in_source_notes,reconstructed_or_harmonised_not_yet_confirmed,accepted_for_context_not_enabled_for_extraction,context_only_not_empirical_identification,data/raw/live/bpstat/series_12518343.csv
BPstat Data API v1,12518343,imports_goods_services_current_annual,imports_goods_services,Imports of goods and services-CP-A,2019,2019-12-31,92483.459,millions of euros,annual,current_prices,54,ce3e4e50cda325537eff729ef64037cd,"Portugal reference territory in BPstat metadata; national-accounts goods-and-services concept, not merchandise-only trade",national_accounts_expenditure_approach_historical_series,not_reviewed_in_source_notes,reconstructed_or_harmonised_not_yet_confirmed,accepted_for_context_not_enabled_for_extraction,context_only_not_empirical_identification,data/raw/live/bpstat/series_12518343.csv
BPstat Data API v1,12518343,imports_goods_services_current_annual,imports_goods_services,Imports of goods and services-CP-A,2020,2020-12-31,78910.615,millions of euros,annual,current_prices,54,ce3e4e50cda325537eff729ef64037cd,"Portugal reference territory in BPstat metadata; national-accounts goods-and-services concept, not merchandise-only trade",national_accounts_expenditure_approach_historical_series,not_reviewed_in_source_notes,reconstructed_or_harmonised_not_yet_confirmed,accepted_for_context_not_enabled_for_extraction,context_only_not_empirical_identification,data/raw/live/bpstat/series_12518343.csv
BPstat Data API v1,12518343,imports_goods_services_current_annual,imports_goods_services,Imports of goods and services-CP-A,2021,2021-12-31,95961.108,millions of euros,annual,current_prices,54,ce3e4e50cda325537eff729ef64037cd,"Portugal reference territory in BPstat metadata; national-accounts goods-and-services concept, not merchandise-only trade",national_accounts_expenditure_approach_historical_series,not_reviewed_in_source_notes,reconstructed_or_harmonised_not_yet_confirmed,accepted_for_context_not_enabled_for_extraction,context_only_not_empirical_identification,data/raw/live/bpstat/series_12518343.csv
BPstat Data API v1,12518343,imports_goods_services_current_annual,imports_goods_services,Imports of goods and services-CP-A,2022,2022-12-31,126570.948,millions of euros,annual,current_prices,54,ce3e4e50cda325537eff729ef64037cd,"Portugal reference territory in BPstat metadata; national-accounts goods-and-services concept, not merchandise-only trade",national_accounts_expenditure_approach_historical_series,not_reviewed_in_source_notes,reconstructed_or_harmonised_not_yet_confirmed,accepted_for_context_not_enabled_for_extraction,context_only_not_empirical_identification,data/raw/live/bpstat/series_12518343.csv
BPstat Data API v1,12518343,imports_goods_services_current_annual,imports_goods_services,Imports of goods and services-CP-A,2023,2023-12-31,124309.151,millions of euros,annual,current_prices,54,ce3e4e50cda325537eff729ef64037cd,"Portugal reference territory in BPstat metadata; national-accounts goods-and-services concept, not merchandise-only trade",national_accounts_expenditure_approach_historical_series,not_reviewed_in_source_notes,reconstructed_or_harmonised_not_yet_confirmed,accepted_for_context_not_enabled_for_extraction,context_only_not_empirical_identification,data/raw/live/bpstat/series_12518343.csv
BPstat Data API v1,12518343,imports_goods_services_current_annual,imports_goods_services,Imports of goods and services-CP-A,2024,2024-12-31,127046.887,millions of euros,annual,current_prices,54,ce3e4e50cda325537eff729ef64037cd,"Portugal reference territory in BPstat metadata; national-accounts goods-and-services concept, not merchandise-only trade",national_accounts_expenditure_approach_historical_series,not_reviewed_in_source_notes,reconstructed_or_harmonised_not_yet_confirmed,accepted_for_context_not_enabled_for_extraction,context_only_not_empirical_identification,data/raw/live/bpstat/series_12518343.csv
BPstat Data API v1,12518343,imports_goods_services_current_annual,imports_goods_services,Imports of goods and services-CP-A,2025,2025-12-31,131113.986,millions of euros,annual,current_prices,54,ce3e4e50cda325537eff729ef64037cd,"Portugal reference territory in BPstat metadata; national-accounts goods-and-services concept, not merchandise-only trade",national_accounts_expenditure_approach_historical_series,not_reviewed_in_source_notes,reconstructed_or_harmonised_not_yet_confirmed,accepted_for_context_not_enabled_for_extraction,context_only_not_empirical_identification,data/raw/live/bpstat/series_12518343.csv
BPstat Data API v1,12706415,manufacturing_gva_chain_linked_annual,real_manufacturing_value_added,GVA-Manufacturing-annual-chain-linked values,1954,1954-12-31,3134.362,millions of euros,annual,chain_linked_volume,55,db0366b1f32fc6842a7541885fcb5600,Portugal reference territory in BPstat metadata; historical industrial classification comparability not yet independently reviewed,national_accounts_production_approach_historical_series,not_reviewed_in_source_notes,reconstructed_or_harmonised_not_yet_confirmed,accepted_for_context_not_enabled_for_extraction,context_only_not_empirical_identification,data/raw/live/bpstat/series_12706415.csv
BPstat Data API v1,12706415,manufacturing_gva_chain_linked_annual,real_manufacturing_value_added,GVA-Manufacturing-annual-chain-linked values,1955,1955-12-31,3180.707,millions of euros,annual,chain_linked_volume,55,db0366b1f32fc6842a7541885fcb5600,Portugal reference territory in BPstat metadata; historical industrial classification comparability not yet independently reviewed,national_accounts_production_approach_historical_series,not_reviewed_in_source_notes,reconstructed_or_harmonised_not_yet_confirmed,accepted_for_context_not_enabled_for_extraction,context_only_not_empirical_identification,data/raw/live/bpstat/series_12706415.csv
BPstat Data API v1,12706415,manufacturing_gva_chain_linked_annual,real_manufacturing_value_added,GVA-Manufacturing-annual-chain-linked values,1956,1956-12-31,3548.552,millions of euros,annual,chain_linked_volume,55,db0366b1f32fc6842a7541885fcb5600,Portugal reference territory in BPstat metadata; historical industrial classification comparability not yet independently reviewed,national_accounts_production_approach_historical_series,not_reviewed_in_source_notes,reconstructed_or_harmonised_not_yet_confirmed,accepted_for_context_not_enabled_for_extraction,context_only_not_empirical_identification,data/raw/live/bpstat/series_12706415.csv
BPstat Data API v1,12706415,manufacturing_gva_chain_linked_annual,real_manufacturing_value_added,GVA-Manufacturing-annual-chain-linked values,1957,1957-12-31,3675.193,millions of euros,annual,chain_linked_volume,55,db0366b1f32fc6842a7541885fcb5600,Portugal reference territory in BPstat metadata; historical industrial classification comparability not yet independently reviewed,national_accounts_production_approach_historical_series,not_reviewed_in_source_notes,reconstructed_or_harmonised_not_yet_confirmed,accepted_for_context_not_enabled_for_extraction,context_only_not_empirical_identification,data/raw/live/bpstat/series_12706415.csv
BPstat Data API v1,12706415,manufacturing_gva_chain_linked_annual,real_manufacturing_value_added,GVA-Manufacturing-annual-chain-linked values,1958,1958-12-31,4006.981,millions of euros,annual,chain_linked_volume,55,db0366b1f32fc6842a7541885fcb5600,Portugal reference territory in BPstat metadata; historical industrial classification comparability not yet independently reviewed,national_accounts_production_approach_historical_series,not_reviewed_in_source_notes,reconstructed_or_harmonised_not_yet_confirmed,accepted_for_context_not_enabled_for_extraction,context_only_not_empirical_identification,data/raw/live/bpstat/series_12706415.csv
BPstat Data API v1,12706415,manufacturing_gva_chain_linked_annual,real_manufacturing_value_added,GVA-Manufacturing-annual-chain-linked values,1959,1959-12-31,4356.253,millions of euros,annual,chain_linked_volume,55,db0366b1f32fc6842a7541885fcb5600,Portugal reference territory in BPstat metadata; historical industrial classification comparability not yet independently reviewed,national_accounts_production_approach_historical_series,not_reviewed_in_source_notes,reconstructed_or_harmonised_not_yet_confirmed,accepted_for_context_not_enabled_for_extraction,context_only_not_empirical_identification,data/raw/live/bpstat/series_12706415.csv
BPstat Data API v1,12706415,manufacturing_gva_chain_linked_annual,real_manufacturing_value_added,GVA-Manufacturing-annual-chain-linked values,1960,1960-12-31,4572.752,millions of euros,annual,chain_linked_volume,55,db0366b1f32fc6842a7541885fcb5600,Portugal reference territory in BPstat metadata; historical industrial classification comparability not yet independently reviewed,national_accounts_production_approach_historical_series,not_reviewed_in_source_notes,reconstructed_or_harmonised_not_yet_confirmed,accepted_for_context_not_enabled_for_extraction,context_only_not_empirical_identification,data/raw/live/bpstat/series_12706415.csv
BPstat Data API v1,12706415,manufacturing_gva_chain_linked_annual,real_manufacturing_value_added,GVA-Manufacturing-annual-chain-linked values,1961,1961-12-31,4338.83,millions of euros,annual,chain_linked_volume,55,db0366b1f32fc6842a7541885fcb5600,Portugal reference territory in BPstat metadata; historical industrial classification comparability not yet independently reviewed,national_accounts_production_approach_historical_series,not_reviewed_in_source_notes,reconstructed_or_harmonised_not_yet_confirmed,accepted_for_context_not_enabled_for_extraction,context_only_not_empirical_identification,data/raw/live/bpstat/series_12706415.csv
BPstat Data API v1,12706415,manufacturing_gva_chain_linked_annual,real_manufacturing_value_added,GVA-Manufacturing-annual-chain-linked values,1962,1962-12-31,5171.232,millions of euros,annual,chain_linked_volume,55,db0366b1f32fc6842a7541885fcb5600,Portugal reference territory in BPstat metadata; historical industrial classification comparability not yet independently reviewed,national_accounts_production_approach_historical_series,not_reviewed_in_source_notes,reconstructed_or_harmonised_not_yet_confirmed,accepted_for_context_not_enabled_for_extraction,context_only_not_empirical_identification,data/raw/live/bpstat/series_12706415.csv
BPstat Data API v1,12706415,manufacturing_gva_chain_linked_annual,real_manufacturing_value_added,GVA-Manufacturing-annual-chain-linked values,1963,1963-12-31,5469.768,millions of euros,annual,chain_linked_volume,55,db0366b1f32fc6842a7541885fcb5600,Portugal reference territory in BPstat metadata; historical industrial classification comparability not yet independently reviewed,national_accounts_production_approach_historical_series,not_reviewed_in_source_notes,reconstructed_or_harmonised_not_yet_confirmed,accepted_for_context_not_enabled_for_extraction,context_only_not_empirical_identification,data/raw/live/bpstat/series_12706415.csv
BPstat Data API v1,12706415,manufacturing_gva_chain_linked_annual,real_manufacturing_value_added,GVA-Manufacturing-annual-chain-linked values,1964,1964-12-31,6116.165,millions of euros,annual,chain_linked_volume,55,db0366b1f32fc6842a7541885fcb5600,Portugal reference territory in BPstat metadata; historical industrial classification comparability not yet independently reviewed,national_accounts_production_approach_historical_series,not_reviewed_in_source_notes,reconstructed_or_harmonised_not_yet_confirmed,accepted_for_context_not_enabled_for_extraction,context_only_not_empirical_identification,data/raw/live/bpstat/series_12706415.csv
BPstat Data API v1,12706415,manufacturing_gva_chain_linked_annual,real_manufacturing_value_added,GVA-Manufacturing-annual-chain-linked values,1965,1965-12-31,7552.013,millions of euros,annual,chain_linked_volume,55,db0366b1f32fc6842a7541885fcb5600,Portugal reference territory in BPstat metadata; historical industrial classification comparability not yet independently reviewed,national_accounts_production_approach_historical_series,not_reviewed_in_source_notes,reconstructed_or_harmonised_not_yet_confirmed,accepted_for_context_not_enabled_for_extraction,context_only_not_empirical_identification,data/raw/live/bpstat/series_12706415.csv
BPstat Data API v1,12706415,manufacturing_gva_chain_linked_annual,real_manufacturing_value_added,GVA-Manufacturing-annual-chain-linked values,1966,1966-12-31,8184.697,millions of euros,annual,chain_linked_volume,55,db0366b1f32fc6842a7541885fcb5600,Portugal reference territory in BPstat metadata; historical industrial classification comparability not yet independently reviewed,national_accounts_production_approach_historical_series,not_reviewed_in_source_notes,reconstructed_or_harmonised_not_yet_confirmed,accepted_for_context_not_enabled_for_extraction,context_only_not_empirical_identification,data/raw/live/bpstat/series_12706415.csv
BPstat Data API v1,12706415,manufacturing_gva_chain_linked_annual,real_manufacturing_value_added,GVA-Manufacturing-annual-chain-linked values,1967,1967-12-31,8365.842,millions of euros,annual,chain_linked_volume,55,db0366b1f32fc6842a7541885fcb5600,Portugal reference territory in BPstat metadata; historical industrial classification comparability not yet independently reviewed,national_accounts_production_approach_historical_series,not_reviewed_in_source_notes,reconstructed_or_harmonised_not_yet_confirmed,accepted_for_context_not_enabled_for_extraction,context_only_not_empirical_identification,data/raw/live/bpstat/series_12706415.csv
BPstat Data API v1,12706415,manufacturing_gva_chain_linked_annual,real_manufacturing_value_added,GVA-Manufacturing-annual-chain-linked values,1968,1968-12-31,8343.055,millions of euros,annual,chain_linked_volume,55,db0366b1f32fc6842a7541885fcb5600,Portugal reference territory in BPstat metadata; historical industrial classification comparability not yet independently reviewed,national_accounts_production_approach_historical_series,not_reviewed_in_source_notes,reconstructed_or_harmonised_not_yet_confirmed,accepted_for_context_not_enabled_for_extraction,context_only_not_empirical_identification,data/raw/live/bpstat/series_12706415.csv
BPstat Data API v1,12706415,manufacturing_gva_chain_linked_annual,real_manufacturing_value_added,GVA-Manufacturing-annual-chain-linked values,1969,1969-12-31,9078.461,millions of euros,annual,chain_linked_volume,55,db0366b1f32fc6842a7541885fcb5600,Portugal reference territory in BPstat metadata; historical industrial classification comparability not yet independently reviewed,national_accounts_production_approach_historical_series,not_reviewed_in_source_notes,reconstructed_or_harmonised_not_yet_confirmed,accepted_for_context_not_enabled_for_extraction,context_only_not_empirical_identification,data/raw/live/bpstat/series_12706415.csv
BPstat Data API v1,12706415,manufacturing_gva_chain_linked_annual,real_manufacturing_value_added,GVA-Manufacturing-annual-chain-linked values,1970,1970-12-31,10080.418,millions of euros,annual,chain_linked_volume,55,db0366b1f32fc6842a7541885fcb5600,Portugal reference territory in BPstat metadata; historical industrial classification comparability not yet independently reviewed,national_accounts_production_approach_historical_series,not_reviewed_in_source_notes,reconstructed_or_harmonised_not_yet_confirmed,accepted_for_context_not_enabled_for_extraction,context_only_not_empirical_identification,data/raw/live/bpstat/series_12706415.csv
BPstat Data API v1,12706415,manufacturing_gva_chain_linked_annual,real_manufacturing_value_added,GVA-Manufacturing-annual-chain-linked values,1971,1971-12-31,11292.698,millions of euros,annual,chain_linked_volume,55,db0366b1f32fc6842a7541885fcb5600,Portugal reference territory in BPstat metadata; historical industrial classification comparability not yet independently reviewed,national_accounts_production_approach_historical_series,not_reviewed_in_source_notes,reconstructed_or_harmonised_not_yet_confirmed,accepted_for_context_not_enabled_for_extraction,context_only_not_empirical_identification,data/raw/live/bpstat/series_12706415.csv
BPstat Data API v1,12706415,manufacturing_gva_chain_linked_annual,real_manufacturing_value_added,GVA-Manufacturing-annual-chain-linked values,1972,1972-12-31,12179.519,millions of euros,annual,chain_linked_volume,55,db0366b1f32fc6842a7541885fcb5600,Portugal reference territory in BPstat metadata; historical industrial classification comparability not yet independently reviewed,national_accounts_production_approach_historical_series,not_reviewed_in_source_notes,reconstructed_or_harmonised_not_yet_confirmed,accepted_for_context_not_enabled_for_extraction,context_only_not_empirical_identification,data/raw/live/bpstat/series_12706415.csv
BPstat Data API v1,12706415,manufacturing_gva_chain_linked_annual,real_manufacturing_value_added,GVA-Manufacturing-annual-chain-linked values,1973,1973-12-31,13262.045,millions of euros,annual,chain_linked_volume,55,db0366b1f32fc6842a7541885fcb5600,Portugal reference territory in BPstat metadata; historical industrial classification comparability not yet independently reviewed,national_accounts_production_approach_historical_series,not_reviewed_in_source_notes,reconstructed_or_harmonised_not_yet_confirmed,accepted_for_context_not_enabled_for_extraction,context_only_not_empirical_identification,data/raw/live/bpstat/series_12706415.csv
BPstat Data API v1,12706415,manufacturing_gva_chain_linked_annual,real_manufacturing_value_added,GVA-Manufacturing-annual-chain-linked values,1974,1974-12-31,13923.49,millions of euros,annual,chain_linked_volume,55,db0366b1f32fc6842a7541885fcb5600,Portugal reference territory in BPstat metadata; historical industrial classification comparability not yet independently reviewed,national_accounts_production_approach_historical_series,not_reviewed_in_source_notes,reconstructed_or_harmonised_not_yet_confirmed,accepted_for_context_not_enabled_for_extraction,context_only_not_empirical_identification,data/raw/live/bpstat/series_12706415.csv
BPstat Data API v1,12706415,manufacturing_gva_chain_linked_annual,real_manufacturing_value_added,GVA-Manufacturing-annual-chain-linked values,1975,1975-12-31,12350.274,millions of euros,annual,chain_linked_volume,55,db0366b1f32fc6842a7541885fcb5600,Portugal reference territory in BPstat metadata; historical industrial classification comparability not yet independently reviewed,national_accounts_production_approach_historical_series,not_reviewed_in_source_notes,reconstructed_or_harmonised_not_yet_confirmed,accepted_for_context_not_enabled_for_extraction,context_only_not_empirical_identification,data/raw/live/bpstat/series_12706415.csv
BPstat Data API v1,12706415,manufacturing_gva_chain_linked_annual,real_manufacturing_value_added,GVA-Manufacturing-annual-chain-linked values,1976,1976-12-31,12615.706,millions of euros,annual,chain_linked_volume,55,db0366b1f32fc6842a7541885fcb5600,Portugal reference territory in BPstat metadata; historical industrial classification comparability not yet independently reviewed,national_accounts_production_approach_historical_series,not_reviewed_in_source_notes,reconstructed_or_harmonised_not_yet_confirmed,accepted_for_context_not_enabled_for_extraction,context_only_not_empirical_identification,data/raw/live/bpstat/series_12706415.csv
BPstat Data API v1,12706415,manufacturing_gva_chain_linked_annual,real_manufacturing_value_added,GVA-Manufacturing-annual-chain-linked values,1977,1977-12-31,13406.475,millions of euros,annual,chain_linked_volume,55,db0366b1f32fc6842a7541885fcb5600,Portugal reference territory in BPstat metadata; historical industrial classification comparability not yet independently reviewed,national_accounts_production_approach_historical_series,not_reviewed_in_source_notes,reconstructed_or_harmonised_not_yet_confirmed,accepted_for_context_not_enabled_for_extraction,context_only_not_empirical_identification,data/raw/live/bpstat/series_12706415.csv
BPstat Data API v1,12706415,manufacturing_gva_chain_linked_annual,real_manufacturing_value_added,GVA-Manufacturing-annual-chain-linked values,1978,1978-12-31,13270.381,millions of euros,annual,chain_linked_volume,55,db0366b1f32fc6842a7541885fcb5600,Portugal reference territory in BPstat metadata; historical industrial classification comparability not yet independently reviewed,national_accounts_production_approach_historical_series,not_reviewed_in_source_notes,reconstructed_or_harmonised_not_yet_confirmed,accepted_for_context_not_enabled_for_extraction,context_only_not_empirical_identification,data/raw/live/bpstat/series_12706415.csv
BPstat Data API v1,12706415,manufacturing_gva_chain_linked_annual,real_manufacturing_value_added,GVA-Manufacturing-annual-chain-linked values,1979,1979-12-31,13878.011,millions of euros,annual,chain_linked_volume,55,db0366b1f32fc6842a7541885fcb5600,Portugal reference territory in BPstat metadata; historical industrial classification comparability not yet independently reviewed,national_accounts_production_approach_historical_series,not_reviewed_in_source_notes,reconstructed_or_harmonised_not_yet_confirmed,accepted_for_context_not_enabled_for_extraction,context_only_not_empirical_identification,data/raw/live/bpstat/series_12706415.csv
BPstat Data API v1,12706415,manufacturing_gva_chain_linked_annual,real_manufacturing_value_added,GVA-Manufacturing-annual-chain-linked values,1980,1980-12-31,15739.256,millions of euros,annual,chain_linked_volume,55,db0366b1f32fc6842a7541885fcb5600,Portugal reference territory in BPstat metadata; historical industrial classification comparability not yet independently reviewed,national_accounts_production_approach_historical_series,not_reviewed_in_source_notes,reconstructed_or_harmonised_not_yet_confirmed,accepted_for_context_not_enabled_for_extraction,context_only_not_empirical_identification,data/raw/live/bpstat/series_12706415.csv
BPstat Data API v1,12706415,manufacturing_gva_chain_linked_annual,real_manufacturing_value_added,GVA-Manufacturing-annual-chain-linked values,1981,1981-12-31,15412.49,millions of euros,annual,chain_linked_volume,55,db0366b1f32fc6842a7541885fcb5600,Portugal reference territory in BPstat metadata; historical industrial classification comparability not yet independently reviewed,national_accounts_production_approach_historical_series,not_reviewed_in_source_notes,reconstructed_or_harmonised_not_yet_confirmed,accepted_for_context_not_enabled_for_extraction,context_only_not_empirical_identification,data/raw/live/bpstat/series_12706415.csv
BPstat Data API v1,12706415,manufacturing_gva_chain_linked_annual,real_manufacturing_value_added,GVA-Manufacturing-annual-chain-linked values,1982,1982-12-31,14931.432,millions of euros,annual,chain_linked_volume,55,db0366b1f32fc6842a7541885fcb5600,Portugal reference territory in BPstat metadata; historical industrial classification comparability not yet independently reviewed,national_accounts_production_approach_historical_series,not_reviewed_in_source_notes,reconstructed_or_harmonised_not_yet_confirmed,accepted_for_context_not_enabled_for_extraction,context_only_not_empirical_identification,data/raw/live/bpstat/series_12706415.csv
BPstat Data API v1,12706415,manufacturing_gva_chain_linked_annual,real_manufacturing_value_added,GVA-Manufacturing-annual-chain-linked values,1983,1983-12-31,14749.122,millions of euros,annual,chain_linked_volume,55,db0366b1f32fc6842a7541885fcb5600,Portugal reference territory in BPstat metadata; historical industrial classification comparability not yet independently reviewed,national_accounts_production_approach_historical_series,not_reviewed_in_source_notes,reconstructed_or_harmonised_not_yet_confirmed,accepted_for_context_not_enabled_for_extraction,context_only_not_empirical_identification,data/raw/live/bpstat/series_12706415.csv
BPstat Data API v1,12706415,manufacturing_gva_chain_linked_annual,real_manufacturing_value_added,GVA-Manufacturing-annual-chain-linked values,1984,1984-12-31,14721.189,millions of euros,annual,chain_linked_volume,55,db0366b1f32fc6842a7541885fcb5600,Portugal reference territory in BPstat metadata; historical industrial classification comparability not yet independently reviewed,national_accounts_production_approach_historical_series,not_reviewed_in_source_notes,reconstructed_or_harmonised_not_yet_confirmed,accepted_for_context_not_enabled_for_extraction,context_only_not_empirical_identification,data/raw/live/bpstat/series_12706415.csv
BPstat Data API v1,12706415,manufacturing_gva_chain_linked_annual,real_manufacturing_value_added,GVA-Manufacturing-annual-chain-linked values,1985,1985-12-31,14646.069,millions of euros,annual,chain_linked_volume,55,db0366b1f32fc6842a7541885fcb5600,Portugal reference territory in BPstat metadata; historical industrial classification comparability not yet independently reviewed,national_accounts_production_approach_historical_series,not_reviewed_in_source_notes,reconstructed_or_harmonised_not_yet_confirmed,accepted_for_context_not_enabled_for_extraction,context_only_not_empirical_identification,data/raw/live/bpstat/series_12706415.csv
BPstat Data API v1,12706415,manufacturing_gva_chain_linked_annual,real_manufacturing_value_added,GVA-Manufacturing-annual-chain-linked values,1986,1986-12-31,15412.754,millions of euros,annual,chain_linked_volume,55,db0366b1f32fc6842a7541885fcb5600,Portugal reference territory in BPstat metadata; historical industrial classification comparability not yet independently reviewed,national_accounts_production_approach_historical_series,not_reviewed_in_source_notes,reconstructed_or_harmonised_not_yet_confirmed,accepted_for_context_not_enabled_for_extraction,context_only_not_empirical_identification,data/raw/live/bpstat/series_12706415.csv
BPstat Data API v1,12706415,manufacturing_gva_chain_linked_annual,real_manufacturing_value_added,GVA-Manufacturing-annual-chain-linked values,1987,1987-12-31,16773.671,millions of euros,annual,chain_linked_volume,55,db0366b1f32fc6842a7541885fcb5600,Portugal reference territory in BPstat metadata; historical industrial classification comparability not yet independently reviewed,national_accounts_production_approach_historical_series,not_reviewed_in_source_notes,reconstructed_or_harmonised_not_yet_confirmed,accepted_for_context_not_enabled_for_extraction,context_only_not_empirical_identification,data/raw/live/bpstat/series_12706415.csv
BPstat Data API v1,12706415,manufacturing_gva_chain_linked_annual,real_manufacturing_value_added,GVA-Manufacturing-annual-chain-linked values,1988,1988-12-31,17822.359,millions of euros,annual,chain_linked_volume,55,db0366b1f32fc6842a7541885fcb5600,Portugal reference territory in BPstat metadata; historical industrial classification comparability not yet independently reviewed,national_accounts_production_approach_historical_series,not_reviewed_in_source_notes,reconstructed_or_harmonised_not_yet_confirmed,accepted_for_context_not_enabled_for_extraction,context_only_not_empirical_identification,data/raw/live/bpstat/series_12706415.csv
BPstat Data API v1,12706415,manufacturing_gva_chain_linked_annual,real_manufacturing_value_added,GVA-Manufacturing-annual-chain-linked values,1989,1989-12-31,18565.442,millions of euros,annual,chain_linked_volume,55,db0366b1f32fc6842a7541885fcb5600,Portugal reference territory in BPstat metadata; historical industrial classification comparability not yet independently reviewed,national_accounts_production_approach_historical_series,not_reviewed_in_source_notes,reconstructed_or_harmonised_not_yet_confirmed,accepted_for_context_not_enabled_for_extraction,context_only_not_empirical_identification,data/raw/live/bpstat/series_12706415.csv
BPstat Data API v1,12706415,manufacturing_gva_chain_linked_annual,real_manufacturing_value_added,GVA-Manufacturing-annual-chain-linked values,1990,1990-12-31,20144.073,millions of euros,annual,chain_linked_volume,55,db0366b1f32fc6842a7541885fcb5600,Portugal reference territory in BPstat metadata; historical industrial classification comparability not yet independently reviewed,national_accounts_production_approach_historical_series,not_reviewed_in_source_notes,reconstructed_or_harmonised_not_yet_confirmed,accepted_for_context_not_enabled_for_extraction,context_only_not_empirical_identification,data/raw/live/bpstat/series_12706415.csv
BPstat Data API v1,12706415,manufacturing_gva_chain_linked_annual,real_manufacturing_value_added,GVA-Manufacturing-annual-chain-linked values,1991,1991-12-31,20053.503,millions of euros,annual,chain_linked_volume,55,db0366b1f32fc6842a7541885fcb5600,Portugal reference territory in BPstat metadata; historical industrial classification comparability not yet independently reviewed,national_accounts_production_approach_historical_series,not_reviewed_in_source_notes,reconstructed_or_harmonised_not_yet_confirmed,accepted_for_context_not_enabled_for_extraction,context_only_not_empirical_identification,data/raw/live/bpstat/series_12706415.csv
BPstat Data API v1,12706415,manufacturing_gva_chain_linked_annual,real_manufacturing_value_added,GVA-Manufacturing-annual-chain-linked values,1992,1992-12-31,20063.52,millions of euros,annual,chain_linked_volume,55,db0366b1f32fc6842a7541885fcb5600,Portugal reference territory in BPstat metadata; historical industrial classification comparability not yet independently reviewed,national_accounts_production_approach_historical_series,not_reviewed_in_source_notes,reconstructed_or_harmonised_not_yet_confirmed,accepted_for_context_not_enabled_for_extraction,context_only_not_empirical_identification,data/raw/live/bpstat/series_12706415.csv
BPstat Data API v1,12706415,manufacturing_gva_chain_linked_annual,real_manufacturing_value_added,GVA-Manufacturing-annual-chain-linked values,1993,1993-12-31,19299.625,millions of euros,annual,chain_linked_volume,55,db0366b1f32fc6842a7541885fcb5600,Portugal reference territory in BPstat metadata; historical industrial classification comparability not yet independently reviewed,national_accounts_production_approach_historical_series,not_reviewed_in_source_notes,reconstructed_or_harmonised_not_yet_confirmed,accepted_for_context_not_enabled_for_extraction,context_only_not_empirical_identification,data/raw/live/bpstat/series_12706415.csv
BPstat Data API v1,12706415,manufacturing_gva_chain_linked_annual,real_manufacturing_value_added,GVA-Manufacturing-annual-chain-linked values,1994,1994-12-31,19455.697,millions of euros,annual,chain_linked_volume,55,db0366b1f32fc6842a7541885fcb5600,Portugal reference territory in BPstat metadata; historical industrial classification comparability not yet independently reviewed,national_accounts_production_approach_historical_series,not_reviewed_in_source_notes,reconstructed_or_harmonised_not_yet_confirmed,accepted_for_context_not_enabled_for_extraction,context_only_not_empirical_identification,data/raw/live/bpstat/series_12706415.csv
BPstat Data API v1,12706415,manufacturing_gva_chain_linked_annual,real_manufacturing_value_added,GVA-Manufacturing-annual-chain-linked values,1995,1995-12-31,20039.363,millions of euros,annual,chain_linked_volume,55,db0366b1f32fc6842a7541885fcb5600,Portugal reference territory in BPstat metadata; historical industrial classification comparability not yet independently reviewed,national_accounts_production_approach_historical_series,not_reviewed_in_source_notes,reconstructed_or_harmonised_not_yet_confirmed,accepted_for_context_not_enabled_for_extraction,context_only_not_empirical_identification,data/raw/live/bpstat/series_12706415.csv
BPstat Data API v1,12706415,manufacturing_gva_chain_linked_annual,real_manufacturing_value_added,GVA-Manufacturing-annual-chain-linked values,1996,1996-12-31,22170.806,millions of euros,annual,chain_linked_volume,55,db0366b1f32fc6842a7541885fcb5600,Portugal reference territory in BPstat metadata; historical industrial classification comparability not yet independently reviewed,national_accounts_production_approach_historical_series,not_reviewed_in_source_notes,reconstructed_or_harmonised_not_yet_confirmed,accepted_for_context_not_enabled_for_extraction,context_only_not_empirical_identification,data/raw/live/bpstat/series_12706415.csv
BPstat Data API v1,12706415,manufacturing_gva_chain_linked_annual,real_manufacturing_value_added,GVA-Manufacturing-annual-chain-linked values,1997,1997-12-31,23552.314,millions of euros,annual,chain_linked_volume,55,db0366b1f32fc6842a7541885fcb5600,Portugal reference territory in BPstat metadata; historical industrial classification comparability not yet independently reviewed,national_accounts_production_approach_historical_series,not_reviewed_in_source_notes,reconstructed_or_harmonised_not_yet_confirmed,accepted_for_context_not_enabled_for_extraction,context_only_not_empirical_identification,data/raw/live/bpstat/series_12706415.csv
BPstat Data API v1,12706415,manufacturing_gva_chain_linked_annual,real_manufacturing_value_added,GVA-Manufacturing-annual-chain-linked values,1998,1998-12-31,24078.17,millions of euros,annual,chain_linked_volume,55,db0366b1f32fc6842a7541885fcb5600,Portugal reference territory in BPstat metadata; historical industrial classification comparability not yet independently reviewed,national_accounts_production_approach_historical_series,not_reviewed_in_source_notes,reconstructed_or_harmonised_not_yet_confirmed,accepted_for_context_not_enabled_for_extraction,context_only_not_empirical_identification,data/raw/live/bpstat/series_12706415.csv
BPstat Data API v1,12706415,manufacturing_gva_chain_linked_annual,real_manufacturing_value_added,GVA-Manufacturing-annual-chain-linked values,1999,1999-12-31,24267.784,millions of euros,annual,chain_linked_volume,55,db0366b1f32fc6842a7541885fcb5600,Portugal reference territory in BPstat metadata; historical industrial classification comparability not yet independently reviewed,national_accounts_production_approach_historical_series,not_reviewed_in_source_notes,reconstructed_or_harmonised_not_yet_confirmed,accepted_for_context_not_enabled_for_extraction,context_only_not_empirical_identification,data/raw/live/bpstat/series_12706415.csv
BPstat Data API v1,12706415,manufacturing_gva_chain_linked_annual,real_manufacturing_value_added,GVA-Manufacturing-annual-chain-linked values,2000,2000-12-31,24850.615,millions of euros,annual,chain_linked_volume,55,db0366b1f32fc6842a7541885fcb5600,Portugal reference territory in BPstat metadata; historical industrial classification comparability not yet independently reviewed,national_accounts_production_approach_historical_series,not_reviewed_in_source_notes,reconstructed_or_harmonised_not_yet_confirmed,accepted_for_context_not_enabled_for_extraction,context_only_not_empirical_identification,data/raw/live/bpstat/series_12706415.csv
BPstat Data API v1,12706415,manufacturing_gva_chain_linked_annual,real_manufacturing_value_added,GVA-Manufacturing-annual-chain-linked values,2001,2001-12-31,25183.053,millions of euros,annual,chain_linked_volume,55,db0366b1f32fc6842a7541885fcb5600,Portugal reference territory in BPstat metadata; historical industrial classification comparability not yet independently reviewed,national_accounts_production_approach_historical_series,not_reviewed_in_source_notes,reconstructed_or_harmonised_not_yet_confirmed,accepted_for_context_not_enabled_for_extraction,context_only_not_empirical_identification,data/raw/live/bpstat/series_12706415.csv
BPstat Data API v1,12706415,manufacturing_gva_chain_linked_annual,real_manufacturing_value_added,GVA-Manufacturing-annual-chain-linked values,2002,2002-12-31,24970.082,millions of euros,annual,chain_linked_volume,55,db0366b1f32fc6842a7541885fcb5600,Portugal reference territory in BPstat metadata; historical industrial classification comparability not yet independently reviewed,national_accounts_production_approach_historical_series,not_reviewed_in_source_notes,reconstructed_or_harmonised_not_yet_confirmed,accepted_for_context_not_enabled_for_extraction,context_only_not_empirical_identification,data/raw/live/bpstat/series_12706415.csv
BPstat Data API v1,12706415,manufacturing_gva_chain_linked_annual,real_manufacturing_value_added,GVA-Manufacturing-annual-chain-linked values,2003,2003-12-31,24675.951,millions of euros,annual,chain_linked_volume,55,db0366b1f32fc6842a7541885fcb5600,Portugal reference territory in BPstat metadata; historical industrial classification comparability not yet independently reviewed,national_accounts_production_approach_historical_series,not_reviewed_in_source_notes,reconstructed_or_harmonised_not_yet_confirmed,accepted_for_context_not_enabled_for_extraction,context_only_not_empirical_identification,data/raw/live/bpstat/series_12706415.csv
BPstat Data API v1,12706415,manufacturing_gva_chain_linked_annual,real_manufacturing_value_added,GVA-Manufacturing-annual-chain-linked values,2004,2004-12-31,24773.81,millions of euros,annual,chain_linked_volume,55,db0366b1f32fc6842a7541885fcb5600,Portugal reference territory in BPstat metadata; historical industrial classification comparability not yet independently reviewed,national_accounts_production_approach_historical_series,not_reviewed_in_source_notes,reconstructed_or_harmonised_not_yet_confirmed,accepted_for_context_not_enabled_for_extraction,context_only_not_empirical_identification,data/raw/live/bpstat/series_12706415.csv
BPstat Data API v1,12706415,manufacturing_gva_chain_linked_annual,real_manufacturing_value_added,GVA-Manufacturing-annual-chain-linked values,2005,2005-12-31,24458.073,millions of euros,annual,chain_linked_volume,55,db0366b1f32fc6842a7541885fcb5600,Portugal reference territory in BPstat metadata; historical industrial classification comparability not yet independently reviewed,national_accounts_production_approach_historical_series,not_reviewed_in_source_notes,reconstructed_or_harmonised_not_yet_confirmed,accepted_for_context_not_enabled_for_extraction,context_only_not_empirical_identification,data/raw/live/bpstat/series_12706415.csv
BPstat Data API v1,12706415,manufacturing_gva_chain_linked_annual,real_manufacturing_value_added,GVA-Manufacturing-annual-chain-linked values,2006,2006-12-31,24702.533,millions of euros,annual,chain_linked_volume,55,db0366b1f32fc6842a7541885fcb5600,Portugal reference territory in BPstat metadata; historical industrial classification comparability not yet independently reviewed,national_accounts_production_approach_historical_series,not_reviewed_in_source_notes,reconstructed_or_harmonised_not_yet_confirmed,accepted_for_context_not_enabled_for_extraction,context_only_not_empirical_identification,data/raw/live/bpstat/series_12706415.csv
BPstat Data API v1,12706415,manufacturing_gva_chain_linked_annual,real_manufacturing_value_added,GVA-Manufacturing-annual-chain-linked values,2007,2007-12-31,25223.553,millions of euros,annual,chain_linked_volume,55,db0366b1f32fc6842a7541885fcb5600,Portugal reference territory in BPstat metadata; historical industrial classification comparability not yet independently reviewed,national_accounts_production_approach_historical_series,not_reviewed_in_source_notes,reconstructed_or_harmonised_not_yet_confirmed,accepted_for_context_not_enabled_for_extraction,context_only_not_empirical_identification,data/raw/live/bpstat/series_12706415.csv
BPstat Data API v1,12706415,manufacturing_gva_chain_linked_annual,real_manufacturing_value_added,GVA-Manufacturing-annual-chain-linked values,2008,2008-12-31,24586.723,millions of euros,annual,chain_linked_volume,55,db0366b1f32fc6842a7541885fcb5600,Portugal reference territory in BPstat metadata; historical industrial classification comparability not yet independently reviewed,national_accounts_production_approach_historical_series,not_reviewed_in_source_notes,reconstructed_or_harmonised_not_yet_confirmed,accepted_for_context_not_enabled_for_extraction,context_only_not_empirical_identification,data/raw/live/bpstat/series_12706415.csv
BPstat Data API v1,12706415,manufacturing_gva_chain_linked_annual,real_manufacturing_value_added,GVA-Manufacturing-annual-chain-linked values,2009,2009-12-31,21959.285,millions of euros,annual,chain_linked_volume,55,db0366b1f32fc6842a7541885fcb5600,Portugal reference territory in BPstat metadata; historical industrial classification comparability not yet independently reviewed,national_accounts_production_approach_historical_series,not_reviewed_in_source_notes,reconstructed_or_harmonised_not_yet_confirmed,accepted_for_context_not_enabled_for_extraction,context_only_not_empirical_identification,data/raw/live/bpstat/series_12706415.csv
BPstat Data API v1,12706415,manufacturing_gva_chain_linked_annual,real_manufacturing_value_added,GVA-Manufacturing-annual-chain-linked values,2010,2010-12-31,23522.549,millions of euros,annual,chain_linked_volume,55,db0366b1f32fc6842a7541885fcb5600,Portugal reference territory in BPstat metadata; historical industrial classification comparability not yet independently reviewed,national_accounts_production_approach_historical_series,not_reviewed_in_source_notes,reconstructed_or_harmonised_not_yet_confirmed,accepted_for_context_not_enabled_for_extraction,context_only_not_empirical_identification,data/raw/live/bpstat/series_12706415.csv
BPstat Data API v1,12706415,manufacturing_gva_chain_linked_annual,real_manufacturing_value_added,GVA-Manufacturing-annual-chain-linked values,2011,2011-12-31,23666.393,millions of euros,annual,chain_linked_volume,55,db0366b1f32fc6842a7541885fcb5600,Portugal reference territory in BPstat metadata; historical industrial classification comparability not yet independently reviewed,national_accounts_production_approach_historical_series,not_reviewed_in_source_notes,reconstructed_or_harmonised_not_yet_confirmed,accepted_for_context_not_enabled_for_extraction,context_only_not_empirical_identification,data/raw/live/bpstat/series_12706415.csv
BPstat Data API v1,12706415,manufacturing_gva_chain_linked_annual,real_manufacturing_value_added,GVA-Manufacturing-annual-chain-linked values,2012,2012-12-31,22841.674,millions of euros,annual,chain_linked_volume,55,db0366b1f32fc6842a7541885fcb5600,Portugal reference territory in BPstat metadata; historical industrial classification comparability not yet independently reviewed,national_accounts_production_approach_historical_series,not_reviewed_in_source_notes,reconstructed_or_harmonised_not_yet_confirmed,accepted_for_context_not_enabled_for_extraction,context_only_not_empirical_identification,data/raw/live/bpstat/series_12706415.csv
BPstat Data API v1,12706415,manufacturing_gva_chain_linked_annual,real_manufacturing_value_added,GVA-Manufacturing-annual-chain-linked values,2013,2013-12-31,23072.025,millions of euros,annual,chain_linked_volume,55,db0366b1f32fc6842a7541885fcb5600,Portugal reference territory in BPstat metadata; historical industrial classification comparability not yet independently reviewed,national_accounts_production_approach_historical_series,not_reviewed_in_source_notes,reconstructed_or_harmonised_not_yet_confirmed,accepted_for_context_not_enabled_for_extraction,context_only_not_empirical_identification,data/raw/live/bpstat/series_12706415.csv
BPstat Data API v1,12706415,manufacturing_gva_chain_linked_annual,real_manufacturing_value_added,GVA-Manufacturing-annual-chain-linked values,2014,2014-12-31,23709.927,millions of euros,annual,chain_linked_volume,55,db0366b1f32fc6842a7541885fcb5600,Portugal reference territory in BPstat metadata; historical industrial classification comparability not yet independently reviewed,national_accounts_production_approach_historical_series,not_reviewed_in_source_notes,reconstructed_or_harmonised_not_yet_confirmed,accepted_for_context_not_enabled_for_extraction,context_only_not_empirical_identification,data/raw/live/bpstat/series_12706415.csv
BPstat Data API v1,12706415,manufacturing_gva_chain_linked_annual,real_manufacturing_value_added,GVA-Manufacturing-annual-chain-linked values,2015,2015-12-31,24435.141,millions of euros,annual,chain_linked_volume,55,db0366b1f32fc6842a7541885fcb5600,Portugal reference territory in BPstat metadata; historical industrial classification comparability not yet independently reviewed,national_accounts_production_approach_historical_series,not_reviewed_in_source_notes,reconstructed_or_harmonised_not_yet_confirmed,accepted_for_context_not_enabled_for_extraction,context_only_not_empirical_identification,data/raw/live/bpstat/series_12706415.csv
BPstat Data API v1,12706415,manufacturing_gva_chain_linked_annual,real_manufacturing_value_added,GVA-Manufacturing-annual-chain-linked values,2016,2016-12-31,24962.332,millions of euros,annual,chain_linked_volume,55,db0366b1f32fc6842a7541885fcb5600,Portugal reference territory in BPstat metadata; historical industrial classification comparability not yet independently reviewed,national_accounts_production_approach_historical_series,not_reviewed_in_source_notes,reconstructed_or_harmonised_not_yet_confirmed,accepted_for_context_not_enabled_for_extraction,context_only_not_empirical_identification,data/raw/live/bpstat/series_12706415.csv
BPstat Data API v1,12706415,manufacturing_gva_chain_linked_annual,real_manufacturing_value_added,GVA-Manufacturing-annual-chain-linked values,2017,2017-12-31,26518.913,millions of euros,annual,chain_linked_volume,55,db0366b1f32fc6842a7541885fcb5600,Portugal reference territory in BPstat metadata; historical industrial classification comparability not yet independently reviewed,national_accounts_production_approach_historical_series,not_reviewed_in_source_notes,reconstructed_or_harmonised_not_yet_confirmed,accepted_for_context_not_enabled_for_extraction,context_only_not_empirical_identification,data/raw/live/bpstat/series_12706415.csv
BPstat Data API v1,12706415,manufacturing_gva_chain_linked_annual,real_manufacturing_value_added,GVA-Manufacturing-annual-chain-linked values,2018,2018-12-31,27463.83,millions of euros,annual,chain_linked_volume,55,db0366b1f32fc6842a7541885fcb5600,Portugal reference territory in BPstat metadata; historical industrial classification comparability not yet independently reviewed,national_accounts_production_approach_historical_series,not_reviewed_in_source_notes,reconstructed_or_harmonised_not_yet_confirmed,accepted_for_context_not_enabled_for_extraction,context_only_not_empirical_identification,data/raw/live/bpstat/series_12706415.csv
BPstat Data API v1,12706415,manufacturing_gva_chain_linked_annual,real_manufacturing_value_added,GVA-Manufacturing-annual-chain-linked values,2019,2019-12-31,27589.631,millions of euros,annual,chain_linked_volume,55,db0366b1f32fc6842a7541885fcb5600,Portugal reference territory in BPstat metadata; historical industrial classification comparability not yet independently reviewed,national_accounts_production_approach_historical_series,not_reviewed_in_source_notes,reconstructed_or_harmonised_not_yet_confirmed,accepted_for_context_not_enabled_for_extraction,context_only_not_empirical_identification,data/raw/live/bpstat/series_12706415.csv
BPstat Data API v1,12706415,manufacturing_gva_chain_linked_annual,real_manufacturing_value_added,GVA-Manufacturing-annual-chain-linked values,2020,2020-12-31,25705.65,millions of euros,annual,chain_linked_volume,55,db0366b1f32fc6842a7541885fcb5600,Portugal reference territory in BPstat metadata; historical industrial classification comparability not yet independently reviewed,national_accounts_production_approach_historical_series,not_reviewed_in_source_notes,reconstructed_or_harmonised_not_yet_confirmed,accepted_for_context_not_enabled_for_extraction,context_only_not_empirical_identification,data/raw/live/bpstat/series_12706415.csv
BPstat Data API v1,12706415,manufacturing_gva_chain_linked_annual,real_manufacturing_value_added,GVA-Manufacturing-annual-chain-linked values,2021,2021-12-31,26938.165,millions of euros,annual,chain_linked_volume,55,db0366b1f32fc6842a7541885fcb5600,Portugal reference territory in BPstat metadata; historical industrial classification comparability not yet independently reviewed,national_accounts_production_approach_historical_series,not_reviewed_in_source_notes,reconstructed_or_harmonised_not_yet_confirmed,accepted_for_context_not_enabled_for_extraction,context_only_not_empirical_identification,data/raw/live/bpstat/series_12706415.csv
BPstat Data API v1,12706415,manufacturing_gva_chain_linked_annual,real_manufacturing_value_added,GVA-Manufacturing-annual-chain-linked values,2022,2022-12-31,28037.54,millions of euros,annual,chain_linked_volume,55,db0366b1f32fc6842a7541885fcb5600,Portugal reference territory in BPstat metadata; historical industrial classification comparability not yet independently reviewed,national_accounts_production_approach_historical_series,not_reviewed_in_source_notes,reconstructed_or_harmonised_not_yet_confirmed,accepted_for_context_not_enabled_for_extraction,context_only_not_empirical_identification,data/raw/live/bpstat/series_12706415.csv
BPstat Data API v1,12706415,manufacturing_gva_chain_linked_annual,real_manufacturing_value_added,GVA-Manufacturing-annual-chain-linked values,2023,2023-12-31,27835.183,millions of euros,annual,chain_linked_volume,55,db0366b1f32fc6842a7541885fcb5600,Portugal reference territory in BPstat metadata; historical industrial classification comparability not yet independently reviewed,national_accounts_production_approach_historical_series,not_reviewed_in_source_notes,reconstructed_or_harmonised_not_yet_confirmed,accepted_for_context_not_enabled_for_extraction,context_only_not_empirical_identification,data/raw/live/bpstat/series_12706415.csv
BPstat Data API v1,12706415,manufacturing_gva_chain_linked_annual,real_manufacturing_value_added,GVA-Manufacturing-annual-chain-linked values,2024,2024-12-31,28033.566,millions of euros,annual,chain_linked_volume,55,db0366b1f32fc6842a7541885fcb5600,Portugal reference territory in BPstat metadata; historical industrial classification comparability not yet independently reviewed,national_accounts_production_approach_historical_series,not_reviewed_in_source_notes,reconstructed_or_harmonised_not_yet_confirmed,accepted_for_context_not_enabled_for_extraction,context_only_not_empirical_identification,data/raw/live/bpstat/series_12706415.csv
BPstat Data API v1,12706415,manufacturing_gva_chain_linked_annual,real_manufacturing_value_added,GVA-Manufacturing-annual-chain-linked values,2025,2025-12-31,28266.249,millions of euros,annual,chain_linked_volume,55,db0366b1f32fc6842a7541885fcb5600,Portugal reference territory in BPstat metadata; historical industrial classification comparability not yet independently reviewed,national_accounts_production_approach_historical_series,not_reviewed_in_source_notes,reconstructed_or_harmonised_not_yet_confirmed,accepted_for_context_not_enabled_for_extraction,context_only_not_empirical_identification,data/raw/live/bpstat/series_12706415.csv
BPstat Data API v1,12706416,manufacturing_gva_current_annual,manufacturing_value_added,GVA-Manufacturing-annual-current prices,1953,1953-12-31,73.497,millions of euros,annual,current_prices,55,db0366b1f32fc6842a7541885fcb5600,Portugal reference territory in BPstat metadata; historical industrial classification comparability not yet independently reviewed,national_accounts_production_approach_historical_series,not_reviewed_in_source_notes,reconstructed_or_harmonised_not_yet_confirmed,accepted_for_context_not_enabled_for_extraction,context_only_not_empirical_identification,data/raw/live/bpstat/series_12706416.csv
BPstat Data API v1,12706416,manufacturing_gva_current_annual,manufacturing_value_added,GVA-Manufacturing-annual-current prices,1954,1954-12-31,75.742,millions of euros,annual,current_prices,55,db0366b1f32fc6842a7541885fcb5600,Portugal reference territory in BPstat metadata; historical industrial classification comparability not yet independently reviewed,national_accounts_production_approach_historical_series,not_reviewed_in_source_notes,reconstructed_or_harmonised_not_yet_confirmed,accepted_for_context_not_enabled_for_extraction,context_only_not_empirical_identification,data/raw/live/bpstat/series_12706416.csv
BPstat Data API v1,12706416,manufacturing_gva_current_annual,manufacturing_value_added,GVA-Manufacturing-annual-current prices,1955,1955-12-31,77.899,millions of euros,annual,current_prices,55,db0366b1f32fc6842a7541885fcb5600,Portugal reference territory in BPstat metadata; historical industrial classification comparability not yet independently reviewed,national_accounts_production_approach_historical_series,not_reviewed_in_source_notes,reconstructed_or_harmonised_not_yet_confirmed,accepted_for_context_not_enabled_for_extraction,context_only_not_empirical_identification,data/raw/live/bpstat/series_12706416.csv
BPstat Data API v1,12706416,manufacturing_gva_current_annual,manufacturing_value_added,GVA-Manufacturing-annual-current prices,1956,1956-12-31,91.115,millions of euros,annual,current_prices,55,db0366b1f32fc6842a7541885fcb5600,Portugal reference territory in BPstat metadata; historical industrial classification comparability not yet independently reviewed,national_accounts_production_approach_historical_series,not_reviewed_in_source_notes,reconstructed_or_harmonised_not_yet_confirmed,accepted_for_context_not_enabled_for_extraction,context_only_not_empirical_identification,data/raw/live/bpstat/series_12706416.csv
BPstat Data API v1,12706416,manufacturing_gva_current_annual,manufacturing_value_added,GVA-Manufacturing-annual-current prices,1957,1957-12-31,93.405,millions of euros,annual,current_prices,55,db0366b1f32fc6842a7541885fcb5600,Portugal reference territory in BPstat metadata; historical industrial classification comparability not yet independently reviewed,national_accounts_production_approach_historical_series,not_reviewed_in_source_notes,reconstructed_or_harmonised_not_yet_confirmed,accepted_for_context_not_enabled_for_extraction,context_only_not_empirical_identification,data/raw/live/bpstat/series_12706416.csv
BPstat Data API v1,12706416,manufacturing_gva_current_annual,manufacturing_value_added,GVA-Manufacturing-annual-current prices,1958,1958-12-31,102.632,millions of euros,annual,current_prices,55,db0366b1f32fc6842a7541885fcb5600,Portugal reference territory in BPstat metadata; historical industrial classification comparability not yet independently reviewed,national_accounts_production_approach_historical_series,not_reviewed_in_source_notes,reconstructed_or_harmonised_not_yet_confirmed,accepted_for_context_not_enabled_for_extraction,context_only_not_empirical_identification,data/raw/live/bpstat/series_12706416.csv
BPstat Data API v1,12706416,manufacturing_gva_current_annual,manufacturing_value_added,GVA-Manufacturing-annual-current prices,1959,1959-12-31,109.55,millions of euros,annual,current_prices,55,db0366b1f32fc6842a7541885fcb5600,Portugal reference territory in BPstat metadata; historical industrial classification comparability not yet independently reviewed,national_accounts_production_approach_historical_series,not_reviewed_in_source_notes,reconstructed_or_harmonised_not_yet_confirmed,accepted_for_context_not_enabled_for_extraction,context_only_not_empirical_identification,data/raw/live/bpstat/series_12706416.csv
BPstat Data API v1,12706416,manufacturing_gva_current_annual,manufacturing_value_added,GVA-Manufacturing-annual-current prices,1960,1960-12-31,116.418,millions of euros,annual,current_prices,55,db0366b1f32fc6842a7541885fcb5600,Portugal reference territory in BPstat metadata; historical industrial classification comparability not yet independently reviewed,national_accounts_production_approach_historical_series,not_reviewed_in_source_notes,reconstructed_or_harmonised_not_yet_confirmed,accepted_for_context_not_enabled_for_extraction,context_only_not_empirical_identification,data/raw/live/bpstat/series_12706416.csv
BPstat Data API v1,12706416,manufacturing_gva_current_annual,manufacturing_value_added,GVA-Manufacturing-annual-current prices,1961,1961-12-31,118.082,millions of euros,annual,current_prices,55,db0366b1f32fc6842a7541885fcb5600,Portugal reference territory in BPstat metadata; historical industrial classification comparability not yet independently reviewed,national_accounts_production_approach_historical_series,not_reviewed_in_source_notes,reconstructed_or_harmonised_not_yet_confirmed,accepted_for_context_not_enabled_for_extraction,context_only_not_empirical_identification,data/raw/live/bpstat/series_12706416.csv
BPstat Data API v1,12706416,manufacturing_gva_current_annual,manufacturing_value_added,GVA-Manufacturing-annual-current prices,1962,1962-12-31,136.657,millions of euros,annual,current_prices,55,db0366b1f32fc6842a7541885fcb5600,Portugal reference territory in BPstat metadata; historical industrial classification comparability not yet independently reviewed,national_accounts_production_approach_historical_series,not_reviewed_in_source_notes,reconstructed_or_harmonised_not_yet_confirmed,accepted_for_context_not_enabled_for_extraction,context_only_not_empirical_identification,data/raw/live/bpstat/series_12706416.csv
BPstat Data API v1,12706416,manufacturing_gva_current_annual,manufacturing_value_added,GVA-Manufacturing-annual-current prices,1963,1963-12-31,146.847,millions of euros,annual,current_prices,55,db0366b1f32fc6842a7541885fcb5600,Portugal reference territory in BPstat metadata; historical industrial classification comparability not yet independently reviewed,national_accounts_production_approach_historical_series,not_reviewed_in_source_notes,reconstructed_or_harmonised_not_yet_confirmed,accepted_for_context_not_enabled_for_extraction,context_only_not_empirical_identification,data/raw/live/bpstat/series_12706416.csv
BPstat Data API v1,12706416,manufacturing_gva_current_annual,manufacturing_value_added,GVA-Manufacturing-annual-current prices,1964,1964-12-31,163.559,millions of euros,annual,current_prices,55,db0366b1f32fc6842a7541885fcb5600,Portugal reference territory in BPstat metadata; historical industrial classification comparability not yet independently reviewed,national_accounts_production_approach_historical_series,not_reviewed_in_source_notes,reconstructed_or_harmonised_not_yet_confirmed,accepted_for_context_not_enabled_for_extraction,context_only_not_empirical_identification,data/raw/live/bpstat/series_12706416.csv
BPstat Data API v1,12706416,manufacturing_gva_current_annual,manufacturing_value_added,GVA-Manufacturing-annual-current prices,1965,1965-12-31,209.122,millions of euros,annual,current_prices,55,db0366b1f32fc6842a7541885fcb5600,Portugal reference territory in BPstat metadata; historical industrial classification comparability not yet independently reviewed,national_accounts_production_approach_historical_series,not_reviewed_in_source_notes,reconstructed_or_harmonised_not_yet_confirmed,accepted_for_context_not_enabled_for_extraction,context_only_not_empirical_identification,data/raw/live/bpstat/series_12706416.csv
BPstat Data API v1,12706416,manufacturing_gva_current_annual,manufacturing_value_added,GVA-Manufacturing-annual-current prices,1966,1966-12-31,221.263,millions of euros,annual,current_prices,55,db0366b1f32fc6842a7541885fcb5600,Portugal reference territory in BPstat metadata; historical industrial classification comparability not yet independently reviewed,national_accounts_production_approach_historical_series,not_reviewed_in_source_notes,reconstructed_or_harmonised_not_yet_confirmed,accepted_for_context_not_enabled_for_extraction,context_only_not_empirical_identification,data/raw/live/bpstat/series_12706416.csv
BPstat Data API v1,12706416,manufacturing_gva_current_annual,manufacturing_value_added,GVA-Manufacturing-annual-current prices,1967,1967-12-31,238.405,millions of euros,annual,current_prices,55,db0366b1f32fc6842a7541885fcb5600,Portugal reference territory in BPstat metadata; historical industrial classification comparability not yet independently reviewed,national_accounts_production_approach_historical_series,not_reviewed_in_source_notes,reconstructed_or_harmonised_not_yet_confirmed,accepted_for_context_not_enabled_for_extraction,context_only_not_empirical_identification,data/raw/live/bpstat/series_12706416.csv
BPstat Data API v1,12706416,manufacturing_gva_current_annual,manufacturing_value_added,GVA-Manufacturing-annual-current prices,1968,1968-12-31,245.144,millions of euros,annual,current_prices,55,db0366b1f32fc6842a7541885fcb5600,Portugal reference territory in BPstat metadata; historical industrial classification comparability not yet independently reviewed,national_accounts_production_approach_historical_series,not_reviewed_in_source_notes,reconstructed_or_harmonised_not_yet_confirmed,accepted_for_context_not_enabled_for_extraction,context_only_not_empirical_identification,data/raw/live/bpstat/series_12706416.csv
BPstat Data API v1,12706416,manufacturing_gva_current_annual,manufacturing_value_added,GVA-Manufacturing-annual-current prices,1969,1969-12-31,268.739,millions of euros,annual,current_prices,55,db0366b1f32fc6842a7541885fcb5600,Portugal reference territory in BPstat metadata; historical industrial classification comparability not yet independently reviewed,national_accounts_production_approach_historical_series,not_reviewed_in_source_notes,reconstructed_or_harmonised_not_yet_confirmed,accepted_for_context_not_enabled_for_extraction,context_only_not_empirical_identification,data/raw/live/bpstat/series_12706416.csv
BPstat Data API v1,12706416,manufacturing_gva_current_annual,manufacturing_value_added,GVA-Manufacturing-annual-current prices,1970,1970-12-31,292.818,millions of euros,annual,current_prices,55,db0366b1f32fc6842a7541885fcb5600,Portugal reference territory in BPstat metadata; historical industrial classification comparability not yet independently reviewed,national_accounts_production_approach_historical_series,not_reviewed_in_source_notes,reconstructed_or_harmonised_not_yet_confirmed,accepted_for_context_not_enabled_for_extraction,context_only_not_empirical_identification,data/raw/live/bpstat/series_12706416.csv
BPstat Data API v1,12706416,manufacturing_gva_current_annual,manufacturing_value_added,GVA-Manufacturing-annual-current prices,1971,1971-12-31,324.034,millions of euros,annual,current_prices,55,db0366b1f32fc6842a7541885fcb5600,Portugal reference territory in BPstat metadata; historical industrial classification comparability not yet independently reviewed,national_accounts_production_approach_historical_series,not_reviewed_in_source_notes,reconstructed_or_harmonised_not_yet_confirmed,accepted_for_context_not_enabled_for_extraction,context_only_not_empirical_identification,data/raw/live/bpstat/series_12706416.csv
BPstat Data API v1,12706416,manufacturing_gva_current_annual,manufacturing_value_added,GVA-Manufacturing-annual-current prices,1972,1972-12-31,378.653,millions of euros,annual,current_prices,55,db0366b1f32fc6842a7541885fcb5600,Portugal reference territory in BPstat metadata; historical industrial classification comparability not yet independently reviewed,national_accounts_production_approach_historical_series,not_reviewed_in_source_notes,reconstructed_or_harmonised_not_yet_confirmed,accepted_for_context_not_enabled_for_extraction,context_only_not_empirical_identification,data/raw/live/bpstat/series_12706416.csv
BPstat Data API v1,12706416,manufacturing_gva_current_annual,manufacturing_value_added,GVA-Manufacturing-annual-current prices,1973,1973-12-31,453.678,millions of euros,annual,current_prices,55,db0366b1f32fc6842a7541885fcb5600,Portugal reference territory in BPstat metadata; historical industrial classification comparability not yet independently reviewed,national_accounts_production_approach_historical_series,not_reviewed_in_source_notes,reconstructed_or_harmonised_not_yet_confirmed,accepted_for_context_not_enabled_for_extraction,context_only_not_empirical_identification,data/raw/live/bpstat/series_12706416.csv
BPstat Data API v1,12706416,manufacturing_gva_current_annual,manufacturing_value_added,GVA-Manufacturing-annual-current prices,1974,1974-12-31,567.996,millions of euros,annual,current_prices,55,db0366b1f32fc6842a7541885fcb5600,Portugal reference territory in BPstat metadata; historical industrial classification comparability not yet independently reviewed,national_accounts_production_approach_historical_series,not_reviewed_in_source_notes,reconstructed_or_harmonised_not_yet_confirmed,accepted_for_context_not_enabled_for_extraction,context_only_not_empirical_identification,data/raw/live/bpstat/series_12706416.csv
BPstat Data API v1,12706416,manufacturing_gva_current_annual,manufacturing_value_added,GVA-Manufacturing-annual-current prices,1975,1975-12-31,561.409,millions of euros,annual,current_prices,55,db0366b1f32fc6842a7541885fcb5600,Portugal reference territory in BPstat metadata; historical industrial classification comparability not yet independently reviewed,national_accounts_production_approach_historical_series,not_reviewed_in_source_notes,reconstructed_or_harmonised_not_yet_confirmed,accepted_for_context_not_enabled_for_extraction,context_only_not_empirical_identification,data/raw/live/bpstat/series_12706416.csv
BPstat Data API v1,12706416,manufacturing_gva_current_annual,manufacturing_value_added,GVA-Manufacturing-annual-current prices,1976,1976-12-31,661.065,millions of euros,annual,current_prices,55,db0366b1f32fc6842a7541885fcb5600,Portugal reference territory in BPstat metadata; historical industrial classification comparability not yet independently reviewed,national_accounts_production_approach_historical_series,not_reviewed_in_source_notes,reconstructed_or_harmonised_not_yet_confirmed,accepted_for_context_not_enabled_for_extraction,context_only_not_empirical_identification,data/raw/live/bpstat/series_12706416.csv
BPstat Data API v1,12706416,manufacturing_gva_current_annual,manufacturing_value_added,GVA-Manufacturing-annual-current prices,1977,1977-12-31,863.837,millions of euros,annual,current_prices,55,db0366b1f32fc6842a7541885fcb5600,Portugal reference territory in BPstat metadata; historical industrial classification comparability not yet independently reviewed,national_accounts_production_approach_historical_series,not_reviewed_in_source_notes,reconstructed_or_harmonised_not_yet_confirmed,accepted_for_context_not_enabled_for_extraction,context_only_not_empirical_identification,data/raw/live/bpstat/series_12706416.csv
BPstat Data API v1,12706416,manufacturing_gva_current_annual,manufacturing_value_added,GVA-Manufacturing-annual-current prices,1978,1978-12-31,1073.229,millions of euros,annual,current_prices,55,db0366b1f32fc6842a7541885fcb5600,Portugal reference territory in BPstat metadata; historical industrial classification comparability not yet independently reviewed,national_accounts_production_approach_historical_series,not_reviewed_in_source_notes,reconstructed_or_harmonised_not_yet_confirmed,accepted_for_context_not_enabled_for_extraction,context_only_not_empirical_identification,data/raw/live/bpstat/series_12706416.csv
BPstat Data API v1,12706416,manufacturing_gva_current_annual,manufacturing_value_added,GVA-Manufacturing-annual-current prices,1979,1979-12-31,1431.07,millions of euros,annual,current_prices,55,db0366b1f32fc6842a7541885fcb5600,Portugal reference territory in BPstat metadata; historical industrial classification comparability not yet independently reviewed,national_accounts_production_approach_historical_series,not_reviewed_in_source_notes,reconstructed_or_harmonised_not_yet_confirmed,accepted_for_context_not_enabled_for_extraction,context_only_not_empirical_identification,data/raw/live/bpstat/series_12706416.csv
BPstat Data API v1,12706416,manufacturing_gva_current_annual,manufacturing_value_added,GVA-Manufacturing-annual-current prices,1980,1980-12-31,1974.797,millions of euros,annual,current_prices,55,db0366b1f32fc6842a7541885fcb5600,Portugal reference territory in BPstat metadata; historical industrial classification comparability not yet independently reviewed,national_accounts_production_approach_historical_series,not_reviewed_in_source_notes,reconstructed_or_harmonised_not_yet_confirmed,accepted_for_context_not_enabled_for_extraction,context_only_not_empirical_identification,data/raw/live/bpstat/series_12706416.csv
BPstat Data API v1,12706416,manufacturing_gva_current_annual,manufacturing_value_added,GVA-Manufacturing-annual-current prices,1981,1981-12-31,2157.749,millions of euros,annual,current_prices,55,db0366b1f32fc6842a7541885fcb5600,Portugal reference territory in BPstat metadata; historical industrial classification comparability not yet independently reviewed,national_accounts_production_approach_historical_series,not_reviewed_in_source_notes,reconstructed_or_harmonised_not_yet_confirmed,accepted_for_context_not_enabled_for_extraction,context_only_not_empirical_identification,data/raw/live/bpstat/series_12706416.csv
BPstat Data API v1,12706416,manufacturing_gva_current_annual,manufacturing_value_added,GVA-Manufacturing-annual-current prices,1982,1982-12-31,2371.255,millions of euros,annual,current_prices,55,db0366b1f32fc6842a7541885fcb5600,Portugal reference territory in BPstat metadata; historical industrial classification comparability not yet independently reviewed,national_accounts_production_approach_historical_series,not_reviewed_in_source_notes,reconstructed_or_harmonised_not_yet_confirmed,accepted_for_context_not_enabled_for_extraction,context_only_not_empirical_identification,data/raw/live/bpstat/series_12706416.csv
BPstat Data API v1,12706416,manufacturing_gva_current_annual,manufacturing_value_added,GVA-Manufacturing-annual-current prices,1983,1983-12-31,3034.924,millions of euros,annual,current_prices,55,db0366b1f32fc6842a7541885fcb5600,Portugal reference territory in BPstat metadata; historical industrial classification comparability not yet independently reviewed,national_accounts_production_approach_historical_series,not_reviewed_in_source_notes,reconstructed_or_harmonised_not_yet_confirmed,accepted_for_context_not_enabled_for_extraction,context_only_not_empirical_identification,data/raw/live/bpstat/series_12706416.csv
BPstat Data API v1,12706416,manufacturing_gva_current_annual,manufacturing_value_added,GVA-Manufacturing-annual-current prices,1984,1984-12-31,4058.84,millions of euros,annual,current_prices,55,db0366b1f32fc6842a7541885fcb5600,Portugal reference territory in BPstat metadata; historical industrial classification comparability not yet independently reviewed,national_accounts_production_approach_historical_series,not_reviewed_in_source_notes,reconstructed_or_harmonised_not_yet_confirmed,accepted_for_context_not_enabled_for_extraction,context_only_not_empirical_identification,data/raw/live/bpstat/series_12706416.csv
BPstat Data API v1,12706416,manufacturing_gva_current_annual,manufacturing_value_added,GVA-Manufacturing-annual-current prices,1985,1985-12-31,4922.834,millions of euros,annual,current_prices,55,db0366b1f32fc6842a7541885fcb5600,Portugal reference territory in BPstat metadata; historical industrial classification comparability not yet independently reviewed,national_accounts_production_approach_historical_series,not_reviewed_in_source_notes,reconstructed_or_harmonised_not_yet_confirmed,accepted_for_context_not_enabled_for_extraction,context_only_not_empirical_identification,data/raw/live/bpstat/series_12706416.csv
BPstat Data API v1,12706416,manufacturing_gva_current_annual,manufacturing_value_added,GVA-Manufacturing-annual-current prices,1986,1986-12-31,5956.451,millions of euros,annual,current_prices,55,db0366b1f32fc6842a7541885fcb5600,Portugal reference territory in BPstat metadata; historical industrial classification comparability not yet independently reviewed,national_accounts_production_approach_historical_series,not_reviewed_in_source_notes,reconstructed_or_harmonised_not_yet_confirmed,accepted_for_context_not_enabled_for_extraction,context_only_not_empirical_identification,data/raw/live/bpstat/series_12706416.csv
BPstat Data API v1,12706416,manufacturing_gva_current_annual,manufacturing_value_added,GVA-Manufacturing-annual-current prices,1987,1987-12-31,7313.72,millions of euros,annual,current_prices,55,db0366b1f32fc6842a7541885fcb5600,Portugal reference territory in BPstat metadata; historical industrial classification comparability not yet independently reviewed,national_accounts_production_approach_historical_series,not_reviewed_in_source_notes,reconstructed_or_harmonised_not_yet_confirmed,accepted_for_context_not_enabled_for_extraction,context_only_not_empirical_identification,data/raw/live/bpstat/series_12706416.csv
BPstat Data API v1,12706416,manufacturing_gva_current_annual,manufacturing_value_added,GVA-Manufacturing-annual-current prices,1988,1988-12-31,8852.345,millions of euros,annual,current_prices,55,db0366b1f32fc6842a7541885fcb5600,Portugal reference territory in BPstat metadata; historical industrial classification comparability not yet independently reviewed,national_accounts_production_approach_historical_series,not_reviewed_in_source_notes,reconstructed_or_harmonised_not_yet_confirmed,accepted_for_context_not_enabled_for_extraction,context_only_not_empirical_identification,data/raw/live/bpstat/series_12706416.csv
BPstat Data API v1,12706416,manufacturing_gva_current_annual,manufacturing_value_added,GVA-Manufacturing-annual-current prices,1989,1989-12-31,9840.859,millions of euros,annual,current_prices,55,db0366b1f32fc6842a7541885fcb5600,Portugal reference territory in BPstat metadata; historical industrial classification comparability not yet independently reviewed,national_accounts_production_approach_historical_series,not_reviewed_in_source_notes,reconstructed_or_harmonised_not_yet_confirmed,accepted_for_context_not_enabled_for_extraction,context_only_not_empirical_identification,data/raw/live/bpstat/series_12706416.csv
BPstat Data API v1,12706416,manufacturing_gva_current_annual,manufacturing_value_added,GVA-Manufacturing-annual-current prices,1990,1990-12-31,11510.407,millions of euros,annual,current_prices,55,db0366b1f32fc6842a7541885fcb5600,Portugal reference territory in BPstat metadata; historical industrial classification comparability not yet independently reviewed,national_accounts_production_approach_historical_series,not_reviewed_in_source_notes,reconstructed_or_harmonised_not_yet_confirmed,accepted_for_context_not_enabled_for_extraction,context_only_not_empirical_identification,data/raw/live/bpstat/series_12706416.csv
BPstat Data API v1,12706416,manufacturing_gva_current_annual,manufacturing_value_added,GVA-Manufacturing-annual-current prices,1991,1991-12-31,11878.62,millions of euros,annual,current_prices,55,db0366b1f32fc6842a7541885fcb5600,Portugal reference territory in BPstat metadata; historical industrial classification comparability not yet independently reviewed,national_accounts_production_approach_historical_series,not_reviewed_in_source_notes,reconstructed_or_harmonised_not_yet_confirmed,accepted_for_context_not_enabled_for_extraction,context_only_not_empirical_identification,data/raw/live/bpstat/series_12706416.csv
BPstat Data API v1,12706416,manufacturing_gva_current_annual,manufacturing_value_added,GVA-Manufacturing-annual-current prices,1992,1992-12-31,12615.667,millions of euros,annual,current_prices,55,db0366b1f32fc6842a7541885fcb5600,Portugal reference territory in BPstat metadata; historical industrial classification comparability not yet independently reviewed,national_accounts_production_approach_historical_series,not_reviewed_in_source_notes,reconstructed_or_harmonised_not_yet_confirmed,accepted_for_context_not_enabled_for_extraction,context_only_not_empirical_identification,data/raw/live/bpstat/series_12706416.csv
BPstat Data API v1,12706416,manufacturing_gva_current_annual,manufacturing_value_added,GVA-Manufacturing-annual-current prices,1993,1993-12-31,12700.347,millions of euros,annual,current_prices,55,db0366b1f32fc6842a7541885fcb5600,Portugal reference territory in BPstat metadata; historical industrial classification comparability not yet independently reviewed,national_accounts_production_approach_historical_series,not_reviewed_in_source_notes,reconstructed_or_harmonised_not_yet_confirmed,accepted_for_context_not_enabled_for_extraction,context_only_not_empirical_identification,data/raw/live/bpstat/series_12706416.csv
BPstat Data API v1,12706416,manufacturing_gva_current_annual,manufacturing_value_added,GVA-Manufacturing-annual-current prices,1994,1994-12-31,13345.014,millions of euros,annual,current_prices,55,db0366b1f32fc6842a7541885fcb5600,Portugal reference territory in BPstat metadata; historical industrial classification comparability not yet independently reviewed,national_accounts_production_approach_historical_series,not_reviewed_in_source_notes,reconstructed_or_harmonised_not_yet_confirmed,accepted_for_context_not_enabled_for_extraction,context_only_not_empirical_identification,data/raw/live/bpstat/series_12706416.csv
BPstat Data API v1,12706416,manufacturing_gva_current_annual,manufacturing_value_added,GVA-Manufacturing-annual-current prices,1995,1995-12-31,14189.842,millions of euros,annual,current_prices,55,db0366b1f32fc6842a7541885fcb5600,Portugal reference territory in BPstat metadata; historical industrial classification comparability not yet independently reviewed,national_accounts_production_approach_historical_series,not_reviewed_in_source_notes,reconstructed_or_harmonised_not_yet_confirmed,accepted_for_context_not_enabled_for_extraction,context_only_not_empirical_identification,data/raw/live/bpstat/series_12706416.csv
BPstat Data API v1,12706416,manufacturing_gva_current_annual,manufacturing_value_added,GVA-Manufacturing-annual-current prices,1996,1996-12-31,15639.698,millions of euros,annual,current_prices,55,db0366b1f32fc6842a7541885fcb5600,Portugal reference territory in BPstat metadata; historical industrial classification comparability not yet independently reviewed,national_accounts_production_approach_historical_series,not_reviewed_in_source_notes,reconstructed_or_harmonised_not_yet_confirmed,accepted_for_context_not_enabled_for_extraction,context_only_not_empirical_identification,data/raw/live/bpstat/series_12706416.csv
BPstat Data API v1,12706416,manufacturing_gva_current_annual,manufacturing_value_added,GVA-Manufacturing-annual-current prices,1997,1997-12-31,16914.209,millions of euros,annual,current_prices,55,db0366b1f32fc6842a7541885fcb5600,Portugal reference territory in BPstat metadata; historical industrial classification comparability not yet independently reviewed,national_accounts_production_approach_historical_series,not_reviewed_in_source_notes,reconstructed_or_harmonised_not_yet_confirmed,accepted_for_context_not_enabled_for_extraction,context_only_not_empirical_identification,data/raw/live/bpstat/series_12706416.csv
BPstat Data API v1,12706416,manufacturing_gva_current_annual,manufacturing_value_added,GVA-Manufacturing-annual-current prices,1998,1998-12-31,17814.388,millions of euros,annual,current_prices,55,db0366b1f32fc6842a7541885fcb5600,Portugal reference territory in BPstat metadata; historical industrial classification comparability not yet independently reviewed,national_accounts_production_approach_historical_series,not_reviewed_in_source_notes,reconstructed_or_harmonised_not_yet_confirmed,accepted_for_context_not_enabled_for_extraction,context_only_not_empirical_identification,data/raw/live/bpstat/series_12706416.csv
BPstat Data API v1,12706416,manufacturing_gva_current_annual,manufacturing_value_added,GVA-Manufacturing-annual-current prices,1999,1999-12-31,18693.984,millions of euros,annual,current_prices,55,db0366b1f32fc6842a7541885fcb5600,Portugal reference territory in BPstat metadata; historical industrial classification comparability not yet independently reviewed,national_accounts_production_approach_historical_series,not_reviewed_in_source_notes,reconstructed_or_harmonised_not_yet_confirmed,accepted_for_context_not_enabled_for_extraction,context_only_not_empirical_identification,data/raw/live/bpstat/series_12706416.csv
BPstat Data API v1,12706416,manufacturing_gva_current_annual,manufacturing_value_added,GVA-Manufacturing-annual-current prices,2000,2000-12-31,19325.523,millions of euros,annual,current_prices,55,db0366b1f32fc6842a7541885fcb5600,Portugal reference territory in BPstat metadata; historical industrial classification comparability not yet independently reviewed,national_accounts_production_approach_historical_series,not_reviewed_in_source_notes,reconstructed_or_harmonised_not_yet_confirmed,accepted_for_context_not_enabled_for_extraction,context_only_not_empirical_identification,data/raw/live/bpstat/series_12706416.csv
BPstat Data API v1,12706416,manufacturing_gva_current_annual,manufacturing_value_added,GVA-Manufacturing-annual-current prices,2001,2001-12-31,19928.872,millions of euros,annual,current_prices,55,db0366b1f32fc6842a7541885fcb5600,Portugal reference territory in BPstat metadata; historical industrial classification comparability not yet independently reviewed,national_accounts_production_approach_historical_series,not_reviewed_in_source_notes,reconstructed_or_harmonised_not_yet_confirmed,accepted_for_context_not_enabled_for_extraction,context_only_not_empirical_identification,data/raw/live/bpstat/series_12706416.csv
BPstat Data API v1,12706416,manufacturing_gva_current_annual,manufacturing_value_added,GVA-Manufacturing-annual-current prices,2002,2002-12-31,20235.1,millions of euros,annual,current_prices,55,db0366b1f32fc6842a7541885fcb5600,Portugal reference territory in BPstat metadata; historical industrial classification comparability not yet independently reviewed,national_accounts_production_approach_historical_series,not_reviewed_in_source_notes,reconstructed_or_harmonised_not_yet_confirmed,accepted_for_context_not_enabled_for_extraction,context_only_not_empirical_identification,data/raw/live/bpstat/series_12706416.csv
BPstat Data API v1,12706416,manufacturing_gva_current_annual,manufacturing_value_added,GVA-Manufacturing-annual-current prices,2003,2003-12-31,19684.597,millions of euros,annual,current_prices,55,db0366b1f32fc6842a7541885fcb5600,Portugal reference territory in BPstat metadata; historical industrial classification comparability not yet independently reviewed,national_accounts_production_approach_historical_series,not_reviewed_in_source_notes,reconstructed_or_harmonised_not_yet_confirmed,accepted_for_context_not_enabled_for_extraction,context_only_not_empirical_identification,data/raw/live/bpstat/series_12706416.csv
BPstat Data API v1,12706416,manufacturing_gva_current_annual,manufacturing_value_added,GVA-Manufacturing-annual-current prices,2004,2004-12-31,19872.544,millions of euros,annual,current_prices,55,db0366b1f32fc6842a7541885fcb5600,Portugal reference territory in BPstat metadata; historical industrial classification comparability not yet independently reviewed,national_accounts_production_approach_historical_series,not_reviewed_in_source_notes,reconstructed_or_harmonised_not_yet_confirmed,accepted_for_context_not_enabled_for_extraction,context_only_not_empirical_identification,data/raw/live/bpstat/series_12706416.csv
BPstat Data API v1,12706416,manufacturing_gva_current_annual,manufacturing_value_added,GVA-Manufacturing-annual-current prices,2005,2005-12-31,19924.964,millions of euros,annual,current_prices,55,db0366b1f32fc6842a7541885fcb5600,Portugal reference territory in BPstat metadata; historical industrial classification comparability not yet independently reviewed,national_accounts_production_approach_historical_series,not_reviewed_in_source_notes,reconstructed_or_harmonised_not_yet_confirmed,accepted_for_context_not_enabled_for_extraction,context_only_not_empirical_identification,data/raw/live/bpstat/series_12706416.csv
BPstat Data API v1,12706416,manufacturing_gva_current_annual,manufacturing_value_added,GVA-Manufacturing-annual-current prices,2006,2006-12-31,20521.859,millions of euros,annual,current_prices,55,db0366b1f32fc6842a7541885fcb5600,Portugal reference territory in BPstat metadata; historical industrial classification comparability not yet independently reviewed,national_accounts_production_approach_historical_series,not_reviewed_in_source_notes,reconstructed_or_harmonised_not_yet_confirmed,accepted_for_context_not_enabled_for_extraction,context_only_not_empirical_identification,data/raw/live/bpstat/series_12706416.csv
BPstat Data API v1,12706416,manufacturing_gva_current_annual,manufacturing_value_added,GVA-Manufacturing-annual-current prices,2007,2007-12-31,21485.544,millions of euros,annual,current_prices,55,db0366b1f32fc6842a7541885fcb5600,Portugal reference territory in BPstat metadata; historical industrial classification comparability not yet independently reviewed,national_accounts_production_approach_historical_series,not_reviewed_in_source_notes,reconstructed_or_harmonised_not_yet_confirmed,accepted_for_context_not_enabled_for_extraction,context_only_not_empirical_identification,data/raw/live/bpstat/series_12706416.csv
BPstat Data API v1,12706416,manufacturing_gva_current_annual,manufacturing_value_added,GVA-Manufacturing-annual-current prices,2008,2008-12-31,21316.191,millions of euros,annual,current_prices,55,db0366b1f32fc6842a7541885fcb5600,Portugal reference territory in BPstat metadata; historical industrial classification comparability not yet independently reviewed,national_accounts_production_approach_historical_series,not_reviewed_in_source_notes,reconstructed_or_harmonised_not_yet_confirmed,accepted_for_context_not_enabled_for_extraction,context_only_not_empirical_identification,data/raw/live/bpstat/series_12706416.csv
BPstat Data API v1,12706416,manufacturing_gva_current_annual,manufacturing_value_added,GVA-Manufacturing-annual-current prices,2009,2009-12-31,19529.402,millions of euros,annual,current_prices,55,db0366b1f32fc6842a7541885fcb5600,Portugal reference territory in BPstat metadata; historical industrial classification comparability not yet independently reviewed,national_accounts_production_approach_historical_series,not_reviewed_in_source_notes,reconstructed_or_harmonised_not_yet_confirmed,accepted_for_context_not_enabled_for_extraction,context_only_not_empirical_identification,data/raw/live/bpstat/series_12706416.csv
BPstat Data API v1,12706416,manufacturing_gva_current_annual,manufacturing_value_added,GVA-Manufacturing-annual-current prices,2010,2010-12-31,20837.124,millions of euros,annual,current_prices,55,db0366b1f32fc6842a7541885fcb5600,Portugal reference territory in BPstat metadata; historical industrial classification comparability not yet independently reviewed,national_accounts_production_approach_historical_series,not_reviewed_in_source_notes,reconstructed_or_harmonised_not_yet_confirmed,accepted_for_context_not_enabled_for_extraction,context_only_not_empirical_identification,data/raw/live/bpstat/series_12706416.csv
BPstat Data API v1,12706416,manufacturing_gva_current_annual,manufacturing_value_added,GVA-Manufacturing-annual-current prices,2011,2011-12-31,19974.695,millions of euros,annual,current_prices,55,db0366b1f32fc6842a7541885fcb5600,Portugal reference territory in BPstat metadata; historical industrial classification comparability not yet independently reviewed,national_accounts_production_approach_historical_series,not_reviewed_in_source_notes,reconstructed_or_harmonised_not_yet_confirmed,accepted_for_context_not_enabled_for_extraction,context_only_not_empirical_identification,data/raw/live/bpstat/series_12706416.csv
BPstat Data API v1,12706416,manufacturing_gva_current_annual,manufacturing_value_added,GVA-Manufacturing-annual-current prices,2012,2012-12-31,19171.822,millions of euros,annual,current_prices,55,db0366b1f32fc6842a7541885fcb5600,Portugal reference territory in BPstat metadata; historical industrial classification comparability not yet independently reviewed,national_accounts_production_approach_historical_series,not_reviewed_in_source_notes,reconstructed_or_harmonised_not_yet_confirmed,accepted_for_context_not_enabled_for_extraction,context_only_not_empirical_identification,data/raw/live/bpstat/series_12706416.csv
BPstat Data API v1,12706416,manufacturing_gva_current_annual,manufacturing_value_added,GVA-Manufacturing-annual-current prices,2013,2013-12-31,19738.979,millions of euros,annual,current_prices,55,db0366b1f32fc6842a7541885fcb5600,Portugal reference territory in BPstat metadata; historical industrial classification comparability not yet independently reviewed,national_accounts_production_approach_historical_series,not_reviewed_in_source_notes,reconstructed_or_harmonised_not_yet_confirmed,accepted_for_context_not_enabled_for_extraction,context_only_not_empirical_identification,data/raw/live/bpstat/series_12706416.csv
BPstat Data API v1,12706416,manufacturing_gva_current_annual,manufacturing_value_added,GVA-Manufacturing-annual-current prices,2014,2014-12-31,20507.877,millions of euros,annual,current_prices,55,db0366b1f32fc6842a7541885fcb5600,Portugal reference territory in BPstat metadata; historical industrial classification comparability not yet independently reviewed,national_accounts_production_approach_historical_series,not_reviewed_in_source_notes,reconstructed_or_harmonised_not_yet_confirmed,accepted_for_context_not_enabled_for_extraction,context_only_not_empirical_identification,data/raw/live/bpstat/series_12706416.csv
BPstat Data API v1,12706416,manufacturing_gva_current_annual,manufacturing_value_added,GVA-Manufacturing-annual-current prices,2015,2015-12-31,21978.036,millions of euros,annual,current_prices,55,db0366b1f32fc6842a7541885fcb5600,Portugal reference territory in BPstat metadata; historical industrial classification comparability not yet independently reviewed,national_accounts_production_approach_historical_series,not_reviewed_in_source_notes,reconstructed_or_harmonised_not_yet_confirmed,accepted_for_context_not_enabled_for_extraction,context_only_not_empirical_identification,data/raw/live/bpstat/series_12706416.csv
BPstat Data API v1,12706416,manufacturing_gva_current_annual,manufacturing_value_added,GVA-Manufacturing-annual-current prices,2016,2016-12-31,22819.558,millions of euros,annual,current_prices,55,db0366b1f32fc6842a7541885fcb5600,Portugal reference territory in BPstat metadata; historical industrial classification comparability not yet independently reviewed,national_accounts_production_approach_historical_series,not_reviewed_in_source_notes,reconstructed_or_harmonised_not_yet_confirmed,accepted_for_context_not_enabled_for_extraction,context_only_not_empirical_identification,data/raw/live/bpstat/series_12706416.csv
BPstat Data API v1,12706416,manufacturing_gva_current_annual,manufacturing_value_added,GVA-Manufacturing-annual-current prices,2017,2017-12-31,24303.603,millions of euros,annual,current_prices,55,db0366b1f32fc6842a7541885fcb5600,Portugal reference territory in BPstat metadata; historical industrial classification comparability not yet independently reviewed,national_accounts_production_approach_historical_series,not_reviewed_in_source_notes,reconstructed_or_harmonised_not_yet_confirmed,accepted_for_context_not_enabled_for_extraction,context_only_not_empirical_identification,data/raw/live/bpstat/series_12706416.csv
BPstat Data API v1,12706416,manufacturing_gva_current_annual,manufacturing_value_added,GVA-Manufacturing-annual-current prices,2018,2018-12-31,25260.083,millions of euros,annual,current_prices,55,db0366b1f32fc6842a7541885fcb5600,Portugal reference territory in BPstat metadata; historical industrial classification comparability not yet independently reviewed,national_accounts_production_approach_historical_series,not_reviewed_in_source_notes,reconstructed_or_harmonised_not_yet_confirmed,accepted_for_context_not_enabled_for_extraction,context_only_not_empirical_identification,data/raw/live/bpstat/series_12706416.csv
BPstat Data API v1,12706416,manufacturing_gva_current_annual,manufacturing_value_added,GVA-Manufacturing-annual-current prices,2019,2019-12-31,25605.289,millions of euros,annual,current_prices,55,db0366b1f32fc6842a7541885fcb5600,Portugal reference territory in BPstat metadata; historical industrial classification comparability not yet independently reviewed,national_accounts_production_approach_historical_series,not_reviewed_in_source_notes,reconstructed_or_harmonised_not_yet_confirmed,accepted_for_context_not_enabled_for_extraction,context_only_not_empirical_identification,data/raw/live/bpstat/series_12706416.csv
BPstat Data API v1,12706416,manufacturing_gva_current_annual,manufacturing_value_added,GVA-Manufacturing-annual-current prices,2020,2020-12-31,24304.947,millions of euros,annual,current_prices,55,db0366b1f32fc6842a7541885fcb5600,Portugal reference territory in BPstat metadata; historical industrial classification comparability not yet independently reviewed,national_accounts_production_approach_historical_series,not_reviewed_in_source_notes,reconstructed_or_harmonised_not_yet_confirmed,accepted_for_context_not_enabled_for_extraction,context_only_not_empirical_identification,data/raw/live/bpstat/series_12706416.csv
BPstat Data API v1,12706416,manufacturing_gva_current_annual,manufacturing_value_added,GVA-Manufacturing-annual-current prices,2021,2021-12-31,26938.165,millions of euros,annual,current_prices,55,db0366b1f32fc6842a7541885fcb5600,Portugal reference territory in BPstat metadata; historical industrial classification comparability not yet independently reviewed,national_accounts_production_approach_historical_series,not_reviewed_in_source_notes,reconstructed_or_harmonised_not_yet_confirmed,accepted_for_context_not_enabled_for_extraction,context_only_not_empirical_identification,data/raw/live/bpstat/series_12706416.csv
BPstat Data API v1,12706416,manufacturing_gva_current_annual,manufacturing_value_added,GVA-Manufacturing-annual-current prices,2022,2022-12-31,30402.575,millions of euros,annual,current_prices,55,db0366b1f32fc6842a7541885fcb5600,Portugal reference territory in BPstat metadata; historical industrial classification comparability not yet independently reviewed,national_accounts_production_approach_historical_series,not_reviewed_in_source_notes,reconstructed_or_harmonised_not_yet_confirmed,accepted_for_context_not_enabled_for_extraction,context_only_not_empirical_identification,data/raw/live/bpstat/series_12706416.csv
BPstat Data API v1,12706416,manufacturing_gva_current_annual,manufacturing_value_added,GVA-Manufacturing-annual-current prices,2023,2023-12-31,32661.246,millions of euros,annual,current_prices,55,db0366b1f32fc6842a7541885fcb5600,Portugal reference territory in BPstat metadata; historical industrial classification comparability not yet independently reviewed,national_accounts_production_approach_historical_series,not_reviewed_in_source_notes,reconstructed_or_harmonised_not_yet_confirmed,accepted_for_context_not_enabled_for_extraction,context_only_not_empirical_identification,data/raw/live/bpstat/series_12706416.csv
BPstat Data API v1,12706416,manufacturing_gva_current_annual,manufacturing_value_added,GVA-Manufacturing-annual-current prices,2024,2024-12-31,34043.504,millions of euros,annual,current_prices,55,db0366b1f32fc6842a7541885fcb5600,Portugal reference territory in BPstat metadata; historical industrial classification comparability not yet independently reviewed,national_accounts_production_approach_historical_series,not_reviewed_in_source_notes,reconstructed_or_harmonised_not_yet_confirmed,accepted_for_context_not_enabled_for_extraction,context_only_not_empirical_identification,data/raw/live/bpstat/series_12706416.csv
BPstat Data API v1,12706416,manufacturing_gva_current_annual,manufacturing_value_added,GVA-Manufacturing-annual-current prices,2025,2025-12-31,34653.07,millions of euros,annual,current_prices,55,db0366b1f32fc6842a7541885fcb5600,Portugal reference territory in BPstat metadata; historical industrial classification comparability not yet independently reviewed,national_accounts_production_approach_historical_series,not_reviewed_in_source_notes,reconstructed_or_harmonised_not_yet_confirmed,accepted_for_context_not_enabled_for_extraction,context_only_not_empirical_identification,data/raw/live/bpstat/series_12706416.csv
BPstat Data API v1,12706642,manufacturing_gva_deflator_yoy_annual,manufacturing_value_added_deflator_growth,Deflators of GVA-Manufacturing-YoY-annual,1954,1954-12-31,-2.6,year_over_year_percent_change,annual,deflator_yoy,181,f8d9de1f6eafa76afc24ab71b570bf4c,Portugal reference territory in BPstat metadata; historical industrial classification comparability not yet independently reviewed,national_accounts_deflator_historical_series,not_reviewed_in_source_notes,reconstructed_or_harmonised_not_yet_confirmed,accepted_for_context_not_enabled_for_extraction,context_only_not_empirical_identification,data/raw/live/bpstat/series_12706642.csv
BPstat Data API v1,12706642,manufacturing_gva_deflator_yoy_annual,manufacturing_value_added_deflator_growth,Deflators of GVA-Manufacturing-YoY-annual,1955,1955-12-31,1.35,year_over_year_percent_change,annual,deflator_yoy,181,f8d9de1f6eafa76afc24ab71b570bf4c,Portugal reference territory in BPstat metadata; historical industrial classification comparability not yet independently reviewed,national_accounts_deflator_historical_series,not_reviewed_in_source_notes,reconstructed_or_harmonised_not_yet_confirmed,accepted_for_context_not_enabled_for_extraction,context_only_not_empirical_identification,data/raw/live/bpstat/series_12706642.csv
BPstat Data API v1,12706642,manufacturing_gva_deflator_yoy_annual,manufacturing_value_added_deflator_growth,Deflators of GVA-Manufacturing-YoY-annual,1956,1956-12-31,4.84,year_over_year_percent_change,annual,deflator_yoy,181,f8d9de1f6eafa76afc24ab71b570bf4c,Portugal reference territory in BPstat metadata; historical industrial classification comparability not yet independently reviewed,national_accounts_deflator_historical_series,not_reviewed_in_source_notes,reconstructed_or_harmonised_not_yet_confirmed,accepted_for_context_not_enabled_for_extraction,context_only_not_empirical_identification,data/raw/live/bpstat/series_12706642.csv
BPstat Data API v1,12706642,manufacturing_gva_deflator_yoy_annual,manufacturing_value_added_deflator_growth,Deflators of GVA-Manufacturing-YoY-annual,1957,1957-12-31,-1.02,year_over_year_percent_change,annual,deflator_yoy,181,f8d9de1f6eafa76afc24ab71b570bf4c,Portugal reference territory in BPstat metadata; historical industrial classification comparability not yet independently reviewed,national_accounts_deflator_historical_series,not_reviewed_in_source_notes,reconstructed_or_harmonised_not_yet_confirmed,accepted_for_context_not_enabled_for_extraction,context_only_not_empirical_identification,data/raw/live/bpstat/series_12706642.csv
BPstat Data API v1,12706642,manufacturing_gva_deflator_yoy_annual,manufacturing_value_added_deflator_growth,Deflators of GVA-Manufacturing-YoY-annual,1958,1958-12-31,0.78,year_over_year_percent_change,annual,deflator_yoy,181,f8d9de1f6eafa76afc24ab71b570bf4c,Portugal reference territory in BPstat metadata; historical industrial classification comparability not yet independently reviewed,national_accounts_deflator_historical_series,not_reviewed_in_source_notes,reconstructed_or_harmonised_not_yet_confirmed,accepted_for_context_not_enabled_for_extraction,context_only_not_empirical_identification,data/raw/live/bpstat/series_12706642.csv
BPstat Data API v1,12706642,manufacturing_gva_deflator_yoy_annual,manufacturing_value_added_deflator_growth,Deflators of GVA-Manufacturing-YoY-annual,1959,1959-12-31,-1.82,year_over_year_percent_change,annual,deflator_yoy,181,f8d9de1f6eafa76afc24ab71b570bf4c,Portugal reference territory in BPstat metadata; historical industrial classification comparability not yet independently reviewed,national_accounts_deflator_historical_series,not_reviewed_in_source_notes,reconstructed_or_harmonised_not_yet_confirmed,accepted_for_context_not_enabled_for_extraction,context_only_not_empirical_identification,data/raw/live/bpstat/series_12706642.csv
BPstat Data API v1,12706642,manufacturing_gva_deflator_yoy_annual,manufacturing_value_added_deflator_growth,Deflators of GVA-Manufacturing-YoY-annual,1960,1960-12-31,1.24,year_over_year_percent_change,annual,deflator_yoy,181,f8d9de1f6eafa76afc24ab71b570bf4c,Portugal reference territory in BPstat metadata; historical industrial classification comparability not yet independently reviewed,national_accounts_deflator_historical_series,not_reviewed_in_source_notes,reconstructed_or_harmonised_not_yet_confirmed,accepted_for_context_not_enabled_for_extraction,context_only_not_empirical_identification,data/raw/live/bpstat/series_12706642.csv
BPstat Data API v1,12706642,manufacturing_gva_deflator_yoy_annual,manufacturing_value_added_deflator_growth,Deflators of GVA-Manufacturing-YoY-annual,1961,1961-12-31,6.9,year_over_year_percent_change,annual,deflator_yoy,181,f8d9de1f6eafa76afc24ab71b570bf4c,Portugal reference territory in BPstat metadata; historical industrial classification comparability not yet independently reviewed,national_accounts_deflator_historical_series,not_reviewed_in_source_notes,reconstructed_or_harmonised_not_yet_confirmed,accepted_for_context_not_enabled_for_extraction,context_only_not_empirical_identification,data/raw/live/bpstat/series_12706642.csv
BPstat Data API v1,12706642,manufacturing_gva_deflator_yoy_annual,manufacturing_value_added_deflator_growth,Deflators of GVA-Manufacturing-YoY-annual,1962,1962-12-31,-2.9,year_over_year_percent_change,annual,deflator_yoy,181,f8d9de1f6eafa76afc24ab71b570bf4c,Portugal reference territory in BPstat metadata; historical industrial classification comparability not yet independently reviewed,national_accounts_deflator_historical_series,not_reviewed_in_source_notes,reconstructed_or_harmonised_not_yet_confirmed,accepted_for_context_not_enabled_for_extraction,context_only_not_empirical_identification,data/raw/live/bpstat/series_12706642.csv
BPstat Data API v1,12706642,manufacturing_gva_deflator_yoy_annual,manufacturing_value_added_deflator_growth,Deflators of GVA-Manufacturing-YoY-annual,1963,1963-12-31,1.59,year_over_year_percent_change,annual,deflator_yoy,181,f8d9de1f6eafa76afc24ab71b570bf4c,Portugal reference territory in BPstat metadata; historical industrial classification comparability not yet independently reviewed,national_accounts_deflator_historical_series,not_reviewed_in_source_notes,reconstructed_or_harmonised_not_yet_confirmed,accepted_for_context_not_enabled_for_extraction,context_only_not_empirical_identification,data/raw/live/bpstat/series_12706642.csv
BPstat Data API v1,12706642,manufacturing_gva_deflator_yoy_annual,manufacturing_value_added_deflator_growth,Deflators of GVA-Manufacturing-YoY-annual,1964,1964-12-31,-0.39,year_over_year_percent_change,annual,deflator_yoy,181,f8d9de1f6eafa76afc24ab71b570bf4c,Portugal reference territory in BPstat metadata; historical industrial classification comparability not yet independently reviewed,national_accounts_deflator_historical_series,not_reviewed_in_source_notes,reconstructed_or_harmonised_not_yet_confirmed,accepted_for_context_not_enabled_for_extraction,context_only_not_empirical_identification,data/raw/live/bpstat/series_12706642.csv
BPstat Data API v1,12706642,manufacturing_gva_deflator_yoy_annual,manufacturing_value_added_deflator_growth,Deflators of GVA-Manufacturing-YoY-annual,1965,1965-12-31,3.55,year_over_year_percent_change,annual,deflator_yoy,181,f8d9de1f6eafa76afc24ab71b570bf4c,Portugal reference territory in BPstat metadata; historical industrial classification comparability not yet independently reviewed,national_accounts_deflator_historical_series,not_reviewed_in_source_notes,reconstructed_or_harmonised_not_yet_confirmed,accepted_for_context_not_enabled_for_extraction,context_only_not_empirical_identification,data/raw/live/bpstat/series_12706642.csv
BPstat Data API v1,12706642,manufacturing_gva_deflator_yoy_annual,manufacturing_value_added_deflator_growth,Deflators of GVA-Manufacturing-YoY-annual,1966,1966-12-31,-2.37,year_over_year_percent_change,annual,deflator_yoy,181,f8d9de1f6eafa76afc24ab71b570bf4c,Portugal reference territory in BPstat metadata; historical industrial classification comparability not yet independently reviewed,national_accounts_deflator_historical_series,not_reviewed_in_source_notes,reconstructed_or_harmonised_not_yet_confirmed,accepted_for_context_not_enabled_for_extraction,context_only_not_empirical_identification,data/raw/live/bpstat/series_12706642.csv
BPstat Data API v1,12706642,manufacturing_gva_deflator_yoy_annual,manufacturing_value_added_deflator_growth,Deflators of GVA-Manufacturing-YoY-annual,1967,1967-12-31,5.41,year_over_year_percent_change,annual,deflator_yoy,181,f8d9de1f6eafa76afc24ab71b570bf4c,Portugal reference territory in BPstat metadata; historical industrial classification comparability not yet independently reviewed,national_accounts_deflator_historical_series,not_reviewed_in_source_notes,reconstructed_or_harmonised_not_yet_confirmed,accepted_for_context_not_enabled_for_extraction,context_only_not_empirical_identification,data/raw/live/bpstat/series_12706642.csv
BPstat Data API v1,12706642,manufacturing_gva_deflator_yoy_annual,manufacturing_value_added_deflator_growth,Deflators of GVA-Manufacturing-YoY-annual,1968,1968-12-31,3.11,year_over_year_percent_change,annual,deflator_yoy,181,f8d9de1f6eafa76afc24ab71b570bf4c,Portugal reference territory in BPstat metadata; historical industrial classification comparability not yet independently reviewed,national_accounts_deflator_historical_series,not_reviewed_in_source_notes,reconstructed_or_harmonised_not_yet_confirmed,accepted_for_context_not_enabled_for_extraction,context_only_not_empirical_identification,data/raw/live/bpstat/series_12706642.csv
BPstat Data API v1,12706642,manufacturing_gva_deflator_yoy_annual,manufacturing_value_added_deflator_growth,Deflators of GVA-Manufacturing-YoY-annual,1969,1969-12-31,0.74,year_over_year_percent_change,annual,deflator_yoy,181,f8d9de1f6eafa76afc24ab71b570bf4c,Portugal reference territory in BPstat metadata; historical industrial classification comparability not yet independently reviewed,national_accounts_deflator_historical_series,not_reviewed_in_source_notes,reconstructed_or_harmonised_not_yet_confirmed,accepted_for_context_not_enabled_for_extraction,context_only_not_empirical_identification,data/raw/live/bpstat/series_12706642.csv
BPstat Data API v1,12706642,manufacturing_gva_deflator_yoy_annual,manufacturing_value_added_deflator_growth,Deflators of GVA-Manufacturing-YoY-annual,1970,1970-12-31,-1.87,year_over_year_percent_change,annual,deflator_yoy,181,f8d9de1f6eafa76afc24ab71b570bf4c,Portugal reference territory in BPstat metadata; historical industrial classification comparability not yet independently reviewed,national_accounts_deflator_historical_series,not_reviewed_in_source_notes,reconstructed_or_harmonised_not_yet_confirmed,accepted_for_context_not_enabled_for_extraction,context_only_not_empirical_identification,data/raw/live/bpstat/series_12706642.csv
BPstat Data API v1,12706642,manufacturing_gva_deflator_yoy_annual,manufacturing_value_added_deflator_growth,Deflators of GVA-Manufacturing-YoY-annual,1971,1971-12-31,-1.22,year_over_year_percent_change,annual,deflator_yoy,181,f8d9de1f6eafa76afc24ab71b570bf4c,Portugal reference territory in BPstat metadata; historical industrial classification comparability not yet independently reviewed,national_accounts_deflator_historical_series,not_reviewed_in_source_notes,reconstructed_or_harmonised_not_yet_confirmed,accepted_for_context_not_enabled_for_extraction,context_only_not_empirical_identification,data/raw/live/bpstat/series_12706642.csv
BPstat Data API v1,12706642,manufacturing_gva_deflator_yoy_annual,manufacturing_value_added_deflator_growth,Deflators of GVA-Manufacturing-YoY-annual,1972,1972-12-31,8.35,year_over_year_percent_change,annual,deflator_yoy,181,f8d9de1f6eafa76afc24ab71b570bf4c,Portugal reference territory in BPstat metadata; historical industrial classification comparability not yet independently reviewed,national_accounts_deflator_historical_series,not_reviewed_in_source_notes,reconstructed_or_harmonised_not_yet_confirmed,accepted_for_context_not_enabled_for_extraction,context_only_not_empirical_identification,data/raw/live/bpstat/series_12706642.csv
BPstat Data API v1,12706642,manufacturing_gva_deflator_yoy_annual,manufacturing_value_added_deflator_growth,Deflators of GVA-Manufacturing-YoY-annual,1973,1973-12-31,10.03,year_over_year_percent_change,annual,deflator_yoy,181,f8d9de1f6eafa76afc24ab71b570bf4c,Portugal reference territory in BPstat metadata; historical industrial classification comparability not yet independently reviewed,national_accounts_deflator_historical_series,not_reviewed_in_source_notes,reconstructed_or_harmonised_not_yet_confirmed,accepted_for_context_not_enabled_for_extraction,context_only_not_empirical_identification,data/raw/live/bpstat/series_12706642.csv
BPstat Data API v1,12706642,manufacturing_gva_deflator_yoy_annual,manufacturing_value_added_deflator_growth,Deflators of GVA-Manufacturing-YoY-annual,1974,1974-12-31,19.25,year_over_year_percent_change,annual,deflator_yoy,181,f8d9de1f6eafa76afc24ab71b570bf4c,Portugal reference territory in BPstat metadata; historical industrial classification comparability not yet independently reviewed,national_accounts_deflator_historical_series,not_reviewed_in_source_notes,reconstructed_or_harmonised_not_yet_confirmed,accepted_for_context_not_enabled_for_extraction,context_only_not_empirical_identification,data/raw/live/bpstat/series_12706642.csv
BPstat Data API v1,12706642,manufacturing_gva_deflator_yoy_annual,manufacturing_value_added_deflator_growth,Deflators of GVA-Manufacturing-YoY-annual,1975,1975-12-31,11.43,year_over_year_percent_change,annual,deflator_yoy,181,f8d9de1f6eafa76afc24ab71b570bf4c,Portugal reference territory in BPstat metadata; historical industrial classification comparability not yet independently reviewed,national_accounts_deflator_historical_series,not_reviewed_in_source_notes,reconstructed_or_harmonised_not_yet_confirmed,accepted_for_context_not_enabled_for_extraction,context_only_not_empirical_identification,data/raw/live/bpstat/series_12706642.csv
BPstat Data API v1,12706642,manufacturing_gva_deflator_yoy_annual,manufacturing_value_added_deflator_growth,Deflators of GVA-Manufacturing-YoY-annual,1976,1976-12-31,15.27,year_over_year_percent_change,annual,deflator_yoy,181,f8d9de1f6eafa76afc24ab71b570bf4c,Portugal reference territory in BPstat metadata; historical industrial classification comparability not yet independently reviewed,national_accounts_deflator_historical_series,not_reviewed_in_source_notes,reconstructed_or_harmonised_not_yet_confirmed,accepted_for_context_not_enabled_for_extraction,context_only_not_empirical_identification,data/raw/live/bpstat/series_12706642.csv
BPstat Data API v1,12706642,manufacturing_gva_deflator_yoy_annual,manufacturing_value_added_deflator_growth,Deflators of GVA-Manufacturing-YoY-annual,1977,1977-12-31,22.97,year_over_year_percent_change,annual,deflator_yoy,181,f8d9de1f6eafa76afc24ab71b570bf4c,Portugal reference territory in BPstat metadata; historical industrial classification comparability not yet independently reviewed,national_accounts_deflator_historical_series,not_reviewed_in_source_notes,reconstructed_or_harmonised_not_yet_confirmed,accepted_for_context_not_enabled_for_extraction,context_only_not_empirical_identification,data/raw/live/bpstat/series_12706642.csv
BPstat Data API v1,12706642,manufacturing_gva_deflator_yoy_annual,manufacturing_value_added_deflator_growth,Deflators of GVA-Manufacturing-YoY-annual,1978,1978-12-31,25.51,year_over_year_percent_change,annual,deflator_yoy,181,f8d9de1f6eafa76afc24ab71b570bf4c,Portugal reference territory in BPstat metadata; historical industrial classification comparability not yet independently reviewed,national_accounts_deflator_historical_series,not_reviewed_in_source_notes,reconstructed_or_harmonised_not_yet_confirmed,accepted_for_context_not_enabled_for_extraction,context_only_not_empirical_identification,data/raw/live/bpstat/series_12706642.csv
BPstat Data API v1,12706642,manufacturing_gva_deflator_yoy_annual,manufacturing_value_added_deflator_growth,Deflators of GVA-Manufacturing-YoY-annual,1979,1979-12-31,27.5,year_over_year_percent_change,annual,deflator_yoy,181,f8d9de1f6eafa76afc24ab71b570bf4c,Portugal reference territory in BPstat metadata; historical industrial classification comparability not yet independently reviewed,national_accounts_deflator_historical_series,not_reviewed_in_source_notes,reconstructed_or_harmonised_not_yet_confirmed,accepted_for_context_not_enabled_for_extraction,context_only_not_empirical_identification,data/raw/live/bpstat/series_12706642.csv
BPstat Data API v1,12706642,manufacturing_gva_deflator_yoy_annual,manufacturing_value_added_deflator_growth,Deflators of GVA-Manufacturing-YoY-annual,1980,1980-12-31,21.68,year_over_year_percent_change,annual,deflator_yoy,181,f8d9de1f6eafa76afc24ab71b570bf4c,Portugal reference territory in BPstat metadata; historical industrial classification comparability not yet independently reviewed,national_accounts_deflator_historical_series,not_reviewed_in_source_notes,reconstructed_or_harmonised_not_yet_confirmed,accepted_for_context_not_enabled_for_extraction,context_only_not_empirical_identification,data/raw/live/bpstat/series_12706642.csv
BPstat Data API v1,12706642,manufacturing_gva_deflator_yoy_annual,manufacturing_value_added_deflator_growth,Deflators of GVA-Manufacturing-YoY-annual,1981,1981-12-31,11.58,year_over_year_percent_change,annual,deflator_yoy,181,f8d9de1f6eafa76afc24ab71b570bf4c,Portugal reference territory in BPstat metadata; historical industrial classification comparability not yet independently reviewed,national_accounts_deflator_historical_series,not_reviewed_in_source_notes,reconstructed_or_harmonised_not_yet_confirmed,accepted_for_context_not_enabled_for_extraction,context_only_not_empirical_identification,data/raw/live/bpstat/series_12706642.csv
BPstat Data API v1,12706642,manufacturing_gva_deflator_yoy_annual,manufacturing_value_added_deflator_growth,Deflators of GVA-Manufacturing-YoY-annual,1982,1982-12-31,13.44,year_over_year_percent_change,annual,deflator_yoy,181,f8d9de1f6eafa76afc24ab71b570bf4c,Portugal reference territory in BPstat metadata; historical industrial classification comparability not yet independently reviewed,national_accounts_deflator_historical_series,not_reviewed_in_source_notes,reconstructed_or_harmonised_not_yet_confirmed,accepted_for_context_not_enabled_for_extraction,context_only_not_empirical_identification,data/raw/live/bpstat/series_12706642.csv
BPstat Data API v1,12706642,manufacturing_gva_deflator_yoy_annual,manufacturing_value_added_deflator_growth,Deflators of GVA-Manufacturing-YoY-annual,1983,1983-12-31,29.57,year_over_year_percent_change,annual,deflator_yoy,181,f8d9de1f6eafa76afc24ab71b570bf4c,Portugal reference territory in BPstat metadata; historical industrial classification comparability not yet independently reviewed,national_accounts_deflator_historical_series,not_reviewed_in_source_notes,reconstructed_or_harmonised_not_yet_confirmed,accepted_for_context_not_enabled_for_extraction,context_only_not_empirical_identification,data/raw/live/bpstat/series_12706642.csv
BPstat Data API v1,12706642,manufacturing_gva_deflator_yoy_annual,manufacturing_value_added_deflator_growth,Deflators of GVA-Manufacturing-YoY-annual,1984,1984-12-31,33.99,year_over_year_percent_change,annual,deflator_yoy,181,f8d9de1f6eafa76afc24ab71b570bf4c,Portugal reference territory in BPstat metadata; historical industrial classification comparability not yet independently reviewed,national_accounts_deflator_historical_series,not_reviewed_in_source_notes,reconstructed_or_harmonised_not_yet_confirmed,accepted_for_context_not_enabled_for_extraction,context_only_not_empirical_identification,data/raw/live/bpstat/series_12706642.csv
BPstat Data API v1,12706642,manufacturing_gva_deflator_yoy_annual,manufacturing_value_added_deflator_growth,Deflators of GVA-Manufacturing-YoY-annual,1985,1985-12-31,21.91,year_over_year_percent_change,annual,deflator_yoy,181,f8d9de1f6eafa76afc24ab71b570bf4c,Portugal reference territory in BPstat metadata; historical industrial classification comparability not yet independently reviewed,national_accounts_deflator_historical_series,not_reviewed_in_source_notes,reconstructed_or_harmonised_not_yet_confirmed,accepted_for_context_not_enabled_for_extraction,context_only_not_empirical_identification,data/raw/live/bpstat/series_12706642.csv
BPstat Data API v1,12706642,manufacturing_gva_deflator_yoy_annual,manufacturing_value_added_deflator_growth,Deflators of GVA-Manufacturing-YoY-annual,1986,1986-12-31,14.98,year_over_year_percent_change,annual,deflator_yoy,181,f8d9de1f6eafa76afc24ab71b570bf4c,Portugal reference territory in BPstat metadata; historical industrial classification comparability not yet independently reviewed,national_accounts_deflator_historical_series,not_reviewed_in_source_notes,reconstructed_or_harmonised_not_yet_confirmed,accepted_for_context_not_enabled_for_extraction,context_only_not_empirical_identification,data/raw/live/bpstat/series_12706642.csv
BPstat Data API v1,12706642,manufacturing_gva_deflator_yoy_annual,manufacturing_value_added_deflator_growth,Deflators of GVA-Manufacturing-YoY-annual,1987,1987-12-31,12.82,year_over_year_percent_change,annual,deflator_yoy,181,f8d9de1f6eafa76afc24ab71b570bf4c,Portugal reference territory in BPstat metadata; historical industrial classification comparability not yet independently reviewed,national_accounts_deflator_historical_series,not_reviewed_in_source_notes,reconstructed_or_harmonised_not_yet_confirmed,accepted_for_context_not_enabled_for_extraction,context_only_not_empirical_identification,data/raw/live/bpstat/series_12706642.csv
BPstat Data API v1,12706642,manufacturing_gva_deflator_yoy_annual,manufacturing_value_added_deflator_growth,Deflators of GVA-Manufacturing-YoY-annual,1988,1988-12-31,13.92,year_over_year_percent_change,annual,deflator_yoy,181,f8d9de1f6eafa76afc24ab71b570bf4c,Portugal reference territory in BPstat metadata; historical industrial classification comparability not yet independently reviewed,national_accounts_deflator_historical_series,not_reviewed_in_source_notes,reconstructed_or_harmonised_not_yet_confirmed,accepted_for_context_not_enabled_for_extraction,context_only_not_empirical_identification,data/raw/live/bpstat/series_12706642.csv
BPstat Data API v1,12706642,manufacturing_gva_deflator_yoy_annual,manufacturing_value_added_deflator_growth,Deflators of GVA-Manufacturing-YoY-annual,1989,1989-12-31,6.72,year_over_year_percent_change,annual,deflator_yoy,181,f8d9de1f6eafa76afc24ab71b570bf4c,Portugal reference territory in BPstat metadata; historical industrial classification comparability not yet independently reviewed,national_accounts_deflator_historical_series,not_reviewed_in_source_notes,reconstructed_or_harmonised_not_yet_confirmed,accepted_for_context_not_enabled_for_extraction,context_only_not_empirical_identification,data/raw/live/bpstat/series_12706642.csv
BPstat Data API v1,12706642,manufacturing_gva_deflator_yoy_annual,manufacturing_value_added_deflator_growth,Deflators of GVA-Manufacturing-YoY-annual,1990,1990-12-31,7.8,year_over_year_percent_change,annual,deflator_yoy,181,f8d9de1f6eafa76afc24ab71b570bf4c,Portugal reference territory in BPstat metadata; historical industrial classification comparability not yet independently reviewed,national_accounts_deflator_historical_series,not_reviewed_in_source_notes,reconstructed_or_harmonised_not_yet_confirmed,accepted_for_context_not_enabled_for_extraction,context_only_not_empirical_identification,data/raw/live/bpstat/series_12706642.csv
BPstat Data API v1,12706642,manufacturing_gva_deflator_yoy_annual,manufacturing_value_added_deflator_growth,Deflators of GVA-Manufacturing-YoY-annual,1991,1991-12-31,3.67,year_over_year_percent_change,annual,deflator_yoy,181,f8d9de1f6eafa76afc24ab71b570bf4c,Portugal reference territory in BPstat metadata; historical industrial classification comparability not yet independently reviewed,national_accounts_deflator_historical_series,not_reviewed_in_source_notes,reconstructed_or_harmonised_not_yet_confirmed,accepted_for_context_not_enabled_for_extraction,context_only_not_empirical_identification,data/raw/live/bpstat/series_12706642.csv
BPstat Data API v1,12706642,manufacturing_gva_deflator_yoy_annual,manufacturing_value_added_deflator_growth,Deflators of GVA-Manufacturing-YoY-annual,1992,1992-12-31,6.15,year_over_year_percent_change,annual,deflator_yoy,181,f8d9de1f6eafa76afc24ab71b570bf4c,Portugal reference territory in BPstat metadata; historical industrial classification comparability not yet independently reviewed,national_accounts_deflator_historical_series,not_reviewed_in_source_notes,reconstructed_or_harmonised_not_yet_confirmed,accepted_for_context_not_enabled_for_extraction,context_only_not_empirical_identification,data/raw/live/bpstat/series_12706642.csv
BPstat Data API v1,12706642,manufacturing_gva_deflator_yoy_annual,manufacturing_value_added_deflator_growth,Deflators of GVA-Manufacturing-YoY-annual,1993,1993-12-31,4.66,year_over_year_percent_change,annual,deflator_yoy,181,f8d9de1f6eafa76afc24ab71b570bf4c,Portugal reference territory in BPstat metadata; historical industrial classification comparability not yet independently reviewed,national_accounts_deflator_historical_series,not_reviewed_in_source_notes,reconstructed_or_harmonised_not_yet_confirmed,accepted_for_context_not_enabled_for_extraction,context_only_not_empirical_identification,data/raw/live/bpstat/series_12706642.csv
BPstat Data API v1,12706642,manufacturing_gva_deflator_yoy_annual,manufacturing_value_added_deflator_growth,Deflators of GVA-Manufacturing-YoY-annual,1994,1994-12-31,4.23,year_over_year_percent_change,annual,deflator_yoy,181,f8d9de1f6eafa76afc24ab71b570bf4c,Portugal reference territory in BPstat metadata; historical industrial classification comparability not yet independently reviewed,national_accounts_deflator_historical_series,not_reviewed_in_source_notes,reconstructed_or_harmonised_not_yet_confirmed,accepted_for_context_not_enabled_for_extraction,context_only_not_empirical_identification,data/raw/live/bpstat/series_12706642.csv
BPstat Data API v1,12706642,manufacturing_gva_deflator_yoy_annual,manufacturing_value_added_deflator_growth,Deflators of GVA-Manufacturing-YoY-annual,1995,1995-12-31,3.23,year_over_year_percent_change,annual,deflator_yoy,181,f8d9de1f6eafa76afc24ab71b570bf4c,Portugal reference territory in BPstat metadata; historical industrial classification comparability not yet independently reviewed,national_accounts_deflator_historical_series,not_reviewed_in_source_notes,reconstructed_or_harmonised_not_yet_confirmed,accepted_for_context_not_enabled_for_extraction,context_only_not_empirical_identification,data/raw/live/bpstat/series_12706642.csv
BPstat Data API v1,12706642,manufacturing_gva_deflator_yoy_annual,manufacturing_value_added_deflator_growth,Deflators of GVA-Manufacturing-YoY-annual,1996,1996-12-31,-0.38,year_over_year_percent_change,annual,deflator_yoy,181,f8d9de1f6eafa76afc24ab71b570bf4c,Portugal reference territory in BPstat metadata; historical industrial classification comparability not yet independently reviewed,national_accounts_deflator_historical_series,not_reviewed_in_source_notes,reconstructed_or_harmonised_not_yet_confirmed,accepted_for_context_not_enabled_for_extraction,context_only_not_empirical_identification,data/raw/live/bpstat/series_12706642.csv
BPstat Data API v1,12706642,manufacturing_gva_deflator_yoy_annual,manufacturing_value_added_deflator_growth,Deflators of GVA-Manufacturing-YoY-annual,1997,1997-12-31,1.81,year_over_year_percent_change,annual,deflator_yoy,181,f8d9de1f6eafa76afc24ab71b570bf4c,Portugal reference territory in BPstat metadata; historical industrial classification comparability not yet independently reviewed,national_accounts_deflator_historical_series,not_reviewed_in_source_notes,reconstructed_or_harmonised_not_yet_confirmed,accepted_for_context_not_enabled_for_extraction,context_only_not_empirical_identification,data/raw/live/bpstat/series_12706642.csv
BPstat Data API v1,12706642,manufacturing_gva_deflator_yoy_annual,manufacturing_value_added_deflator_growth,Deflators of GVA-Manufacturing-YoY-annual,1998,1998-12-31,3.02,year_over_year_percent_change,annual,deflator_yoy,181,f8d9de1f6eafa76afc24ab71b570bf4c,Portugal reference territory in BPstat metadata; historical industrial classification comparability not yet independently reviewed,national_accounts_deflator_historical_series,not_reviewed_in_source_notes,reconstructed_or_harmonised_not_yet_confirmed,accepted_for_context_not_enabled_for_extraction,context_only_not_empirical_identification,data/raw/live/bpstat/series_12706642.csv
BPstat Data API v1,12706642,manufacturing_gva_deflator_yoy_annual,manufacturing_value_added_deflator_growth,Deflators of GVA-Manufacturing-YoY-annual,1999,1999-12-31,4.12,year_over_year_percent_change,annual,deflator_yoy,181,f8d9de1f6eafa76afc24ab71b570bf4c,Portugal reference territory in BPstat metadata; historical industrial classification comparability not yet independently reviewed,national_accounts_deflator_historical_series,not_reviewed_in_source_notes,reconstructed_or_harmonised_not_yet_confirmed,accepted_for_context_not_enabled_for_extraction,context_only_not_empirical_identification,data/raw/live/bpstat/series_12706642.csv
BPstat Data API v1,12706642,manufacturing_gva_deflator_yoy_annual,manufacturing_value_added_deflator_growth,Deflators of GVA-Manufacturing-YoY-annual,2000,2000-12-31,0.95,year_over_year_percent_change,annual,deflator_yoy,181,f8d9de1f6eafa76afc24ab71b570bf4c,Portugal reference territory in BPstat metadata; historical industrial classification comparability not yet independently reviewed,national_accounts_deflator_historical_series,not_reviewed_in_source_notes,reconstructed_or_harmonised_not_yet_confirmed,accepted_for_context_not_enabled_for_extraction,context_only_not_empirical_identification,data/raw/live/bpstat/series_12706642.csv
BPstat Data API v1,12706642,manufacturing_gva_deflator_yoy_annual,manufacturing_value_added_deflator_growth,Deflators of GVA-Manufacturing-YoY-annual,2001,2001-12-31,1.76,year_over_year_percent_change,annual,deflator_yoy,181,f8d9de1f6eafa76afc24ab71b570bf4c,Portugal reference territory in BPstat metadata; historical industrial classification comparability not yet independently reviewed,national_accounts_deflator_historical_series,not_reviewed_in_source_notes,reconstructed_or_harmonised_not_yet_confirmed,accepted_for_context_not_enabled_for_extraction,context_only_not_empirical_identification,data/raw/live/bpstat/series_12706642.csv
BPstat Data API v1,12706642,manufacturing_gva_deflator_yoy_annual,manufacturing_value_added_deflator_growth,Deflators of GVA-Manufacturing-YoY-annual,2002,2002-12-31,2.4,year_over_year_percent_change,annual,deflator_yoy,181,f8d9de1f6eafa76afc24ab71b570bf4c,Portugal reference territory in BPstat metadata; historical industrial classification comparability not yet independently reviewed,national_accounts_deflator_historical_series,not_reviewed_in_source_notes,reconstructed_or_harmonised_not_yet_confirmed,accepted_for_context_not_enabled_for_extraction,context_only_not_empirical_identification,data/raw/live/bpstat/series_12706642.csv
BPstat Data API v1,12706642,manufacturing_gva_deflator_yoy_annual,manufacturing_value_added_deflator_growth,Deflators of GVA-Manufacturing-YoY-annual,2003,2003-12-31,-1.56,year_over_year_percent_change,annual,deflator_yoy,181,f8d9de1f6eafa76afc24ab71b570bf4c,Portugal reference territory in BPstat metadata; historical industrial classification comparability not yet independently reviewed,national_accounts_deflator_historical_series,not_reviewed_in_source_notes,reconstructed_or_harmonised_not_yet_confirmed,accepted_for_context_not_enabled_for_extraction,context_only_not_empirical_identification,data/raw/live/bpstat/series_12706642.csv
BPstat Data API v1,12706642,manufacturing_gva_deflator_yoy_annual,manufacturing_value_added_deflator_growth,Deflators of GVA-Manufacturing-YoY-annual,2004,2004-12-31,0.56,year_over_year_percent_change,annual,deflator_yoy,181,f8d9de1f6eafa76afc24ab71b570bf4c,Portugal reference territory in BPstat metadata; historical industrial classification comparability not yet independently reviewed,national_accounts_deflator_historical_series,not_reviewed_in_source_notes,reconstructed_or_harmonised_not_yet_confirmed,accepted_for_context_not_enabled_for_extraction,context_only_not_empirical_identification,data/raw/live/bpstat/series_12706642.csv
BPstat Data API v1,12706642,manufacturing_gva_deflator_yoy_annual,manufacturing_value_added_deflator_growth,Deflators of GVA-Manufacturing-YoY-annual,2005,2005-12-31,1.56,year_over_year_percent_change,annual,deflator_yoy,181,f8d9de1f6eafa76afc24ab71b570bf4c,Portugal reference territory in BPstat metadata; historical industrial classification comparability not yet independently reviewed,national_accounts_deflator_historical_series,not_reviewed_in_source_notes,reconstructed_or_harmonised_not_yet_confirmed,accepted_for_context_not_enabled_for_extraction,context_only_not_empirical_identification,data/raw/live/bpstat/series_12706642.csv
BPstat Data API v1,12706642,manufacturing_gva_deflator_yoy_annual,manufacturing_value_added_deflator_growth,Deflators of GVA-Manufacturing-YoY-annual,2006,2006-12-31,1.98,year_over_year_percent_change,annual,deflator_yoy,181,f8d9de1f6eafa76afc24ab71b570bf4c,Portugal reference territory in BPstat metadata; historical industrial classification comparability not yet independently reviewed,national_accounts_deflator_historical_series,not_reviewed_in_source_notes,reconstructed_or_harmonised_not_yet_confirmed,accepted_for_context_not_enabled_for_extraction,context_only_not_empirical_identification,data/raw/live/bpstat/series_12706642.csv
BPstat Data API v1,12706642,manufacturing_gva_deflator_yoy_annual,manufacturing_value_added_deflator_growth,Deflators of GVA-Manufacturing-YoY-annual,2007,2007-12-31,2.53,year_over_year_percent_change,annual,deflator_yoy,181,f8d9de1f6eafa76afc24ab71b570bf4c,Portugal reference territory in BPstat metadata; historical industrial classification comparability not yet independently reviewed,national_accounts_deflator_historical_series,not_reviewed_in_source_notes,reconstructed_or_harmonised_not_yet_confirmed,accepted_for_context_not_enabled_for_extraction,context_only_not_empirical_identification,data/raw/live/bpstat/series_12706642.csv
BPstat Data API v1,12706642,manufacturing_gva_deflator_yoy_annual,manufacturing_value_added_deflator_growth,Deflators of GVA-Manufacturing-YoY-annual,2008,2008-12-31,1.78,year_over_year_percent_change,annual,deflator_yoy,181,f8d9de1f6eafa76afc24ab71b570bf4c,Portugal reference territory in BPstat metadata; historical industrial classification comparability not yet independently reviewed,national_accounts_deflator_historical_series,not_reviewed_in_source_notes,reconstructed_or_harmonised_not_yet_confirmed,accepted_for_context_not_enabled_for_extraction,context_only_not_empirical_identification,data/raw/live/bpstat/series_12706642.csv
BPstat Data API v1,12706642,manufacturing_gva_deflator_yoy_annual,manufacturing_value_added_deflator_growth,Deflators of GVA-Manufacturing-YoY-annual,2009,2009-12-31,2.58,year_over_year_percent_change,annual,deflator_yoy,181,f8d9de1f6eafa76afc24ab71b570bf4c,Portugal reference territory in BPstat metadata; historical industrial classification comparability not yet independently reviewed,national_accounts_deflator_historical_series,not_reviewed_in_source_notes,reconstructed_or_harmonised_not_yet_confirmed,accepted_for_context_not_enabled_for_extraction,context_only_not_empirical_identification,data/raw/live/bpstat/series_12706642.csv
BPstat Data API v1,12706642,manufacturing_gva_deflator_yoy_annual,manufacturing_value_added_deflator_growth,Deflators of GVA-Manufacturing-YoY-annual,2010,2010-12-31,-0.39,year_over_year_percent_change,annual,deflator_yoy,181,f8d9de1f6eafa76afc24ab71b570bf4c,Portugal reference territory in BPstat metadata; historical industrial classification comparability not yet independently reviewed,national_accounts_deflator_historical_series,not_reviewed_in_source_notes,reconstructed_or_harmonised_not_yet_confirmed,accepted_for_context_not_enabled_for_extraction,context_only_not_empirical_identification,data/raw/live/bpstat/series_12706642.csv
BPstat Data API v1,12706642,manufacturing_gva_deflator_yoy_annual,manufacturing_value_added_deflator_growth,Deflators of GVA-Manufacturing-YoY-annual,2011,2011-12-31,-4.72,year_over_year_percent_change,annual,deflator_yoy,181,f8d9de1f6eafa76afc24ab71b570bf4c,Portugal reference territory in BPstat metadata; historical industrial classification comparability not yet independently reviewed,national_accounts_deflator_historical_series,not_reviewed_in_source_notes,reconstructed_or_harmonised_not_yet_confirmed,accepted_for_context_not_enabled_for_extraction,context_only_not_empirical_identification,data/raw/live/bpstat/series_12706642.csv
BPstat Data API v1,12706642,manufacturing_gva_deflator_yoy_annual,manufacturing_value_added_deflator_growth,Deflators of GVA-Manufacturing-YoY-annual,2012,2012-12-31,-0.55,year_over_year_percent_change,annual,deflator_yoy,181,f8d9de1f6eafa76afc24ab71b570bf4c,Portugal reference territory in BPstat metadata; historical industrial classification comparability not yet independently reviewed,national_accounts_deflator_historical_series,not_reviewed_in_source_notes,reconstructed_or_harmonised_not_yet_confirmed,accepted_for_context_not_enabled_for_extraction,context_only_not_empirical_identification,data/raw/live/bpstat/series_12706642.csv
BPstat Data API v1,12706642,manufacturing_gva_deflator_yoy_annual,manufacturing_value_added_deflator_growth,Deflators of GVA-Manufacturing-YoY-annual,2013,2013-12-31,1.93,year_over_year_percent_change,annual,deflator_yoy,181,f8d9de1f6eafa76afc24ab71b570bf4c,Portugal reference territory in BPstat metadata; historical industrial classification comparability not yet independently reviewed,national_accounts_deflator_historical_series,not_reviewed_in_source_notes,reconstructed_or_harmonised_not_yet_confirmed,accepted_for_context_not_enabled_for_extraction,context_only_not_empirical_identification,data/raw/live/bpstat/series_12706642.csv
BPstat Data API v1,12706642,manufacturing_gva_deflator_yoy_annual,manufacturing_value_added_deflator_growth,Deflators of GVA-Manufacturing-YoY-annual,2014,2014-12-31,1.1,year_over_year_percent_change,annual,deflator_yoy,181,f8d9de1f6eafa76afc24ab71b570bf4c,Portugal reference territory in BPstat metadata; historical industrial classification comparability not yet independently reviewed,national_accounts_deflator_historical_series,not_reviewed_in_source_notes,reconstructed_or_harmonised_not_yet_confirmed,accepted_for_context_not_enabled_for_extraction,context_only_not_empirical_identification,data/raw/live/bpstat/series_12706642.csv
BPstat Data API v1,12706642,manufacturing_gva_deflator_yoy_annual,manufacturing_value_added_deflator_growth,Deflators of GVA-Manufacturing-YoY-annual,2015,2015-12-31,3.99,year_over_year_percent_change,annual,deflator_yoy,181,f8d9de1f6eafa76afc24ab71b570bf4c,Portugal reference territory in BPstat metadata; historical industrial classification comparability not yet independently reviewed,national_accounts_deflator_historical_series,not_reviewed_in_source_notes,reconstructed_or_harmonised_not_yet_confirmed,accepted_for_context_not_enabled_for_extraction,context_only_not_empirical_identification,data/raw/live/bpstat/series_12706642.csv
BPstat Data API v1,12706642,manufacturing_gva_deflator_yoy_annual,manufacturing_value_added_deflator_growth,Deflators of GVA-Manufacturing-YoY-annual,2016,2016-12-31,1.64,year_over_year_percent_change,annual,deflator_yoy,181,f8d9de1f6eafa76afc24ab71b570bf4c,Portugal reference territory in BPstat metadata; historical industrial classification comparability not yet independently reviewed,national_accounts_deflator_historical_series,not_reviewed_in_source_notes,reconstructed_or_harmonised_not_yet_confirmed,accepted_for_context_not_enabled_for_extraction,context_only_not_empirical_identification,data/raw/live/bpstat/series_12706642.csv
BPstat Data API v1,12706642,manufacturing_gva_deflator_yoy_annual,manufacturing_value_added_deflator_growth,Deflators of GVA-Manufacturing-YoY-annual,2017,2017-12-31,0.25,year_over_year_percent_change,annual,deflator_yoy,181,f8d9de1f6eafa76afc24ab71b570bf4c,Portugal reference territory in BPstat metadata; historical industrial classification comparability not yet independently reviewed,national_accounts_deflator_historical_series,not_reviewed_in_source_notes,reconstructed_or_harmonised_not_yet_confirmed,accepted_for_context_not_enabled_for_extraction,context_only_not_empirical_identification,data/raw/live/bpstat/series_12706642.csv
BPstat Data API v1,12706642,manufacturing_gva_deflator_yoy_annual,manufacturing_value_added_deflator_growth,Deflators of GVA-Manufacturing-YoY-annual,2018,2018-12-31,0.36,year_over_year_percent_change,annual,deflator_yoy,181,f8d9de1f6eafa76afc24ab71b570bf4c,Portugal reference territory in BPstat metadata; historical industrial classification comparability not yet independently reviewed,national_accounts_deflator_historical_series,not_reviewed_in_source_notes,reconstructed_or_harmonised_not_yet_confirmed,accepted_for_context_not_enabled_for_extraction,context_only_not_empirical_identification,data/raw/live/bpstat/series_12706642.csv
BPstat Data API v1,12706642,manufacturing_gva_deflator_yoy_annual,manufacturing_value_added_deflator_growth,Deflators of GVA-Manufacturing-YoY-annual,2019,2019-12-31,0.9,year_over_year_percent_change,annual,deflator_yoy,181,f8d9de1f6eafa76afc24ab71b570bf4c,Portugal reference territory in BPstat metadata; historical industrial classification comparability not yet independently reviewed,national_accounts_deflator_historical_series,not_reviewed_in_source_notes,reconstructed_or_harmonised_not_yet_confirmed,accepted_for_context_not_enabled_for_extraction,context_only_not_empirical_identification,data/raw/live/bpstat/series_12706642.csv
BPstat Data API v1,12706642,manufacturing_gva_deflator_yoy_annual,manufacturing_value_added_deflator_growth,Deflators of GVA-Manufacturing-YoY-annual,2020,2020-12-31,1.88,year_over_year_percent_change,annual,deflator_yoy,181,f8d9de1f6eafa76afc24ab71b570bf4c,Portugal reference territory in BPstat metadata; historical industrial classification comparability not yet independently reviewed,national_accounts_deflator_historical_series,not_reviewed_in_source_notes,reconstructed_or_harmonised_not_yet_confirmed,accepted_for_context_not_enabled_for_extraction,context_only_not_empirical_identification,data/raw/live/bpstat/series_12706642.csv
BPstat Data API v1,12706642,manufacturing_gva_deflator_yoy_annual,manufacturing_value_added_deflator_growth,Deflators of GVA-Manufacturing-YoY-annual,2021,2021-12-31,5.76,year_over_year_percent_change,annual,deflator_yoy,181,f8d9de1f6eafa76afc24ab71b570bf4c,Portugal reference territory in BPstat metadata; historical industrial classification comparability not yet independently reviewed,national_accounts_deflator_historical_series,not_reviewed_in_source_notes,reconstructed_or_harmonised_not_yet_confirmed,accepted_for_context_not_enabled_for_extraction,context_only_not_empirical_identification,data/raw/live/bpstat/series_12706642.csv
BPstat Data API v1,12706642,manufacturing_gva_deflator_yoy_annual,manufacturing_value_added_deflator_growth,Deflators of GVA-Manufacturing-YoY-annual,2022,2022-12-31,8.44,year_over_year_percent_change,annual,deflator_yoy,181,f8d9de1f6eafa76afc24ab71b570bf4c,Portugal reference territory in BPstat metadata; historical industrial classification comparability not yet independently reviewed,national_accounts_deflator_historical_series,not_reviewed_in_source_notes,reconstructed_or_harmonised_not_yet_confirmed,accepted_for_context_not_enabled_for_extraction,context_only_not_empirical_identification,data/raw/live/bpstat/series_12706642.csv
BPstat Data API v1,12706642,manufacturing_gva_deflator_yoy_annual,manufacturing_value_added_deflator_growth,Deflators of GVA-Manufacturing-YoY-annual,2023,2023-12-31,8.21,year_over_year_percent_change,annual,deflator_yoy,181,f8d9de1f6eafa76afc24ab71b570bf4c,Portugal reference territory in BPstat metadata; historical industrial classification comparability not yet independently reviewed,national_accounts_deflator_historical_series,not_reviewed_in_source_notes,reconstructed_or_harmonised_not_yet_confirmed,accepted_for_context_not_enabled_for_extraction,context_only_not_empirical_identification,data/raw/live/bpstat/series_12706642.csv
BPstat Data API v1,12706642,manufacturing_gva_deflator_yoy_annual,manufacturing_value_added_deflator_growth,Deflators of GVA-Manufacturing-YoY-annual,2024,2024-12-31,3.49,year_over_year_percent_change,annual,deflator_yoy,181,f8d9de1f6eafa76afc24ab71b570bf4c,Portugal reference territory in BPstat metadata; historical industrial classification comparability not yet independently reviewed,national_accounts_deflator_historical_series,not_reviewed_in_source_notes,reconstructed_or_harmonised_not_yet_confirmed,accepted_for_context_not_enabled_for_extraction,context_only_not_empirical_identification,data/raw/live/bpstat/series_12706642.csv
BPstat Data API v1,12706642,manufacturing_gva_deflator_yoy_annual,manufacturing_value_added_deflator_growth,Deflators of GVA-Manufacturing-YoY-annual,2025,2025-12-31,0.95,year_over_year_percent_change,annual,deflator_yoy,181,f8d9de1f6eafa76afc24ab71b570bf4c,Portugal reference territory in BPstat metadata; historical industrial classification comparability not yet independently reviewed,national_accounts_deflator_historical_series,not_reviewed_in_source_notes,reconstructed_or_harmonised_not_yet_confirmed,accepted_for_context_not_enabled_for_extraction,context_only_not_empirical_identification,data/raw/live/bpstat/series_12706642.csv
BPstat Data API v1,12518324,real_gdp_chain_linked_annual,real_gdp,GDP at market prices-CLV-A,1954,1954-12-31,35338.224,millions of euros,annual,chain_linked_volume,54,ce3e4e50cda325537eff729ef64037cd,Portugal reference territory in BPstat metadata; historical treatment of overseas territories not yet independently reviewed,national_accounts_expenditure_approach_historical_series,not_reviewed_in_source_notes,reconstructed_or_harmonised_not_yet_confirmed,accepted_for_context_not_enabled_for_extraction,context_only_not_empirical_identification,data/raw/live/bpstat/series_12518324.csv
BPstat Data API v1,12518324,real_gdp_chain_linked_annual,real_gdp,GDP at market prices-CLV-A,1955,1955-12-31,36894.738,millions of euros,annual,chain_linked_volume,54,ce3e4e50cda325537eff729ef64037cd,Portugal reference territory in BPstat metadata; historical treatment of overseas territories not yet independently reviewed,national_accounts_expenditure_approach_historical_series,not_reviewed_in_source_notes,reconstructed_or_harmonised_not_yet_confirmed,accepted_for_context_not_enabled_for_extraction,context_only_not_empirical_identification,data/raw/live/bpstat/series_12518324.csv
BPstat Data API v1,12518324,real_gdp_chain_linked_annual,real_gdp,GDP at market prices-CLV-A,1956,1956-12-31,38326.88,millions of euros,annual,chain_linked_volume,54,ce3e4e50cda325537eff729ef64037cd,Portugal reference territory in BPstat metadata; historical treatment of overseas territories not yet independently reviewed,national_accounts_expenditure_approach_historical_series,not_reviewed_in_source_notes,reconstructed_or_harmonised_not_yet_confirmed,accepted_for_context_not_enabled_for_extraction,context_only_not_empirical_identification,data/raw/live/bpstat/series_12518324.csv
BPstat Data API v1,12518324,real_gdp_chain_linked_annual,real_gdp,GDP at market prices-CLV-A,1957,1957-12-31,40416.076,millions of euros,annual,chain_linked_volume,54,ce3e4e50cda325537eff729ef64037cd,Portugal reference territory in BPstat metadata; historical treatment of overseas territories not yet independently reviewed,national_accounts_expenditure_approach_historical_series,not_reviewed_in_source_notes,reconstructed_or_harmonised_not_yet_confirmed,accepted_for_context_not_enabled_for_extraction,context_only_not_empirical_identification,data/raw/live/bpstat/series_12518324.csv
BPstat Data API v1,12518324,real_gdp_chain_linked_annual,real_gdp,GDP at market prices-CLV-A,1958,1958-12-31,42345.318,millions of euros,annual,chain_linked_volume,54,ce3e4e50cda325537eff729ef64037cd,Portugal reference territory in BPstat metadata; historical treatment of overseas territories not yet independently reviewed,national_accounts_expenditure_approach_historical_series,not_reviewed_in_source_notes,reconstructed_or_harmonised_not_yet_confirmed,accepted_for_context_not_enabled_for_extraction,context_only_not_empirical_identification,data/raw/live/bpstat/series_12518324.csv
BPstat Data API v1,12518324,real_gdp_chain_linked_annual,real_gdp,GDP at market prices-CLV-A,1959,1959-12-31,43831.717,millions of euros,annual,chain_linked_volume,54,ce3e4e50cda325537eff729ef64037cd,Portugal reference territory in BPstat metadata; historical treatment of overseas territories not yet independently reviewed,national_accounts_expenditure_approach_historical_series,not_reviewed_in_source_notes,reconstructed_or_harmonised_not_yet_confirmed,accepted_for_context_not_enabled_for_extraction,context_only_not_empirical_identification,data/raw/live/bpstat/series_12518324.csv
BPstat Data API v1,12518324,real_gdp_chain_linked_annual,real_gdp,GDP at market prices-CLV-A,1960,1960-12-31,45484.593,millions of euros,annual,chain_linked_volume,54,ce3e4e50cda325537eff729ef64037cd,Portugal reference territory in BPstat metadata; historical treatment of overseas territories not yet independently reviewed,national_accounts_expenditure_approach_historical_series,not_reviewed_in_source_notes,reconstructed_or_harmonised_not_yet_confirmed,accepted_for_context_not_enabled_for_extraction,context_only_not_empirical_identification,data/raw/live/bpstat/series_12518324.csv
BPstat Data API v1,12518324,real_gdp_chain_linked_annual,real_gdp,GDP at market prices-CLV-A,1961,1961-12-31,46733.128,millions of euros,annual,chain_linked_volume,54,ce3e4e50cda325537eff729ef64037cd,Portugal reference territory in BPstat metadata; historical treatment of overseas territories not yet independently reviewed,national_accounts_expenditure_approach_historical_series,not_reviewed_in_source_notes,reconstructed_or_harmonised_not_yet_confirmed,accepted_for_context_not_enabled_for_extraction,context_only_not_empirical_identification,data/raw/live/bpstat/series_12518324.csv
BPstat Data API v1,12518324,real_gdp_chain_linked_annual,real_gdp,GDP at market prices-CLV-A,1962,1962-12-31,51503.649,millions of euros,annual,chain_linked_volume,54,ce3e4e50cda325537eff729ef64037cd,Portugal reference territory in BPstat metadata; historical treatment of overseas territories not yet independently reviewed,national_accounts_expenditure_approach_historical_series,not_reviewed_in_source_notes,reconstructed_or_harmonised_not_yet_confirmed,accepted_for_context_not_enabled_for_extraction,context_only_not_empirical_identification,data/raw/live/bpstat/series_12518324.csv
BPstat Data API v1,12518324,real_gdp_chain_linked_annual,real_gdp,GDP at market prices-CLV-A,1963,1963-12-31,52284.948,millions of euros,annual,chain_linked_volume,54,ce3e4e50cda325537eff729ef64037cd,Portugal reference territory in BPstat metadata; historical treatment of overseas territories not yet independently reviewed,national_accounts_expenditure_approach_historical_series,not_reviewed_in_source_notes,reconstructed_or_harmonised_not_yet_confirmed,accepted_for_context_not_enabled_for_extraction,context_only_not_empirical_identification,data/raw/live/bpstat/series_12518324.csv
BPstat Data API v1,12518324,real_gdp_chain_linked_annual,real_gdp,GDP at market prices-CLV-A,1964,1964-12-31,55120.09,millions of euros,annual,chain_linked_volume,54,ce3e4e50cda325537eff729ef64037cd,Portugal reference territory in BPstat metadata; historical treatment of overseas territories not yet independently reviewed,national_accounts_expenditure_approach_historical_series,not_reviewed_in_source_notes,reconstructed_or_harmonised_not_yet_confirmed,accepted_for_context_not_enabled_for_extraction,context_only_not_empirical_identification,data/raw/live/bpstat/series_12518324.csv
BPstat Data API v1,12518324,real_gdp_chain_linked_annual,real_gdp,GDP at market prices-CLV-A,1965,1965-12-31,60333.268,millions of euros,annual,chain_linked_volume,54,ce3e4e50cda325537eff729ef64037cd,Portugal reference territory in BPstat metadata; historical treatment of overseas territories not yet independently reviewed,national_accounts_expenditure_approach_historical_series,not_reviewed_in_source_notes,reconstructed_or_harmonised_not_yet_confirmed,accepted_for_context_not_enabled_for_extraction,context_only_not_empirical_identification,data/raw/live/bpstat/series_12518324.csv
BPstat Data API v1,12518324,real_gdp_chain_linked_annual,real_gdp,GDP at market prices-CLV-A,1966,1966-12-31,62098.283,millions of euros,annual,chain_linked_volume,54,ce3e4e50cda325537eff729ef64037cd,Portugal reference territory in BPstat metadata; historical treatment of overseas territories not yet independently reviewed,national_accounts_expenditure_approach_historical_series,not_reviewed_in_source_notes,reconstructed_or_harmonised_not_yet_confirmed,accepted_for_context_not_enabled_for_extraction,context_only_not_empirical_identification,data/raw/live/bpstat/series_12518324.csv
BPstat Data API v1,12518324,real_gdp_chain_linked_annual,real_gdp,GDP at market prices-CLV-A,1967,1967-12-31,65202.979,millions of euros,annual,chain_linked_volume,54,ce3e4e50cda325537eff729ef64037cd,Portugal reference territory in BPstat metadata; historical treatment of overseas territories not yet independently reviewed,national_accounts_expenditure_approach_historical_series,not_reviewed_in_source_notes,reconstructed_or_harmonised_not_yet_confirmed,accepted_for_context_not_enabled_for_extraction,context_only_not_empirical_identification,data/raw/live/bpstat/series_12518324.csv
BPstat Data API v1,12518324,real_gdp_chain_linked_annual,real_gdp,GDP at market prices-CLV-A,1968,1968-12-31,67492.904,millions of euros,annual,chain_linked_volume,54,ce3e4e50cda325537eff729ef64037cd,Portugal reference territory in BPstat metadata; historical treatment of overseas territories not yet independently reviewed,national_accounts_expenditure_approach_historical_series,not_reviewed_in_source_notes,reconstructed_or_harmonised_not_yet_confirmed,accepted_for_context_not_enabled_for_extraction,context_only_not_empirical_identification,data/raw/live/bpstat/series_12518324.csv
BPstat Data API v1,12518324,real_gdp_chain_linked_annual,real_gdp,GDP at market prices-CLV-A,1969,1969-12-31,69057.397,millions of euros,annual,chain_linked_volume,54,ce3e4e50cda325537eff729ef64037cd,Portugal reference territory in BPstat metadata; historical treatment of overseas territories not yet independently reviewed,national_accounts_expenditure_approach_historical_series,not_reviewed_in_source_notes,reconstructed_or_harmonised_not_yet_confirmed,accepted_for_context_not_enabled_for_extraction,context_only_not_empirical_identification,data/raw/live/bpstat/series_12518324.csv
BPstat Data API v1,12518324,real_gdp_chain_linked_annual,real_gdp,GDP at market prices-CLV-A,1970,1970-12-31,74097.473,millions of euros,annual,chain_linked_volume,54,ce3e4e50cda325537eff729ef64037cd,Portugal reference territory in BPstat metadata; historical treatment of overseas territories not yet independently reviewed,national_accounts_expenditure_approach_historical_series,not_reviewed_in_source_notes,reconstructed_or_harmonised_not_yet_confirmed,accepted_for_context_not_enabled_for_extraction,context_only_not_empirical_identification,data/raw/live/bpstat/series_12518324.csv
BPstat Data API v1,12518324,real_gdp_chain_linked_annual,real_gdp,GDP at market prices-CLV-A,1971,1971-12-31,78755.18,millions of euros,annual,chain_linked_volume,54,ce3e4e50cda325537eff729ef64037cd,Portugal reference territory in BPstat metadata; historical treatment of overseas territories not yet independently reviewed,national_accounts_expenditure_approach_historical_series,not_reviewed_in_source_notes,reconstructed_or_harmonised_not_yet_confirmed,accepted_for_context_not_enabled_for_extraction,context_only_not_empirical_identification,data/raw/live/bpstat/series_12518324.csv
BPstat Data API v1,12518324,real_gdp_chain_linked_annual,real_gdp,GDP at market prices-CLV-A,1972,1972-12-31,86403.455,millions of euros,annual,chain_linked_volume,54,ce3e4e50cda325537eff729ef64037cd,Portugal reference territory in BPstat metadata; historical treatment of overseas territories not yet independently reviewed,national_accounts_expenditure_approach_historical_series,not_reviewed_in_source_notes,reconstructed_or_harmonised_not_yet_confirmed,accepted_for_context_not_enabled_for_extraction,context_only_not_empirical_identification,data/raw/live/bpstat/series_12518324.csv
BPstat Data API v1,12518324,real_gdp_chain_linked_annual,real_gdp,GDP at market prices-CLV-A,1973,1973-12-31,91253.259,millions of euros,annual,chain_linked_volume,54,ce3e4e50cda325537eff729ef64037cd,Portugal reference territory in BPstat metadata; historical treatment of overseas territories not yet independently reviewed,national_accounts_expenditure_approach_historical_series,not_reviewed_in_source_notes,reconstructed_or_harmonised_not_yet_confirmed,accepted_for_context_not_enabled_for_extraction,context_only_not_empirical_identification,data/raw/live/bpstat/series_12518324.csv
BPstat Data API v1,12518324,real_gdp_chain_linked_annual,real_gdp,GDP at market prices-CLV-A,1974,1974-12-31,91324.269,millions of euros,annual,chain_linked_volume,54,ce3e4e50cda325537eff729ef64037cd,Portugal reference territory in BPstat metadata; historical treatment of overseas territories not yet independently reviewed,national_accounts_expenditure_approach_historical_series,not_reviewed_in_source_notes,reconstructed_or_harmonised_not_yet_confirmed,accepted_for_context_not_enabled_for_extraction,context_only_not_empirical_identification,data/raw/live/bpstat/series_12518324.csv
BPstat Data API v1,12518324,real_gdp_chain_linked_annual,real_gdp,GDP at market prices-CLV-A,1975,1975-12-31,88307.37,millions of euros,annual,chain_linked_volume,54,ce3e4e50cda325537eff729ef64037cd,Portugal reference territory in BPstat metadata; historical treatment of overseas territories not yet independently reviewed,national_accounts_expenditure_approach_historical_series,not_reviewed_in_source_notes,reconstructed_or_harmonised_not_yet_confirmed,accepted_for_context_not_enabled_for_extraction,context_only_not_empirical_identification,data/raw/live/bpstat/series_12518324.csv
BPstat Data API v1,12518324,real_gdp_chain_linked_annual,real_gdp,GDP at market prices-CLV-A,1976,1976-12-31,89791.2,millions of euros,annual,chain_linked_volume,54,ce3e4e50cda325537eff729ef64037cd,Portugal reference territory in BPstat metadata; historical treatment of overseas territories not yet independently reviewed,national_accounts_expenditure_approach_historical_series,not_reviewed_in_source_notes,reconstructed_or_harmonised_not_yet_confirmed,accepted_for_context_not_enabled_for_extraction,context_only_not_empirical_identification,data/raw/live/bpstat/series_12518324.csv
BPstat Data API v1,12518324,real_gdp_chain_linked_annual,real_gdp,GDP at market prices-CLV-A,1977,1977-12-31,92498.625,millions of euros,annual,chain_linked_volume,54,ce3e4e50cda325537eff729ef64037cd,Portugal reference territory in BPstat metadata; historical treatment of overseas territories not yet independently reviewed,national_accounts_expenditure_approach_historical_series,not_reviewed_in_source_notes,reconstructed_or_harmonised_not_yet_confirmed,accepted_for_context_not_enabled_for_extraction,context_only_not_empirical_identification,data/raw/live/bpstat/series_12518324.csv
BPstat Data API v1,12518324,real_gdp_chain_linked_annual,real_gdp,GDP at market prices-CLV-A,1978,1978-12-31,95628.664,millions of euros,annual,chain_linked_volume,54,ce3e4e50cda325537eff729ef64037cd,Portugal reference territory in BPstat metadata; historical treatment of overseas territories not yet independently reviewed,national_accounts_expenditure_approach_historical_series,not_reviewed_in_source_notes,reconstructed_or_harmonised_not_yet_confirmed,accepted_for_context_not_enabled_for_extraction,context_only_not_empirical_identification,data/raw/live/bpstat/series_12518324.csv
BPstat Data API v1,12518324,real_gdp_chain_linked_annual,real_gdp,GDP at market prices-CLV-A,1979,1979-12-31,100764.472,millions of euros,annual,chain_linked_volume,54,ce3e4e50cda325537eff729ef64037cd,Portugal reference territory in BPstat metadata; historical treatment of overseas territories not yet independently reviewed,national_accounts_expenditure_approach_historical_series,not_reviewed_in_source_notes,reconstructed_or_harmonised_not_yet_confirmed,accepted_for_context_not_enabled_for_extraction,context_only_not_empirical_identification,data/raw/live/bpstat/series_12518324.csv
BPstat Data API v1,12518324,real_gdp_chain_linked_annual,real_gdp,GDP at market prices-CLV-A,1980,1980-12-31,107635.28,millions of euros,annual,chain_linked_volume,54,ce3e4e50cda325537eff729ef64037cd,Portugal reference territory in BPstat metadata; historical treatment of overseas territories not yet independently reviewed,national_accounts_expenditure_approach_historical_series,not_reviewed_in_source_notes,reconstructed_or_harmonised_not_yet_confirmed,accepted_for_context_not_enabled_for_extraction,context_only_not_empirical_identification,data/raw/live/bpstat/series_12518324.csv
BPstat Data API v1,12518324,real_gdp_chain_linked_annual,real_gdp,GDP at market prices-CLV-A,1981,1981-12-31,110312.853,millions of euros,annual,chain_linked_volume,54,ce3e4e50cda325537eff729ef64037cd,Portugal reference territory in BPstat metadata; historical treatment of overseas territories not yet independently reviewed,national_accounts_expenditure_approach_historical_series,not_reviewed_in_source_notes,reconstructed_or_harmonised_not_yet_confirmed,accepted_for_context_not_enabled_for_extraction,context_only_not_empirical_identification,data/raw/live/bpstat/series_12518324.csv
BPstat Data API v1,12518324,real_gdp_chain_linked_annual,real_gdp,GDP at market prices-CLV-A,1982,1982-12-31,111720.439,millions of euros,annual,chain_linked_volume,54,ce3e4e50cda325537eff729ef64037cd,Portugal reference territory in BPstat metadata; historical treatment of overseas territories not yet independently reviewed,national_accounts_expenditure_approach_historical_series,not_reviewed_in_source_notes,reconstructed_or_harmonised_not_yet_confirmed,accepted_for_context_not_enabled_for_extraction,context_only_not_empirical_identification,data/raw/live/bpstat/series_12518324.csv
BPstat Data API v1,12518324,real_gdp_chain_linked_annual,real_gdp,GDP at market prices-CLV-A,1983,1983-12-31,113621.114,millions of euros,annual,chain_linked_volume,54,ce3e4e50cda325537eff729ef64037cd,Portugal reference territory in BPstat metadata; historical treatment of overseas territories not yet independently reviewed,national_accounts_expenditure_approach_historical_series,not_reviewed_in_source_notes,reconstructed_or_harmonised_not_yet_confirmed,accepted_for_context_not_enabled_for_extraction,context_only_not_empirical_identification,data/raw/live/bpstat/series_12518324.csv
BPstat Data API v1,12518324,real_gdp_chain_linked_annual,real_gdp,GDP at market prices-CLV-A,1984,1984-12-31,112174.995,millions of euros,annual,chain_linked_volume,54,ce3e4e50cda325537eff729ef64037cd,Portugal reference territory in BPstat metadata; historical treatment of overseas territories not yet independently reviewed,national_accounts_expenditure_approach_historical_series,not_reviewed_in_source_notes,reconstructed_or_harmonised_not_yet_confirmed,accepted_for_context_not_enabled_for_extraction,context_only_not_empirical_identification,data/raw/live/bpstat/series_12518324.csv
BPstat Data API v1,12518324,real_gdp_chain_linked_annual,real_gdp,GDP at market prices-CLV-A,1985,1985-12-31,113197.371,millions of euros,annual,chain_linked_volume,54,ce3e4e50cda325537eff729ef64037cd,Portugal reference territory in BPstat metadata; historical treatment of overseas territories not yet independently reviewed,national_accounts_expenditure_approach_historical_series,not_reviewed_in_source_notes,reconstructed_or_harmonised_not_yet_confirmed,accepted_for_context_not_enabled_for_extraction,context_only_not_empirical_identification,data/raw/live/bpstat/series_12518324.csv
BPstat Data API v1,12518324,real_gdp_chain_linked_annual,real_gdp,GDP at market prices-CLV-A,1986,1986-12-31,116693.837,millions of euros,annual,chain_linked_volume,54,ce3e4e50cda325537eff729ef64037cd,Portugal reference territory in BPstat metadata; historical treatment of overseas territories not yet independently reviewed,national_accounts_expenditure_approach_historical_series,not_reviewed_in_source_notes,reconstructed_or_harmonised_not_yet_confirmed,accepted_for_context_not_enabled_for_extraction,context_only_not_empirical_identification,data/raw/live/bpstat/series_12518324.csv
BPstat Data API v1,12518324,real_gdp_chain_linked_annual,real_gdp,GDP at market prices-CLV-A,1987,1987-12-31,124641.767,millions of euros,annual,chain_linked_volume,54,ce3e4e50cda325537eff729ef64037cd,Portugal reference territory in BPstat metadata; historical treatment of overseas territories not yet independently reviewed,national_accounts_expenditure_approach_historical_series,not_reviewed_in_source_notes,reconstructed_or_harmonised_not_yet_confirmed,accepted_for_context_not_enabled_for_extraction,context_only_not_empirical_identification,data/raw/live/bpstat/series_12518324.csv
BPstat Data API v1,12518324,real_gdp_chain_linked_annual,real_gdp,GDP at market prices-CLV-A,1988,1988-12-31,132599.762,millions of euros,annual,chain_linked_volume,54,ce3e4e50cda325537eff729ef64037cd,Portugal reference territory in BPstat metadata; historical treatment of overseas territories not yet independently reviewed,national_accounts_expenditure_approach_historical_series,not_reviewed_in_source_notes,reconstructed_or_harmonised_not_yet_confirmed,accepted_for_context_not_enabled_for_extraction,context_only_not_empirical_identification,data/raw/live/bpstat/series_12518324.csv
BPstat Data API v1,12518324,real_gdp_chain_linked_annual,real_gdp,GDP at market prices-CLV-A,1989,1989-12-31,140184.677,millions of euros,annual,chain_linked_volume,54,ce3e4e50cda325537eff729ef64037cd,Portugal reference territory in BPstat metadata; historical treatment of overseas territories not yet independently reviewed,national_accounts_expenditure_approach_historical_series,not_reviewed_in_source_notes,reconstructed_or_harmonised_not_yet_confirmed,accepted_for_context_not_enabled_for_extraction,context_only_not_empirical_identification,data/raw/live/bpstat/series_12518324.csv
BPstat Data API v1,12518324,real_gdp_chain_linked_annual,real_gdp,GDP at market prices-CLV-A,1990,1990-12-31,148819.391,millions of euros,annual,chain_linked_volume,54,ce3e4e50cda325537eff729ef64037cd,Portugal reference territory in BPstat metadata; historical treatment of overseas territories not yet independently reviewed,national_accounts_expenditure_approach_historical_series,not_reviewed_in_source_notes,reconstructed_or_harmonised_not_yet_confirmed,accepted_for_context_not_enabled_for_extraction,context_only_not_empirical_identification,data/raw/live/bpstat/series_12518324.csv
BPstat Data API v1,12518324,real_gdp_chain_linked_annual,real_gdp,GDP at market prices-CLV-A,1991,1991-12-31,153148.52,millions of euros,annual,chain_linked_volume,54,ce3e4e50cda325537eff729ef64037cd,Portugal reference territory in BPstat metadata; historical treatment of overseas territories not yet independently reviewed,national_accounts_expenditure_approach_historical_series,not_reviewed_in_source_notes,reconstructed_or_harmonised_not_yet_confirmed,accepted_for_context_not_enabled_for_extraction,context_only_not_empirical_identification,data/raw/live/bpstat/series_12518324.csv
BPstat Data API v1,12518324,real_gdp_chain_linked_annual,real_gdp,GDP at market prices-CLV-A,1992,1992-12-31,155786.572,millions of euros,annual,chain_linked_volume,54,ce3e4e50cda325537eff729ef64037cd,Portugal reference territory in BPstat metadata; historical treatment of overseas territories not yet independently reviewed,national_accounts_expenditure_approach_historical_series,not_reviewed_in_source_notes,reconstructed_or_harmonised_not_yet_confirmed,accepted_for_context_not_enabled_for_extraction,context_only_not_empirical_identification,data/raw/live/bpstat/series_12518324.csv
BPstat Data API v1,12518324,real_gdp_chain_linked_annual,real_gdp,GDP at market prices-CLV-A,1993,1993-12-31,153183.341,millions of euros,annual,chain_linked_volume,54,ce3e4e50cda325537eff729ef64037cd,Portugal reference territory in BPstat metadata; historical treatment of overseas territories not yet independently reviewed,national_accounts_expenditure_approach_historical_series,not_reviewed_in_source_notes,reconstructed_or_harmonised_not_yet_confirmed,accepted_for_context_not_enabled_for_extraction,context_only_not_empirical_identification,data/raw/live/bpstat/series_12518324.csv
BPstat Data API v1,12518324,real_gdp_chain_linked_annual,real_gdp,GDP at market prices-CLV-A,1994,1994-12-31,155930.687,millions of euros,annual,chain_linked_volume,54,ce3e4e50cda325537eff729ef64037cd,Portugal reference territory in BPstat metadata; historical treatment of overseas territories not yet independently reviewed,national_accounts_expenditure_approach_historical_series,not_reviewed_in_source_notes,reconstructed_or_harmonised_not_yet_confirmed,accepted_for_context_not_enabled_for_extraction,context_only_not_empirical_identification,data/raw/live/bpstat/series_12518324.csv
BPstat Data API v1,12518324,real_gdp_chain_linked_annual,real_gdp,GDP at market prices-CLV-A,1995,1995-12-31,159644.245,millions of euros,annual,chain_linked_volume,54,ce3e4e50cda325537eff729ef64037cd,Portugal reference territory in BPstat metadata; historical treatment of overseas territories not yet independently reviewed,national_accounts_expenditure_approach_historical_series,not_reviewed_in_source_notes,reconstructed_or_harmonised_not_yet_confirmed,accepted_for_context_not_enabled_for_extraction,context_only_not_empirical_identification,data/raw/live/bpstat/series_12518324.csv
BPstat Data API v1,12518324,real_gdp_chain_linked_annual,real_gdp,GDP at market prices-CLV-A,1996,1996-12-31,165238.575,millions of euros,annual,chain_linked_volume,54,ce3e4e50cda325537eff729ef64037cd,Portugal reference territory in BPstat metadata; historical treatment of overseas territories not yet independently reviewed,national_accounts_expenditure_approach_historical_series,not_reviewed_in_source_notes,reconstructed_or_harmonised_not_yet_confirmed,accepted_for_context_not_enabled_for_extraction,context_only_not_empirical_identification,data/raw/live/bpstat/series_12518324.csv
BPstat Data API v1,12518324,real_gdp_chain_linked_annual,real_gdp,GDP at market prices-CLV-A,1997,1997-12-31,172510.505,millions of euros,annual,chain_linked_volume,54,ce3e4e50cda325537eff729ef64037cd,Portugal reference territory in BPstat metadata; historical treatment of overseas territories not yet independently reviewed,national_accounts_expenditure_approach_historical_series,not_reviewed_in_source_notes,reconstructed_or_harmonised_not_yet_confirmed,accepted_for_context_not_enabled_for_extraction,context_only_not_empirical_identification,data/raw/live/bpstat/series_12518324.csv
BPstat Data API v1,12518324,real_gdp_chain_linked_annual,real_gdp,GDP at market prices-CLV-A,1998,1998-12-31,180804.745,millions of euros,annual,chain_linked_volume,54,ce3e4e50cda325537eff729ef64037cd,Portugal reference territory in BPstat metadata; historical treatment of overseas territories not yet independently reviewed,national_accounts_expenditure_approach_historical_series,not_reviewed_in_source_notes,reconstructed_or_harmonised_not_yet_confirmed,accepted_for_context_not_enabled_for_extraction,context_only_not_empirical_identification,data/raw/live/bpstat/series_12518324.csv
BPstat Data API v1,12518324,real_gdp_chain_linked_annual,real_gdp,GDP at market prices-CLV-A,1999,1999-12-31,187868.024,millions of euros,annual,chain_linked_volume,54,ce3e4e50cda325537eff729ef64037cd,Portugal reference territory in BPstat metadata; historical treatment of overseas territories not yet independently reviewed,national_accounts_expenditure_approach_historical_series,not_reviewed_in_source_notes,reconstructed_or_harmonised_not_yet_confirmed,accepted_for_context_not_enabled_for_extraction,context_only_not_empirical_identification,data/raw/live/bpstat/series_12518324.csv
BPstat Data API v1,12518324,real_gdp_chain_linked_annual,real_gdp,GDP at market prices-CLV-A,2000,2000-12-31,195037.4,millions of euros,annual,chain_linked_volume,54,ce3e4e50cda325537eff729ef64037cd,Portugal reference territory in BPstat metadata; historical treatment of overseas territories not yet independently reviewed,national_accounts_expenditure_approach_historical_series,not_reviewed_in_source_notes,reconstructed_or_harmonised_not_yet_confirmed,accepted_for_context_not_enabled_for_extraction,context_only_not_empirical_identification,data/raw/live/bpstat/series_12518324.csv
BPstat Data API v1,12518324,real_gdp_chain_linked_annual,real_gdp,GDP at market prices-CLV-A,2001,2001-12-31,198828.288,millions of euros,annual,chain_linked_volume,54,ce3e4e50cda325537eff729ef64037cd,Portugal reference territory in BPstat metadata; historical treatment of overseas territories not yet independently reviewed,national_accounts_expenditure_approach_historical_series,not_reviewed_in_source_notes,reconstructed_or_harmonised_not_yet_confirmed,accepted_for_context_not_enabled_for_extraction,context_only_not_empirical_identification,data/raw/live/bpstat/series_12518324.csv
BPstat Data API v1,12518324,real_gdp_chain_linked_annual,real_gdp,GDP at market prices-CLV-A,2002,2002-12-31,200361.105,millions of euros,annual,chain_linked_volume,54,ce3e4e50cda325537eff729ef64037cd,Portugal reference territory in BPstat metadata; historical treatment of overseas territories not yet independently reviewed,national_accounts_expenditure_approach_historical_series,not_reviewed_in_source_notes,reconstructed_or_harmonised_not_yet_confirmed,accepted_for_context_not_enabled_for_extraction,context_only_not_empirical_identification,data/raw/live/bpstat/series_12518324.csv
BPstat Data API v1,12518324,real_gdp_chain_linked_annual,real_gdp,GDP at market prices-CLV-A,2003,2003-12-31,198496.703,millions of euros,annual,chain_linked_volume,54,ce3e4e50cda325537eff729ef64037cd,Portugal reference territory in BPstat metadata; historical treatment of overseas territories not yet independently reviewed,national_accounts_expenditure_approach_historical_series,not_reviewed_in_source_notes,reconstructed_or_harmonised_not_yet_confirmed,accepted_for_context_not_enabled_for_extraction,context_only_not_empirical_identification,data/raw/live/bpstat/series_12518324.csv
BPstat Data API v1,12518324,real_gdp_chain_linked_annual,real_gdp,GDP at market prices-CLV-A,2004,2004-12-31,202047.284,millions of euros,annual,chain_linked_volume,54,ce3e4e50cda325537eff729ef64037cd,Portugal reference territory in BPstat metadata; historical treatment of overseas territories not yet independently reviewed,national_accounts_expenditure_approach_historical_series,not_reviewed_in_source_notes,reconstructed_or_harmonised_not_yet_confirmed,accepted_for_context_not_enabled_for_extraction,context_only_not_empirical_identification,data/raw/live/bpstat/series_12518324.csv
BPstat Data API v1,12518324,real_gdp_chain_linked_annual,real_gdp,GDP at market prices-CLV-A,2005,2005-12-31,203626.987,millions of euros,annual,chain_linked_volume,54,ce3e4e50cda325537eff729ef64037cd,Portugal reference territory in BPstat metadata; historical treatment of overseas territories not yet independently reviewed,national_accounts_expenditure_approach_historical_series,not_reviewed_in_source_notes,reconstructed_or_harmonised_not_yet_confirmed,accepted_for_context_not_enabled_for_extraction,context_only_not_empirical_identification,data/raw/live/bpstat/series_12518324.csv
BPstat Data API v1,12518324,real_gdp_chain_linked_annual,real_gdp,GDP at market prices-CLV-A,2006,2006-12-31,206935.994,millions of euros,annual,chain_linked_volume,54,ce3e4e50cda325537eff729ef64037cd,Portugal reference territory in BPstat metadata; historical treatment of overseas territories not yet independently reviewed,national_accounts_expenditure_approach_historical_series,not_reviewed_in_source_notes,reconstructed_or_harmonised_not_yet_confirmed,accepted_for_context_not_enabled_for_extraction,context_only_not_empirical_identification,data/raw/live/bpstat/series_12518324.csv
BPstat Data API v1,12518324,real_gdp_chain_linked_annual,real_gdp,GDP at market prices-CLV-A,2007,2007-12-31,212123.01,millions of euros,annual,chain_linked_volume,54,ce3e4e50cda325537eff729ef64037cd,Portugal reference territory in BPstat metadata; historical treatment of overseas territories not yet independently reviewed,national_accounts_expenditure_approach_historical_series,not_reviewed_in_source_notes,reconstructed_or_harmonised_not_yet_confirmed,accepted_for_context_not_enabled_for_extraction,context_only_not_empirical_identification,data/raw/live/bpstat/series_12518324.csv
BPstat Data API v1,12518324,real_gdp_chain_linked_annual,real_gdp,GDP at market prices-CLV-A,2008,2008-12-31,212800.208,millions of euros,annual,chain_linked_volume,54,ce3e4e50cda325537eff729ef64037cd,Portugal reference territory in BPstat metadata; historical treatment of overseas territories not yet independently reviewed,national_accounts_expenditure_approach_historical_series,not_reviewed_in_source_notes,reconstructed_or_harmonised_not_yet_confirmed,accepted_for_context_not_enabled_for_extraction,context_only_not_empirical_identification,data/raw/live/bpstat/series_12518324.csv
BPstat Data API v1,12518324,real_gdp_chain_linked_annual,real_gdp,GDP at market prices-CLV-A,2009,2009-12-31,206156.419,millions of euros,annual,chain_linked_volume,54,ce3e4e50cda325537eff729ef64037cd,Portugal reference territory in BPstat metadata; historical treatment of overseas territories not yet independently reviewed,national_accounts_expenditure_approach_historical_series,not_reviewed_in_source_notes,reconstructed_or_harmonised_not_yet_confirmed,accepted_for_context_not_enabled_for_extraction,context_only_not_empirical_identification,data/raw/live/bpstat/series_12518324.csv
BPstat Data API v1,12518324,real_gdp_chain_linked_annual,real_gdp,GDP at market prices-CLV-A,2010,2010-12-31,209738.643,millions of euros,annual,chain_linked_volume,54,ce3e4e50cda325537eff729ef64037cd,Portugal reference territory in BPstat metadata; historical treatment of overseas territories not yet independently reviewed,national_accounts_expenditure_approach_historical_series,not_reviewed_in_source_notes,reconstructed_or_harmonised_not_yet_confirmed,accepted_for_context_not_enabled_for_extraction,context_only_not_empirical_identification,data/raw/live/bpstat/series_12518324.csv
BPstat Data API v1,12518324,real_gdp_chain_linked_annual,real_gdp,GDP at market prices-CLV-A,2011,2011-12-31,206144.715,millions of euros,annual,chain_linked_volume,54,ce3e4e50cda325537eff729ef64037cd,Portugal reference territory in BPstat metadata; historical treatment of overseas territories not yet independently reviewed,national_accounts_expenditure_approach_historical_series,not_reviewed_in_source_notes,reconstructed_or_harmonised_not_yet_confirmed,accepted_for_context_not_enabled_for_extraction,context_only_not_empirical_identification,data/raw/live/bpstat/series_12518324.csv
BPstat Data API v1,12518324,real_gdp_chain_linked_annual,real_gdp,GDP at market prices-CLV-A,2012,2012-12-31,197793.993,millions of euros,annual,chain_linked_volume,54,ce3e4e50cda325537eff729ef64037cd,Portugal reference territory in BPstat metadata; historical treatment of overseas territories not yet independently reviewed,national_accounts_expenditure_approach_historical_series,not_reviewed_in_source_notes,reconstructed_or_harmonised_not_yet_confirmed,accepted_for_context_not_enabled_for_extraction,context_only_not_empirical_identification,data/raw/live/bpstat/series_12518324.csv
BPstat Data API v1,12518324,real_gdp_chain_linked_annual,real_gdp,GDP at market prices-CLV-A,2013,2013-12-31,195847.488,millions of euros,annual,chain_linked_volume,54,ce3e4e50cda325537eff729ef64037cd,Portugal reference territory in BPstat metadata; historical treatment of overseas territories not yet independently reviewed,national_accounts_expenditure_approach_historical_series,not_reviewed_in_source_notes,reconstructed_or_harmonised_not_yet_confirmed,accepted_for_context_not_enabled_for_extraction,context_only_not_empirical_identification,data/raw/live/bpstat/series_12518324.csv
BPstat Data API v1,12518324,real_gdp_chain_linked_annual,real_gdp,GDP at market prices-CLV-A,2014,2014-12-31,197299.485,millions of euros,annual,chain_linked_volume,54,ce3e4e50cda325537eff729ef64037cd,Portugal reference territory in BPstat metadata; historical treatment of overseas territories not yet independently reviewed,national_accounts_expenditure_approach_historical_series,not_reviewed_in_source_notes,reconstructed_or_harmonised_not_yet_confirmed,accepted_for_context_not_enabled_for_extraction,context_only_not_empirical_identification,data/raw/live/bpstat/series_12518324.csv
BPstat Data API v1,12518324,real_gdp_chain_linked_annual,real_gdp,GDP at market prices-CLV-A,2015,2015-12-31,200436.149,millions of euros,annual,chain_linked_volume,54,ce3e4e50cda325537eff729ef64037cd,Portugal reference territory in BPstat metadata; historical treatment of overseas territories not yet independently reviewed,national_accounts_expenditure_approach_historical_series,not_reviewed_in_source_notes,reconstructed_or_harmonised_not_yet_confirmed,accepted_for_context_not_enabled_for_extraction,context_only_not_empirical_identification,data/raw/live/bpstat/series_12518324.csv
BPstat Data API v1,12518324,real_gdp_chain_linked_annual,real_gdp,GDP at market prices-CLV-A,2016,2016-12-31,204453.172,millions of euros,annual,chain_linked_volume,54,ce3e4e50cda325537eff729ef64037cd,Portugal reference territory in BPstat metadata; historical treatment of overseas territories not yet independently reviewed,national_accounts_expenditure_approach_historical_series,not_reviewed_in_source_notes,reconstructed_or_harmonised_not_yet_confirmed,accepted_for_context_not_enabled_for_extraction,context_only_not_empirical_identification,data/raw/live/bpstat/series_12518324.csv
BPstat Data API v1,12518324,real_gdp_chain_linked_annual,real_gdp,GDP at market prices-CLV-A,2017,2017-12-31,211230.221,millions of euros,annual,chain_linked_volume,54,ce3e4e50cda325537eff729ef64037cd,Portugal reference territory in BPstat metadata; historical treatment of overseas territories not yet independently reviewed,national_accounts_expenditure_approach_historical_series,not_reviewed_in_source_notes,reconstructed_or_harmonised_not_yet_confirmed,accepted_for_context_not_enabled_for_extraction,context_only_not_empirical_identification,data/raw/live/bpstat/series_12518324.csv
BPstat Data API v1,12518324,real_gdp_chain_linked_annual,real_gdp,GDP at market prices-CLV-A,2018,2018-12-31,217453.663,millions of euros,annual,chain_linked_volume,54,ce3e4e50cda325537eff729ef64037cd,Portugal reference territory in BPstat metadata; historical treatment of overseas territories not yet independently reviewed,national_accounts_expenditure_approach_historical_series,not_reviewed_in_source_notes,reconstructed_or_harmonised_not_yet_confirmed,accepted_for_context_not_enabled_for_extraction,context_only_not_empirical_identification,data/raw/live/bpstat/series_12518324.csv
BPstat Data API v1,12518324,real_gdp_chain_linked_annual,real_gdp,GDP at market prices-CLV-A,2019,2019-12-31,223424.255,millions of euros,annual,chain_linked_volume,54,ce3e4e50cda325537eff729ef64037cd,Portugal reference territory in BPstat metadata; historical treatment of overseas territories not yet independently reviewed,national_accounts_expenditure_approach_historical_series,not_reviewed_in_source_notes,reconstructed_or_harmonised_not_yet_confirmed,accepted_for_context_not_enabled_for_extraction,context_only_not_empirical_identification,data/raw/live/bpstat/series_12518324.csv
BPstat Data API v1,12518324,real_gdp_chain_linked_annual,real_gdp,GDP at market prices-CLV-A,2020,2020-12-31,205093.117,millions of euros,annual,chain_linked_volume,54,ce3e4e50cda325537eff729ef64037cd,Portugal reference territory in BPstat metadata; historical treatment of overseas territories not yet independently reviewed,national_accounts_expenditure_approach_historical_series,not_reviewed_in_source_notes,reconstructed_or_harmonised_not_yet_confirmed,accepted_for_context_not_enabled_for_extraction,context_only_not_empirical_identification,data/raw/live/bpstat/series_12518324.csv
BPstat Data API v1,12518324,real_gdp_chain_linked_annual,real_gdp,GDP at market prices-CLV-A,2021,2021-12-31,216493.745,millions of euros,annual,chain_linked_volume,54,ce3e4e50cda325537eff729ef64037cd,Portugal reference territory in BPstat metadata; historical treatment of overseas territories not yet independently reviewed,national_accounts_expenditure_approach_historical_series,not_reviewed_in_source_notes,reconstructed_or_harmonised_not_yet_confirmed,accepted_for_context_not_enabled_for_extraction,context_only_not_empirical_identification,data/raw/live/bpstat/series_12518324.csv
BPstat Data API v1,12518324,real_gdp_chain_linked_annual,real_gdp,GDP at market prices-CLV-A,2022,2022-12-31,231617.654,millions of euros,annual,chain_linked_volume,54,ce3e4e50cda325537eff729ef64037cd,Portugal reference territory in BPstat metadata; historical treatment of overseas territories not yet independently reviewed,national_accounts_expenditure_approach_historical_series,not_reviewed_in_source_notes,reconstructed_or_harmonised_not_yet_confirmed,accepted_for_context_not_enabled_for_extraction,context_only_not_empirical_identification,data/raw/live/bpstat/series_12518324.csv
BPstat Data API v1,12518324,real_gdp_chain_linked_annual,real_gdp,GDP at market prices-CLV-A,2023,2023-12-31,238797.754,millions of euros,annual,chain_linked_volume,54,ce3e4e50cda325537eff729ef64037cd,Portugal reference territory in BPstat metadata; historical treatment of overseas territories not yet independently reviewed,national_accounts_expenditure_approach_historical_series,not_reviewed_in_source_notes,reconstructed_or_harmonised_not_yet_confirmed,accepted_for_context_not_enabled_for_extraction,context_only_not_empirical_identification,data/raw/live/bpstat/series_12518324.csv
BPstat Data API v1,12518324,real_gdp_chain_linked_annual,real_gdp,GDP at market prices-CLV-A,2024,2024-12-31,244086.152,millions of euros,annual,chain_linked_volume,54,ce3e4e50cda325537eff729ef64037cd,Portugal reference territory in BPstat metadata; historical treatment of overseas territories not yet independently reviewed,national_accounts_expenditure_approach_historical_series,not_reviewed_in_source_notes,reconstructed_or_harmonised_not_yet_confirmed,accepted_for_context_not_enabled_for_extraction,context_only_not_empirical_identification,data/raw/live/bpstat/series_12518324.csv
BPstat Data API v1,12518324,real_gdp_chain_linked_annual,real_gdp,GDP at market prices-CLV-A,2025,2025-12-31,248637.089,millions of euros,annual,chain_linked_volume,54,ce3e4e50cda325537eff729ef64037cd,Portugal reference territory in BPstat metadata; historical treatment of overseas territories not yet independently reviewed,national_accounts_expenditure_approach_historical_series,not_reviewed_in_source_notes,reconstructed_or_harmonised_not_yet_confirmed,accepted_for_context_not_enabled_for_extraction,context_only_not_empirical_identification,data/raw/live/bpstat/series_12518324.csv
BPstat Data API v1,12711757,resident_population_total,population,Resident population-thousands of people-annual,1941,1941-12-31,7759.786,thousands of people,annual,not_applicable,13,b8cc662879c9f7b0f3faf89c7871fc38,Portugal reference territory in BPstat metadata,source_published_series,not_reviewed_in_source_notes,original_or_harmonised_not_yet_confirmed,accepted_for_context_not_enabled_for_extraction,context_only_not_empirical_identification,data/raw/live/bpstat/series_12711757.csv
BPstat Data API v1,12711757,resident_population_total,population,Resident population-thousands of people-annual,1942,1942-12-31,7826.138,thousands of people,annual,not_applicable,13,b8cc662879c9f7b0f3faf89c7871fc38,Portugal reference territory in BPstat metadata,source_published_series,not_reviewed_in_source_notes,original_or_harmonised_not_yet_confirmed,accepted_for_context_not_enabled_for_extraction,context_only_not_empirical_identification,data/raw/live/bpstat/series_12711757.csv
BPstat Data API v1,12711757,resident_population_total,population,Resident population-thousands of people-annual,1943,1943-12-31,7894.931,thousands of people,annual,not_applicable,13,b8cc662879c9f7b0f3faf89c7871fc38,Portugal reference territory in BPstat metadata,source_published_series,not_reviewed_in_source_notes,original_or_harmonised_not_yet_confirmed,accepted_for_context_not_enabled_for_extraction,context_only_not_empirical_identification,data/raw/live/bpstat/series_12711757.csv
BPstat Data API v1,12711757,resident_population_total,population,Resident population-thousands of people-annual,1944,1944-12-31,7973.804,thousands of people,annual,not_applicable,13,b8cc662879c9f7b0f3faf89c7871fc38,Portugal reference territory in BPstat metadata,source_published_series,not_reviewed_in_source_notes,original_or_harmonised_not_yet_confirmed,accepted_for_context_not_enabled_for_extraction,context_only_not_empirical_identification,data/raw/live/bpstat/series_12711757.csv
BPstat Data API v1,12711757,resident_population_total,population,Resident population-thousands of people-annual,1945,1945-12-31,8055.521,thousands of people,annual,not_applicable,13,b8cc662879c9f7b0f3faf89c7871fc38,Portugal reference territory in BPstat metadata,source_published_series,not_reviewed_in_source_notes,original_or_harmonised_not_yet_confirmed,accepted_for_context_not_enabled_for_extraction,context_only_not_empirical_identification,data/raw/live/bpstat/series_12711757.csv
BPstat Data API v1,12711757,resident_population_total,population,Resident population-thousands of people-annual,1946,1946-12-31,8138.404,thousands of people,annual,not_applicable,13,b8cc662879c9f7b0f3faf89c7871fc38,Portugal reference territory in BPstat metadata,source_published_series,not_reviewed_in_source_notes,original_or_harmonised_not_yet_confirmed,accepted_for_context_not_enabled_for_extraction,context_only_not_empirical_identification,data/raw/live/bpstat/series_12711757.csv
BPstat Data API v1,12711757,resident_population_total,population,Resident population-thousands of people-annual,1947,1947-12-31,8216.478,thousands of people,annual,not_applicable,13,b8cc662879c9f7b0f3faf89c7871fc38,Portugal reference territory in BPstat metadata,source_published_series,not_reviewed_in_source_notes,original_or_harmonised_not_yet_confirmed,accepted_for_context_not_enabled_for_extraction,context_only_not_empirical_identification,data/raw/live/bpstat/series_12711757.csv
BPstat Data API v1,12711757,resident_population_total,population,Resident population-thousands of people-annual,1948,1948-12-31,8307.263,thousands of people,annual,not_applicable,13,b8cc662879c9f7b0f3faf89c7871fc38,Portugal reference territory in BPstat metadata,source_published_series,not_reviewed_in_source_notes,original_or_harmonised_not_yet_confirmed,accepted_for_context_not_enabled_for_extraction,context_only_not_empirical_identification,data/raw/live/bpstat/series_12711757.csv
BPstat Data API v1,12711757,resident_population_total,population,Resident population-thousands of people-annual,1949,1949-12-31,8398.482,thousands of people,annual,not_applicable,13,b8cc662879c9f7b0f3faf89c7871fc38,Portugal reference territory in BPstat metadata,source_published_series,not_reviewed_in_source_notes,original_or_harmonised_not_yet_confirmed,accepted_for_context_not_enabled_for_extraction,context_only_not_empirical_identification,data/raw/live/bpstat/series_12711757.csv
BPstat Data API v1,12711757,resident_population_total,population,Resident population-thousands of people-annual,1950,1950-12-31,8439.169,thousands of people,annual,not_applicable,13,b8cc662879c9f7b0f3faf89c7871fc38,Portugal reference territory in BPstat metadata,source_published_series,not_reviewed_in_source_notes,original_or_harmonised_not_yet_confirmed,accepted_for_context_not_enabled_for_extraction,context_only_not_empirical_identification,data/raw/live/bpstat/series_12711757.csv
BPstat Data API v1,12711757,resident_population_total,population,Resident population-thousands of people-annual,1951,1951-12-31,8493.313,thousands of people,annual,not_applicable,13,b8cc662879c9f7b0f3faf89c7871fc38,Portugal reference territory in BPstat metadata,source_published_series,not_reviewed_in_source_notes,original_or_harmonised_not_yet_confirmed,accepted_for_context_not_enabled_for_extraction,context_only_not_empirical_identification,data/raw/live/bpstat/series_12711757.csv
BPstat Data API v1,12711757,resident_population_total,population,Resident population-thousands of people-annual,1952,1952-12-31,8556.082,thousands of people,annual,not_applicable,13,b8cc662879c9f7b0f3faf89c7871fc38,Portugal reference territory in BPstat metadata,source_published_series,not_reviewed_in_source_notes,original_or_harmonised_not_yet_confirmed,accepted_for_context_not_enabled_for_extraction,context_only_not_empirical_identification,data/raw/live/bpstat/series_12711757.csv
BPstat Data API v1,12711757,resident_population_total,population,Resident population-thousands of people-annual,1953,1953-12-31,8581.256,thousands of people,annual,not_applicable,13,b8cc662879c9f7b0f3faf89c7871fc38,Portugal reference territory in BPstat metadata,source_published_series,not_reviewed_in_source_notes,original_or_harmonised_not_yet_confirmed,accepted_for_context_not_enabled_for_extraction,context_only_not_empirical_identification,data/raw/live/bpstat/series_12711757.csv
BPstat Data API v1,12711757,resident_population_total,population,Resident population-thousands of people-annual,1954,1954-12-31,8605.703,thousands of people,annual,not_applicable,13,b8cc662879c9f7b0f3faf89c7871fc38,Portugal reference territory in BPstat metadata,source_published_series,not_reviewed_in_source_notes,original_or_harmonised_not_yet_confirmed,accepted_for_context_not_enabled_for_extraction,context_only_not_empirical_identification,data/raw/live/bpstat/series_12711757.csv
BPstat Data API v1,12711757,resident_population_total,population,Resident population-thousands of people-annual,1955,1955-12-31,8640.326,thousands of people,annual,not_applicable,13,b8cc662879c9f7b0f3faf89c7871fc38,Portugal reference territory in BPstat metadata,source_published_series,not_reviewed_in_source_notes,original_or_harmonised_not_yet_confirmed,accepted_for_context_not_enabled_for_extraction,context_only_not_empirical_identification,data/raw/live/bpstat/series_12711757.csv
BPstat Data API v1,12711757,resident_population_total,population,Resident population-thousands of people-annual,1956,1956-12-31,8683.018,thousands of people,annual,not_applicable,13,b8cc662879c9f7b0f3faf89c7871fc38,Portugal reference territory in BPstat metadata,source_published_series,not_reviewed_in_source_notes,original_or_harmonised_not_yet_confirmed,accepted_for_context_not_enabled_for_extraction,context_only_not_empirical_identification,data/raw/live/bpstat/series_12711757.csv
BPstat Data API v1,12711757,resident_population_total,population,Resident population-thousands of people-annual,1957,1957-12-31,8712.672,thousands of people,annual,not_applicable,13,b8cc662879c9f7b0f3faf89c7871fc38,Portugal reference territory in BPstat metadata,source_published_series,not_reviewed_in_source_notes,original_or_harmonised_not_yet_confirmed,accepted_for_context_not_enabled_for_extraction,context_only_not_empirical_identification,data/raw/live/bpstat/series_12711757.csv
BPstat Data API v1,12711757,resident_population_total,population,Resident population-thousands of people-annual,1958,1958-12-31,8749.932,thousands of people,annual,not_applicable,13,b8cc662879c9f7b0f3faf89c7871fc38,Portugal reference territory in BPstat metadata,source_published_series,not_reviewed_in_source_notes,original_or_harmonised_not_yet_confirmed,accepted_for_context_not_enabled_for_extraction,context_only_not_empirical_identification,data/raw/live/bpstat/series_12711757.csv
BPstat Data API v1,12711757,resident_population_total,population,Resident population-thousands of people-annual,1959,1959-12-31,8800.84,thousands of people,annual,not_applicable,13,b8cc662879c9f7b0f3faf89c7871fc38,Portugal reference territory in BPstat metadata,source_published_series,not_reviewed_in_source_notes,original_or_harmonised_not_yet_confirmed,accepted_for_context_not_enabled_for_extraction,context_only_not_empirical_identification,data/raw/live/bpstat/series_12711757.csv
BPstat Data API v1,12711757,resident_population_total,population,Resident population-thousands of people-annual,1960,1960-12-31,8857.712,thousands of people,annual,not_applicable,13,b8cc662879c9f7b0f3faf89c7871fc38,Portugal reference territory in BPstat metadata,source_published_series,not_reviewed_in_source_notes,original_or_harmonised_not_yet_confirmed,accepted_for_context_not_enabled_for_extraction,context_only_not_empirical_identification,data/raw/live/bpstat/series_12711757.csv
BPstat Data API v1,12711757,resident_population_total,population,Resident population-thousands of people-annual,1961,1961-12-31,8929.314,thousands of people,annual,not_applicable,13,b8cc662879c9f7b0f3faf89c7871fc38,Portugal reference territory in BPstat metadata,source_published_series,not_reviewed_in_source_notes,original_or_harmonised_not_yet_confirmed,accepted_for_context_not_enabled_for_extraction,context_only_not_empirical_identification,data/raw/live/bpstat/series_12711757.csv
BPstat Data API v1,12711757,resident_population_total,population,Resident population-thousands of people-annual,1962,1962-12-31,8993.978,thousands of people,annual,not_applicable,13,b8cc662879c9f7b0f3faf89c7871fc38,Portugal reference territory in BPstat metadata,source_published_series,not_reviewed_in_source_notes,original_or_harmonised_not_yet_confirmed,accepted_for_context_not_enabled_for_extraction,context_only_not_empirical_identification,data/raw/live/bpstat/series_12711757.csv
BPstat Data API v1,12711757,resident_population_total,population,Resident population-thousands of people-annual,1963,1963-12-31,9030.35,thousands of people,annual,not_applicable,13,b8cc662879c9f7b0f3faf89c7871fc38,Portugal reference territory in BPstat metadata,source_published_series,not_reviewed_in_source_notes,original_or_harmonised_not_yet_confirmed,accepted_for_context_not_enabled_for_extraction,context_only_not_empirical_identification,data/raw/live/bpstat/series_12711757.csv
BPstat Data API v1,12711757,resident_population_total,population,Resident population-thousands of people-annual,1964,1964-12-31,9035.361,thousands of people,annual,not_applicable,13,b8cc662879c9f7b0f3faf89c7871fc38,Portugal reference territory in BPstat metadata,source_published_series,not_reviewed_in_source_notes,original_or_harmonised_not_yet_confirmed,accepted_for_context_not_enabled_for_extraction,context_only_not_empirical_identification,data/raw/live/bpstat/series_12711757.csv
BPstat Data API v1,12711757,resident_population_total,population,Resident population-thousands of people-annual,1965,1965-12-31,8998.587,thousands of people,annual,not_applicable,13,b8cc662879c9f7b0f3faf89c7871fc38,Portugal reference territory in BPstat metadata,source_published_series,not_reviewed_in_source_notes,original_or_harmonised_not_yet_confirmed,accepted_for_context_not_enabled_for_extraction,context_only_not_empirical_identification,data/raw/live/bpstat/series_12711757.csv
BPstat Data API v1,12711757,resident_population_total,population,Resident population-thousands of people-annual,1966,1966-12-31,8930.985,thousands of people,annual,not_applicable,13,b8cc662879c9f7b0f3faf89c7871fc38,Portugal reference territory in BPstat metadata,source_published_series,not_reviewed_in_source_notes,original_or_harmonised_not_yet_confirmed,accepted_for_context_not_enabled_for_extraction,context_only_not_empirical_identification,data/raw/live/bpstat/series_12711757.csv
BPstat Data API v1,12711757,resident_population_total,population,Resident population-thousands of people-annual,1967,1967-12-31,8874.517,thousands of people,annual,not_applicable,13,b8cc662879c9f7b0f3faf89c7871fc38,Portugal reference territory in BPstat metadata,source_published_series,not_reviewed_in_source_notes,original_or_harmonised_not_yet_confirmed,accepted_for_context_not_enabled_for_extraction,context_only_not_empirical_identification,data/raw/live/bpstat/series_12711757.csv
BPstat Data API v1,12711757,resident_population_total,population,Resident population-thousands of people-annual,1968,1968-12-31,8836.644,thousands of people,annual,not_applicable,13,b8cc662879c9f7b0f3faf89c7871fc38,Portugal reference territory in BPstat metadata,source_published_series,not_reviewed_in_source_notes,original_or_harmonised_not_yet_confirmed,accepted_for_context_not_enabled_for_extraction,context_only_not_empirical_identification,data/raw/live/bpstat/series_12711757.csv
BPstat Data API v1,12711757,resident_population_total,population,Resident population-thousands of people-annual,1969,1969-12-31,8757.7,thousands of people,annual,not_applicable,13,b8cc662879c9f7b0f3faf89c7871fc38,Portugal reference territory in BPstat metadata,source_published_series,not_reviewed_in_source_notes,original_or_harmonised_not_yet_confirmed,accepted_for_context_not_enabled_for_extraction,context_only_not_empirical_identification,data/raw/live/bpstat/series_12711757.csv
BPstat Data API v1,12711757,resident_population_total,population,Resident population-thousands of people-annual,1970,1970-12-31,8680.429,thousands of people,annual,not_applicable,13,b8cc662879c9f7b0f3faf89c7871fc38,Portugal reference territory in BPstat metadata,source_published_series,not_reviewed_in_source_notes,original_or_harmonised_not_yet_confirmed,accepted_for_context_not_enabled_for_extraction,context_only_not_empirical_identification,data/raw/live/bpstat/series_12711757.csv
BPstat Data API v1,12711757,resident_population_total,population,Resident population-thousands of people-annual,1971,1971-12-31,8643.755,thousands of people,annual,not_applicable,13,b8cc662879c9f7b0f3faf89c7871fc38,Portugal reference territory in BPstat metadata,source_published_series,not_reviewed_in_source_notes,original_or_harmonised_not_yet_confirmed,accepted_for_context_not_enabled_for_extraction,context_only_not_empirical_identification,data/raw/live/bpstat/series_12711757.csv
BPstat Data API v1,12711757,resident_population_total,population,Resident population-thousands of people-annual,1972,1972-12-31,8630.43,thousands of people,annual,not_applicable,13,b8cc662879c9f7b0f3faf89c7871fc38,Portugal reference territory in BPstat metadata,source_published_series,not_reviewed_in_source_notes,original_or_harmonised_not_yet_confirmed,accepted_for_context_not_enabled_for_extraction,context_only_not_empirical_identification,data/raw/live/bpstat/series_12711757.csv
BPstat Data API v1,12711757,resident_population_total,population,Resident population-thousands of people-annual,1973,1973-12-31,8633.1,thousands of people,annual,not_applicable,13,b8cc662879c9f7b0f3faf89c7871fc38,Portugal reference territory in BPstat metadata,source_published_series,not_reviewed_in_source_notes,original_or_harmonised_not_yet_confirmed,accepted_for_context_not_enabled_for_extraction,context_only_not_empirical_identification,data/raw/live/bpstat/series_12711757.csv
BPstat Data API v1,12711757,resident_population_total,population,Resident population-thousands of people-annual,1974,1974-12-31,8754.362,thousands of people,annual,not_applicable,13,b8cc662879c9f7b0f3faf89c7871fc38,Portugal reference territory in BPstat metadata,source_published_series,not_reviewed_in_source_notes,original_or_harmonised_not_yet_confirmed,accepted_for_context_not_enabled_for_extraction,context_only_not_empirical_identification,data/raw/live/bpstat/series_12711757.csv
BPstat Data API v1,12711757,resident_population_total,population,Resident population-thousands of people-annual,1975,1975-12-31,9093.471,thousands of people,annual,not_applicable,13,b8cc662879c9f7b0f3faf89c7871fc38,Portugal reference territory in BPstat metadata,source_published_series,not_reviewed_in_source_notes,original_or_harmonised_not_yet_confirmed,accepted_for_context_not_enabled_for_extraction,context_only_not_empirical_identification,data/raw/live/bpstat/series_12711757.csv
BPstat Data API v1,12711757,resident_population_total,population,Resident population-thousands of people-annual,1976,1976-12-31,9355.812,thousands of people,annual,not_applicable,13,b8cc662879c9f7b0f3faf89c7871fc38,Portugal reference territory in BPstat metadata,source_published_series,not_reviewed_in_source_notes,original_or_harmonised_not_yet_confirmed,accepted_for_context_not_enabled_for_extraction,context_only_not_empirical_identification,data/raw/live/bpstat/series_12711757.csv
BPstat Data API v1,12711757,resident_population_total,population,Resident population-thousands of people-annual,1977,1977-12-31,9455.672,thousands of people,annual,not_applicable,13,b8cc662879c9f7b0f3faf89c7871fc38,Portugal reference territory in BPstat metadata,source_published_series,not_reviewed_in_source_notes,original_or_harmonised_not_yet_confirmed,accepted_for_context_not_enabled_for_extraction,context_only_not_empirical_identification,data/raw/live/bpstat/series_12711757.csv
BPstat Data API v1,12711757,resident_population_total,population,Resident population-thousands of people-annual,1978,1978-12-31,9558.248,thousands of people,annual,not_applicable,13,b8cc662879c9f7b0f3faf89c7871fc38,Portugal reference territory in BPstat metadata,source_published_series,not_reviewed_in_source_notes,original_or_harmonised_not_yet_confirmed,accepted_for_context_not_enabled_for_extraction,context_only_not_empirical_identification,data/raw/live/bpstat/series_12711757.csv
BPstat Data API v1,12711757,resident_population_total,population,Resident population-thousands of people-annual,1979,1979-12-31,9661.264,thousands of people,annual,not_applicable,13,b8cc662879c9f7b0f3faf89c7871fc38,Portugal reference territory in BPstat metadata,source_published_series,not_reviewed_in_source_notes,original_or_harmonised_not_yet_confirmed,accepted_for_context_not_enabled_for_extraction,context_only_not_empirical_identification,data/raw/live/bpstat/series_12711757.csv
BPstat Data API v1,12711757,resident_population_total,population,Resident population-thousands of people-annual,1980,1980-12-31,9766.275,thousands of people,annual,not_applicable,13,b8cc662879c9f7b0f3faf89c7871fc38,Portugal reference territory in BPstat metadata,source_published_series,not_reviewed_in_source_notes,original_or_harmonised_not_yet_confirmed,accepted_for_context_not_enabled_for_extraction,context_only_not_empirical_identification,data/raw/live/bpstat/series_12711757.csv
BPstat Data API v1,12711757,resident_population_total,population,Resident population-thousands of people-annual,1981,1981-12-31,9851.325,thousands of people,annual,not_applicable,13,b8cc662879c9f7b0f3faf89c7871fc38,Portugal reference territory in BPstat metadata,source_published_series,not_reviewed_in_source_notes,original_or_harmonised_not_yet_confirmed,accepted_for_context_not_enabled_for_extraction,context_only_not_empirical_identification,data/raw/live/bpstat/series_12711757.csv
BPstat Data API v1,12711757,resident_population_total,population,Resident population-thousands of people-annual,1982,1982-12-31,9911.77,thousands of people,annual,not_applicable,13,b8cc662879c9f7b0f3faf89c7871fc38,Portugal reference territory in BPstat metadata,source_published_series,not_reviewed_in_source_notes,original_or_harmonised_not_yet_confirmed,accepted_for_context_not_enabled_for_extraction,context_only_not_empirical_identification,data/raw/live/bpstat/series_12711757.csv
BPstat Data API v1,12711757,resident_population_total,population,Resident population-thousands of people-annual,1983,1983-12-31,9957.865,thousands of people,annual,not_applicable,13,b8cc662879c9f7b0f3faf89c7871fc38,Portugal reference territory in BPstat metadata,source_published_series,not_reviewed_in_source_notes,original_or_harmonised_not_yet_confirmed,accepted_for_context_not_enabled_for_extraction,context_only_not_empirical_identification,data/raw/live/bpstat/series_12711757.csv
BPstat Data API v1,12711757,resident_population_total,population,Resident population-thousands of people-annual,1984,1984-12-31,9996.232,thousands of people,annual,not_applicable,13,b8cc662879c9f7b0f3faf89c7871fc38,Portugal reference territory in BPstat metadata,source_published_series,not_reviewed_in_source_notes,original_or_harmonised_not_yet_confirmed,accepted_for_context_not_enabled_for_extraction,context_only_not_empirical_identification,data/raw/live/bpstat/series_12711757.csv
BPstat Data API v1,12711757,resident_population_total,population,Resident population-thousands of people-annual,1985,1985-12-31,10023.613,thousands of people,annual,not_applicable,13,b8cc662879c9f7b0f3faf89c7871fc38,Portugal reference territory in BPstat metadata,source_published_series,not_reviewed_in_source_notes,original_or_harmonised_not_yet_confirmed,accepted_for_context_not_enabled_for_extraction,context_only_not_empirical_identification,data/raw/live/bpstat/series_12711757.csv
BPstat Data API v1,12711757,resident_population_total,population,Resident population-thousands of people-annual,1986,1986-12-31,10032.734,thousands of people,annual,not_applicable,13,b8cc662879c9f7b0f3faf89c7871fc38,Portugal reference territory in BPstat metadata,source_published_series,not_reviewed_in_source_notes,original_or_harmonised_not_yet_confirmed,accepted_for_context_not_enabled_for_extraction,context_only_not_empirical_identification,data/raw/live/bpstat/series_12711757.csv
BPstat Data API v1,12711757,resident_population_total,population,Resident population-thousands of people-annual,1987,1987-12-31,10030.03,thousands of people,annual,not_applicable,13,b8cc662879c9f7b0f3faf89c7871fc38,Portugal reference territory in BPstat metadata,source_published_series,not_reviewed_in_source_notes,original_or_harmonised_not_yet_confirmed,accepted_for_context_not_enabled_for_extraction,context_only_not_empirical_identification,data/raw/live/bpstat/series_12711757.csv
BPstat Data API v1,12711757,resident_population_total,population,Resident population-thousands of people-annual,1988,1988-12-31,10019.61,thousands of people,annual,not_applicable,13,b8cc662879c9f7b0f3faf89c7871fc38,Portugal reference territory in BPstat metadata,source_published_series,not_reviewed_in_source_notes,original_or_harmonised_not_yet_confirmed,accepted_for_context_not_enabled_for_extraction,context_only_not_empirical_identification,data/raw/live/bpstat/series_12711757.csv
BPstat Data API v1,12711757,resident_population_total,population,Resident population-thousands of people-annual,1989,1989-12-31,10005.0,thousands of people,annual,not_applicable,13,b8cc662879c9f7b0f3faf89c7871fc38,Portugal reference territory in BPstat metadata,source_published_series,not_reviewed_in_source_notes,original_or_harmonised_not_yet_confirmed,accepted_for_context_not_enabled_for_extraction,context_only_not_empirical_identification,data/raw/live/bpstat/series_12711757.csv
BPstat Data API v1,12711757,resident_population_total,population,Resident population-thousands of people-annual,1990,1990-12-31,9983.218,thousands of people,annual,not_applicable,13,b8cc662879c9f7b0f3faf89c7871fc38,Portugal reference territory in BPstat metadata,source_published_series,not_reviewed_in_source_notes,original_or_harmonised_not_yet_confirmed,accepted_for_context_not_enabled_for_extraction,context_only_not_empirical_identification,data/raw/live/bpstat/series_12711757.csv
BPstat Data API v1,12711757,resident_population_total,population,Resident population-thousands of people-annual,1991,1991-12-31,9960.235,thousands of people,annual,not_applicable,13,b8cc662879c9f7b0f3faf89c7871fc38,Portugal reference territory in BPstat metadata,source_published_series,not_reviewed_in_source_notes,original_or_harmonised_not_yet_confirmed,accepted_for_context_not_enabled_for_extraction,context_only_not_empirical_identification,data/raw/live/bpstat/series_12711757.csv
BPstat Data API v1,12711757,resident_population_total,population,Resident population-thousands of people-annual,1992,1992-12-31,9952.494,thousands of people,annual,not_applicable,13,b8cc662879c9f7b0f3faf89c7871fc38,Portugal reference territory in BPstat metadata,source_published_series,not_reviewed_in_source_notes,original_or_harmonised_not_yet_confirmed,accepted_for_context_not_enabled_for_extraction,context_only_not_empirical_identification,data/raw/live/bpstat/series_12711757.csv
BPstat Data API v1,12711757,resident_population_total,population,Resident population-thousands of people-annual,1993,1993-12-31,9964.674,thousands of people,annual,not_applicable,13,b8cc662879c9f7b0f3faf89c7871fc38,Portugal reference territory in BPstat metadata,source_published_series,not_reviewed_in_source_notes,original_or_harmonised_not_yet_confirmed,accepted_for_context_not_enabled_for_extraction,context_only_not_empirical_identification,data/raw/live/bpstat/series_12711757.csv
BPstat Data API v1,12711757,resident_population_total,population,Resident population-thousands of people-annual,1994,1994-12-31,9991.525,thousands of people,annual,not_applicable,13,b8cc662879c9f7b0f3faf89c7871fc38,Portugal reference territory in BPstat metadata,source_published_series,not_reviewed_in_source_notes,original_or_harmonised_not_yet_confirmed,accepted_for_context_not_enabled_for_extraction,context_only_not_empirical_identification,data/raw/live/bpstat/series_12711757.csv
BPstat Data API v1,12711757,resident_population_total,population,Resident population-thousands of people-annual,1995,1995-12-31,10026.176,thousands of people,annual,not_applicable,13,b8cc662879c9f7b0f3faf89c7871fc38,Portugal reference territory in BPstat metadata,source_published_series,not_reviewed_in_source_notes,original_or_harmonised_not_yet_confirmed,accepted_for_context_not_enabled_for_extraction,context_only_not_empirical_identification,data/raw/live/bpstat/series_12711757.csv
BPstat Data API v1,12711757,resident_population_total,population,Resident population-thousands of people-annual,1996,1996-12-31,10063.944,thousands of people,annual,not_applicable,13,b8cc662879c9f7b0f3faf89c7871fc38,Portugal reference territory in BPstat metadata,source_published_series,not_reviewed_in_source_notes,original_or_harmonised_not_yet_confirmed,accepted_for_context_not_enabled_for_extraction,context_only_not_empirical_identification,data/raw/live/bpstat/series_12711757.csv
BPstat Data API v1,12711757,resident_population_total,population,Resident population-thousands of people-annual,1997,1997-12-31,10108.977,thousands of people,annual,not_applicable,13,b8cc662879c9f7b0f3faf89c7871fc38,Portugal reference territory in BPstat metadata,source_published_series,not_reviewed_in_source_notes,original_or_harmonised_not_yet_confirmed,accepted_for_context_not_enabled_for_extraction,context_only_not_empirical_identification,data/raw/live/bpstat/series_12711757.csv
BPstat Data API v1,12711757,resident_population_total,population,Resident population-thousands of people-annual,1998,1998-12-31,10160.196,thousands of people,annual,not_applicable,13,b8cc662879c9f7b0f3faf89c7871fc38,Portugal reference territory in BPstat metadata,source_published_series,not_reviewed_in_source_notes,original_or_harmonised_not_yet_confirmed,accepted_for_context_not_enabled_for_extraction,context_only_not_empirical_identification,data/raw/live/bpstat/series_12711757.csv
BPstat Data API v1,12711757,resident_population_total,population,Resident population-thousands of people-annual,1999,1999-12-31,10217.828,thousands of people,annual,not_applicable,13,b8cc662879c9f7b0f3faf89c7871fc38,Portugal reference territory in BPstat metadata,source_published_series,not_reviewed_in_source_notes,original_or_harmonised_not_yet_confirmed,accepted_for_context_not_enabled_for_extraction,context_only_not_empirical_identification,data/raw/live/bpstat/series_12711757.csv
BPstat Data API v1,12711757,resident_population_total,population,Resident population-thousands of people-annual,2000,2000-12-31,10289.898,thousands of people,annual,not_applicable,13,b8cc662879c9f7b0f3faf89c7871fc38,Portugal reference territory in BPstat metadata,source_published_series,not_reviewed_in_source_notes,original_or_harmonised_not_yet_confirmed,accepted_for_context_not_enabled_for_extraction,context_only_not_empirical_identification,data/raw/live/bpstat/series_12711757.csv
BPstat Data API v1,12711757,resident_population_total,population,Resident population-thousands of people-annual,2001,2001-12-31,10362.722,thousands of people,annual,not_applicable,13,b8cc662879c9f7b0f3faf89c7871fc38,Portugal reference territory in BPstat metadata,source_published_series,not_reviewed_in_source_notes,original_or_harmonised_not_yet_confirmed,accepted_for_context_not_enabled_for_extraction,context_only_not_empirical_identification,data/raw/live/bpstat/series_12711757.csv
BPstat Data API v1,12711757,resident_population_total,population,Resident population-thousands of people-annual,2002,2002-12-31,10419.63,thousands of people,annual,not_applicable,13,b8cc662879c9f7b0f3faf89c7871fc38,Portugal reference territory in BPstat metadata,source_published_series,not_reviewed_in_source_notes,original_or_harmonised_not_yet_confirmed,accepted_for_context_not_enabled_for_extraction,context_only_not_empirical_identification,data/raw/live/bpstat/series_12711757.csv
BPstat Data API v1,12711757,resident_population_total,population,Resident population-thousands of people-annual,2003,2003-12-31,10458.821,thousands of people,annual,not_applicable,13,b8cc662879c9f7b0f3faf89c7871fc38,Portugal reference territory in BPstat metadata,source_published_series,not_reviewed_in_source_notes,original_or_harmonised_not_yet_confirmed,accepted_for_context_not_enabled_for_extraction,context_only_not_empirical_identification,data/raw/live/bpstat/series_12711757.csv
BPstat Data API v1,12711757,resident_population_total,population,Resident population-thousands of people-annual,2004,2004-12-31,10483.861,thousands of people,annual,not_applicable,13,b8cc662879c9f7b0f3faf89c7871fc38,Portugal reference territory in BPstat metadata,source_published_series,not_reviewed_in_source_notes,original_or_harmonised_not_yet_confirmed,accepted_for_context_not_enabled_for_extraction,context_only_not_empirical_identification,data/raw/live/bpstat/series_12711757.csv
BPstat Data API v1,12711757,resident_population_total,population,Resident population-thousands of people-annual,2005,2005-12-31,10503.33,thousands of people,annual,not_applicable,13,b8cc662879c9f7b0f3faf89c7871fc38,Portugal reference territory in BPstat metadata,source_published_series,not_reviewed_in_source_notes,original_or_harmonised_not_yet_confirmed,accepted_for_context_not_enabled_for_extraction,context_only_not_empirical_identification,data/raw/live/bpstat/series_12711757.csv
BPstat Data API v1,12711757,resident_population_total,population,Resident population-thousands of people-annual,2006,2006-12-31,10522.288,thousands of people,annual,not_applicable,13,b8cc662879c9f7b0f3faf89c7871fc38,Portugal reference territory in BPstat metadata,source_published_series,not_reviewed_in_source_notes,original_or_harmonised_not_yet_confirmed,accepted_for_context_not_enabled_for_extraction,context_only_not_empirical_identification,data/raw/live/bpstat/series_12711757.csv
BPstat Data API v1,12711757,resident_population_total,population,Resident population-thousands of people-annual,2007,2007-12-31,10542.964,thousands of people,annual,not_applicable,13,b8cc662879c9f7b0f3faf89c7871fc38,Portugal reference territory in BPstat metadata,source_published_series,not_reviewed_in_source_notes,original_or_harmonised_not_yet_confirmed,accepted_for_context_not_enabled_for_extraction,context_only_not_empirical_identification,data/raw/live/bpstat/series_12711757.csv
BPstat Data API v1,12711757,resident_population_total,population,Resident population-thousands of people-annual,2008,2008-12-31,10558.176,thousands of people,annual,not_applicable,13,b8cc662879c9f7b0f3faf89c7871fc38,Portugal reference territory in BPstat metadata,source_published_series,not_reviewed_in_source_notes,original_or_harmonised_not_yet_confirmed,accepted_for_context_not_enabled_for_extraction,context_only_not_empirical_identification,data/raw/live/bpstat/series_12711757.csv
BPstat Data API v1,12711757,resident_population_total,population,Resident population-thousands of people-annual,2009,2009-12-31,10568.246,thousands of people,annual,not_applicable,13,b8cc662879c9f7b0f3faf89c7871fc38,Portugal reference territory in BPstat metadata,source_published_series,not_reviewed_in_source_notes,original_or_harmonised_not_yet_confirmed,accepted_for_context_not_enabled_for_extraction,context_only_not_empirical_identification,data/raw/live/bpstat/series_12711757.csv
BPstat Data API v1,12711757,resident_population_total,population,Resident population-thousands of people-annual,2010,2010-12-31,10573.1,thousands of people,annual,not_applicable,13,b8cc662879c9f7b0f3faf89c7871fc38,Portugal reference territory in BPstat metadata,source_published_series,not_reviewed_in_source_notes,original_or_harmonised_not_yet_confirmed,accepted_for_context_not_enabled_for_extraction,context_only_not_empirical_identification,data/raw/live/bpstat/series_12711757.csv
BPstat Data API v1,12711757,resident_population_total,population,Resident population-thousands of people-annual,2011,2011-12-31,10574.536,thousands of people,annual,not_applicable,13,b8cc662879c9f7b0f3faf89c7871fc38,Portugal reference territory in BPstat metadata,source_published_series,not_reviewed_in_source_notes,original_or_harmonised_not_yet_confirmed,accepted_for_context_not_enabled_for_extraction,context_only_not_empirical_identification,data/raw/live/bpstat/series_12711757.csv
BPstat Data API v1,12711757,resident_population_total,population,Resident population-thousands of people-annual,2012,2012-12-31,10531.42,thousands of people,annual,not_applicable,13,b8cc662879c9f7b0f3faf89c7871fc38,Portugal reference territory in BPstat metadata,source_published_series,not_reviewed_in_source_notes,original_or_harmonised_not_yet_confirmed,accepted_for_context_not_enabled_for_extraction,context_only_not_empirical_identification,data/raw/live/bpstat/series_12711757.csv
BPstat Data API v1,12711757,resident_population_total,population,Resident population-thousands of people-annual,2013,2013-12-31,10473.99,thousands of people,annual,not_applicable,13,b8cc662879c9f7b0f3faf89c7871fc38,Portugal reference territory in BPstat metadata,source_published_series,not_reviewed_in_source_notes,original_or_harmonised_not_yet_confirmed,accepted_for_context_not_enabled_for_extraction,context_only_not_empirical_identification,data/raw/live/bpstat/series_12711757.csv
BPstat Data API v1,12711757,resident_population_total,population,Resident population-thousands of people-annual,2014,2014-12-31,10419.606,thousands of people,annual,not_applicable,13,b8cc662879c9f7b0f3faf89c7871fc38,Portugal reference territory in BPstat metadata,source_published_series,not_reviewed_in_source_notes,original_or_harmonised_not_yet_confirmed,accepted_for_context_not_enabled_for_extraction,context_only_not_empirical_identification,data/raw/live/bpstat/series_12711757.csv
BPstat Data API v1,12711757,resident_population_total,population,Resident population-thousands of people-annual,2015,2015-12-31,10381.838,thousands of people,annual,not_applicable,13,b8cc662879c9f7b0f3faf89c7871fc38,Portugal reference territory in BPstat metadata,source_published_series,not_reviewed_in_source_notes,original_or_harmonised_not_yet_confirmed,accepted_for_context_not_enabled_for_extraction,context_only_not_empirical_identification,data/raw/live/bpstat/series_12711757.csv
BPstat Data API v1,12711757,resident_population_total,population,Resident population-thousands of people-annual,2016,2016-12-31,10356.516,thousands of people,annual,not_applicable,13,b8cc662879c9f7b0f3faf89c7871fc38,Portugal reference territory in BPstat metadata,source_published_series,not_reviewed_in_source_notes,original_or_harmonised_not_yet_confirmed,accepted_for_context_not_enabled_for_extraction,context_only_not_empirical_identification,data/raw/live/bpstat/series_12711757.csv
BPstat Data API v1,12711757,resident_population_total,population,Resident population-thousands of people-annual,2017,2017-12-31,10340.124,thousands of people,annual,not_applicable,13,b8cc662879c9f7b0f3faf89c7871fc38,Portugal reference territory in BPstat metadata,source_published_series,not_reviewed_in_source_notes,original_or_harmonised_not_yet_confirmed,accepted_for_context_not_enabled_for_extraction,context_only_not_empirical_identification,data/raw/live/bpstat/series_12711757.csv
BPstat Data API v1,12711757,resident_population_total,population,Resident population-thousands of people-annual,2018,2018-12-31,10334.633,thousands of people,annual,not_applicable,13,b8cc662879c9f7b0f3faf89c7871fc38,Portugal reference territory in BPstat metadata,source_published_series,not_reviewed_in_source_notes,original_or_harmonised_not_yet_confirmed,accepted_for_context_not_enabled_for_extraction,context_only_not_empirical_identification,data/raw/live/bpstat/series_12711757.csv
BPstat Data API v1,12711757,resident_population_total,population,Resident population-thousands of people-annual,2019,2019-12-31,10354.446,thousands of people,annual,not_applicable,13,b8cc662879c9f7b0f3faf89c7871fc38,Portugal reference territory in BPstat metadata,source_published_series,not_reviewed_in_source_notes,original_or_harmonised_not_yet_confirmed,accepted_for_context_not_enabled_for_extraction,context_only_not_empirical_identification,data/raw/live/bpstat/series_12711757.csv
BPstat Data API v1,12711757,resident_population_total,population,Resident population-thousands of people-annual,2020,2020-12-31,10384.846,thousands of people,annual,not_applicable,13,b8cc662879c9f7b0f3faf89c7871fc38,Portugal reference territory in BPstat metadata,source_published_series,not_reviewed_in_source_notes,original_or_harmonised_not_yet_confirmed,accepted_for_context_not_enabled_for_extraction,context_only_not_empirical_identification,data/raw/live/bpstat/series_12711757.csv
BPstat Data API v1,12711757,resident_population_total,population,Resident population-thousands of people-annual,2021,2021-12-31,10407.707,thousands of people,annual,not_applicable,13,b8cc662879c9f7b0f3faf89c7871fc38,Portugal reference territory in BPstat metadata,source_published_series,not_reviewed_in_source_notes,original_or_harmonised_not_yet_confirmed,accepted_for_context_not_enabled_for_extraction,context_only_not_empirical_identification,data/raw/live/bpstat/series_12711757.csv
BPstat Data API v1,12711757,resident_population_total,population,Resident population-thousands of people-annual,2022,2022-12-31,10468.869,thousands of people,annual,not_applicable,13,b8cc662879c9f7b0f3faf89c7871fc38,Portugal reference territory in BPstat metadata,source_published_series,not_reviewed_in_source_notes,original_or_harmonised_not_yet_confirmed,accepted_for_context_not_enabled_for_extraction,context_only_not_empirical_identification,data/raw/live/bpstat/series_12711757.csv
BPstat Data API v1,12711757,resident_population_total,population,Resident population-thousands of people-annual,2023,2023-12-31,10578.174,thousands of people,annual,not_applicable,13,b8cc662879c9f7b0f3faf89c7871fc38,Portugal reference territory in BPstat metadata,source_published_series,not_reviewed_in_source_notes,original_or_harmonised_not_yet_confirmed,accepted_for_context_not_enabled_for_extraction,context_only_not_empirical_identification,data/raw/live/bpstat/series_12711757.csv
BPstat Data API v1,12711757,resident_population_total,population,Resident population-thousands of people-annual,2024,2024-12-31,10694.68,thousands of people,annual,not_applicable,13,b8cc662879c9f7b0f3faf89c7871fc38,Portugal reference territory in BPstat metadata,source_published_series,not_reviewed_in_source_notes,original_or_harmonised_not_yet_confirmed,accepted_for_context_not_enabled_for_extraction,context_only_not_empirical_identification,data/raw/live/bpstat/series_12711757.csv
BPstat Data API v1,12711757,resident_population_total,population,Resident population-thousands of people-annual,2025,2025-12-31,10804.265,thousands of people,annual,not_applicable,13,b8cc662879c9f7b0f3faf89c7871fc38,Portugal reference territory in BPstat metadata,source_published_series,not_reviewed_in_source_notes,original_or_harmonised_not_yet_confirmed,accepted_for_context_not_enabled_for_extraction,context_only_not_empirical_identification,data/raw/live/bpstat/series_12711757.csv
