year,flow_code,classification_code,reporter_code,partner_code,partner_desc,commodity_code_source,trade_value_usd,is_reported,is_original_classification,legacy_estimation_flag,is_world_record,raw_records,snapshot_partner_codes,request_partner_codes_sha256,partner_area_registry_sha256,comtrade_config_sha256,snapshot_status,entity_id,historical_trade_area,mapping_status,mapping_source,duplicate_key
1962,M,S1,620,0.0,,TOTAL,585345024.0,True,True,0,True,19,"0,24,40,58,132,208,246,251,280,352,372,380,446,508,528,579,624,626,678,752,757,826",3e19e2fd1467e3d2c9f3cd8894aa60ce9fa3f88335ad2ad1f594a389b63c9be0,9c87944f318ed502502d41ffb5a535f40a311d791ce77d340fca6e73263a49b1,6d18ab294940328d994a5a2c139336f49ae43a2f873b94d4f46fe2b628d95d3b,current_against_configuration,world,World,comtrade_total,un_comtrade_partner_areas_reference,False
1962,M,S1,620,24.0,,TOTAL,29961372.0,True,True,0,False,19,"0,24,40,58,132,208,246,251,280,352,372,380,446,508,528,579,624,626,678,752,757,826",3e19e2fd1467e3d2c9f3cd8894aa60ce9fa3f88335ad2ad1f594a389b63c9be0,9c87944f318ed502502d41ffb5a535f40a311d791ce77d340fca6e73263a49b1,6d18ab294940328d994a5a2c139336f49ae43a2f873b94d4f46fe2b628d95d3b,current_against_configuration,angola,Angola,direct_area_match,un_comtrade_partner_areas_reference,False
1962,M,S1,620,40.0,,TOTAL,4175744.0,True,True,0,False,19,"0,24,40,58,132,208,246,251,280,352,372,380,446,508,528,579,624,626,678,752,757,826",3e19e2fd1467e3d2c9f3cd8894aa60ce9fa3f88335ad2ad1f594a389b63c9be0,9c87944f318ed502502d41ffb5a535f40a311d791ce77d340fca6e73263a49b1,6d18ab294940328d994a5a2c139336f49ae43a2f873b94d4f46fe2b628d95d3b,current_against_configuration,austria,Austria,direct_area_match,un_comtrade_partner_areas_reference,False
1962,M,S1,620,58.0,,TOTAL,23198760.0,True,True,0,False,19,"0,24,40,58,132,208,246,251,280,352,372,380,446,508,528,579,624,626,678,752,757,826",3e19e2fd1467e3d2c9f3cd8894aa60ce9fa3f88335ad2ad1f594a389b63c9be0,9c87944f318ed502502d41ffb5a535f40a311d791ce77d340fca6e73263a49b1,6d18ab294940328d994a5a2c139336f49ae43a2f873b94d4f46fe2b628d95d3b,current_against_configuration,belgium_luxembourg,Belgium-Luxembourg (...1998),historical_trade_area_match,un_comtrade_partner_areas_reference,False
1962,M,S1,620,208.0,,TOTAL,3245705.0,True,True,0,False,19,"0,24,40,58,132,208,246,251,280,352,372,380,446,508,528,579,624,626,678,752,757,826",3e19e2fd1467e3d2c9f3cd8894aa60ce9fa3f88335ad2ad1f594a389b63c9be0,9c87944f318ed502502d41ffb5a535f40a311d791ce77d340fca6e73263a49b1,6d18ab294940328d994a5a2c139336f49ae43a2f873b94d4f46fe2b628d95d3b,current_against_configuration,denmark,Denmark,direct_area_match,un_comtrade_partner_areas_reference,False
1962,M,S1,620,246.0,,TOTAL,845049.0,True,True,0,False,19,"0,24,40,58,132,208,246,251,280,352,372,380,446,508,528,579,624,626,678,752,757,826",3e19e2fd1467e3d2c9f3cd8894aa60ce9fa3f88335ad2ad1f594a389b63c9be0,9c87944f318ed502502d41ffb5a535f40a311d791ce77d340fca6e73263a49b1,6d18ab294940328d994a5a2c139336f49ae43a2f873b94d4f46fe2b628d95d3b,current_against_configuration,finland,Finland,direct_area_match,un_comtrade_partner_areas_reference,False
1962,M,S1,620,251.0,,TOTAL,55092876.0,True,True,0,False,19,"0,24,40,58,132,208,246,251,280,352,372,380,446,508,528,579,624,626,678,752,757,826",3e19e2fd1467e3d2c9f3cd8894aa60ce9fa3f88335ad2ad1f594a389b63c9be0,9c87944f318ed502502d41ffb5a535f40a311d791ce77d340fca6e73263a49b1,6d18ab294940328d994a5a2c139336f49ae43a2f873b94d4f46fe2b628d95d3b,current_against_configuration,france,France customs area,customs_area_match,un_comtrade_customs_area_help,False
1962,M,S1,620,280.0,,TOTAL,93359128.0,True,True,0,False,19,"0,24,40,58,132,208,246,251,280,352,372,380,446,508,528,579,624,626,678,752,757,826",3e19e2fd1467e3d2c9f3cd8894aa60ce9fa3f88335ad2ad1f594a389b63c9be0,9c87944f318ed502502d41ffb5a535f40a311d791ce77d340fca6e73263a49b1,6d18ab294940328d994a5a2c139336f49ae43a2f873b94d4f46fe2b628d95d3b,current_against_configuration,west_germany,Former Federal Republic of Germany,historical_trade_area_match,un_comtrade_partner_areas_reference,False
1962,M,S1,620,352.0,,TOTAL,1269542.0,True,True,0,False,19,"0,24,40,58,132,208,246,251,280,352,372,380,446,508,528,579,624,626,678,752,757,826",3e19e2fd1467e3d2c9f3cd8894aa60ce9fa3f88335ad2ad1f594a389b63c9be0,9c87944f318ed502502d41ffb5a535f40a311d791ce77d340fca6e73263a49b1,6d18ab294940328d994a5a2c139336f49ae43a2f873b94d4f46fe2b628d95d3b,current_against_configuration,iceland,Iceland,direct_area_match,un_comtrade_partner_areas_reference,False
1962,M,S1,620,372.0,,TOTAL,235227.0,True,True,0,False,19,"0,24,40,58,132,208,246,251,280,352,372,380,446,508,528,579,624,626,678,752,757,826",3e19e2fd1467e3d2c9f3cd8894aa60ce9fa3f88335ad2ad1f594a389b63c9be0,9c87944f318ed502502d41ffb5a535f40a311d791ce77d340fca6e73263a49b1,6d18ab294940328d994a5a2c139336f49ae43a2f873b94d4f46fe2b628d95d3b,current_against_configuration,ireland,Ireland,direct_area_match,un_comtrade_partner_areas_reference,False
1962,M,S1,620,380.0,,TOTAL,23968652.0,True,True,0,False,19,"0,24,40,58,132,208,246,251,280,352,372,380,446,508,528,579,624,626,678,752,757,826",3e19e2fd1467e3d2c9f3cd8894aa60ce9fa3f88335ad2ad1f594a389b63c9be0,9c87944f318ed502502d41ffb5a535f40a311d791ce77d340fca6e73263a49b1,6d18ab294940328d994a5a2c139336f49ae43a2f873b94d4f46fe2b628d95d3b,current_against_configuration,italy,Italy,direct_area_match,un_comtrade_customs_area_help,False
1962,M,S1,620,508.0,,TOTAL,33201376.0,True,True,0,False,19,"0,24,40,58,132,208,246,251,280,352,372,380,446,508,528,579,624,626,678,752,757,826",3e19e2fd1467e3d2c9f3cd8894aa60ce9fa3f88335ad2ad1f594a389b63c9be0,9c87944f318ed502502d41ffb5a535f40a311d791ce77d340fca6e73263a49b1,6d18ab294940328d994a5a2c139336f49ae43a2f873b94d4f46fe2b628d95d3b,current_against_configuration,mozambique,Mozambique,direct_area_match,un_comtrade_partner_areas_reference,False
1962,M,S1,620,528.0,,TOTAL,16881392.0,True,True,0,False,19,"0,24,40,58,132,208,246,251,280,352,372,380,446,508,528,579,624,626,678,752,757,826",3e19e2fd1467e3d2c9f3cd8894aa60ce9fa3f88335ad2ad1f594a389b63c9be0,9c87944f318ed502502d41ffb5a535f40a311d791ce77d340fca6e73263a49b1,6d18ab294940328d994a5a2c139336f49ae43a2f873b94d4f46fe2b628d95d3b,current_against_configuration,netherlands,Netherlands,direct_area_match,un_comtrade_partner_areas_reference,False
1962,M,S1,620,579.0,,TOTAL,4328603.0,True,True,0,False,19,"0,24,40,58,132,208,246,251,280,352,372,380,446,508,528,579,624,626,678,752,757,826",3e19e2fd1467e3d2c9f3cd8894aa60ce9fa3f88335ad2ad1f594a389b63c9be0,9c87944f318ed502502d41ffb5a535f40a311d791ce77d340fca6e73263a49b1,6d18ab294940328d994a5a2c139336f49ae43a2f873b94d4f46fe2b628d95d3b,current_against_configuration,norway,"Norway, Svalbard and Jan Mayen",customs_area_match,un_comtrade_customs_area_help,False
1962,M,S1,620,624.0,,TOTAL,10205572.0,True,True,0,False,19,"0,24,40,58,132,208,246,251,280,352,372,380,446,508,528,579,624,626,678,752,757,826",3e19e2fd1467e3d2c9f3cd8894aa60ce9fa3f88335ad2ad1f594a389b63c9be0,9c87944f318ed502502d41ffb5a535f40a311d791ce77d340fca6e73263a49b1,6d18ab294940328d994a5a2c139336f49ae43a2f873b94d4f46fe2b628d95d3b,current_against_configuration,guinea_bissau,Guinea-Bissau,direct_area_match,un_comtrade_partner_areas_reference,False
1962,M,S1,620,626.0,,TOTAL,423914.0,True,True,0,False,19,"0,24,40,58,132,208,246,251,280,352,372,380,446,508,528,579,624,626,678,752,757,826",3e19e2fd1467e3d2c9f3cd8894aa60ce9fa3f88335ad2ad1f594a389b63c9be0,9c87944f318ed502502d41ffb5a535f40a311d791ce77d340fca6e73263a49b1,6d18ab294940328d994a5a2c139336f49ae43a2f873b94d4f46fe2b628d95d3b,current_against_configuration,timor_leste,Timor-Leste,direct_area_match,un_comtrade_partner_areas_reference,False
1962,M,S1,620,752.0,,TOTAL,16641795.0,True,True,0,False,19,"0,24,40,58,132,208,246,251,280,352,372,380,446,508,528,579,624,626,678,752,757,826",3e19e2fd1467e3d2c9f3cd8894aa60ce9fa3f88335ad2ad1f594a389b63c9be0,9c87944f318ed502502d41ffb5a535f40a311d791ce77d340fca6e73263a49b1,6d18ab294940328d994a5a2c139336f49ae43a2f873b94d4f46fe2b628d95d3b,current_against_configuration,sweden,Sweden,direct_area_match,un_comtrade_partner_areas_reference,False
1962,M,S1,620,757.0,,TOTAL,20779846.0,True,True,0,False,19,"0,24,40,58,132,208,246,251,280,352,372,380,446,508,528,579,624,626,678,752,757,826",3e19e2fd1467e3d2c9f3cd8894aa60ce9fa3f88335ad2ad1f594a389b63c9be0,9c87944f318ed502502d41ffb5a535f40a311d791ce77d340fca6e73263a49b1,6d18ab294940328d994a5a2c139336f49ae43a2f873b94d4f46fe2b628d95d3b,current_against_configuration,switzerland_liechtenstein,Switzerland and Liechtenstein,customs_area_match,un_comtrade_customs_area_help,False
1962,M,S1,620,826.0,,TOTAL,86947544.0,True,True,0,False,19,"0,24,40,58,132,208,246,251,280,352,372,380,446,508,528,579,624,626,678,752,757,826",3e19e2fd1467e3d2c9f3cd8894aa60ce9fa3f88335ad2ad1f594a389b63c9be0,9c87944f318ed502502d41ffb5a535f40a311d791ce77d340fca6e73263a49b1,6d18ab294940328d994a5a2c139336f49ae43a2f873b94d4f46fe2b628d95d3b,current_against_configuration,united_kingdom,United Kingdom,direct_area_match,un_comtrade_partner_areas_reference,False
1962,M,S2,620,,,TOTAL,,,,,False,0,"0,24,40,58,132,208,246,251,280,352,372,380,446,508,528,579,624,626,678,752,757,826",3e19e2fd1467e3d2c9f3cd8894aa60ce9fa3f88335ad2ad1f594a389b63c9be0,9c87944f318ed502502d41ffb5a535f40a311d791ce77d340fca6e73263a49b1,6d18ab294940328d994a5a2c139336f49ae43a2f873b94d4f46fe2b628d95d3b,current_against_configuration,,,,,False
1962,X,S1,620,0.0,,TOTAL,369792288.0,True,True,0,True,19,"0,24,40,58,132,208,246,251,280,352,372,380,446,508,528,579,624,626,678,752,757,826",3e19e2fd1467e3d2c9f3cd8894aa60ce9fa3f88335ad2ad1f594a389b63c9be0,9c87944f318ed502502d41ffb5a535f40a311d791ce77d340fca6e73263a49b1,6d18ab294940328d994a5a2c139336f49ae43a2f873b94d4f46fe2b628d95d3b,current_against_configuration,world,World,comtrade_total,un_comtrade_partner_areas_reference,False
1962,X,S1,620,24.0,,TOTAL,44732692.0,True,True,0,False,19,"0,24,40,58,132,208,246,251,280,352,372,380,446,508,528,579,624,626,678,752,757,826",3e19e2fd1467e3d2c9f3cd8894aa60ce9fa3f88335ad2ad1f594a389b63c9be0,9c87944f318ed502502d41ffb5a535f40a311d791ce77d340fca6e73263a49b1,6d18ab294940328d994a5a2c139336f49ae43a2f873b94d4f46fe2b628d95d3b,current_against_configuration,angola,Angola,direct_area_match,un_comtrade_partner_areas_reference,False
1962,X,S1,620,40.0,,TOTAL,2924842.0,True,True,0,False,19,"0,24,40,58,132,208,246,251,280,352,372,380,446,508,528,579,624,626,678,752,757,826",3e19e2fd1467e3d2c9f3cd8894aa60ce9fa3f88335ad2ad1f594a389b63c9be0,9c87944f318ed502502d41ffb5a535f40a311d791ce77d340fca6e73263a49b1,6d18ab294940328d994a5a2c139336f49ae43a2f873b94d4f46fe2b628d95d3b,current_against_configuration,austria,Austria,direct_area_match,un_comtrade_partner_areas_reference,False
1962,X,S1,620,58.0,,TOTAL,10564994.0,True,True,0,False,19,"0,24,40,58,132,208,246,251,280,352,372,380,446,508,528,579,624,626,678,752,757,826",3e19e2fd1467e3d2c9f3cd8894aa60ce9fa3f88335ad2ad1f594a389b63c9be0,9c87944f318ed502502d41ffb5a535f40a311d791ce77d340fca6e73263a49b1,6d18ab294940328d994a5a2c139336f49ae43a2f873b94d4f46fe2b628d95d3b,current_against_configuration,belgium_luxembourg,Belgium-Luxembourg (...1998),historical_trade_area_match,un_comtrade_partner_areas_reference,False
1962,X,S1,620,208.0,,TOTAL,7849598.0,True,True,0,False,19,"0,24,40,58,132,208,246,251,280,352,372,380,446,508,528,579,624,626,678,752,757,826",3e19e2fd1467e3d2c9f3cd8894aa60ce9fa3f88335ad2ad1f594a389b63c9be0,9c87944f318ed502502d41ffb5a535f40a311d791ce77d340fca6e73263a49b1,6d18ab294940328d994a5a2c139336f49ae43a2f873b94d4f46fe2b628d95d3b,current_against_configuration,denmark,Denmark,direct_area_match,un_comtrade_partner_areas_reference,False
1962,X,S1,620,246.0,,TOTAL,1925445.0,True,True,0,False,19,"0,24,40,58,132,208,246,251,280,352,372,380,446,508,528,579,624,626,678,752,757,826",3e19e2fd1467e3d2c9f3cd8894aa60ce9fa3f88335ad2ad1f594a389b63c9be0,9c87944f318ed502502d41ffb5a535f40a311d791ce77d340fca6e73263a49b1,6d18ab294940328d994a5a2c139336f49ae43a2f873b94d4f46fe2b628d95d3b,current_against_configuration,finland,Finland,direct_area_match,un_comtrade_partner_areas_reference,False
1962,X,S1,620,251.0,,TOTAL,17610696.0,True,True,0,False,19,"0,24,40,58,132,208,246,251,280,352,372,380,446,508,528,579,624,626,678,752,757,826",3e19e2fd1467e3d2c9f3cd8894aa60ce9fa3f88335ad2ad1f594a389b63c9be0,9c87944f318ed502502d41ffb5a535f40a311d791ce77d340fca6e73263a49b1,6d18ab294940328d994a5a2c139336f49ae43a2f873b94d4f46fe2b628d95d3b,current_against_configuration,france,France customs area,customs_area_match,un_comtrade_customs_area_help,False
1962,X,S1,620,280.0,,TOTAL,29718422.0,True,True,0,False,19,"0,24,40,58,132,208,246,251,280,352,372,380,446,508,528,579,624,626,678,752,757,826",3e19e2fd1467e3d2c9f3cd8894aa60ce9fa3f88335ad2ad1f594a389b63c9be0,9c87944f318ed502502d41ffb5a535f40a311d791ce77d340fca6e73263a49b1,6d18ab294940328d994a5a2c139336f49ae43a2f873b94d4f46fe2b628d95d3b,current_against_configuration,west_germany,Former Federal Republic of Germany,historical_trade_area_match,un_comtrade_partner_areas_reference,False
1962,X,S1,620,352.0,,TOTAL,44516.0,True,True,0,False,19,"0,24,40,58,132,208,246,251,280,352,372,380,446,508,528,579,624,626,678,752,757,826",3e19e2fd1467e3d2c9f3cd8894aa60ce9fa3f88335ad2ad1f594a389b63c9be0,9c87944f318ed502502d41ffb5a535f40a311d791ce77d340fca6e73263a49b1,6d18ab294940328d994a5a2c139336f49ae43a2f873b94d4f46fe2b628d95d3b,current_against_configuration,iceland,Iceland,direct_area_match,un_comtrade_partner_areas_reference,False
1962,X,S1,620,372.0,,TOTAL,833330.0,True,True,0,False,19,"0,24,40,58,132,208,246,251,280,352,372,380,446,508,528,579,624,626,678,752,757,826",3e19e2fd1467e3d2c9f3cd8894aa60ce9fa3f88335ad2ad1f594a389b63c9be0,9c87944f318ed502502d41ffb5a535f40a311d791ce77d340fca6e73263a49b1,6d18ab294940328d994a5a2c139336f49ae43a2f873b94d4f46fe2b628d95d3b,current_against_configuration,ireland,Ireland,direct_area_match,un_comtrade_partner_areas_reference,False
1962,X,S1,620,380.0,,TOTAL,19662954.0,True,True,0,False,19,"0,24,40,58,132,208,246,251,280,352,372,380,446,508,528,579,624,626,678,752,757,826",3e19e2fd1467e3d2c9f3cd8894aa60ce9fa3f88335ad2ad1f594a389b63c9be0,9c87944f318ed502502d41ffb5a535f40a311d791ce77d340fca6e73263a49b1,6d18ab294940328d994a5a2c139336f49ae43a2f873b94d4f46fe2b628d95d3b,current_against_configuration,italy,Italy,direct_area_match,un_comtrade_customs_area_help,False
1962,X,S1,620,508.0,,TOTAL,28769228.0,True,True,0,False,19,"0,24,40,58,132,208,246,251,280,352,372,380,446,508,528,579,624,626,678,752,757,826",3e19e2fd1467e3d2c9f3cd8894aa60ce9fa3f88335ad2ad1f594a389b63c9be0,9c87944f318ed502502d41ffb5a535f40a311d791ce77d340fca6e73263a49b1,6d18ab294940328d994a5a2c139336f49ae43a2f873b94d4f46fe2b628d95d3b,current_against_configuration,mozambique,Mozambique,direct_area_match,un_comtrade_partner_areas_reference,False
1962,X,S1,620,528.0,,TOTAL,8426852.0,True,True,0,False,19,"0,24,40,58,132,208,246,251,280,352,372,380,446,508,528,579,624,626,678,752,757,826",3e19e2fd1467e3d2c9f3cd8894aa60ce9fa3f88335ad2ad1f594a389b63c9be0,9c87944f318ed502502d41ffb5a535f40a311d791ce77d340fca6e73263a49b1,6d18ab294940328d994a5a2c139336f49ae43a2f873b94d4f46fe2b628d95d3b,current_against_configuration,netherlands,Netherlands,direct_area_match,un_comtrade_partner_areas_reference,False
1962,X,S1,620,579.0,,TOTAL,3583210.0,True,True,0,False,19,"0,24,40,58,132,208,246,251,280,352,372,380,446,508,528,579,624,626,678,752,757,826",3e19e2fd1467e3d2c9f3cd8894aa60ce9fa3f88335ad2ad1f594a389b63c9be0,9c87944f318ed502502d41ffb5a535f40a311d791ce77d340fca6e73263a49b1,6d18ab294940328d994a5a2c139336f49ae43a2f873b94d4f46fe2b628d95d3b,current_against_configuration,norway,"Norway, Svalbard and Jan Mayen",customs_area_match,un_comtrade_customs_area_help,False
1962,X,S1,620,624.0,,TOTAL,8655629.0,True,True,0,False,19,"0,24,40,58,132,208,246,251,280,352,372,380,446,508,528,579,624,626,678,752,757,826",3e19e2fd1467e3d2c9f3cd8894aa60ce9fa3f88335ad2ad1f594a389b63c9be0,9c87944f318ed502502d41ffb5a535f40a311d791ce77d340fca6e73263a49b1,6d18ab294940328d994a5a2c139336f49ae43a2f873b94d4f46fe2b628d95d3b,current_against_configuration,guinea_bissau,Guinea-Bissau,direct_area_match,un_comtrade_partner_areas_reference,False
1962,X,S1,620,626.0,,TOTAL,940804.0,True,True,0,False,19,"0,24,40,58,132,208,246,251,280,352,372,380,446,508,528,579,624,626,678,752,757,826",3e19e2fd1467e3d2c9f3cd8894aa60ce9fa3f88335ad2ad1f594a389b63c9be0,9c87944f318ed502502d41ffb5a535f40a311d791ce77d340fca6e73263a49b1,6d18ab294940328d994a5a2c139336f49ae43a2f873b94d4f46fe2b628d95d3b,current_against_configuration,timor_leste,Timor-Leste,direct_area_match,un_comtrade_partner_areas_reference,False
1962,X,S1,620,752.0,,TOTAL,10137027.0,True,True,0,False,19,"0,24,40,58,132,208,246,251,280,352,372,380,446,508,528,579,624,626,678,752,757,826",3e19e2fd1467e3d2c9f3cd8894aa60ce9fa3f88335ad2ad1f594a389b63c9be0,9c87944f318ed502502d41ffb5a535f40a311d791ce77d340fca6e73263a49b1,6d18ab294940328d994a5a2c139336f49ae43a2f873b94d4f46fe2b628d95d3b,current_against_configuration,sweden,Sweden,direct_area_match,un_comtrade_partner_areas_reference,False
1962,X,S1,620,757.0,,TOTAL,5946774.0,True,True,0,False,19,"0,24,40,58,132,208,246,251,280,352,372,380,446,508,528,579,624,626,678,752,757,826",3e19e2fd1467e3d2c9f3cd8894aa60ce9fa3f88335ad2ad1f594a389b63c9be0,9c87944f318ed502502d41ffb5a535f40a311d791ce77d340fca6e73263a49b1,6d18ab294940328d994a5a2c139336f49ae43a2f873b94d4f46fe2b628d95d3b,current_against_configuration,switzerland_liechtenstein,Switzerland and Liechtenstein,customs_area_match,un_comtrade_customs_area_help,False
1962,X,S1,620,826.0,,TOTAL,44413424.0,True,True,0,False,19,"0,24,40,58,132,208,246,251,280,352,372,380,446,508,528,579,624,626,678,752,757,826",3e19e2fd1467e3d2c9f3cd8894aa60ce9fa3f88335ad2ad1f594a389b63c9be0,9c87944f318ed502502d41ffb5a535f40a311d791ce77d340fca6e73263a49b1,6d18ab294940328d994a5a2c139336f49ae43a2f873b94d4f46fe2b628d95d3b,current_against_configuration,united_kingdom,United Kingdom,direct_area_match,un_comtrade_partner_areas_reference,False
1962,X,S2,620,,,TOTAL,,,,,False,0,"0,24,40,58,132,208,246,251,280,352,372,380,446,508,528,579,624,626,678,752,757,826",3e19e2fd1467e3d2c9f3cd8894aa60ce9fa3f88335ad2ad1f594a389b63c9be0,9c87944f318ed502502d41ffb5a535f40a311d791ce77d340fca6e73263a49b1,6d18ab294940328d994a5a2c139336f49ae43a2f873b94d4f46fe2b628d95d3b,current_against_configuration,,,,,False
1963,M,S1,620,0.0,,TOTAL,656176256.0,True,True,0,True,19,"0,24,40,58,132,208,246,251,280,352,372,380,446,508,528,579,624,626,678,752,757,826",3e19e2fd1467e3d2c9f3cd8894aa60ce9fa3f88335ad2ad1f594a389b63c9be0,9c87944f318ed502502d41ffb5a535f40a311d791ce77d340fca6e73263a49b1,6d18ab294940328d994a5a2c139336f49ae43a2f873b94d4f46fe2b628d95d3b,current_against_configuration,world,World,comtrade_total,un_comtrade_partner_areas_reference,False
1963,M,S1,620,24.0,,TOTAL,41285832.0,True,True,0,False,19,"0,24,40,58,132,208,246,251,280,352,372,380,446,508,528,579,624,626,678,752,757,826",3e19e2fd1467e3d2c9f3cd8894aa60ce9fa3f88335ad2ad1f594a389b63c9be0,9c87944f318ed502502d41ffb5a535f40a311d791ce77d340fca6e73263a49b1,6d18ab294940328d994a5a2c139336f49ae43a2f873b94d4f46fe2b628d95d3b,current_against_configuration,angola,Angola,direct_area_match,un_comtrade_partner_areas_reference,False
1963,M,S1,620,40.0,,TOTAL,5612545.0,True,True,0,False,19,"0,24,40,58,132,208,246,251,280,352,372,380,446,508,528,579,624,626,678,752,757,826",3e19e2fd1467e3d2c9f3cd8894aa60ce9fa3f88335ad2ad1f594a389b63c9be0,9c87944f318ed502502d41ffb5a535f40a311d791ce77d340fca6e73263a49b1,6d18ab294940328d994a5a2c139336f49ae43a2f873b94d4f46fe2b628d95d3b,current_against_configuration,austria,Austria,direct_area_match,un_comtrade_partner_areas_reference,False
1963,M,S1,620,58.0,,TOTAL,23602648.0,True,True,0,False,19,"0,24,40,58,132,208,246,251,280,352,372,380,446,508,528,579,624,626,678,752,757,826",3e19e2fd1467e3d2c9f3cd8894aa60ce9fa3f88335ad2ad1f594a389b63c9be0,9c87944f318ed502502d41ffb5a535f40a311d791ce77d340fca6e73263a49b1,6d18ab294940328d994a5a2c139336f49ae43a2f873b94d4f46fe2b628d95d3b,current_against_configuration,belgium_luxembourg,Belgium-Luxembourg (...1998),historical_trade_area_match,un_comtrade_partner_areas_reference,False
1963,M,S1,620,208.0,,TOTAL,3538121.0,True,True,0,False,19,"0,24,40,58,132,208,246,251,280,352,372,380,446,508,528,579,624,626,678,752,757,826",3e19e2fd1467e3d2c9f3cd8894aa60ce9fa3f88335ad2ad1f594a389b63c9be0,9c87944f318ed502502d41ffb5a535f40a311d791ce77d340fca6e73263a49b1,6d18ab294940328d994a5a2c139336f49ae43a2f873b94d4f46fe2b628d95d3b,current_against_configuration,denmark,Denmark,direct_area_match,un_comtrade_partner_areas_reference,False
1963,M,S1,620,246.0,,TOTAL,1405397.0,True,True,0,False,19,"0,24,40,58,132,208,246,251,280,352,372,380,446,508,528,579,624,626,678,752,757,826",3e19e2fd1467e3d2c9f3cd8894aa60ce9fa3f88335ad2ad1f594a389b63c9be0,9c87944f318ed502502d41ffb5a535f40a311d791ce77d340fca6e73263a49b1,6d18ab294940328d994a5a2c139336f49ae43a2f873b94d4f46fe2b628d95d3b,current_against_configuration,finland,Finland,direct_area_match,un_comtrade_partner_areas_reference,False
1963,M,S1,620,251.0,,TOTAL,52533428.0,True,True,0,False,19,"0,24,40,58,132,208,246,251,280,352,372,380,446,508,528,579,624,626,678,752,757,826",3e19e2fd1467e3d2c9f3cd8894aa60ce9fa3f88335ad2ad1f594a389b63c9be0,9c87944f318ed502502d41ffb5a535f40a311d791ce77d340fca6e73263a49b1,6d18ab294940328d994a5a2c139336f49ae43a2f873b94d4f46fe2b628d95d3b,current_against_configuration,france,France customs area,customs_area_match,un_comtrade_customs_area_help,False
1963,M,S1,620,280.0,,TOTAL,99693632.0,True,True,0,False,19,"0,24,40,58,132,208,246,251,280,352,372,380,446,508,528,579,624,626,678,752,757,826",3e19e2fd1467e3d2c9f3cd8894aa60ce9fa3f88335ad2ad1f594a389b63c9be0,9c87944f318ed502502d41ffb5a535f40a311d791ce77d340fca6e73263a49b1,6d18ab294940328d994a5a2c139336f49ae43a2f873b94d4f46fe2b628d95d3b,current_against_configuration,west_germany,Former Federal Republic of Germany,historical_trade_area_match,un_comtrade_partner_areas_reference,False
1963,M,S1,620,352.0,,TOTAL,1395998.0,True,True,0,False,19,"0,24,40,58,132,208,246,251,280,352,372,380,446,508,528,579,624,626,678,752,757,826",3e19e2fd1467e3d2c9f3cd8894aa60ce9fa3f88335ad2ad1f594a389b63c9be0,9c87944f318ed502502d41ffb5a535f40a311d791ce77d340fca6e73263a49b1,6d18ab294940328d994a5a2c139336f49ae43a2f873b94d4f46fe2b628d95d3b,current_against_configuration,iceland,Iceland,direct_area_match,un_comtrade_partner_areas_reference,False
1963,M,S1,620,372.0,,TOTAL,358948.0,True,True,0,False,19,"0,24,40,58,132,208,246,251,280,352,372,380,446,508,528,579,624,626,678,752,757,826",3e19e2fd1467e3d2c9f3cd8894aa60ce9fa3f88335ad2ad1f594a389b63c9be0,9c87944f318ed502502d41ffb5a535f40a311d791ce77d340fca6e73263a49b1,6d18ab294940328d994a5a2c139336f49ae43a2f873b94d4f46fe2b628d95d3b,current_against_configuration,ireland,Ireland,direct_area_match,un_comtrade_partner_areas_reference,False
1963,M,S1,620,380.0,,TOTAL,26299056.0,True,True,0,False,19,"0,24,40,58,132,208,246,251,280,352,372,380,446,508,528,579,624,626,678,752,757,826",3e19e2fd1467e3d2c9f3cd8894aa60ce9fa3f88335ad2ad1f594a389b63c9be0,9c87944f318ed502502d41ffb5a535f40a311d791ce77d340fca6e73263a49b1,6d18ab294940328d994a5a2c139336f49ae43a2f873b94d4f46fe2b628d95d3b,current_against_configuration,italy,Italy,direct_area_match,un_comtrade_customs_area_help,False
1963,M,S1,620,508.0,,TOTAL,41861372.0,True,True,0,False,19,"0,24,40,58,132,208,246,251,280,352,372,380,446,508,528,579,624,626,678,752,757,826",3e19e2fd1467e3d2c9f3cd8894aa60ce9fa3f88335ad2ad1f594a389b63c9be0,9c87944f318ed502502d41ffb5a535f40a311d791ce77d340fca6e73263a49b1,6d18ab294940328d994a5a2c139336f49ae43a2f873b94d4f46fe2b628d95d3b,current_against_configuration,mozambique,Mozambique,direct_area_match,un_comtrade_partner_areas_reference,False
1963,M,S1,620,528.0,,TOTAL,24030856.0,True,True,0,False,19,"0,24,40,58,132,208,246,251,280,352,372,380,446,508,528,579,624,626,678,752,757,826",3e19e2fd1467e3d2c9f3cd8894aa60ce9fa3f88335ad2ad1f594a389b63c9be0,9c87944f318ed502502d41ffb5a535f40a311d791ce77d340fca6e73263a49b1,6d18ab294940328d994a5a2c139336f49ae43a2f873b94d4f46fe2b628d95d3b,current_against_configuration,netherlands,Netherlands,direct_area_match,un_comtrade_partner_areas_reference,False
1963,M,S1,620,579.0,,TOTAL,6030783.0,True,True,0,False,19,"0,24,40,58,132,208,246,251,280,352,372,380,446,508,528,579,624,626,678,752,757,826",3e19e2fd1467e3d2c9f3cd8894aa60ce9fa3f88335ad2ad1f594a389b63c9be0,9c87944f318ed502502d41ffb5a535f40a311d791ce77d340fca6e73263a49b1,6d18ab294940328d994a5a2c139336f49ae43a2f873b94d4f46fe2b628d95d3b,current_against_configuration,norway,"Norway, Svalbard and Jan Mayen",customs_area_match,un_comtrade_customs_area_help,False
1963,M,S1,620,624.0,,TOTAL,10027036.0,True,True,0,False,19,"0,24,40,58,132,208,246,251,280,352,372,380,446,508,528,579,624,626,678,752,757,826",3e19e2fd1467e3d2c9f3cd8894aa60ce9fa3f88335ad2ad1f594a389b63c9be0,9c87944f318ed502502d41ffb5a535f40a311d791ce77d340fca6e73263a49b1,6d18ab294940328d994a5a2c139336f49ae43a2f873b94d4f46fe2b628d95d3b,current_against_configuration,guinea_bissau,Guinea-Bissau,direct_area_match,un_comtrade_partner_areas_reference,False
1963,M,S1,620,626.0,,TOTAL,749236.0,True,True,0,False,19,"0,24,40,58,132,208,246,251,280,352,372,380,446,508,528,579,624,626,678,752,757,826",3e19e2fd1467e3d2c9f3cd8894aa60ce9fa3f88335ad2ad1f594a389b63c9be0,9c87944f318ed502502d41ffb5a535f40a311d791ce77d340fca6e73263a49b1,6d18ab294940328d994a5a2c139336f49ae43a2f873b94d4f46fe2b628d95d3b,current_against_configuration,timor_leste,Timor-Leste,direct_area_match,un_comtrade_partner_areas_reference,False
1963,M,S1,620,752.0,,TOTAL,14706766.0,True,True,0,False,19,"0,24,40,58,132,208,246,251,280,352,372,380,446,508,528,579,624,626,678,752,757,826",3e19e2fd1467e3d2c9f3cd8894aa60ce9fa3f88335ad2ad1f594a389b63c9be0,9c87944f318ed502502d41ffb5a535f40a311d791ce77d340fca6e73263a49b1,6d18ab294940328d994a5a2c139336f49ae43a2f873b94d4f46fe2b628d95d3b,current_against_configuration,sweden,Sweden,direct_area_match,un_comtrade_partner_areas_reference,False
1963,M,S1,620,757.0,,TOTAL,23083294.0,True,True,0,False,19,"0,24,40,58,132,208,246,251,280,352,372,380,446,508,528,579,624,626,678,752,757,826",3e19e2fd1467e3d2c9f3cd8894aa60ce9fa3f88335ad2ad1f594a389b63c9be0,9c87944f318ed502502d41ffb5a535f40a311d791ce77d340fca6e73263a49b1,6d18ab294940328d994a5a2c139336f49ae43a2f873b94d4f46fe2b628d95d3b,current_against_configuration,switzerland_liechtenstein,Switzerland and Liechtenstein,customs_area_match,un_comtrade_customs_area_help,False
1963,M,S1,620,826.0,,TOTAL,89977656.0,True,True,0,False,19,"0,24,40,58,132,208,246,251,280,352,372,380,446,508,528,579,624,626,678,752,757,826",3e19e2fd1467e3d2c9f3cd8894aa60ce9fa3f88335ad2ad1f594a389b63c9be0,9c87944f318ed502502d41ffb5a535f40a311d791ce77d340fca6e73263a49b1,6d18ab294940328d994a5a2c139336f49ae43a2f873b94d4f46fe2b628d95d3b,current_against_configuration,united_kingdom,United Kingdom,direct_area_match,un_comtrade_partner_areas_reference,False
1963,M,S2,620,,,TOTAL,,,,,False,0,"0,24,40,58,132,208,246,251,280,352,372,380,446,508,528,579,624,626,678,752,757,826",3e19e2fd1467e3d2c9f3cd8894aa60ce9fa3f88335ad2ad1f594a389b63c9be0,9c87944f318ed502502d41ffb5a535f40a311d791ce77d340fca6e73263a49b1,6d18ab294940328d994a5a2c139336f49ae43a2f873b94d4f46fe2b628d95d3b,current_against_configuration,,,,,False
1963,X,S1,620,0.0,,TOTAL,418157120.0,True,True,0,True,19,"0,24,40,58,132,208,246,251,280,352,372,380,446,508,528,579,624,626,678,752,757,826",3e19e2fd1467e3d2c9f3cd8894aa60ce9fa3f88335ad2ad1f594a389b63c9be0,9c87944f318ed502502d41ffb5a535f40a311d791ce77d340fca6e73263a49b1,6d18ab294940328d994a5a2c139336f49ae43a2f873b94d4f46fe2b628d95d3b,current_against_configuration,world,World,comtrade_total,un_comtrade_partner_areas_reference,False
1963,X,S1,620,24.0,,TOTAL,54570032.0,True,True,0,False,19,"0,24,40,58,132,208,246,251,280,352,372,380,446,508,528,579,624,626,678,752,757,826",3e19e2fd1467e3d2c9f3cd8894aa60ce9fa3f88335ad2ad1f594a389b63c9be0,9c87944f318ed502502d41ffb5a535f40a311d791ce77d340fca6e73263a49b1,6d18ab294940328d994a5a2c139336f49ae43a2f873b94d4f46fe2b628d95d3b,current_against_configuration,angola,Angola,direct_area_match,un_comtrade_partner_areas_reference,False
1963,X,S1,620,40.0,,TOTAL,2968780.0,True,True,0,False,19,"0,24,40,58,132,208,246,251,280,352,372,380,446,508,528,579,624,626,678,752,757,826",3e19e2fd1467e3d2c9f3cd8894aa60ce9fa3f88335ad2ad1f594a389b63c9be0,9c87944f318ed502502d41ffb5a535f40a311d791ce77d340fca6e73263a49b1,6d18ab294940328d994a5a2c139336f49ae43a2f873b94d4f46fe2b628d95d3b,current_against_configuration,austria,Austria,direct_area_match,un_comtrade_partner_areas_reference,False
1963,X,S1,620,58.0,,TOTAL,11339416.0,True,True,0,False,19,"0,24,40,58,132,208,246,251,280,352,372,380,446,508,528,579,624,626,678,752,757,826",3e19e2fd1467e3d2c9f3cd8894aa60ce9fa3f88335ad2ad1f594a389b63c9be0,9c87944f318ed502502d41ffb5a535f40a311d791ce77d340fca6e73263a49b1,6d18ab294940328d994a5a2c139336f49ae43a2f873b94d4f46fe2b628d95d3b,current_against_configuration,belgium_luxembourg,Belgium-Luxembourg (...1998),historical_trade_area_match,un_comtrade_partner_areas_reference,False
1963,X,S1,620,208.0,,TOTAL,8985307.0,True,True,0,False,19,"0,24,40,58,132,208,246,251,280,352,372,380,446,508,528,579,624,626,678,752,757,826",3e19e2fd1467e3d2c9f3cd8894aa60ce9fa3f88335ad2ad1f594a389b63c9be0,9c87944f318ed502502d41ffb5a535f40a311d791ce77d340fca6e73263a49b1,6d18ab294940328d994a5a2c139336f49ae43a2f873b94d4f46fe2b628d95d3b,current_against_configuration,denmark,Denmark,direct_area_match,un_comtrade_partner_areas_reference,False
1963,X,S1,620,246.0,,TOTAL,2101749.0,True,True,0,False,19,"0,24,40,58,132,208,246,251,280,352,372,380,446,508,528,579,624,626,678,752,757,826",3e19e2fd1467e3d2c9f3cd8894aa60ce9fa3f88335ad2ad1f594a389b63c9be0,9c87944f318ed502502d41ffb5a535f40a311d791ce77d340fca6e73263a49b1,6d18ab294940328d994a5a2c139336f49ae43a2f873b94d4f46fe2b628d95d3b,current_against_configuration,finland,Finland,direct_area_match,un_comtrade_partner_areas_reference,False
1963,X,S1,620,251.0,,TOTAL,21087980.0,True,True,0,False,19,"0,24,40,58,132,208,246,251,280,352,372,380,446,508,528,579,624,626,678,752,757,826",3e19e2fd1467e3d2c9f3cd8894aa60ce9fa3f88335ad2ad1f594a389b63c9be0,9c87944f318ed502502d41ffb5a535f40a311d791ce77d340fca6e73263a49b1,6d18ab294940328d994a5a2c139336f49ae43a2f873b94d4f46fe2b628d95d3b,current_against_configuration,france,France customs area,customs_area_match,un_comtrade_customs_area_help,False
1963,X,S1,620,280.0,,TOTAL,31441108.0,True,True,0,False,19,"0,24,40,58,132,208,246,251,280,352,372,380,446,508,528,579,624,626,678,752,757,826",3e19e2fd1467e3d2c9f3cd8894aa60ce9fa3f88335ad2ad1f594a389b63c9be0,9c87944f318ed502502d41ffb5a535f40a311d791ce77d340fca6e73263a49b1,6d18ab294940328d994a5a2c139336f49ae43a2f873b94d4f46fe2b628d95d3b,current_against_configuration,west_germany,Former Federal Republic of Germany,historical_trade_area_match,un_comtrade_partner_areas_reference,False
1963,X,S1,620,352.0,,TOTAL,44133.0,True,True,0,False,19,"0,24,40,58,132,208,246,251,280,352,372,380,446,508,528,579,624,626,678,752,757,826",3e19e2fd1467e3d2c9f3cd8894aa60ce9fa3f88335ad2ad1f594a389b63c9be0,9c87944f318ed502502d41ffb5a535f40a311d791ce77d340fca6e73263a49b1,6d18ab294940328d994a5a2c139336f49ae43a2f873b94d4f46fe2b628d95d3b,current_against_configuration,iceland,Iceland,direct_area_match,un_comtrade_partner_areas_reference,False
1963,X,S1,620,372.0,,TOTAL,1300329.0,True,True,0,False,19,"0,24,40,58,132,208,246,251,280,352,372,380,446,508,528,579,624,626,678,752,757,826",3e19e2fd1467e3d2c9f3cd8894aa60ce9fa3f88335ad2ad1f594a389b63c9be0,9c87944f318ed502502d41ffb5a535f40a311d791ce77d340fca6e73263a49b1,6d18ab294940328d994a5a2c139336f49ae43a2f873b94d4f46fe2b628d95d3b,current_against_configuration,ireland,Ireland,direct_area_match,un_comtrade_partner_areas_reference,False
1963,X,S1,620,380.0,,TOTAL,18310764.0,True,True,0,False,19,"0,24,40,58,132,208,246,251,280,352,372,380,446,508,528,579,624,626,678,752,757,826",3e19e2fd1467e3d2c9f3cd8894aa60ce9fa3f88335ad2ad1f594a389b63c9be0,9c87944f318ed502502d41ffb5a535f40a311d791ce77d340fca6e73263a49b1,6d18ab294940328d994a5a2c139336f49ae43a2f873b94d4f46fe2b628d95d3b,current_against_configuration,italy,Italy,direct_area_match,un_comtrade_customs_area_help,False
1963,X,S1,620,508.0,,TOTAL,34053360.0,True,True,0,False,19,"0,24,40,58,132,208,246,251,280,352,372,380,446,508,528,579,624,626,678,752,757,826",3e19e2fd1467e3d2c9f3cd8894aa60ce9fa3f88335ad2ad1f594a389b63c9be0,9c87944f318ed502502d41ffb5a535f40a311d791ce77d340fca6e73263a49b1,6d18ab294940328d994a5a2c139336f49ae43a2f873b94d4f46fe2b628d95d3b,current_against_configuration,mozambique,Mozambique,direct_area_match,un_comtrade_partner_areas_reference,False
1963,X,S1,620,528.0,,TOTAL,9502806.0,True,True,0,False,19,"0,24,40,58,132,208,246,251,280,352,372,380,446,508,528,579,624,626,678,752,757,826",3e19e2fd1467e3d2c9f3cd8894aa60ce9fa3f88335ad2ad1f594a389b63c9be0,9c87944f318ed502502d41ffb5a535f40a311d791ce77d340fca6e73263a49b1,6d18ab294940328d994a5a2c139336f49ae43a2f873b94d4f46fe2b628d95d3b,current_against_configuration,netherlands,Netherlands,direct_area_match,un_comtrade_partner_areas_reference,False
1963,X,S1,620,579.0,,TOTAL,3723788.0,True,True,0,False,19,"0,24,40,58,132,208,246,251,280,352,372,380,446,508,528,579,624,626,678,752,757,826",3e19e2fd1467e3d2c9f3cd8894aa60ce9fa3f88335ad2ad1f594a389b63c9be0,9c87944f318ed502502d41ffb5a535f40a311d791ce77d340fca6e73263a49b1,6d18ab294940328d994a5a2c139336f49ae43a2f873b94d4f46fe2b628d95d3b,current_against_configuration,norway,"Norway, Svalbard and Jan Mayen",customs_area_match,un_comtrade_customs_area_help,False
1963,X,S1,620,624.0,,TOTAL,9567752.0,True,True,0,False,19,"0,24,40,58,132,208,246,251,280,352,372,380,446,508,528,579,624,626,678,752,757,826",3e19e2fd1467e3d2c9f3cd8894aa60ce9fa3f88335ad2ad1f594a389b63c9be0,9c87944f318ed502502d41ffb5a535f40a311d791ce77d340fca6e73263a49b1,6d18ab294940328d994a5a2c139336f49ae43a2f873b94d4f46fe2b628d95d3b,current_against_configuration,guinea_bissau,Guinea-Bissau,direct_area_match,un_comtrade_partner_areas_reference,False
1963,X,S1,620,626.0,,TOTAL,1004251.0,True,True,0,False,19,"0,24,40,58,132,208,246,251,280,352,372,380,446,508,528,579,624,626,678,752,757,826",3e19e2fd1467e3d2c9f3cd8894aa60ce9fa3f88335ad2ad1f594a389b63c9be0,9c87944f318ed502502d41ffb5a535f40a311d791ce77d340fca6e73263a49b1,6d18ab294940328d994a5a2c139336f49ae43a2f873b94d4f46fe2b628d95d3b,current_against_configuration,timor_leste,Timor-Leste,direct_area_match,un_comtrade_partner_areas_reference,False
1963,X,S1,620,752.0,,TOTAL,12219592.0,True,True,0,False,19,"0,24,40,58,132,208,246,251,280,352,372,380,446,508,528,579,624,626,678,752,757,826",3e19e2fd1467e3d2c9f3cd8894aa60ce9fa3f88335ad2ad1f594a389b63c9be0,9c87944f318ed502502d41ffb5a535f40a311d791ce77d340fca6e73263a49b1,6d18ab294940328d994a5a2c139336f49ae43a2f873b94d4f46fe2b628d95d3b,current_against_configuration,sweden,Sweden,direct_area_match,un_comtrade_partner_areas_reference,False
1963,X,S1,620,757.0,,TOTAL,7194479.0,True,True,0,False,19,"0,24,40,58,132,208,246,251,280,352,372,380,446,508,528,579,624,626,678,752,757,826",3e19e2fd1467e3d2c9f3cd8894aa60ce9fa3f88335ad2ad1f594a389b63c9be0,9c87944f318ed502502d41ffb5a535f40a311d791ce77d340fca6e73263a49b1,6d18ab294940328d994a5a2c139336f49ae43a2f873b94d4f46fe2b628d95d3b,current_against_configuration,switzerland_liechtenstein,Switzerland and Liechtenstein,customs_area_match,un_comtrade_customs_area_help,False
1963,X,S1,620,826.0,,TOTAL,56570120.0,True,True,0,False,19,"0,24,40,58,132,208,246,251,280,352,372,380,446,508,528,579,624,626,678,752,757,826",3e19e2fd1467e3d2c9f3cd8894aa60ce9fa3f88335ad2ad1f594a389b63c9be0,9c87944f318ed502502d41ffb5a535f40a311d791ce77d340fca6e73263a49b1,6d18ab294940328d994a5a2c139336f49ae43a2f873b94d4f46fe2b628d95d3b,current_against_configuration,united_kingdom,United Kingdom,direct_area_match,un_comtrade_partner_areas_reference,False
1963,X,S2,620,,,TOTAL,,,,,False,0,"0,24,40,58,132,208,246,251,280,352,372,380,446,508,528,579,624,626,678,752,757,826",3e19e2fd1467e3d2c9f3cd8894aa60ce9fa3f88335ad2ad1f594a389b63c9be0,9c87944f318ed502502d41ffb5a535f40a311d791ce77d340fca6e73263a49b1,6d18ab294940328d994a5a2c139336f49ae43a2f873b94d4f46fe2b628d95d3b,current_against_configuration,,,,,False
1964,M,S1,620,0.0,,TOTAL,776289984.0,True,True,0,True,19,"0,24,40,58,132,208,246,251,280,352,372,380,446,508,528,579,624,626,678,752,757,826",3e19e2fd1467e3d2c9f3cd8894aa60ce9fa3f88335ad2ad1f594a389b63c9be0,9c87944f318ed502502d41ffb5a535f40a311d791ce77d340fca6e73263a49b1,6d18ab294940328d994a5a2c139336f49ae43a2f873b94d4f46fe2b628d95d3b,current_against_configuration,world,World,comtrade_total,un_comtrade_partner_areas_reference,False
1964,M,S1,620,24.0,,TOTAL,67420480.0,True,True,0,False,19,"0,24,40,58,132,208,246,251,280,352,372,380,446,508,528,579,624,626,678,752,757,826",3e19e2fd1467e3d2c9f3cd8894aa60ce9fa3f88335ad2ad1f594a389b63c9be0,9c87944f318ed502502d41ffb5a535f40a311d791ce77d340fca6e73263a49b1,6d18ab294940328d994a5a2c139336f49ae43a2f873b94d4f46fe2b628d95d3b,current_against_configuration,angola,Angola,direct_area_match,un_comtrade_partner_areas_reference,False
1964,M,S1,620,40.0,,TOTAL,6987013.0,True,True,0,False,19,"0,24,40,58,132,208,246,251,280,352,372,380,446,508,528,579,624,626,678,752,757,826",3e19e2fd1467e3d2c9f3cd8894aa60ce9fa3f88335ad2ad1f594a389b63c9be0,9c87944f318ed502502d41ffb5a535f40a311d791ce77d340fca6e73263a49b1,6d18ab294940328d994a5a2c139336f49ae43a2f873b94d4f46fe2b628d95d3b,current_against_configuration,austria,Austria,direct_area_match,un_comtrade_partner_areas_reference,False
1964,M,S1,620,58.0,,TOTAL,25142908.0,True,True,0,False,19,"0,24,40,58,132,208,246,251,280,352,372,380,446,508,528,579,624,626,678,752,757,826",3e19e2fd1467e3d2c9f3cd8894aa60ce9fa3f88335ad2ad1f594a389b63c9be0,9c87944f318ed502502d41ffb5a535f40a311d791ce77d340fca6e73263a49b1,6d18ab294940328d994a5a2c139336f49ae43a2f873b94d4f46fe2b628d95d3b,current_against_configuration,belgium_luxembourg,Belgium-Luxembourg (...1998),historical_trade_area_match,un_comtrade_partner_areas_reference,False
1964,M,S1,620,208.0,,TOTAL,5331627.0,True,True,0,False,19,"0,24,40,58,132,208,246,251,280,352,372,380,446,508,528,579,624,626,678,752,757,826",3e19e2fd1467e3d2c9f3cd8894aa60ce9fa3f88335ad2ad1f594a389b63c9be0,9c87944f318ed502502d41ffb5a535f40a311d791ce77d340fca6e73263a49b1,6d18ab294940328d994a5a2c139336f49ae43a2f873b94d4f46fe2b628d95d3b,current_against_configuration,denmark,Denmark,direct_area_match,un_comtrade_partner_areas_reference,False
1964,M,S1,620,246.0,,TOTAL,1676154.0,True,True,0,False,19,"0,24,40,58,132,208,246,251,280,352,372,380,446,508,528,579,624,626,678,752,757,826",3e19e2fd1467e3d2c9f3cd8894aa60ce9fa3f88335ad2ad1f594a389b63c9be0,9c87944f318ed502502d41ffb5a535f40a311d791ce77d340fca6e73263a49b1,6d18ab294940328d994a5a2c139336f49ae43a2f873b94d4f46fe2b628d95d3b,current_against_configuration,finland,Finland,direct_area_match,un_comtrade_partner_areas_reference,False
1964,M,S1,620,251.0,,TOTAL,54791328.0,True,True,0,False,19,"0,24,40,58,132,208,246,251,280,352,372,380,446,508,528,579,624,626,678,752,757,826",3e19e2fd1467e3d2c9f3cd8894aa60ce9fa3f88335ad2ad1f594a389b63c9be0,9c87944f318ed502502d41ffb5a535f40a311d791ce77d340fca6e73263a49b1,6d18ab294940328d994a5a2c139336f49ae43a2f873b94d4f46fe2b628d95d3b,current_against_configuration,france,France customs area,customs_area_match,un_comtrade_customs_area_help,False
1964,M,S1,620,280.0,,TOTAL,118247664.0,True,True,0,False,19,"0,24,40,58,132,208,246,251,280,352,372,380,446,508,528,579,624,626,678,752,757,826",3e19e2fd1467e3d2c9f3cd8894aa60ce9fa3f88335ad2ad1f594a389b63c9be0,9c87944f318ed502502d41ffb5a535f40a311d791ce77d340fca6e73263a49b1,6d18ab294940328d994a5a2c139336f49ae43a2f873b94d4f46fe2b628d95d3b,current_against_configuration,west_germany,Former Federal Republic of Germany,historical_trade_area_match,un_comtrade_partner_areas_reference,False
1964,M,S1,620,352.0,,TOTAL,3327267.0,True,True,0,False,19,"0,24,40,58,132,208,246,251,280,352,372,380,446,508,528,579,624,626,678,752,757,826",3e19e2fd1467e3d2c9f3cd8894aa60ce9fa3f88335ad2ad1f594a389b63c9be0,9c87944f318ed502502d41ffb5a535f40a311d791ce77d340fca6e73263a49b1,6d18ab294940328d994a5a2c139336f49ae43a2f873b94d4f46fe2b628d95d3b,current_against_configuration,iceland,Iceland,direct_area_match,un_comtrade_partner_areas_reference,False
1964,M,S1,620,372.0,,TOTAL,395052.0,True,True,0,False,19,"0,24,40,58,132,208,246,251,280,352,372,380,446,508,528,579,624,626,678,752,757,826",3e19e2fd1467e3d2c9f3cd8894aa60ce9fa3f88335ad2ad1f594a389b63c9be0,9c87944f318ed502502d41ffb5a535f40a311d791ce77d340fca6e73263a49b1,6d18ab294940328d994a5a2c139336f49ae43a2f873b94d4f46fe2b628d95d3b,current_against_configuration,ireland,Ireland,direct_area_match,un_comtrade_partner_areas_reference,False
1964,M,S1,620,380.0,,TOTAL,34397756.0,True,True,0,False,19,"0,24,40,58,132,208,246,251,280,352,372,380,446,508,528,579,624,626,678,752,757,826",3e19e2fd1467e3d2c9f3cd8894aa60ce9fa3f88335ad2ad1f594a389b63c9be0,9c87944f318ed502502d41ffb5a535f40a311d791ce77d340fca6e73263a49b1,6d18ab294940328d994a5a2c139336f49ae43a2f873b94d4f46fe2b628d95d3b,current_against_configuration,italy,Italy,direct_area_match,un_comtrade_customs_area_help,False
1964,M,S1,620,508.0,,TOTAL,37170104.0,True,True,0,False,19,"0,24,40,58,132,208,246,251,280,352,372,380,446,508,528,579,624,626,678,752,757,826",3e19e2fd1467e3d2c9f3cd8894aa60ce9fa3f88335ad2ad1f594a389b63c9be0,9c87944f318ed502502d41ffb5a535f40a311d791ce77d340fca6e73263a49b1,6d18ab294940328d994a5a2c139336f49ae43a2f873b94d4f46fe2b628d95d3b,current_against_configuration,mozambique,Mozambique,direct_area_match,un_comtrade_partner_areas_reference,False
1964,M,S1,620,528.0,,TOTAL,22986000.0,True,True,0,False,19,"0,24,40,58,132,208,246,251,280,352,372,380,446,508,528,579,624,626,678,752,757,826",3e19e2fd1467e3d2c9f3cd8894aa60ce9fa3f88335ad2ad1f594a389b63c9be0,9c87944f318ed502502d41ffb5a535f40a311d791ce77d340fca6e73263a49b1,6d18ab294940328d994a5a2c139336f49ae43a2f873b94d4f46fe2b628d95d3b,current_against_configuration,netherlands,Netherlands,direct_area_match,un_comtrade_partner_areas_reference,False
1964,M,S1,620,579.0,,TOTAL,4980066.0,True,True,0,False,19,"0,24,40,58,132,208,246,251,280,352,372,380,446,508,528,579,624,626,678,752,757,826",3e19e2fd1467e3d2c9f3cd8894aa60ce9fa3f88335ad2ad1f594a389b63c9be0,9c87944f318ed502502d41ffb5a535f40a311d791ce77d340fca6e73263a49b1,6d18ab294940328d994a5a2c139336f49ae43a2f873b94d4f46fe2b628d95d3b,current_against_configuration,norway,"Norway, Svalbard and Jan Mayen",customs_area_match,un_comtrade_customs_area_help,False
1964,M,S1,620,624.0,,TOTAL,10054544.0,True,True,0,False,19,"0,24,40,58,132,208,246,251,280,352,372,380,446,508,528,579,624,626,678,752,757,826",3e19e2fd1467e3d2c9f3cd8894aa60ce9fa3f88335ad2ad1f594a389b63c9be0,9c87944f318ed502502d41ffb5a535f40a311d791ce77d340fca6e73263a49b1,6d18ab294940328d994a5a2c139336f49ae43a2f873b94d4f46fe2b628d95d3b,current_against_configuration,guinea_bissau,Guinea-Bissau,direct_area_match,un_comtrade_partner_areas_reference,False
1964,M,S1,620,626.0,,TOTAL,970590.0,True,True,0,False,19,"0,24,40,58,132,208,246,251,280,352,372,380,446,508,528,579,624,626,678,752,757,826",3e19e2fd1467e3d2c9f3cd8894aa60ce9fa3f88335ad2ad1f594a389b63c9be0,9c87944f318ed502502d41ffb5a535f40a311d791ce77d340fca6e73263a49b1,6d18ab294940328d994a5a2c139336f49ae43a2f873b94d4f46fe2b628d95d3b,current_against_configuration,timor_leste,Timor-Leste,direct_area_match,un_comtrade_partner_areas_reference,False
1964,M,S1,620,752.0,,TOTAL,16012451.0,True,True,0,False,19,"0,24,40,58,132,208,246,251,280,352,372,380,446,508,528,579,624,626,678,752,757,826",3e19e2fd1467e3d2c9f3cd8894aa60ce9fa3f88335ad2ad1f594a389b63c9be0,9c87944f318ed502502d41ffb5a535f40a311d791ce77d340fca6e73263a49b1,6d18ab294940328d994a5a2c139336f49ae43a2f873b94d4f46fe2b628d95d3b,current_against_configuration,sweden,Sweden,direct_area_match,un_comtrade_partner_areas_reference,False
1964,M,S1,620,757.0,,TOTAL,27618612.0,True,True,0,False,19,"0,24,40,58,132,208,246,251,280,352,372,380,446,508,528,579,624,626,678,752,757,826",3e19e2fd1467e3d2c9f3cd8894aa60ce9fa3f88335ad2ad1f594a389b63c9be0,9c87944f318ed502502d41ffb5a535f40a311d791ce77d340fca6e73263a49b1,6d18ab294940328d994a5a2c139336f49ae43a2f873b94d4f46fe2b628d95d3b,current_against_configuration,switzerland_liechtenstein,Switzerland and Liechtenstein,customs_area_match,un_comtrade_customs_area_help,False
1964,M,S1,620,826.0,,TOTAL,104547392.0,True,True,0,False,19,"0,24,40,58,132,208,246,251,280,352,372,380,446,508,528,579,624,626,678,752,757,826",3e19e2fd1467e3d2c9f3cd8894aa60ce9fa3f88335ad2ad1f594a389b63c9be0,9c87944f318ed502502d41ffb5a535f40a311d791ce77d340fca6e73263a49b1,6d18ab294940328d994a5a2c139336f49ae43a2f873b94d4f46fe2b628d95d3b,current_against_configuration,united_kingdom,United Kingdom,direct_area_match,un_comtrade_partner_areas_reference,False
1964,M,S2,620,,,TOTAL,,,,,False,0,"0,24,40,58,132,208,246,251,280,352,372,380,446,508,528,579,624,626,678,752,757,826",3e19e2fd1467e3d2c9f3cd8894aa60ce9fa3f88335ad2ad1f594a389b63c9be0,9c87944f318ed502502d41ffb5a535f40a311d791ce77d340fca6e73263a49b1,6d18ab294940328d994a5a2c139336f49ae43a2f873b94d4f46fe2b628d95d3b,current_against_configuration,,,,,False
1964,X,S1,620,0.0,,TOTAL,515699840.0,True,True,0,True,19,"0,24,40,58,132,208,246,251,280,352,372,380,446,508,528,579,624,626,678,752,757,826",3e19e2fd1467e3d2c9f3cd8894aa60ce9fa3f88335ad2ad1f594a389b63c9be0,9c87944f318ed502502d41ffb5a535f40a311d791ce77d340fca6e73263a49b1,6d18ab294940328d994a5a2c139336f49ae43a2f873b94d4f46fe2b628d95d3b,current_against_configuration,world,World,comtrade_total,un_comtrade_partner_areas_reference,False
1964,X,S1,620,24.0,,TOTAL,73698168.0,True,True,0,False,19,"0,24,40,58,132,208,246,251,280,352,372,380,446,508,528,579,624,626,678,752,757,826",3e19e2fd1467e3d2c9f3cd8894aa60ce9fa3f88335ad2ad1f594a389b63c9be0,9c87944f318ed502502d41ffb5a535f40a311d791ce77d340fca6e73263a49b1,6d18ab294940328d994a5a2c139336f49ae43a2f873b94d4f46fe2b628d95d3b,current_against_configuration,angola,Angola,direct_area_match,un_comtrade_partner_areas_reference,False
1964,X,S1,620,40.0,,TOTAL,5125297.0,True,True,0,False,19,"0,24,40,58,132,208,246,251,280,352,372,380,446,508,528,579,624,626,678,752,757,826",3e19e2fd1467e3d2c9f3cd8894aa60ce9fa3f88335ad2ad1f594a389b63c9be0,9c87944f318ed502502d41ffb5a535f40a311d791ce77d340fca6e73263a49b1,6d18ab294940328d994a5a2c139336f49ae43a2f873b94d4f46fe2b628d95d3b,current_against_configuration,austria,Austria,direct_area_match,un_comtrade_partner_areas_reference,False
1964,X,S1,620,58.0,,TOTAL,12852420.0,True,True,0,False,19,"0,24,40,58,132,208,246,251,280,352,372,380,446,508,528,579,624,626,678,752,757,826",3e19e2fd1467e3d2c9f3cd8894aa60ce9fa3f88335ad2ad1f594a389b63c9be0,9c87944f318ed502502d41ffb5a535f40a311d791ce77d340fca6e73263a49b1,6d18ab294940328d994a5a2c139336f49ae43a2f873b94d4f46fe2b628d95d3b,current_against_configuration,belgium_luxembourg,Belgium-Luxembourg (...1998),historical_trade_area_match,un_comtrade_partner_areas_reference,False
1964,X,S1,620,208.0,,TOTAL,10971216.0,True,True,0,False,19,"0,24,40,58,132,208,246,251,280,352,372,380,446,508,528,579,624,626,678,752,757,826",3e19e2fd1467e3d2c9f3cd8894aa60ce9fa3f88335ad2ad1f594a389b63c9be0,9c87944f318ed502502d41ffb5a535f40a311d791ce77d340fca6e73263a49b1,6d18ab294940328d994a5a2c139336f49ae43a2f873b94d4f46fe2b628d95d3b,current_against_configuration,denmark,Denmark,direct_area_match,un_comtrade_partner_areas_reference,False
1964,X,S1,620,246.0,,TOTAL,2910231.0,True,True,0,False,19,"0,24,40,58,132,208,246,251,280,352,372,380,446,508,528,579,624,626,678,752,757,826",3e19e2fd1467e3d2c9f3cd8894aa60ce9fa3f88335ad2ad1f594a389b63c9be0,9c87944f318ed502502d41ffb5a535f40a311d791ce77d340fca6e73263a49b1,6d18ab294940328d994a5a2c139336f49ae43a2f873b94d4f46fe2b628d95d3b,current_against_configuration,finland,Finland,direct_area_match,un_comtrade_partner_areas_reference,False
1964,X,S1,620,251.0,,TOTAL,25677384.0,True,True,0,False,19,"0,24,40,58,132,208,246,251,280,352,372,380,446,508,528,579,624,626,678,752,757,826",3e19e2fd1467e3d2c9f3cd8894aa60ce9fa3f88335ad2ad1f594a389b63c9be0,9c87944f318ed502502d41ffb5a535f40a311d791ce77d340fca6e73263a49b1,6d18ab294940328d994a5a2c139336f49ae43a2f873b94d4f46fe2b628d95d3b,current_against_configuration,france,France customs area,customs_area_match,un_comtrade_customs_area_help,False
1964,X,S1,620,280.0,,TOTAL,39084680.0,True,True,0,False,19,"0,24,40,58,132,208,246,251,280,352,372,380,446,508,528,579,624,626,678,752,757,826",3e19e2fd1467e3d2c9f3cd8894aa60ce9fa3f88335ad2ad1f594a389b63c9be0,9c87944f318ed502502d41ffb5a535f40a311d791ce77d340fca6e73263a49b1,6d18ab294940328d994a5a2c139336f49ae43a2f873b94d4f46fe2b628d95d3b,current_against_configuration,west_germany,Former Federal Republic of Germany,historical_trade_area_match,un_comtrade_partner_areas_reference,False
1964,X,S1,620,352.0,,TOTAL,240899.0,True,True,0,False,19,"0,24,40,58,132,208,246,251,280,352,372,380,446,508,528,579,624,626,678,752,757,826",3e19e2fd1467e3d2c9f3cd8894aa60ce9fa3f88335ad2ad1f594a389b63c9be0,9c87944f318ed502502d41ffb5a535f40a311d791ce77d340fca6e73263a49b1,6d18ab294940328d994a5a2c139336f49ae43a2f873b94d4f46fe2b628d95d3b,current_against_configuration,iceland,Iceland,direct_area_match,un_comtrade_partner_areas_reference,False
1964,X,S1,620,372.0,,TOTAL,1270342.0,True,True,0,False,19,"0,24,40,58,132,208,246,251,280,352,372,380,446,508,528,579,624,626,678,752,757,826",3e19e2fd1467e3d2c9f3cd8894aa60ce9fa3f88335ad2ad1f594a389b63c9be0,9c87944f318ed502502d41ffb5a535f40a311d791ce77d340fca6e73263a49b1,6d18ab294940328d994a5a2c139336f49ae43a2f873b94d4f46fe2b628d95d3b,current_against_configuration,ireland,Ireland,direct_area_match,un_comtrade_partner_areas_reference,False
1964,X,S1,620,380.0,,TOTAL,15161782.0,True,True,0,False,19,"0,24,40,58,132,208,246,251,280,352,372,380,446,508,528,579,624,626,678,752,757,826",3e19e2fd1467e3d2c9f3cd8894aa60ce9fa3f88335ad2ad1f594a389b63c9be0,9c87944f318ed502502d41ffb5a535f40a311d791ce77d340fca6e73263a49b1,6d18ab294940328d994a5a2c139336f49ae43a2f873b94d4f46fe2b628d95d3b,current_against_configuration,italy,Italy,direct_area_match,un_comtrade_customs_area_help,False
1964,X,S1,620,508.0,,TOTAL,42268624.0,True,True,0,False,19,"0,24,40,58,132,208,246,251,280,352,372,380,446,508,528,579,624,626,678,752,757,826",3e19e2fd1467e3d2c9f3cd8894aa60ce9fa3f88335ad2ad1f594a389b63c9be0,9c87944f318ed502502d41ffb5a535f40a311d791ce77d340fca6e73263a49b1,6d18ab294940328d994a5a2c139336f49ae43a2f873b94d4f46fe2b628d95d3b,current_against_configuration,mozambique,Mozambique,direct_area_match,un_comtrade_partner_areas_reference,False
1964,X,S1,620,528.0,,TOTAL,13991353.0,True,True,0,False,19,"0,24,40,58,132,208,246,251,280,352,372,380,446,508,528,579,624,626,678,752,757,826",3e19e2fd1467e3d2c9f3cd8894aa60ce9fa3f88335ad2ad1f594a389b63c9be0,9c87944f318ed502502d41ffb5a535f40a311d791ce77d340fca6e73263a49b1,6d18ab294940328d994a5a2c139336f49ae43a2f873b94d4f46fe2b628d95d3b,current_against_configuration,netherlands,Netherlands,direct_area_match,un_comtrade_partner_areas_reference,False
1964,X,S1,620,579.0,,TOTAL,4650677.0,True,True,0,False,19,"0,24,40,58,132,208,246,251,280,352,372,380,446,508,528,579,624,626,678,752,757,826",3e19e2fd1467e3d2c9f3cd8894aa60ce9fa3f88335ad2ad1f594a389b63c9be0,9c87944f318ed502502d41ffb5a535f40a311d791ce77d340fca6e73263a49b1,6d18ab294940328d994a5a2c139336f49ae43a2f873b94d4f46fe2b628d95d3b,current_against_configuration,norway,"Norway, Svalbard and Jan Mayen",customs_area_match,un_comtrade_customs_area_help,False
1964,X,S1,620,624.0,,TOTAL,11671430.0,True,True,0,False,19,"0,24,40,58,132,208,246,251,280,352,372,380,446,508,528,579,624,626,678,752,757,826",3e19e2fd1467e3d2c9f3cd8894aa60ce9fa3f88335ad2ad1f594a389b63c9be0,9c87944f318ed502502d41ffb5a535f40a311d791ce77d340fca6e73263a49b1,6d18ab294940328d994a5a2c139336f49ae43a2f873b94d4f46fe2b628d95d3b,current_against_configuration,guinea_bissau,Guinea-Bissau,direct_area_match,un_comtrade_partner_areas_reference,False
1964,X,S1,620,626.0,,TOTAL,1003768.0,True,True,0,False,19,"0,24,40,58,132,208,246,251,280,352,372,380,446,508,528,579,624,626,678,752,757,826",3e19e2fd1467e3d2c9f3cd8894aa60ce9fa3f88335ad2ad1f594a389b63c9be0,9c87944f318ed502502d41ffb5a535f40a311d791ce77d340fca6e73263a49b1,6d18ab294940328d994a5a2c139336f49ae43a2f873b94d4f46fe2b628d95d3b,current_against_configuration,timor_leste,Timor-Leste,direct_area_match,un_comtrade_partner_areas_reference,False
1964,X,S1,620,752.0,,TOTAL,18290288.0,True,True,0,False,19,"0,24,40,58,132,208,246,251,280,352,372,380,446,508,528,579,624,626,678,752,757,826",3e19e2fd1467e3d2c9f3cd8894aa60ce9fa3f88335ad2ad1f594a389b63c9be0,9c87944f318ed502502d41ffb5a535f40a311d791ce77d340fca6e73263a49b1,6d18ab294940328d994a5a2c139336f49ae43a2f873b94d4f46fe2b628d95d3b,current_against_configuration,sweden,Sweden,direct_area_match,un_comtrade_partner_areas_reference,False
1964,X,S1,620,757.0,,TOTAL,9457880.0,True,True,0,False,19,"0,24,40,58,132,208,246,251,280,352,372,380,446,508,528,579,624,626,678,752,757,826",3e19e2fd1467e3d2c9f3cd8894aa60ce9fa3f88335ad2ad1f594a389b63c9be0,9c87944f318ed502502d41ffb5a535f40a311d791ce77d340fca6e73263a49b1,6d18ab294940328d994a5a2c139336f49ae43a2f873b94d4f46fe2b628d95d3b,current_against_configuration,switzerland_liechtenstein,Switzerland and Liechtenstein,customs_area_match,un_comtrade_customs_area_help,False
1964,X,S1,620,826.0,,TOTAL,81356504.0,True,True,0,False,19,"0,24,40,58,132,208,246,251,280,352,372,380,446,508,528,579,624,626,678,752,757,826",3e19e2fd1467e3d2c9f3cd8894aa60ce9fa3f88335ad2ad1f594a389b63c9be0,9c87944f318ed502502d41ffb5a535f40a311d791ce77d340fca6e73263a49b1,6d18ab294940328d994a5a2c139336f49ae43a2f873b94d4f46fe2b628d95d3b,current_against_configuration,united_kingdom,United Kingdom,direct_area_match,un_comtrade_partner_areas_reference,False
1964,X,S2,620,,,TOTAL,,,,,False,0,"0,24,40,58,132,208,246,251,280,352,372,380,446,508,528,579,624,626,678,752,757,826",3e19e2fd1467e3d2c9f3cd8894aa60ce9fa3f88335ad2ad1f594a389b63c9be0,9c87944f318ed502502d41ffb5a535f40a311d791ce77d340fca6e73263a49b1,6d18ab294940328d994a5a2c139336f49ae43a2f873b94d4f46fe2b628d95d3b,current_against_configuration,,,,,False
1965,M,S1,620,0.0,,TOTAL,923515840.0,True,True,0,True,19,"0,24,40,58,132,208,246,251,280,352,372,380,446,508,528,579,624,626,678,752,757,826",3e19e2fd1467e3d2c9f3cd8894aa60ce9fa3f88335ad2ad1f594a389b63c9be0,9c87944f318ed502502d41ffb5a535f40a311d791ce77d340fca6e73263a49b1,6d18ab294940328d994a5a2c139336f49ae43a2f873b94d4f46fe2b628d95d3b,current_against_configuration,world,World,comtrade_total,un_comtrade_partner_areas_reference,False
1965,M,S1,620,24.0,,TOTAL,71653016.0,True,True,0,False,19,"0,24,40,58,132,208,246,251,280,352,372,380,446,508,528,579,624,626,678,752,757,826",3e19e2fd1467e3d2c9f3cd8894aa60ce9fa3f88335ad2ad1f594a389b63c9be0,9c87944f318ed502502d41ffb5a535f40a311d791ce77d340fca6e73263a49b1,6d18ab294940328d994a5a2c139336f49ae43a2f873b94d4f46fe2b628d95d3b,current_against_configuration,angola,Angola,direct_area_match,un_comtrade_partner_areas_reference,False
1965,M,S1,620,40.0,,TOTAL,7467612.0,True,True,0,False,19,"0,24,40,58,132,208,246,251,280,352,372,380,446,508,528,579,624,626,678,752,757,826",3e19e2fd1467e3d2c9f3cd8894aa60ce9fa3f88335ad2ad1f594a389b63c9be0,9c87944f318ed502502d41ffb5a535f40a311d791ce77d340fca6e73263a49b1,6d18ab294940328d994a5a2c139336f49ae43a2f873b94d4f46fe2b628d95d3b,current_against_configuration,austria,Austria,direct_area_match,un_comtrade_partner_areas_reference,False
1965,M,S1,620,58.0,,TOTAL,31726160.0,True,True,0,False,19,"0,24,40,58,132,208,246,251,280,352,372,380,446,508,528,579,624,626,678,752,757,826",3e19e2fd1467e3d2c9f3cd8894aa60ce9fa3f88335ad2ad1f594a389b63c9be0,9c87944f318ed502502d41ffb5a535f40a311d791ce77d340fca6e73263a49b1,6d18ab294940328d994a5a2c139336f49ae43a2f873b94d4f46fe2b628d95d3b,current_against_configuration,belgium_luxembourg,Belgium-Luxembourg (...1998),historical_trade_area_match,un_comtrade_partner_areas_reference,False
1965,M,S1,620,208.0,,TOTAL,8912776.0,True,True,0,False,19,"0,24,40,58,132,208,246,251,280,352,372,380,446,508,528,579,624,626,678,752,757,826",3e19e2fd1467e3d2c9f3cd8894aa60ce9fa3f88335ad2ad1f594a389b63c9be0,9c87944f318ed502502d41ffb5a535f40a311d791ce77d340fca6e73263a49b1,6d18ab294940328d994a5a2c139336f49ae43a2f873b94d4f46fe2b628d95d3b,current_against_configuration,denmark,Denmark,direct_area_match,un_comtrade_partner_areas_reference,False
1965,M,S1,620,246.0,,TOTAL,2809485.0,True,True,0,False,19,"0,24,40,58,132,208,246,251,280,352,372,380,446,508,528,579,624,626,678,752,757,826",3e19e2fd1467e3d2c9f3cd8894aa60ce9fa3f88335ad2ad1f594a389b63c9be0,9c87944f318ed502502d41ffb5a535f40a311d791ce77d340fca6e73263a49b1,6d18ab294940328d994a5a2c139336f49ae43a2f873b94d4f46fe2b628d95d3b,current_against_configuration,finland,Finland,direct_area_match,un_comtrade_partner_areas_reference,False
1965,M,S1,620,251.0,,TOTAL,69459752.0,True,True,0,False,19,"0,24,40,58,132,208,246,251,280,352,372,380,446,508,528,579,624,626,678,752,757,826",3e19e2fd1467e3d2c9f3cd8894aa60ce9fa3f88335ad2ad1f594a389b63c9be0,9c87944f318ed502502d41ffb5a535f40a311d791ce77d340fca6e73263a49b1,6d18ab294940328d994a5a2c139336f49ae43a2f873b94d4f46fe2b628d95d3b,current_against_configuration,france,France customs area,customs_area_match,un_comtrade_customs_area_help,False
1965,M,S1,620,280.0,,TOTAL,150300592.0,True,True,0,False,19,"0,24,40,58,132,208,246,251,280,352,372,380,446,508,528,579,624,626,678,752,757,826",3e19e2fd1467e3d2c9f3cd8894aa60ce9fa3f88335ad2ad1f594a389b63c9be0,9c87944f318ed502502d41ffb5a535f40a311d791ce77d340fca6e73263a49b1,6d18ab294940328d994a5a2c139336f49ae43a2f873b94d4f46fe2b628d95d3b,current_against_configuration,west_germany,Former Federal Republic of Germany,historical_trade_area_match,un_comtrade_partner_areas_reference,False
1965,M,S1,620,352.0,,TOTAL,1861491.0,True,True,0,False,19,"0,24,40,58,132,208,246,251,280,352,372,380,446,508,528,579,624,626,678,752,757,826",3e19e2fd1467e3d2c9f3cd8894aa60ce9fa3f88335ad2ad1f594a389b63c9be0,9c87944f318ed502502d41ffb5a535f40a311d791ce77d340fca6e73263a49b1,6d18ab294940328d994a5a2c139336f49ae43a2f873b94d4f46fe2b628d95d3b,current_against_configuration,iceland,Iceland,direct_area_match,un_comtrade_partner_areas_reference,False
1965,M,S1,620,372.0,,TOTAL,818754.0,True,True,0,False,19,"0,24,40,58,132,208,246,251,280,352,372,380,446,508,528,579,624,626,678,752,757,826",3e19e2fd1467e3d2c9f3cd8894aa60ce9fa3f88335ad2ad1f594a389b63c9be0,9c87944f318ed502502d41ffb5a535f40a311d791ce77d340fca6e73263a49b1,6d18ab294940328d994a5a2c139336f49ae43a2f873b94d4f46fe2b628d95d3b,current_against_configuration,ireland,Ireland,direct_area_match,un_comtrade_partner_areas_reference,False
1965,M,S1,620,380.0,,TOTAL,47251416.0,True,True,0,False,19,"0,24,40,58,132,208,246,251,280,352,372,380,446,508,528,579,624,626,678,752,757,826",3e19e2fd1467e3d2c9f3cd8894aa60ce9fa3f88335ad2ad1f594a389b63c9be0,9c87944f318ed502502d41ffb5a535f40a311d791ce77d340fca6e73263a49b1,6d18ab294940328d994a5a2c139336f49ae43a2f873b94d4f46fe2b628d95d3b,current_against_configuration,italy,Italy,direct_area_match,un_comtrade_customs_area_help,False
1965,M,S1,620,508.0,,TOTAL,46151848.0,True,True,0,False,19,"0,24,40,58,132,208,246,251,280,352,372,380,446,508,528,579,624,626,678,752,757,826",3e19e2fd1467e3d2c9f3cd8894aa60ce9fa3f88335ad2ad1f594a389b63c9be0,9c87944f318ed502502d41ffb5a535f40a311d791ce77d340fca6e73263a49b1,6d18ab294940328d994a5a2c139336f49ae43a2f873b94d4f46fe2b628d95d3b,current_against_configuration,mozambique,Mozambique,direct_area_match,un_comtrade_partner_areas_reference,False
1965,M,S1,620,528.0,,TOTAL,23188032.0,True,True,0,False,19,"0,24,40,58,132,208,246,251,280,352,372,380,446,508,528,579,624,626,678,752,757,826",3e19e2fd1467e3d2c9f3cd8894aa60ce9fa3f88335ad2ad1f594a389b63c9be0,9c87944f318ed502502d41ffb5a535f40a311d791ce77d340fca6e73263a49b1,6d18ab294940328d994a5a2c139336f49ae43a2f873b94d4f46fe2b628d95d3b,current_against_configuration,netherlands,Netherlands,direct_area_match,un_comtrade_partner_areas_reference,False
1965,M,S1,620,579.0,,TOTAL,7097540.0,True,True,0,False,19,"0,24,40,58,132,208,246,251,280,352,372,380,446,508,528,579,624,626,678,752,757,826",3e19e2fd1467e3d2c9f3cd8894aa60ce9fa3f88335ad2ad1f594a389b63c9be0,9c87944f318ed502502d41ffb5a535f40a311d791ce77d340fca6e73263a49b1,6d18ab294940328d994a5a2c139336f49ae43a2f873b94d4f46fe2b628d95d3b,current_against_configuration,norway,"Norway, Svalbard and Jan Mayen",customs_area_match,un_comtrade_customs_area_help,False
1965,M,S1,620,624.0,,TOTAL,7935137.0,True,True,0,False,19,"0,24,40,58,132,208,246,251,280,352,372,380,446,508,528,579,624,626,678,752,757,826",3e19e2fd1467e3d2c9f3cd8894aa60ce9fa3f88335ad2ad1f594a389b63c9be0,9c87944f318ed502502d41ffb5a535f40a311d791ce77d340fca6e73263a49b1,6d18ab294940328d994a5a2c139336f49ae43a2f873b94d4f46fe2b628d95d3b,current_against_configuration,guinea_bissau,Guinea-Bissau,direct_area_match,un_comtrade_partner_areas_reference,False
1965,M,S1,620,626.0,,TOTAL,1218499.0,True,True,0,False,19,"0,24,40,58,132,208,246,251,280,352,372,380,446,508,528,579,624,626,678,752,757,826",3e19e2fd1467e3d2c9f3cd8894aa60ce9fa3f88335ad2ad1f594a389b63c9be0,9c87944f318ed502502d41ffb5a535f40a311d791ce77d340fca6e73263a49b1,6d18ab294940328d994a5a2c139336f49ae43a2f873b94d4f46fe2b628d95d3b,current_against_configuration,timor_leste,Timor-Leste,direct_area_match,un_comtrade_partner_areas_reference,False
1965,M,S1,620,752.0,,TOTAL,22733350.0,True,True,0,False,19,"0,24,40,58,132,208,246,251,280,352,372,380,446,508,528,579,624,626,678,752,757,826",3e19e2fd1467e3d2c9f3cd8894aa60ce9fa3f88335ad2ad1f594a389b63c9be0,9c87944f318ed502502d41ffb5a535f40a311d791ce77d340fca6e73263a49b1,6d18ab294940328d994a5a2c139336f49ae43a2f873b94d4f46fe2b628d95d3b,current_against_configuration,sweden,Sweden,direct_area_match,un_comtrade_partner_areas_reference,False
1965,M,S1,620,757.0,,TOTAL,31989966.0,True,True,0,False,19,"0,24,40,58,132,208,246,251,280,352,372,380,446,508,528,579,624,626,678,752,757,826",3e19e2fd1467e3d2c9f3cd8894aa60ce9fa3f88335ad2ad1f594a389b63c9be0,9c87944f318ed502502d41ffb5a535f40a311d791ce77d340fca6e73263a49b1,6d18ab294940328d994a5a2c139336f49ae43a2f873b94d4f46fe2b628d95d3b,current_against_configuration,switzerland_liechtenstein,Switzerland and Liechtenstein,customs_area_match,un_comtrade_customs_area_help,False
1965,M,S1,620,826.0,,TOTAL,119878240.0,True,True,0,False,19,"0,24,40,58,132,208,246,251,280,352,372,380,446,508,528,579,624,626,678,752,757,826",3e19e2fd1467e3d2c9f3cd8894aa60ce9fa3f88335ad2ad1f594a389b63c9be0,9c87944f318ed502502d41ffb5a535f40a311d791ce77d340fca6e73263a49b1,6d18ab294940328d994a5a2c139336f49ae43a2f873b94d4f46fe2b628d95d3b,current_against_configuration,united_kingdom,United Kingdom,direct_area_match,un_comtrade_partner_areas_reference,False
1965,M,S2,620,,,TOTAL,,,,,False,0,"0,24,40,58,132,208,246,251,280,352,372,380,446,508,528,579,624,626,678,752,757,826",3e19e2fd1467e3d2c9f3cd8894aa60ce9fa3f88335ad2ad1f594a389b63c9be0,9c87944f318ed502502d41ffb5a535f40a311d791ce77d340fca6e73263a49b1,6d18ab294940328d994a5a2c139336f49ae43a2f873b94d4f46fe2b628d95d3b,current_against_configuration,,,,,False
1965,X,S1,620,0.0,,TOTAL,576399168.0,True,True,0,True,19,"0,24,40,58,132,208,246,251,280,352,372,380,446,508,528,579,624,626,678,752,757,826",3e19e2fd1467e3d2c9f3cd8894aa60ce9fa3f88335ad2ad1f594a389b63c9be0,9c87944f318ed502502d41ffb5a535f40a311d791ce77d340fca6e73263a49b1,6d18ab294940328d994a5a2c139336f49ae43a2f873b94d4f46fe2b628d95d3b,current_against_configuration,world,World,comtrade_total,un_comtrade_partner_areas_reference,False
1965,X,S1,620,24.0,,TOTAL,81451472.0,True,True,0,False,19,"0,24,40,58,132,208,246,251,280,352,372,380,446,508,528,579,624,626,678,752,757,826",3e19e2fd1467e3d2c9f3cd8894aa60ce9fa3f88335ad2ad1f594a389b63c9be0,9c87944f318ed502502d41ffb5a535f40a311d791ce77d340fca6e73263a49b1,6d18ab294940328d994a5a2c139336f49ae43a2f873b94d4f46fe2b628d95d3b,current_against_configuration,angola,Angola,direct_area_match,un_comtrade_partner_areas_reference,False
1965,X,S1,620,40.0,,TOTAL,6318561.0,True,True,0,False,19,"0,24,40,58,132,208,246,251,280,352,372,380,446,508,528,579,624,626,678,752,757,826",3e19e2fd1467e3d2c9f3cd8894aa60ce9fa3f88335ad2ad1f594a389b63c9be0,9c87944f318ed502502d41ffb5a535f40a311d791ce77d340fca6e73263a49b1,6d18ab294940328d994a5a2c139336f49ae43a2f873b94d4f46fe2b628d95d3b,current_against_configuration,austria,Austria,direct_area_match,un_comtrade_partner_areas_reference,False
1965,X,S1,620,58.0,,TOTAL,13931522.0,True,True,0,False,19,"0,24,40,58,132,208,246,251,280,352,372,380,446,508,528,579,624,626,678,752,757,826",3e19e2fd1467e3d2c9f3cd8894aa60ce9fa3f88335ad2ad1f594a389b63c9be0,9c87944f318ed502502d41ffb5a535f40a311d791ce77d340fca6e73263a49b1,6d18ab294940328d994a5a2c139336f49ae43a2f873b94d4f46fe2b628d95d3b,current_against_configuration,belgium_luxembourg,Belgium-Luxembourg (...1998),historical_trade_area_match,un_comtrade_partner_areas_reference,False
1965,X,S1,620,208.0,,TOTAL,12026106.0,True,True,0,False,19,"0,24,40,58,132,208,246,251,280,352,372,380,446,508,528,579,624,626,678,752,757,826",3e19e2fd1467e3d2c9f3cd8894aa60ce9fa3f88335ad2ad1f594a389b63c9be0,9c87944f318ed502502d41ffb5a535f40a311d791ce77d340fca6e73263a49b1,6d18ab294940328d994a5a2c139336f49ae43a2f873b94d4f46fe2b628d95d3b,current_against_configuration,denmark,Denmark,direct_area_match,un_comtrade_partner_areas_reference,False
1965,X,S1,620,246.0,,TOTAL,3267636.0,True,True,0,False,19,"0,24,40,58,132,208,246,251,280,352,372,380,446,508,528,579,624,626,678,752,757,826",3e19e2fd1467e3d2c9f3cd8894aa60ce9fa3f88335ad2ad1f594a389b63c9be0,9c87944f318ed502502d41ffb5a535f40a311d791ce77d340fca6e73263a49b1,6d18ab294940328d994a5a2c139336f49ae43a2f873b94d4f46fe2b628d95d3b,current_against_configuration,finland,Finland,direct_area_match,un_comtrade_partner_areas_reference,False
1965,X,S1,620,251.0,,TOTAL,26546778.0,True,True,0,False,19,"0,24,40,58,132,208,246,251,280,352,372,380,446,508,528,579,624,626,678,752,757,826",3e19e2fd1467e3d2c9f3cd8894aa60ce9fa3f88335ad2ad1f594a389b63c9be0,9c87944f318ed502502d41ffb5a535f40a311d791ce77d340fca6e73263a49b1,6d18ab294940328d994a5a2c139336f49ae43a2f873b94d4f46fe2b628d95d3b,current_against_configuration,france,France customs area,customs_area_match,un_comtrade_customs_area_help,False
1965,X,S1,620,280.0,,TOTAL,46537032.0,True,True,0,False,19,"0,24,40,58,132,208,246,251,280,352,372,380,446,508,528,579,624,626,678,752,757,826",3e19e2fd1467e3d2c9f3cd8894aa60ce9fa3f88335ad2ad1f594a389b63c9be0,9c87944f318ed502502d41ffb5a535f40a311d791ce77d340fca6e73263a49b1,6d18ab294940328d994a5a2c139336f49ae43a2f873b94d4f46fe2b628d95d3b,current_against_configuration,west_germany,Former Federal Republic of Germany,historical_trade_area_match,un_comtrade_partner_areas_reference,False
1965,X,S1,620,352.0,,TOTAL,536443.0,True,True,0,False,19,"0,24,40,58,132,208,246,251,280,352,372,380,446,508,528,579,624,626,678,752,757,826",3e19e2fd1467e3d2c9f3cd8894aa60ce9fa3f88335ad2ad1f594a389b63c9be0,9c87944f318ed502502d41ffb5a535f40a311d791ce77d340fca6e73263a49b1,6d18ab294940328d994a5a2c139336f49ae43a2f873b94d4f46fe2b628d95d3b,current_against_configuration,iceland,Iceland,direct_area_match,un_comtrade_partner_areas_reference,False
1965,X,S1,620,372.0,,TOTAL,1593620.0,True,True,0,False,19,"0,24,40,58,132,208,246,251,280,352,372,380,446,508,528,579,624,626,678,752,757,826",3e19e2fd1467e3d2c9f3cd8894aa60ce9fa3f88335ad2ad1f594a389b63c9be0,9c87944f318ed502502d41ffb5a535f40a311d791ce77d340fca6e73263a49b1,6d18ab294940328d994a5a2c139336f49ae43a2f873b94d4f46fe2b628d95d3b,current_against_configuration,ireland,Ireland,direct_area_match,un_comtrade_partner_areas_reference,False
1965,X,S1,620,380.0,,TOTAL,16948676.0,True,True,0,False,19,"0,24,40,58,132,208,246,251,280,352,372,380,446,508,528,579,624,626,678,752,757,826",3e19e2fd1467e3d2c9f3cd8894aa60ce9fa3f88335ad2ad1f594a389b63c9be0,9c87944f318ed502502d41ffb5a535f40a311d791ce77d340fca6e73263a49b1,6d18ab294940328d994a5a2c139336f49ae43a2f873b94d4f46fe2b628d95d3b,current_against_configuration,italy,Italy,direct_area_match,un_comtrade_customs_area_help,False
1965,X,S1,620,508.0,,TOTAL,47136680.0,True,True,0,False,19,"0,24,40,58,132,208,246,251,280,352,372,380,446,508,528,579,624,626,678,752,757,826",3e19e2fd1467e3d2c9f3cd8894aa60ce9fa3f88335ad2ad1f594a389b63c9be0,9c87944f318ed502502d41ffb5a535f40a311d791ce77d340fca6e73263a49b1,6d18ab294940328d994a5a2c139336f49ae43a2f873b94d4f46fe2b628d95d3b,current_against_configuration,mozambique,Mozambique,direct_area_match,un_comtrade_partner_areas_reference,False
1965,X,S1,620,528.0,,TOTAL,15457877.0,True,True,0,False,19,"0,24,40,58,132,208,246,251,280,352,372,380,446,508,528,579,624,626,678,752,757,826",3e19e2fd1467e3d2c9f3cd8894aa60ce9fa3f88335ad2ad1f594a389b63c9be0,9c87944f318ed502502d41ffb5a535f40a311d791ce77d340fca6e73263a49b1,6d18ab294940328d994a5a2c139336f49ae43a2f873b94d4f46fe2b628d95d3b,current_against_configuration,netherlands,Netherlands,direct_area_match,un_comtrade_partner_areas_reference,False
1965,X,S1,620,579.0,,TOTAL,5126533.0,True,True,0,False,19,"0,24,40,58,132,208,246,251,280,352,372,380,446,508,528,579,624,626,678,752,757,826",3e19e2fd1467e3d2c9f3cd8894aa60ce9fa3f88335ad2ad1f594a389b63c9be0,9c87944f318ed502502d41ffb5a535f40a311d791ce77d340fca6e73263a49b1,6d18ab294940328d994a5a2c139336f49ae43a2f873b94d4f46fe2b628d95d3b,current_against_configuration,norway,"Norway, Svalbard and Jan Mayen",customs_area_match,un_comtrade_customs_area_help,False
1965,X,S1,620,624.0,,TOTAL,14275078.0,True,True,0,False,19,"0,24,40,58,132,208,246,251,280,352,372,380,446,508,528,579,624,626,678,752,757,826",3e19e2fd1467e3d2c9f3cd8894aa60ce9fa3f88335ad2ad1f594a389b63c9be0,9c87944f318ed502502d41ffb5a535f40a311d791ce77d340fca6e73263a49b1,6d18ab294940328d994a5a2c139336f49ae43a2f873b94d4f46fe2b628d95d3b,current_against_configuration,guinea_bissau,Guinea-Bissau,direct_area_match,un_comtrade_partner_areas_reference,False
1965,X,S1,620,626.0,,TOTAL,1002814.0,True,True,0,False,19,"0,24,40,58,132,208,246,251,280,352,372,380,446,508,528,579,624,626,678,752,757,826",3e19e2fd1467e3d2c9f3cd8894aa60ce9fa3f88335ad2ad1f594a389b63c9be0,9c87944f318ed502502d41ffb5a535f40a311d791ce77d340fca6e73263a49b1,6d18ab294940328d994a5a2c139336f49ae43a2f873b94d4f46fe2b628d95d3b,current_against_configuration,timor_leste,Timor-Leste,direct_area_match,un_comtrade_partner_areas_reference,False
1965,X,S1,620,752.0,,TOTAL,19316174.0,True,True,0,False,19,"0,24,40,58,132,208,246,251,280,352,372,380,446,508,528,579,624,626,678,752,757,826",3e19e2fd1467e3d2c9f3cd8894aa60ce9fa3f88335ad2ad1f594a389b63c9be0,9c87944f318ed502502d41ffb5a535f40a311d791ce77d340fca6e73263a49b1,6d18ab294940328d994a5a2c139336f49ae43a2f873b94d4f46fe2b628d95d3b,current_against_configuration,sweden,Sweden,direct_area_match,un_comtrade_partner_areas_reference,False
1965,X,S1,620,757.0,,TOTAL,10346491.0,True,True,0,False,19,"0,24,40,58,132,208,246,251,280,352,372,380,446,508,528,579,624,626,678,752,757,826",3e19e2fd1467e3d2c9f3cd8894aa60ce9fa3f88335ad2ad1f594a389b63c9be0,9c87944f318ed502502d41ffb5a535f40a311d791ce77d340fca6e73263a49b1,6d18ab294940328d994a5a2c139336f49ae43a2f873b94d4f46fe2b628d95d3b,current_against_configuration,switzerland_liechtenstein,Switzerland and Liechtenstein,customs_area_match,un_comtrade_customs_area_help,False
1965,X,S1,620,826.0,,TOTAL,101627328.0,True,True,0,False,19,"0,24,40,58,132,208,246,251,280,352,372,380,446,508,528,579,624,626,678,752,757,826",3e19e2fd1467e3d2c9f3cd8894aa60ce9fa3f88335ad2ad1f594a389b63c9be0,9c87944f318ed502502d41ffb5a535f40a311d791ce77d340fca6e73263a49b1,6d18ab294940328d994a5a2c139336f49ae43a2f873b94d4f46fe2b628d95d3b,current_against_configuration,united_kingdom,United Kingdom,direct_area_match,un_comtrade_partner_areas_reference,False
1965,X,S2,620,,,TOTAL,,,,,False,0,"0,24,40,58,132,208,246,251,280,352,372,380,446,508,528,579,624,626,678,752,757,826",3e19e2fd1467e3d2c9f3cd8894aa60ce9fa3f88335ad2ad1f594a389b63c9be0,9c87944f318ed502502d41ffb5a535f40a311d791ce77d340fca6e73263a49b1,6d18ab294940328d994a5a2c139336f49ae43a2f873b94d4f46fe2b628d95d3b,current_against_configuration,,,,,False
1966,M,S1,620,0.0,,TOTAL,1022796800.0,True,True,0,True,19,"0,24,40,58,132,208,246,251,280,352,372,380,446,508,528,579,624,626,678,752,757,826",3e19e2fd1467e3d2c9f3cd8894aa60ce9fa3f88335ad2ad1f594a389b63c9be0,9c87944f318ed502502d41ffb5a535f40a311d791ce77d340fca6e73263a49b1,6d18ab294940328d994a5a2c139336f49ae43a2f873b94d4f46fe2b628d95d3b,current_against_configuration,world,World,comtrade_total,un_comtrade_partner_areas_reference,False
1966,M,S1,620,24.0,,TOTAL,84102328.0,True,True,0,False,19,"0,24,40,58,132,208,246,251,280,352,372,380,446,508,528,579,624,626,678,752,757,826",3e19e2fd1467e3d2c9f3cd8894aa60ce9fa3f88335ad2ad1f594a389b63c9be0,9c87944f318ed502502d41ffb5a535f40a311d791ce77d340fca6e73263a49b1,6d18ab294940328d994a5a2c139336f49ae43a2f873b94d4f46fe2b628d95d3b,current_against_configuration,angola,Angola,direct_area_match,un_comtrade_partner_areas_reference,False
1966,M,S1,620,40.0,,TOTAL,9784191.0,True,True,0,False,19,"0,24,40,58,132,208,246,251,280,352,372,380,446,508,528,579,624,626,678,752,757,826",3e19e2fd1467e3d2c9f3cd8894aa60ce9fa3f88335ad2ad1f594a389b63c9be0,9c87944f318ed502502d41ffb5a535f40a311d791ce77d340fca6e73263a49b1,6d18ab294940328d994a5a2c139336f49ae43a2f873b94d4f46fe2b628d95d3b,current_against_configuration,austria,Austria,direct_area_match,un_comtrade_partner_areas_reference,False
1966,M,S1,620,58.0,,TOTAL,34921916.0,True,True,0,False,19,"0,24,40,58,132,208,246,251,280,352,372,380,446,508,528,579,624,626,678,752,757,826",3e19e2fd1467e3d2c9f3cd8894aa60ce9fa3f88335ad2ad1f594a389b63c9be0,9c87944f318ed502502d41ffb5a535f40a311d791ce77d340fca6e73263a49b1,6d18ab294940328d994a5a2c139336f49ae43a2f873b94d4f46fe2b628d95d3b,current_against_configuration,belgium_luxembourg,Belgium-Luxembourg (...1998),historical_trade_area_match,un_comtrade_partner_areas_reference,False
1966,M,S1,620,208.0,,TOTAL,8531000.0,True,True,0,False,19,"0,24,40,58,132,208,246,251,280,352,372,380,446,508,528,579,624,626,678,752,757,826",3e19e2fd1467e3d2c9f3cd8894aa60ce9fa3f88335ad2ad1f594a389b63c9be0,9c87944f318ed502502d41ffb5a535f40a311d791ce77d340fca6e73263a49b1,6d18ab294940328d994a5a2c139336f49ae43a2f873b94d4f46fe2b628d95d3b,current_against_configuration,denmark,Denmark,direct_area_match,un_comtrade_partner_areas_reference,False
1966,M,S1,620,246.0,,TOTAL,5038966.0,True,True,0,False,19,"0,24,40,58,132,208,246,251,280,352,372,380,446,508,528,579,624,626,678,752,757,826",3e19e2fd1467e3d2c9f3cd8894aa60ce9fa3f88335ad2ad1f594a389b63c9be0,9c87944f318ed502502d41ffb5a535f40a311d791ce77d340fca6e73263a49b1,6d18ab294940328d994a5a2c139336f49ae43a2f873b94d4f46fe2b628d95d3b,current_against_configuration,finland,Finland,direct_area_match,un_comtrade_partner_areas_reference,False
1966,M,S1,620,251.0,,TOTAL,76760280.0,True,True,0,False,19,"0,24,40,58,132,208,246,251,280,352,372,380,446,508,528,579,624,626,678,752,757,826",3e19e2fd1467e3d2c9f3cd8894aa60ce9fa3f88335ad2ad1f594a389b63c9be0,9c87944f318ed502502d41ffb5a535f40a311d791ce77d340fca6e73263a49b1,6d18ab294940328d994a5a2c139336f49ae43a2f873b94d4f46fe2b628d95d3b,current_against_configuration,france,France customs area,customs_area_match,un_comtrade_customs_area_help,False
1966,M,S1,620,280.0,,TOTAL,156009424.0,True,True,0,False,19,"0,24,40,58,132,208,246,251,280,352,372,380,446,508,528,579,624,626,678,752,757,826",3e19e2fd1467e3d2c9f3cd8894aa60ce9fa3f88335ad2ad1f594a389b63c9be0,9c87944f318ed502502d41ffb5a535f40a311d791ce77d340fca6e73263a49b1,6d18ab294940328d994a5a2c139336f49ae43a2f873b94d4f46fe2b628d95d3b,current_against_configuration,west_germany,Former Federal Republic of Germany,historical_trade_area_match,un_comtrade_partner_areas_reference,False
1966,M,S1,620,352.0,,TOTAL,4085221.0,True,True,0,False,19,"0,24,40,58,132,208,246,251,280,352,372,380,446,508,528,579,624,626,678,752,757,826",3e19e2fd1467e3d2c9f3cd8894aa60ce9fa3f88335ad2ad1f594a389b63c9be0,9c87944f318ed502502d41ffb5a535f40a311d791ce77d340fca6e73263a49b1,6d18ab294940328d994a5a2c139336f49ae43a2f873b94d4f46fe2b628d95d3b,current_against_configuration,iceland,Iceland,direct_area_match,un_comtrade_partner_areas_reference,False
1966,M,S1,620,372.0,,TOTAL,1138671.0,True,True,0,False,19,"0,24,40,58,132,208,246,251,280,352,372,380,446,508,528,579,624,626,678,752,757,826",3e19e2fd1467e3d2c9f3cd8894aa60ce9fa3f88335ad2ad1f594a389b63c9be0,9c87944f318ed502502d41ffb5a535f40a311d791ce77d340fca6e73263a49b1,6d18ab294940328d994a5a2c139336f49ae43a2f873b94d4f46fe2b628d95d3b,current_against_configuration,ireland,Ireland,direct_area_match,un_comtrade_partner_areas_reference,False
1966,M,S1,620,380.0,,TOTAL,54391916.0,True,True,0,False,19,"0,24,40,58,132,208,246,251,280,352,372,380,446,508,528,579,624,626,678,752,757,826",3e19e2fd1467e3d2c9f3cd8894aa60ce9fa3f88335ad2ad1f594a389b63c9be0,9c87944f318ed502502d41ffb5a535f40a311d791ce77d340fca6e73263a49b1,6d18ab294940328d994a5a2c139336f49ae43a2f873b94d4f46fe2b628d95d3b,current_against_configuration,italy,Italy,direct_area_match,un_comtrade_customs_area_help,False
1966,M,S1,620,508.0,,TOTAL,45330328.0,True,True,0,False,19,"0,24,40,58,132,208,246,251,280,352,372,380,446,508,528,579,624,626,678,752,757,826",3e19e2fd1467e3d2c9f3cd8894aa60ce9fa3f88335ad2ad1f594a389b63c9be0,9c87944f318ed502502d41ffb5a535f40a311d791ce77d340fca6e73263a49b1,6d18ab294940328d994a5a2c139336f49ae43a2f873b94d4f46fe2b628d95d3b,current_against_configuration,mozambique,Mozambique,direct_area_match,un_comtrade_partner_areas_reference,False
1966,M,S1,620,528.0,,TOTAL,28982596.0,True,True,0,False,19,"0,24,40,58,132,208,246,251,280,352,372,380,446,508,528,579,624,626,678,752,757,826",3e19e2fd1467e3d2c9f3cd8894aa60ce9fa3f88335ad2ad1f594a389b63c9be0,9c87944f318ed502502d41ffb5a535f40a311d791ce77d340fca6e73263a49b1,6d18ab294940328d994a5a2c139336f49ae43a2f873b94d4f46fe2b628d95d3b,current_against_configuration,netherlands,Netherlands,direct_area_match,un_comtrade_partner_areas_reference,False
1966,M,S1,620,579.0,,TOTAL,5051093.0,True,True,0,False,19,"0,24,40,58,132,208,246,251,280,352,372,380,446,508,528,579,624,626,678,752,757,826",3e19e2fd1467e3d2c9f3cd8894aa60ce9fa3f88335ad2ad1f594a389b63c9be0,9c87944f318ed502502d41ffb5a535f40a311d791ce77d340fca6e73263a49b1,6d18ab294940328d994a5a2c139336f49ae43a2f873b94d4f46fe2b628d95d3b,current_against_configuration,norway,"Norway, Svalbard and Jan Mayen",customs_area_match,un_comtrade_customs_area_help,False
1966,M,S1,620,624.0,,TOTAL,6225871.0,True,True,0,False,19,"0,24,40,58,132,208,246,251,280,352,372,380,446,508,528,579,624,626,678,752,757,826",3e19e2fd1467e3d2c9f3cd8894aa60ce9fa3f88335ad2ad1f594a389b63c9be0,9c87944f318ed502502d41ffb5a535f40a311d791ce77d340fca6e73263a49b1,6d18ab294940328d994a5a2c139336f49ae43a2f873b94d4f46fe2b628d95d3b,current_against_configuration,guinea_bissau,Guinea-Bissau,direct_area_match,un_comtrade_partner_areas_reference,False
1966,M,S1,620,626.0,,TOTAL,1444004.0,True,True,0,False,19,"0,24,40,58,132,208,246,251,280,352,372,380,446,508,528,579,624,626,678,752,757,826",3e19e2fd1467e3d2c9f3cd8894aa60ce9fa3f88335ad2ad1f594a389b63c9be0,9c87944f318ed502502d41ffb5a535f40a311d791ce77d340fca6e73263a49b1,6d18ab294940328d994a5a2c139336f49ae43a2f873b94d4f46fe2b628d95d3b,current_against_configuration,timor_leste,Timor-Leste,direct_area_match,un_comtrade_partner_areas_reference,False
1966,M,S1,620,752.0,,TOTAL,33622596.0,True,True,0,False,19,"0,24,40,58,132,208,246,251,280,352,372,380,446,508,528,579,624,626,678,752,757,826",3e19e2fd1467e3d2c9f3cd8894aa60ce9fa3f88335ad2ad1f594a389b63c9be0,9c87944f318ed502502d41ffb5a535f40a311d791ce77d340fca6e73263a49b1,6d18ab294940328d994a5a2c139336f49ae43a2f873b94d4f46fe2b628d95d3b,current_against_configuration,sweden,Sweden,direct_area_match,un_comtrade_partner_areas_reference,False
1966,M,S1,620,757.0,,TOTAL,37355476.0,True,True,0,False,19,"0,24,40,58,132,208,246,251,280,352,372,380,446,508,528,579,624,626,678,752,757,826",3e19e2fd1467e3d2c9f3cd8894aa60ce9fa3f88335ad2ad1f594a389b63c9be0,9c87944f318ed502502d41ffb5a535f40a311d791ce77d340fca6e73263a49b1,6d18ab294940328d994a5a2c139336f49ae43a2f873b94d4f46fe2b628d95d3b,current_against_configuration,switzerland_liechtenstein,Switzerland and Liechtenstein,customs_area_match,un_comtrade_customs_area_help,False
1966,M,S1,620,826.0,,TOTAL,139942000.0,True,True,0,False,19,"0,24,40,58,132,208,246,251,280,352,372,380,446,508,528,579,624,626,678,752,757,826",3e19e2fd1467e3d2c9f3cd8894aa60ce9fa3f88335ad2ad1f594a389b63c9be0,9c87944f318ed502502d41ffb5a535f40a311d791ce77d340fca6e73263a49b1,6d18ab294940328d994a5a2c139336f49ae43a2f873b94d4f46fe2b628d95d3b,current_against_configuration,united_kingdom,United Kingdom,direct_area_match,un_comtrade_partner_areas_reference,False
1966,M,S2,620,,,TOTAL,,,,,False,0,"0,24,40,58,132,208,246,251,280,352,372,380,446,508,528,579,624,626,678,752,757,826",3e19e2fd1467e3d2c9f3cd8894aa60ce9fa3f88335ad2ad1f594a389b63c9be0,9c87944f318ed502502d41ffb5a535f40a311d791ce77d340fca6e73263a49b1,6d18ab294940328d994a5a2c139336f49ae43a2f873b94d4f46fe2b628d95d3b,current_against_configuration,,,,,False
1966,X,S1,620,0.0,,TOTAL,619503488.0,True,True,0,True,19,"0,24,40,58,132,208,246,251,280,352,372,380,446,508,528,579,624,626,678,752,757,826",3e19e2fd1467e3d2c9f3cd8894aa60ce9fa3f88335ad2ad1f594a389b63c9be0,9c87944f318ed502502d41ffb5a535f40a311d791ce77d340fca6e73263a49b1,6d18ab294940328d994a5a2c139336f49ae43a2f873b94d4f46fe2b628d95d3b,current_against_configuration,world,World,comtrade_total,un_comtrade_partner_areas_reference,False
1966,X,S1,620,24.0,,TOTAL,77319872.0,True,True,0,False,19,"0,24,40,58,132,208,246,251,280,352,372,380,446,508,528,579,624,626,678,752,757,826",3e19e2fd1467e3d2c9f3cd8894aa60ce9fa3f88335ad2ad1f594a389b63c9be0,9c87944f318ed502502d41ffb5a535f40a311d791ce77d340fca6e73263a49b1,6d18ab294940328d994a5a2c139336f49ae43a2f873b94d4f46fe2b628d95d3b,current_against_configuration,angola,Angola,direct_area_match,un_comtrade_partner_areas_reference,False
1966,X,S1,620,40.0,,TOTAL,7993567.0,True,True,0,False,19,"0,24,40,58,132,208,246,251,280,352,372,380,446,508,528,579,624,626,678,752,757,826",3e19e2fd1467e3d2c9f3cd8894aa60ce9fa3f88335ad2ad1f594a389b63c9be0,9c87944f318ed502502d41ffb5a535f40a311d791ce77d340fca6e73263a49b1,6d18ab294940328d994a5a2c139336f49ae43a2f873b94d4f46fe2b628d95d3b,current_against_configuration,austria,Austria,direct_area_match,un_comtrade_partner_areas_reference,False
1966,X,S1,620,58.0,,TOTAL,13717329.0,True,True,0,False,19,"0,24,40,58,132,208,246,251,280,352,372,380,446,508,528,579,624,626,678,752,757,826",3e19e2fd1467e3d2c9f3cd8894aa60ce9fa3f88335ad2ad1f594a389b63c9be0,9c87944f318ed502502d41ffb5a535f40a311d791ce77d340fca6e73263a49b1,6d18ab294940328d994a5a2c139336f49ae43a2f873b94d4f46fe2b628d95d3b,current_against_configuration,belgium_luxembourg,Belgium-Luxembourg (...1998),historical_trade_area_match,un_comtrade_partner_areas_reference,False
1966,X,S1,620,208.0,,TOTAL,14086670.0,True,True,0,False,19,"0,24,40,58,132,208,246,251,280,352,372,380,446,508,528,579,624,626,678,752,757,826",3e19e2fd1467e3d2c9f3cd8894aa60ce9fa3f88335ad2ad1f594a389b63c9be0,9c87944f318ed502502d41ffb5a535f40a311d791ce77d340fca6e73263a49b1,6d18ab294940328d994a5a2c139336f49ae43a2f873b94d4f46fe2b628d95d3b,current_against_configuration,denmark,Denmark,direct_area_match,un_comtrade_partner_areas_reference,False
1966,X,S1,620,246.0,,TOTAL,5298847.0,True,True,0,False,19,"0,24,40,58,132,208,246,251,280,352,372,380,446,508,528,579,624,626,678,752,757,826",3e19e2fd1467e3d2c9f3cd8894aa60ce9fa3f88335ad2ad1f594a389b63c9be0,9c87944f318ed502502d41ffb5a535f40a311d791ce77d340fca6e73263a49b1,6d18ab294940328d994a5a2c139336f49ae43a2f873b94d4f46fe2b628d95d3b,current_against_configuration,finland,Finland,direct_area_match,un_comtrade_partner_areas_reference,False
1966,X,S1,620,251.0,,TOTAL,31450708.0,True,True,0,False,19,"0,24,40,58,132,208,246,251,280,352,372,380,446,508,528,579,624,626,678,752,757,826",3e19e2fd1467e3d2c9f3cd8894aa60ce9fa3f88335ad2ad1f594a389b63c9be0,9c87944f318ed502502d41ffb5a535f40a311d791ce77d340fca6e73263a49b1,6d18ab294940328d994a5a2c139336f49ae43a2f873b94d4f46fe2b628d95d3b,current_against_configuration,france,France customs area,customs_area_match,un_comtrade_customs_area_help,False
1966,X,S1,620,280.0,,TOTAL,39429056.0,True,True,0,False,19,"0,24,40,58,132,208,246,251,280,352,372,380,446,508,528,579,624,626,678,752,757,826",3e19e2fd1467e3d2c9f3cd8894aa60ce9fa3f88335ad2ad1f594a389b63c9be0,9c87944f318ed502502d41ffb5a535f40a311d791ce77d340fca6e73263a49b1,6d18ab294940328d994a5a2c139336f49ae43a2f873b94d4f46fe2b628d95d3b,current_against_configuration,west_germany,Former Federal Republic of Germany,historical_trade_area_match,un_comtrade_partner_areas_reference,False
1966,X,S1,620,352.0,,TOTAL,411311.0,True,True,0,False,19,"0,24,40,58,132,208,246,251,280,352,372,380,446,508,528,579,624,626,678,752,757,826",3e19e2fd1467e3d2c9f3cd8894aa60ce9fa3f88335ad2ad1f594a389b63c9be0,9c87944f318ed502502d41ffb5a535f40a311d791ce77d340fca6e73263a49b1,6d18ab294940328d994a5a2c139336f49ae43a2f873b94d4f46fe2b628d95d3b,current_against_configuration,iceland,Iceland,direct_area_match,un_comtrade_partner_areas_reference,False
1966,X,S1,620,372.0,,TOTAL,1365204.0,True,True,0,False,19,"0,24,40,58,132,208,246,251,280,352,372,380,446,508,528,579,624,626,678,752,757,826",3e19e2fd1467e3d2c9f3cd8894aa60ce9fa3f88335ad2ad1f594a389b63c9be0,9c87944f318ed502502d41ffb5a535f40a311d791ce77d340fca6e73263a49b1,6d18ab294940328d994a5a2c139336f49ae43a2f873b94d4f46fe2b628d95d3b,current_against_configuration,ireland,Ireland,direct_area_match,un_comtrade_partner_areas_reference,False
1966,X,S1,620,380.0,,TOTAL,20560064.0,True,True,0,False,19,"0,24,40,58,132,208,246,251,280,352,372,380,446,508,528,579,624,626,678,752,757,826",3e19e2fd1467e3d2c9f3cd8894aa60ce9fa3f88335ad2ad1f594a389b63c9be0,9c87944f318ed502502d41ffb5a535f40a311d791ce77d340fca6e73263a49b1,6d18ab294940328d994a5a2c139336f49ae43a2f873b94d4f46fe2b628d95d3b,current_against_configuration,italy,Italy,direct_area_match,un_comtrade_customs_area_help,False
1966,X,S1,620,508.0,,TOTAL,53712104.0,True,True,0,False,19,"0,24,40,58,132,208,246,251,280,352,372,380,446,508,528,579,624,626,678,752,757,826",3e19e2fd1467e3d2c9f3cd8894aa60ce9fa3f88335ad2ad1f594a389b63c9be0,9c87944f318ed502502d41ffb5a535f40a311d791ce77d340fca6e73263a49b1,6d18ab294940328d994a5a2c139336f49ae43a2f873b94d4f46fe2b628d95d3b,current_against_configuration,mozambique,Mozambique,direct_area_match,un_comtrade_partner_areas_reference,False
1966,X,S1,620,528.0,,TOTAL,15233733.0,True,True,0,False,19,"0,24,40,58,132,208,246,251,280,352,372,380,446,508,528,579,624,626,678,752,757,826",3e19e2fd1467e3d2c9f3cd8894aa60ce9fa3f88335ad2ad1f594a389b63c9be0,9c87944f318ed502502d41ffb5a535f40a311d791ce77d340fca6e73263a49b1,6d18ab294940328d994a5a2c139336f49ae43a2f873b94d4f46fe2b628d95d3b,current_against_configuration,netherlands,Netherlands,direct_area_match,un_comtrade_partner_areas_reference,False
1966,X,S1,620,579.0,,TOTAL,6268845.0,True,True,0,False,19,"0,24,40,58,132,208,246,251,280,352,372,380,446,508,528,579,624,626,678,752,757,826",3e19e2fd1467e3d2c9f3cd8894aa60ce9fa3f88335ad2ad1f594a389b63c9be0,9c87944f318ed502502d41ffb5a535f40a311d791ce77d340fca6e73263a49b1,6d18ab294940328d994a5a2c139336f49ae43a2f873b94d4f46fe2b628d95d3b,current_against_configuration,norway,"Norway, Svalbard and Jan Mayen",customs_area_match,un_comtrade_customs_area_help,False
1966,X,S1,620,624.0,,TOTAL,13865209.0,True,True,0,False,19,"0,24,40,58,132,208,246,251,280,352,372,380,446,508,528,579,624,626,678,752,757,826",3e19e2fd1467e3d2c9f3cd8894aa60ce9fa3f88335ad2ad1f594a389b63c9be0,9c87944f318ed502502d41ffb5a535f40a311d791ce77d340fca6e73263a49b1,6d18ab294940328d994a5a2c139336f49ae43a2f873b94d4f46fe2b628d95d3b,current_against_configuration,guinea_bissau,Guinea-Bissau,direct_area_match,un_comtrade_partner_areas_reference,False
1966,X,S1,620,626.0,,TOTAL,941339.0,True,True,0,False,19,"0,24,40,58,132,208,246,251,280,352,372,380,446,508,528,579,624,626,678,752,757,826",3e19e2fd1467e3d2c9f3cd8894aa60ce9fa3f88335ad2ad1f594a389b63c9be0,9c87944f318ed502502d41ffb5a535f40a311d791ce77d340fca6e73263a49b1,6d18ab294940328d994a5a2c139336f49ae43a2f873b94d4f46fe2b628d95d3b,current_against_configuration,timor_leste,Timor-Leste,direct_area_match,un_comtrade_partner_areas_reference,False
1966,X,S1,620,752.0,,TOTAL,19428288.0,True,True,0,False,19,"0,24,40,58,132,208,246,251,280,352,372,380,446,508,528,579,624,626,678,752,757,826",3e19e2fd1467e3d2c9f3cd8894aa60ce9fa3f88335ad2ad1f594a389b63c9be0,9c87944f318ed502502d41ffb5a535f40a311d791ce77d340fca6e73263a49b1,6d18ab294940328d994a5a2c139336f49ae43a2f873b94d4f46fe2b628d95d3b,current_against_configuration,sweden,Sweden,direct_area_match,un_comtrade_partner_areas_reference,False
1966,X,S1,620,757.0,,TOTAL,10431662.0,True,True,0,False,19,"0,24,40,58,132,208,246,251,280,352,372,380,446,508,528,579,624,626,678,752,757,826",3e19e2fd1467e3d2c9f3cd8894aa60ce9fa3f88335ad2ad1f594a389b63c9be0,9c87944f318ed502502d41ffb5a535f40a311d791ce77d340fca6e73263a49b1,6d18ab294940328d994a5a2c139336f49ae43a2f873b94d4f46fe2b628d95d3b,current_against_configuration,switzerland_liechtenstein,Switzerland and Liechtenstein,customs_area_match,un_comtrade_customs_area_help,False
1966,X,S1,620,826.0,,TOTAL,115690632.0,True,True,0,False,19,"0,24,40,58,132,208,246,251,280,352,372,380,446,508,528,579,624,626,678,752,757,826",3e19e2fd1467e3d2c9f3cd8894aa60ce9fa3f88335ad2ad1f594a389b63c9be0,9c87944f318ed502502d41ffb5a535f40a311d791ce77d340fca6e73263a49b1,6d18ab294940328d994a5a2c139336f49ae43a2f873b94d4f46fe2b628d95d3b,current_against_configuration,united_kingdom,United Kingdom,direct_area_match,un_comtrade_partner_areas_reference,False
1966,X,S2,620,,,TOTAL,,,,,False,0,"0,24,40,58,132,208,246,251,280,352,372,380,446,508,528,579,624,626,678,752,757,826",3e19e2fd1467e3d2c9f3cd8894aa60ce9fa3f88335ad2ad1f594a389b63c9be0,9c87944f318ed502502d41ffb5a535f40a311d791ce77d340fca6e73263a49b1,6d18ab294940328d994a5a2c139336f49ae43a2f873b94d4f46fe2b628d95d3b,current_against_configuration,,,,,False
1967,M,S1,620,0.0,,TOTAL,1059153920.0,True,True,0,True,19,"0,24,40,58,132,208,246,251,280,352,372,380,446,508,528,579,624,626,678,752,757,826",3e19e2fd1467e3d2c9f3cd8894aa60ce9fa3f88335ad2ad1f594a389b63c9be0,9c87944f318ed502502d41ffb5a535f40a311d791ce77d340fca6e73263a49b1,6d18ab294940328d994a5a2c139336f49ae43a2f873b94d4f46fe2b628d95d3b,current_against_configuration,world,World,comtrade_total,un_comtrade_partner_areas_reference,False
1967,M,S1,620,24.0,,TOTAL,87785112.0,True,True,0,False,19,"0,24,40,58,132,208,246,251,280,352,372,380,446,508,528,579,624,626,678,752,757,826",3e19e2fd1467e3d2c9f3cd8894aa60ce9fa3f88335ad2ad1f594a389b63c9be0,9c87944f318ed502502d41ffb5a535f40a311d791ce77d340fca6e73263a49b1,6d18ab294940328d994a5a2c139336f49ae43a2f873b94d4f46fe2b628d95d3b,current_against_configuration,angola,Angola,direct_area_match,un_comtrade_partner_areas_reference,False
1967,M,S1,620,40.0,,TOTAL,10222661.0,True,True,0,False,19,"0,24,40,58,132,208,246,251,280,352,372,380,446,508,528,579,624,626,678,752,757,826",3e19e2fd1467e3d2c9f3cd8894aa60ce9fa3f88335ad2ad1f594a389b63c9be0,9c87944f318ed502502d41ffb5a535f40a311d791ce77d340fca6e73263a49b1,6d18ab294940328d994a5a2c139336f49ae43a2f873b94d4f46fe2b628d95d3b,current_against_configuration,austria,Austria,direct_area_match,un_comtrade_partner_areas_reference,False
1967,M,S1,620,58.0,,TOTAL,29475178.0,True,True,0,False,19,"0,24,40,58,132,208,246,251,280,352,372,380,446,508,528,579,624,626,678,752,757,826",3e19e2fd1467e3d2c9f3cd8894aa60ce9fa3f88335ad2ad1f594a389b63c9be0,9c87944f318ed502502d41ffb5a535f40a311d791ce77d340fca6e73263a49b1,6d18ab294940328d994a5a2c139336f49ae43a2f873b94d4f46fe2b628d95d3b,current_against_configuration,belgium_luxembourg,Belgium-Luxembourg (...1998),historical_trade_area_match,un_comtrade_partner_areas_reference,False
1967,M,S1,620,208.0,,TOTAL,12918445.0,True,True,0,False,19,"0,24,40,58,132,208,246,251,280,352,372,380,446,508,528,579,624,626,678,752,757,826",3e19e2fd1467e3d2c9f3cd8894aa60ce9fa3f88335ad2ad1f594a389b63c9be0,9c87944f318ed502502d41ffb5a535f40a311d791ce77d340fca6e73263a49b1,6d18ab294940328d994a5a2c139336f49ae43a2f873b94d4f46fe2b628d95d3b,current_against_configuration,denmark,Denmark,direct_area_match,un_comtrade_partner_areas_reference,False
1967,M,S1,620,246.0,,TOTAL,4520902.0,True,True,0,False,19,"0,24,40,58,132,208,246,251,280,352,372,380,446,508,528,579,624,626,678,752,757,826",3e19e2fd1467e3d2c9f3cd8894aa60ce9fa3f88335ad2ad1f594a389b63c9be0,9c87944f318ed502502d41ffb5a535f40a311d791ce77d340fca6e73263a49b1,6d18ab294940328d994a5a2c139336f49ae43a2f873b94d4f46fe2b628d95d3b,current_against_configuration,finland,Finland,direct_area_match,un_comtrade_partner_areas_reference,False
1967,M,S1,620,251.0,,TOTAL,72720736.0,True,True,0,False,19,"0,24,40,58,132,208,246,251,280,352,372,380,446,508,528,579,624,626,678,752,757,826",3e19e2fd1467e3d2c9f3cd8894aa60ce9fa3f88335ad2ad1f594a389b63c9be0,9c87944f318ed502502d41ffb5a535f40a311d791ce77d340fca6e73263a49b1,6d18ab294940328d994a5a2c139336f49ae43a2f873b94d4f46fe2b628d95d3b,current_against_configuration,france,France customs area,customs_area_match,un_comtrade_customs_area_help,False
1967,M,S1,620,280.0,,TOTAL,159652224.0,True,True,0,False,19,"0,24,40,58,132,208,246,251,280,352,372,380,446,508,528,579,624,626,678,752,757,826",3e19e2fd1467e3d2c9f3cd8894aa60ce9fa3f88335ad2ad1f594a389b63c9be0,9c87944f318ed502502d41ffb5a535f40a311d791ce77d340fca6e73263a49b1,6d18ab294940328d994a5a2c139336f49ae43a2f873b94d4f46fe2b628d95d3b,current_against_configuration,west_germany,Former Federal Republic of Germany,historical_trade_area_match,un_comtrade_partner_areas_reference,False
1967,M,S1,620,352.0,,TOTAL,5249111.0,True,True,0,False,19,"0,24,40,58,132,208,246,251,280,352,372,380,446,508,528,579,624,626,678,752,757,826",3e19e2fd1467e3d2c9f3cd8894aa60ce9fa3f88335ad2ad1f594a389b63c9be0,9c87944f318ed502502d41ffb5a535f40a311d791ce77d340fca6e73263a49b1,6d18ab294940328d994a5a2c139336f49ae43a2f873b94d4f46fe2b628d95d3b,current_against_configuration,iceland,Iceland,direct_area_match,un_comtrade_partner_areas_reference,False
1967,M,S1,620,372.0,,TOTAL,420207.0,True,True,0,False,19,"0,24,40,58,132,208,246,251,280,352,372,380,446,508,528,579,624,626,678,752,757,826",3e19e2fd1467e3d2c9f3cd8894aa60ce9fa3f88335ad2ad1f594a389b63c9be0,9c87944f318ed502502d41ffb5a535f40a311d791ce77d340fca6e73263a49b1,6d18ab294940328d994a5a2c139336f49ae43a2f873b94d4f46fe2b628d95d3b,current_against_configuration,ireland,Ireland,direct_area_match,un_comtrade_partner_areas_reference,False
1967,M,S1,620,380.0,,TOTAL,61296188.0,True,True,0,False,19,"0,24,40,58,132,208,246,251,280,352,372,380,446,508,528,579,624,626,678,752,757,826",3e19e2fd1467e3d2c9f3cd8894aa60ce9fa3f88335ad2ad1f594a389b63c9be0,9c87944f318ed502502d41ffb5a535f40a311d791ce77d340fca6e73263a49b1,6d18ab294940328d994a5a2c139336f49ae43a2f873b94d4f46fe2b628d95d3b,current_against_configuration,italy,Italy,direct_area_match,un_comtrade_customs_area_help,False
1967,M,S1,620,508.0,,TOTAL,55667132.0,True,True,0,False,19,"0,24,40,58,132,208,246,251,280,352,372,380,446,508,528,579,624,626,678,752,757,826",3e19e2fd1467e3d2c9f3cd8894aa60ce9fa3f88335ad2ad1f594a389b63c9be0,9c87944f318ed502502d41ffb5a535f40a311d791ce77d340fca6e73263a49b1,6d18ab294940328d994a5a2c139336f49ae43a2f873b94d4f46fe2b628d95d3b,current_against_configuration,mozambique,Mozambique,direct_area_match,un_comtrade_partner_areas_reference,False
1967,M,S1,620,528.0,,TOTAL,31498084.0,True,True,0,False,19,"0,24,40,58,132,208,246,251,280,352,372,380,446,508,528,579,624,626,678,752,757,826",3e19e2fd1467e3d2c9f3cd8894aa60ce9fa3f88335ad2ad1f594a389b63c9be0,9c87944f318ed502502d41ffb5a535f40a311d791ce77d340fca6e73263a49b1,6d18ab294940328d994a5a2c139336f49ae43a2f873b94d4f46fe2b628d95d3b,current_against_configuration,netherlands,Netherlands,direct_area_match,un_comtrade_partner_areas_reference,False
1967,M,S1,620,579.0,,TOTAL,8803839.0,True,True,0,False,19,"0,24,40,58,132,208,246,251,280,352,372,380,446,508,528,579,624,626,678,752,757,826",3e19e2fd1467e3d2c9f3cd8894aa60ce9fa3f88335ad2ad1f594a389b63c9be0,9c87944f318ed502502d41ffb5a535f40a311d791ce77d340fca6e73263a49b1,6d18ab294940328d994a5a2c139336f49ae43a2f873b94d4f46fe2b628d95d3b,current_against_configuration,norway,"Norway, Svalbard and Jan Mayen",customs_area_match,un_comtrade_customs_area_help,False
1967,M,S1,620,624.0,,TOTAL,5740327.0,True,True,0,False,19,"0,24,40,58,132,208,246,251,280,352,372,380,446,508,528,579,624,626,678,752,757,826",3e19e2fd1467e3d2c9f3cd8894aa60ce9fa3f88335ad2ad1f594a389b63c9be0,9c87944f318ed502502d41ffb5a535f40a311d791ce77d340fca6e73263a49b1,6d18ab294940328d994a5a2c139336f49ae43a2f873b94d4f46fe2b628d95d3b,current_against_configuration,guinea_bissau,Guinea-Bissau,direct_area_match,un_comtrade_partner_areas_reference,False
1967,M,S1,620,626.0,,TOTAL,2152217.0,True,True,0,False,19,"0,24,40,58,132,208,246,251,280,352,372,380,446,508,528,579,624,626,678,752,757,826",3e19e2fd1467e3d2c9f3cd8894aa60ce9fa3f88335ad2ad1f594a389b63c9be0,9c87944f318ed502502d41ffb5a535f40a311d791ce77d340fca6e73263a49b1,6d18ab294940328d994a5a2c139336f49ae43a2f873b94d4f46fe2b628d95d3b,current_against_configuration,timor_leste,Timor-Leste,direct_area_match,un_comtrade_partner_areas_reference,False
1967,M,S1,620,752.0,,TOTAL,26744008.0,True,True,0,False,19,"0,24,40,58,132,208,246,251,280,352,372,380,446,508,528,579,624,626,678,752,757,826",3e19e2fd1467e3d2c9f3cd8894aa60ce9fa3f88335ad2ad1f594a389b63c9be0,9c87944f318ed502502d41ffb5a535f40a311d791ce77d340fca6e73263a49b1,6d18ab294940328d994a5a2c139336f49ae43a2f873b94d4f46fe2b628d95d3b,current_against_configuration,sweden,Sweden,direct_area_match,un_comtrade_partner_areas_reference,False
1967,M,S1,620,757.0,,TOTAL,38563944.0,True,True,0,False,19,"0,24,40,58,132,208,246,251,280,352,372,380,446,508,528,579,624,626,678,752,757,826",3e19e2fd1467e3d2c9f3cd8894aa60ce9fa3f88335ad2ad1f594a389b63c9be0,9c87944f318ed502502d41ffb5a535f40a311d791ce77d340fca6e73263a49b1,6d18ab294940328d994a5a2c139336f49ae43a2f873b94d4f46fe2b628d95d3b,current_against_configuration,switzerland_liechtenstein,Switzerland and Liechtenstein,customs_area_match,un_comtrade_customs_area_help,False
1967,M,S1,620,826.0,,TOTAL,144768640.0,True,True,0,False,19,"0,24,40,58,132,208,246,251,280,352,372,380,446,508,528,579,624,626,678,752,757,826",3e19e2fd1467e3d2c9f3cd8894aa60ce9fa3f88335ad2ad1f594a389b63c9be0,9c87944f318ed502502d41ffb5a535f40a311d791ce77d340fca6e73263a49b1,6d18ab294940328d994a5a2c139336f49ae43a2f873b94d4f46fe2b628d95d3b,current_against_configuration,united_kingdom,United Kingdom,direct_area_match,un_comtrade_partner_areas_reference,False
1967,M,S2,620,,,TOTAL,,,,,False,0,"0,24,40,58,132,208,246,251,280,352,372,380,446,508,528,579,624,626,678,752,757,826",3e19e2fd1467e3d2c9f3cd8894aa60ce9fa3f88335ad2ad1f594a389b63c9be0,9c87944f318ed502502d41ffb5a535f40a311d791ce77d340fca6e73263a49b1,6d18ab294940328d994a5a2c139336f49ae43a2f873b94d4f46fe2b628d95d3b,current_against_configuration,,,,,False
1967,X,S1,620,0.0,,TOTAL,701361664.0,True,True,0,True,19,"0,24,40,58,132,208,246,251,280,352,372,380,446,508,528,579,624,626,678,752,757,826",3e19e2fd1467e3d2c9f3cd8894aa60ce9fa3f88335ad2ad1f594a389b63c9be0,9c87944f318ed502502d41ffb5a535f40a311d791ce77d340fca6e73263a49b1,6d18ab294940328d994a5a2c139336f49ae43a2f873b94d4f46fe2b628d95d3b,current_against_configuration,world,World,comtrade_total,un_comtrade_partner_areas_reference,False
1967,X,S1,620,24.0,,TOTAL,92780888.0,True,True,0,False,19,"0,24,40,58,132,208,246,251,280,352,372,380,446,508,528,579,624,626,678,752,757,826",3e19e2fd1467e3d2c9f3cd8894aa60ce9fa3f88335ad2ad1f594a389b63c9be0,9c87944f318ed502502d41ffb5a535f40a311d791ce77d340fca6e73263a49b1,6d18ab294940328d994a5a2c139336f49ae43a2f873b94d4f46fe2b628d95d3b,current_against_configuration,angola,Angola,direct_area_match,un_comtrade_partner_areas_reference,False
1967,X,S1,620,40.0,,TOTAL,10298691.0,True,True,0,False,19,"0,24,40,58,132,208,246,251,280,352,372,380,446,508,528,579,624,626,678,752,757,826",3e19e2fd1467e3d2c9f3cd8894aa60ce9fa3f88335ad2ad1f594a389b63c9be0,9c87944f318ed502502d41ffb5a535f40a311d791ce77d340fca6e73263a49b1,6d18ab294940328d994a5a2c139336f49ae43a2f873b94d4f46fe2b628d95d3b,current_against_configuration,austria,Austria,direct_area_match,un_comtrade_partner_areas_reference,False
1967,X,S1,620,58.0,,TOTAL,13109422.0,True,True,0,False,19,"0,24,40,58,132,208,246,251,280,352,372,380,446,508,528,579,624,626,678,752,757,826",3e19e2fd1467e3d2c9f3cd8894aa60ce9fa3f88335ad2ad1f594a389b63c9be0,9c87944f318ed502502d41ffb5a535f40a311d791ce77d340fca6e73263a49b1,6d18ab294940328d994a5a2c139336f49ae43a2f873b94d4f46fe2b628d95d3b,current_against_configuration,belgium_luxembourg,Belgium-Luxembourg (...1998),historical_trade_area_match,un_comtrade_partner_areas_reference,False
1967,X,S1,620,208.0,,TOTAL,18296672.0,True,True,0,False,19,"0,24,40,58,132,208,246,251,280,352,372,380,446,508,528,579,624,626,678,752,757,826",3e19e2fd1467e3d2c9f3cd8894aa60ce9fa3f88335ad2ad1f594a389b63c9be0,9c87944f318ed502502d41ffb5a535f40a311d791ce77d340fca6e73263a49b1,6d18ab294940328d994a5a2c139336f49ae43a2f873b94d4f46fe2b628d95d3b,current_against_configuration,denmark,Denmark,direct_area_match,un_comtrade_partner_areas_reference,False
1967,X,S1,620,246.0,,TOTAL,7051392.0,True,True,0,False,19,"0,24,40,58,132,208,246,251,280,352,372,380,446,508,528,579,624,626,678,752,757,826",3e19e2fd1467e3d2c9f3cd8894aa60ce9fa3f88335ad2ad1f594a389b63c9be0,9c87944f318ed502502d41ffb5a535f40a311d791ce77d340fca6e73263a49b1,6d18ab294940328d994a5a2c139336f49ae43a2f873b94d4f46fe2b628d95d3b,current_against_configuration,finland,Finland,direct_area_match,un_comtrade_partner_areas_reference,False
1967,X,S1,620,251.0,,TOTAL,32571152.0,True,True,0,False,19,"0,24,40,58,132,208,246,251,280,352,372,380,446,508,528,579,624,626,678,752,757,826",3e19e2fd1467e3d2c9f3cd8894aa60ce9fa3f88335ad2ad1f594a389b63c9be0,9c87944f318ed502502d41ffb5a535f40a311d791ce77d340fca6e73263a49b1,6d18ab294940328d994a5a2c139336f49ae43a2f873b94d4f46fe2b628d95d3b,current_against_configuration,france,France customs area,customs_area_match,un_comtrade_customs_area_help,False
1967,X,S1,620,280.0,,TOTAL,37325912.0,True,True,0,False,19,"0,24,40,58,132,208,246,251,280,352,372,380,446,508,528,579,624,626,678,752,757,826",3e19e2fd1467e3d2c9f3cd8894aa60ce9fa3f88335ad2ad1f594a389b63c9be0,9c87944f318ed502502d41ffb5a535f40a311d791ce77d340fca6e73263a49b1,6d18ab294940328d994a5a2c139336f49ae43a2f873b94d4f46fe2b628d95d3b,current_against_configuration,west_germany,Former Federal Republic of Germany,historical_trade_area_match,un_comtrade_partner_areas_reference,False
1967,X,S1,620,352.0,,TOTAL,235562.0,True,True,0,False,19,"0,24,40,58,132,208,246,251,280,352,372,380,446,508,528,579,624,626,678,752,757,826",3e19e2fd1467e3d2c9f3cd8894aa60ce9fa3f88335ad2ad1f594a389b63c9be0,9c87944f318ed502502d41ffb5a535f40a311d791ce77d340fca6e73263a49b1,6d18ab294940328d994a5a2c139336f49ae43a2f873b94d4f46fe2b628d95d3b,current_against_configuration,iceland,Iceland,direct_area_match,un_comtrade_partner_areas_reference,False
1967,X,S1,620,372.0,,TOTAL,1512923.0,True,True,0,False,19,"0,24,40,58,132,208,246,251,280,352,372,380,446,508,528,579,624,626,678,752,757,826",3e19e2fd1467e3d2c9f3cd8894aa60ce9fa3f88335ad2ad1f594a389b63c9be0,9c87944f318ed502502d41ffb5a535f40a311d791ce77d340fca6e73263a49b1,6d18ab294940328d994a5a2c139336f49ae43a2f873b94d4f46fe2b628d95d3b,current_against_configuration,ireland,Ireland,direct_area_match,un_comtrade_partner_areas_reference,False
1967,X,S1,620,380.0,,TOTAL,17173014.0,True,True,0,False,19,"0,24,40,58,132,208,246,251,280,352,372,380,446,508,528,579,624,626,678,752,757,826",3e19e2fd1467e3d2c9f3cd8894aa60ce9fa3f88335ad2ad1f594a389b63c9be0,9c87944f318ed502502d41ffb5a535f40a311d791ce77d340fca6e73263a49b1,6d18ab294940328d994a5a2c139336f49ae43a2f873b94d4f46fe2b628d95d3b,current_against_configuration,italy,Italy,direct_area_match,un_comtrade_customs_area_help,False
1967,X,S1,620,508.0,,TOTAL,60107196.0,True,True,0,False,19,"0,24,40,58,132,208,246,251,280,352,372,380,446,508,528,579,624,626,678,752,757,826",3e19e2fd1467e3d2c9f3cd8894aa60ce9fa3f88335ad2ad1f594a389b63c9be0,9c87944f318ed502502d41ffb5a535f40a311d791ce77d340fca6e73263a49b1,6d18ab294940328d994a5a2c139336f49ae43a2f873b94d4f46fe2b628d95d3b,current_against_configuration,mozambique,Mozambique,direct_area_match,un_comtrade_partner_areas_reference,False
1967,X,S1,620,528.0,,TOTAL,16473770.0,True,True,0,False,19,"0,24,40,58,132,208,246,251,280,352,372,380,446,508,528,579,624,626,678,752,757,826",3e19e2fd1467e3d2c9f3cd8894aa60ce9fa3f88335ad2ad1f594a389b63c9be0,9c87944f318ed502502d41ffb5a535f40a311d791ce77d340fca6e73263a49b1,6d18ab294940328d994a5a2c139336f49ae43a2f873b94d4f46fe2b628d95d3b,current_against_configuration,netherlands,Netherlands,direct_area_match,un_comtrade_partner_areas_reference,False
1967,X,S1,620,579.0,,TOTAL,8710070.0,True,True,0,False,19,"0,24,40,58,132,208,246,251,280,352,372,380,446,508,528,579,624,626,678,752,757,826",3e19e2fd1467e3d2c9f3cd8894aa60ce9fa3f88335ad2ad1f594a389b63c9be0,9c87944f318ed502502d41ffb5a535f40a311d791ce77d340fca6e73263a49b1,6d18ab294940328d994a5a2c139336f49ae43a2f873b94d4f46fe2b628d95d3b,current_against_configuration,norway,"Norway, Svalbard and Jan Mayen",customs_area_match,un_comtrade_customs_area_help,False
1967,X,S1,620,624.0,,TOTAL,16386386.0,True,True,0,False,19,"0,24,40,58,132,208,246,251,280,352,372,380,446,508,528,579,624,626,678,752,757,826",3e19e2fd1467e3d2c9f3cd8894aa60ce9fa3f88335ad2ad1f594a389b63c9be0,9c87944f318ed502502d41ffb5a535f40a311d791ce77d340fca6e73263a49b1,6d18ab294940328d994a5a2c139336f49ae43a2f873b94d4f46fe2b628d95d3b,current_against_configuration,guinea_bissau,Guinea-Bissau,direct_area_match,un_comtrade_partner_areas_reference,False
1967,X,S1,620,626.0,,TOTAL,1577120.0,True,True,0,False,19,"0,24,40,58,132,208,246,251,280,352,372,380,446,508,528,579,624,626,678,752,757,826",3e19e2fd1467e3d2c9f3cd8894aa60ce9fa3f88335ad2ad1f594a389b63c9be0,9c87944f318ed502502d41ffb5a535f40a311d791ce77d340fca6e73263a49b1,6d18ab294940328d994a5a2c139336f49ae43a2f873b94d4f46fe2b628d95d3b,current_against_configuration,timor_leste,Timor-Leste,direct_area_match,un_comtrade_partner_areas_reference,False
1967,X,S1,620,752.0,,TOTAL,32809452.0,True,True,0,False,19,"0,24,40,58,132,208,246,251,280,352,372,380,446,508,528,579,624,626,678,752,757,826",3e19e2fd1467e3d2c9f3cd8894aa60ce9fa3f88335ad2ad1f594a389b63c9be0,9c87944f318ed502502d41ffb5a535f40a311d791ce77d340fca6e73263a49b1,6d18ab294940328d994a5a2c139336f49ae43a2f873b94d4f46fe2b628d95d3b,current_against_configuration,sweden,Sweden,direct_area_match,un_comtrade_partner_areas_reference,False
1967,X,S1,620,757.0,,TOTAL,12700499.0,True,True,0,False,19,"0,24,40,58,132,208,246,251,280,352,372,380,446,508,528,579,624,626,678,752,757,826",3e19e2fd1467e3d2c9f3cd8894aa60ce9fa3f88335ad2ad1f594a389b63c9be0,9c87944f318ed502502d41ffb5a535f40a311d791ce77d340fca6e73263a49b1,6d18ab294940328d994a5a2c139336f49ae43a2f873b94d4f46fe2b628d95d3b,current_against_configuration,switzerland_liechtenstein,Switzerland and Liechtenstein,customs_area_match,un_comtrade_customs_area_help,False
1967,X,S1,620,826.0,,TOTAL,150582880.0,True,True,0,False,19,"0,24,40,58,132,208,246,251,280,352,372,380,446,508,528,579,624,626,678,752,757,826",3e19e2fd1467e3d2c9f3cd8894aa60ce9fa3f88335ad2ad1f594a389b63c9be0,9c87944f318ed502502d41ffb5a535f40a311d791ce77d340fca6e73263a49b1,6d18ab294940328d994a5a2c139336f49ae43a2f873b94d4f46fe2b628d95d3b,current_against_configuration,united_kingdom,United Kingdom,direct_area_match,un_comtrade_partner_areas_reference,False
1967,X,S2,620,,,TOTAL,,,,,False,0,"0,24,40,58,132,208,246,251,280,352,372,380,446,508,528,579,624,626,678,752,757,826",3e19e2fd1467e3d2c9f3cd8894aa60ce9fa3f88335ad2ad1f594a389b63c9be0,9c87944f318ed502502d41ffb5a535f40a311d791ce77d340fca6e73263a49b1,6d18ab294940328d994a5a2c139336f49ae43a2f873b94d4f46fe2b628d95d3b,current_against_configuration,,,,,False
1968,M,S1,620,0.0,,TOTAL,1178384896.0,True,True,0,True,19,"0,24,40,58,132,208,246,251,280,352,372,380,446,508,528,579,624,626,678,752,757,826",3e19e2fd1467e3d2c9f3cd8894aa60ce9fa3f88335ad2ad1f594a389b63c9be0,9c87944f318ed502502d41ffb5a535f40a311d791ce77d340fca6e73263a49b1,6d18ab294940328d994a5a2c139336f49ae43a2f873b94d4f46fe2b628d95d3b,current_against_configuration,world,World,comtrade_total,un_comtrade_partner_areas_reference,False
1968,M,S1,620,24.0,,TOTAL,110053744.0,True,True,0,False,19,"0,24,40,58,132,208,246,251,280,352,372,380,446,508,528,579,624,626,678,752,757,826",3e19e2fd1467e3d2c9f3cd8894aa60ce9fa3f88335ad2ad1f594a389b63c9be0,9c87944f318ed502502d41ffb5a535f40a311d791ce77d340fca6e73263a49b1,6d18ab294940328d994a5a2c139336f49ae43a2f873b94d4f46fe2b628d95d3b,current_against_configuration,angola,Angola,direct_area_match,un_comtrade_partner_areas_reference,False
1968,M,S1,620,40.0,,TOTAL,14712691.0,True,True,0,False,19,"0,24,40,58,132,208,246,251,280,352,372,380,446,508,528,579,624,626,678,752,757,826",3e19e2fd1467e3d2c9f3cd8894aa60ce9fa3f88335ad2ad1f594a389b63c9be0,9c87944f318ed502502d41ffb5a535f40a311d791ce77d340fca6e73263a49b1,6d18ab294940328d994a5a2c139336f49ae43a2f873b94d4f46fe2b628d95d3b,current_against_configuration,austria,Austria,direct_area_match,un_comtrade_partner_areas_reference,False
1968,M,S1,620,58.0,,TOTAL,29548168.0,True,True,0,False,19,"0,24,40,58,132,208,246,251,280,352,372,380,446,508,528,579,624,626,678,752,757,826",3e19e2fd1467e3d2c9f3cd8894aa60ce9fa3f88335ad2ad1f594a389b63c9be0,9c87944f318ed502502d41ffb5a535f40a311d791ce77d340fca6e73263a49b1,6d18ab294940328d994a5a2c139336f49ae43a2f873b94d4f46fe2b628d95d3b,current_against_configuration,belgium_luxembourg,Belgium-Luxembourg (...1998),historical_trade_area_match,un_comtrade_partner_areas_reference,False
1968,M,S1,620,208.0,,TOTAL,11402130.0,True,True,0,False,19,"0,24,40,58,132,208,246,251,280,352,372,380,446,508,528,579,624,626,678,752,757,826",3e19e2fd1467e3d2c9f3cd8894aa60ce9fa3f88335ad2ad1f594a389b63c9be0,9c87944f318ed502502d41ffb5a535f40a311d791ce77d340fca6e73263a49b1,6d18ab294940328d994a5a2c139336f49ae43a2f873b94d4f46fe2b628d95d3b,current_against_configuration,denmark,Denmark,direct_area_match,un_comtrade_partner_areas_reference,False
1968,M,S1,620,246.0,,TOTAL,4952343.0,True,True,0,False,19,"0,24,40,58,132,208,246,251,280,352,372,380,446,508,528,579,624,626,678,752,757,826",3e19e2fd1467e3d2c9f3cd8894aa60ce9fa3f88335ad2ad1f594a389b63c9be0,9c87944f318ed502502d41ffb5a535f40a311d791ce77d340fca6e73263a49b1,6d18ab294940328d994a5a2c139336f49ae43a2f873b94d4f46fe2b628d95d3b,current_against_configuration,finland,Finland,direct_area_match,un_comtrade_partner_areas_reference,False
1968,M,S1,620,251.0,,TOTAL,81627384.0,True,True,0,False,19,"0,24,40,58,132,208,246,251,280,352,372,380,446,508,528,579,624,626,678,752,757,826",3e19e2fd1467e3d2c9f3cd8894aa60ce9fa3f88335ad2ad1f594a389b63c9be0,9c87944f318ed502502d41ffb5a535f40a311d791ce77d340fca6e73263a49b1,6d18ab294940328d994a5a2c139336f49ae43a2f873b94d4f46fe2b628d95d3b,current_against_configuration,france,France customs area,customs_area_match,un_comtrade_customs_area_help,False
1968,M,S1,620,280.0,,TOTAL,183956192.0,True,True,0,False,19,"0,24,40,58,132,208,246,251,280,352,372,380,446,508,528,579,624,626,678,752,757,826",3e19e2fd1467e3d2c9f3cd8894aa60ce9fa3f88335ad2ad1f594a389b63c9be0,9c87944f318ed502502d41ffb5a535f40a311d791ce77d340fca6e73263a49b1,6d18ab294940328d994a5a2c139336f49ae43a2f873b94d4f46fe2b628d95d3b,current_against_configuration,west_germany,Former Federal Republic of Germany,historical_trade_area_match,un_comtrade_partner_areas_reference,False
1968,M,S1,620,352.0,,TOTAL,2957123.0,True,True,0,False,19,"0,24,40,58,132,208,246,251,280,352,372,380,446,508,528,579,624,626,678,752,757,826",3e19e2fd1467e3d2c9f3cd8894aa60ce9fa3f88335ad2ad1f594a389b63c9be0,9c87944f318ed502502d41ffb5a535f40a311d791ce77d340fca6e73263a49b1,6d18ab294940328d994a5a2c139336f49ae43a2f873b94d4f46fe2b628d95d3b,current_against_configuration,iceland,Iceland,direct_area_match,un_comtrade_partner_areas_reference,False
1968,M,S1,620,372.0,,TOTAL,495494.0,True,True,0,False,19,"0,24,40,58,132,208,246,251,280,352,372,380,446,508,528,579,624,626,678,752,757,826",3e19e2fd1467e3d2c9f3cd8894aa60ce9fa3f88335ad2ad1f594a389b63c9be0,9c87944f318ed502502d41ffb5a535f40a311d791ce77d340fca6e73263a49b1,6d18ab294940328d994a5a2c139336f49ae43a2f873b94d4f46fe2b628d95d3b,current_against_configuration,ireland,Ireland,direct_area_match,un_comtrade_partner_areas_reference,False
1968,M,S1,620,380.0,,TOTAL,69506504.0,True,True,0,False,19,"0,24,40,58,132,208,246,251,280,352,372,380,446,508,528,579,624,626,678,752,757,826",3e19e2fd1467e3d2c9f3cd8894aa60ce9fa3f88335ad2ad1f594a389b63c9be0,9c87944f318ed502502d41ffb5a535f40a311d791ce77d340fca6e73263a49b1,6d18ab294940328d994a5a2c139336f49ae43a2f873b94d4f46fe2b628d95d3b,current_against_configuration,italy,Italy,direct_area_match,un_comtrade_customs_area_help,False
1968,M,S1,620,508.0,,TOTAL,66280400.0,True,True,0,False,19,"0,24,40,58,132,208,246,251,280,352,372,380,446,508,528,579,624,626,678,752,757,826",3e19e2fd1467e3d2c9f3cd8894aa60ce9fa3f88335ad2ad1f594a389b63c9be0,9c87944f318ed502502d41ffb5a535f40a311d791ce77d340fca6e73263a49b1,6d18ab294940328d994a5a2c139336f49ae43a2f873b94d4f46fe2b628d95d3b,current_against_configuration,mozambique,Mozambique,direct_area_match,un_comtrade_partner_areas_reference,False
1968,M,S1,620,528.0,,TOTAL,29723478.0,True,True,0,False,19,"0,24,40,58,132,208,246,251,280,352,372,380,446,508,528,579,624,626,678,752,757,826",3e19e2fd1467e3d2c9f3cd8894aa60ce9fa3f88335ad2ad1f594a389b63c9be0,9c87944f318ed502502d41ffb5a535f40a311d791ce77d340fca6e73263a49b1,6d18ab294940328d994a5a2c139336f49ae43a2f873b94d4f46fe2b628d95d3b,current_against_configuration,netherlands,Netherlands,direct_area_match,un_comtrade_partner_areas_reference,False
1968,M,S1,620,579.0,,TOTAL,9265878.0,True,True,0,False,19,"0,24,40,58,132,208,246,251,280,352,372,380,446,508,528,579,624,626,678,752,757,826",3e19e2fd1467e3d2c9f3cd8894aa60ce9fa3f88335ad2ad1f594a389b63c9be0,9c87944f318ed502502d41ffb5a535f40a311d791ce77d340fca6e73263a49b1,6d18ab294940328d994a5a2c139336f49ae43a2f873b94d4f46fe2b628d95d3b,current_against_configuration,norway,"Norway, Svalbard and Jan Mayen",customs_area_match,un_comtrade_customs_area_help,False
1968,M,S1,620,624.0,,TOTAL,6875585.0,True,True,0,False,19,"0,24,40,58,132,208,246,251,280,352,372,380,446,508,528,579,624,626,678,752,757,826",3e19e2fd1467e3d2c9f3cd8894aa60ce9fa3f88335ad2ad1f594a389b63c9be0,9c87944f318ed502502d41ffb5a535f40a311d791ce77d340fca6e73263a49b1,6d18ab294940328d994a5a2c139336f49ae43a2f873b94d4f46fe2b628d95d3b,current_against_configuration,guinea_bissau,Guinea-Bissau,direct_area_match,un_comtrade_partner_areas_reference,False
1968,M,S1,620,626.0,,TOTAL,2699559.0,True,True,0,False,19,"0,24,40,58,132,208,246,251,280,352,372,380,446,508,528,579,624,626,678,752,757,826",3e19e2fd1467e3d2c9f3cd8894aa60ce9fa3f88335ad2ad1f594a389b63c9be0,9c87944f318ed502502d41ffb5a535f40a311d791ce77d340fca6e73263a49b1,6d18ab294940328d994a5a2c139336f49ae43a2f873b94d4f46fe2b628d95d3b,current_against_configuration,timor_leste,Timor-Leste,direct_area_match,un_comtrade_partner_areas_reference,False
1968,M,S1,620,752.0,,TOTAL,29856928.0,True,True,0,False,19,"0,24,40,58,132,208,246,251,280,352,372,380,446,508,528,579,624,626,678,752,757,826",3e19e2fd1467e3d2c9f3cd8894aa60ce9fa3f88335ad2ad1f594a389b63c9be0,9c87944f318ed502502d41ffb5a535f40a311d791ce77d340fca6e73263a49b1,6d18ab294940328d994a5a2c139336f49ae43a2f873b94d4f46fe2b628d95d3b,current_against_configuration,sweden,Sweden,direct_area_match,un_comtrade_partner_areas_reference,False
1968,M,S1,620,757.0,,TOTAL,41544584.0,True,True,0,False,19,"0,24,40,58,132,208,246,251,280,352,372,380,446,508,528,579,624,626,678,752,757,826",3e19e2fd1467e3d2c9f3cd8894aa60ce9fa3f88335ad2ad1f594a389b63c9be0,9c87944f318ed502502d41ffb5a535f40a311d791ce77d340fca6e73263a49b1,6d18ab294940328d994a5a2c139336f49ae43a2f873b94d4f46fe2b628d95d3b,current_against_configuration,switzerland_liechtenstein,Switzerland and Liechtenstein,customs_area_match,un_comtrade_customs_area_help,False
1968,M,S1,620,826.0,,TOTAL,153461584.0,True,True,0,False,19,"0,24,40,58,132,208,246,251,280,352,372,380,446,508,528,579,624,626,678,752,757,826",3e19e2fd1467e3d2c9f3cd8894aa60ce9fa3f88335ad2ad1f594a389b63c9be0,9c87944f318ed502502d41ffb5a535f40a311d791ce77d340fca6e73263a49b1,6d18ab294940328d994a5a2c139336f49ae43a2f873b94d4f46fe2b628d95d3b,current_against_configuration,united_kingdom,United Kingdom,direct_area_match,un_comtrade_partner_areas_reference,False
1968,M,S2,620,,,TOTAL,,,,,False,0,"0,24,40,58,132,208,246,251,280,352,372,380,446,508,528,579,624,626,678,752,757,826",3e19e2fd1467e3d2c9f3cd8894aa60ce9fa3f88335ad2ad1f594a389b63c9be0,9c87944f318ed502502d41ffb5a535f40a311d791ce77d340fca6e73263a49b1,6d18ab294940328d994a5a2c139336f49ae43a2f873b94d4f46fe2b628d95d3b,current_against_configuration,,,,,False
1968,X,S1,620,0.0,,TOTAL,761222784.0,True,True,0,True,19,"0,24,40,58,132,208,246,251,280,352,372,380,446,508,528,579,624,626,678,752,757,826",3e19e2fd1467e3d2c9f3cd8894aa60ce9fa3f88335ad2ad1f594a389b63c9be0,9c87944f318ed502502d41ffb5a535f40a311d791ce77d340fca6e73263a49b1,6d18ab294940328d994a5a2c139336f49ae43a2f873b94d4f46fe2b628d95d3b,current_against_configuration,world,World,comtrade_total,un_comtrade_partner_areas_reference,False
1968,X,S1,620,24.0,,TOTAL,101028040.0,True,True,0,False,19,"0,24,40,58,132,208,246,251,280,352,372,380,446,508,528,579,624,626,678,752,757,826",3e19e2fd1467e3d2c9f3cd8894aa60ce9fa3f88335ad2ad1f594a389b63c9be0,9c87944f318ed502502d41ffb5a535f40a311d791ce77d340fca6e73263a49b1,6d18ab294940328d994a5a2c139336f49ae43a2f873b94d4f46fe2b628d95d3b,current_against_configuration,angola,Angola,direct_area_match,un_comtrade_partner_areas_reference,False
1968,X,S1,620,40.0,,TOTAL,11198893.0,True,True,0,False,19,"0,24,40,58,132,208,246,251,280,352,372,380,446,508,528,579,624,626,678,752,757,826",3e19e2fd1467e3d2c9f3cd8894aa60ce9fa3f88335ad2ad1f594a389b63c9be0,9c87944f318ed502502d41ffb5a535f40a311d791ce77d340fca6e73263a49b1,6d18ab294940328d994a5a2c139336f49ae43a2f873b94d4f46fe2b628d95d3b,current_against_configuration,austria,Austria,direct_area_match,un_comtrade_partner_areas_reference,False
1968,X,S1,620,58.0,,TOTAL,14443359.0,True,True,0,False,19,"0,24,40,58,132,208,246,251,280,352,372,380,446,508,528,579,624,626,678,752,757,826",3e19e2fd1467e3d2c9f3cd8894aa60ce9fa3f88335ad2ad1f594a389b63c9be0,9c87944f318ed502502d41ffb5a535f40a311d791ce77d340fca6e73263a49b1,6d18ab294940328d994a5a2c139336f49ae43a2f873b94d4f46fe2b628d95d3b,current_against_configuration,belgium_luxembourg,Belgium-Luxembourg (...1998),historical_trade_area_match,un_comtrade_partner_areas_reference,False
1968,X,S1,620,208.0,,TOTAL,19248286.0,True,True,0,False,19,"0,24,40,58,132,208,246,251,280,352,372,380,446,508,528,579,624,626,678,752,757,826",3e19e2fd1467e3d2c9f3cd8894aa60ce9fa3f88335ad2ad1f594a389b63c9be0,9c87944f318ed502502d41ffb5a535f40a311d791ce77d340fca6e73263a49b1,6d18ab294940328d994a5a2c139336f49ae43a2f873b94d4f46fe2b628d95d3b,current_against_configuration,denmark,Denmark,direct_area_match,un_comtrade_partner_areas_reference,False
1968,X,S1,620,246.0,,TOTAL,7416287.0,True,True,0,False,19,"0,24,40,58,132,208,246,251,280,352,372,380,446,508,528,579,624,626,678,752,757,826",3e19e2fd1467e3d2c9f3cd8894aa60ce9fa3f88335ad2ad1f594a389b63c9be0,9c87944f318ed502502d41ffb5a535f40a311d791ce77d340fca6e73263a49b1,6d18ab294940328d994a5a2c139336f49ae43a2f873b94d4f46fe2b628d95d3b,current_against_configuration,finland,Finland,direct_area_match,un_comtrade_partner_areas_reference,False
1968,X,S1,620,251.0,,TOTAL,35001440.0,True,True,0,False,19,"0,24,40,58,132,208,246,251,280,352,372,380,446,508,528,579,624,626,678,752,757,826",3e19e2fd1467e3d2c9f3cd8894aa60ce9fa3f88335ad2ad1f594a389b63c9be0,9c87944f318ed502502d41ffb5a535f40a311d791ce77d340fca6e73263a49b1,6d18ab294940328d994a5a2c139336f49ae43a2f873b94d4f46fe2b628d95d3b,current_against_configuration,france,France customs area,customs_area_match,un_comtrade_customs_area_help,False
1968,X,S1,620,280.0,,TOTAL,43682104.0,True,True,0,False,19,"0,24,40,58,132,208,246,251,280,352,372,380,446,508,528,579,624,626,678,752,757,826",3e19e2fd1467e3d2c9f3cd8894aa60ce9fa3f88335ad2ad1f594a389b63c9be0,9c87944f318ed502502d41ffb5a535f40a311d791ce77d340fca6e73263a49b1,6d18ab294940328d994a5a2c139336f49ae43a2f873b94d4f46fe2b628d95d3b,current_against_configuration,west_germany,Former Federal Republic of Germany,historical_trade_area_match,un_comtrade_partner_areas_reference,False
1968,X,S1,620,352.0,,TOTAL,239304.0,True,True,0,False,19,"0,24,40,58,132,208,246,251,280,352,372,380,446,508,528,579,624,626,678,752,757,826",3e19e2fd1467e3d2c9f3cd8894aa60ce9fa3f88335ad2ad1f594a389b63c9be0,9c87944f318ed502502d41ffb5a535f40a311d791ce77d340fca6e73263a49b1,6d18ab294940328d994a5a2c139336f49ae43a2f873b94d4f46fe2b628d95d3b,current_against_configuration,iceland,Iceland,direct_area_match,un_comtrade_partner_areas_reference,False
1968,X,S1,620,372.0,,TOTAL,2101438.0,True,True,0,False,19,"0,24,40,58,132,208,246,251,280,352,372,380,446,508,528,579,624,626,678,752,757,826",3e19e2fd1467e3d2c9f3cd8894aa60ce9fa3f88335ad2ad1f594a389b63c9be0,9c87944f318ed502502d41ffb5a535f40a311d791ce77d340fca6e73263a49b1,6d18ab294940328d994a5a2c139336f49ae43a2f873b94d4f46fe2b628d95d3b,current_against_configuration,ireland,Ireland,direct_area_match,un_comtrade_partner_areas_reference,False
1968,X,S1,620,380.0,,TOTAL,17027168.0,True,True,0,False,19,"0,24,40,58,132,208,246,251,280,352,372,380,446,508,528,579,624,626,678,752,757,826",3e19e2fd1467e3d2c9f3cd8894aa60ce9fa3f88335ad2ad1f594a389b63c9be0,9c87944f318ed502502d41ffb5a535f40a311d791ce77d340fca6e73263a49b1,6d18ab294940328d994a5a2c139336f49ae43a2f873b94d4f46fe2b628d95d3b,current_against_configuration,italy,Italy,direct_area_match,un_comtrade_customs_area_help,False
1968,X,S1,620,508.0,,TOTAL,68900080.0,True,True,0,False,19,"0,24,40,58,132,208,246,251,280,352,372,380,446,508,528,579,624,626,678,752,757,826",3e19e2fd1467e3d2c9f3cd8894aa60ce9fa3f88335ad2ad1f594a389b63c9be0,9c87944f318ed502502d41ffb5a535f40a311d791ce77d340fca6e73263a49b1,6d18ab294940328d994a5a2c139336f49ae43a2f873b94d4f46fe2b628d95d3b,current_against_configuration,mozambique,Mozambique,direct_area_match,un_comtrade_partner_areas_reference,False
1968,X,S1,620,528.0,,TOTAL,16517409.0,True,True,0,False,19,"0,24,40,58,132,208,246,251,280,352,372,380,446,508,528,579,624,626,678,752,757,826",3e19e2fd1467e3d2c9f3cd8894aa60ce9fa3f88335ad2ad1f594a389b63c9be0,9c87944f318ed502502d41ffb5a535f40a311d791ce77d340fca6e73263a49b1,6d18ab294940328d994a5a2c139336f49ae43a2f873b94d4f46fe2b628d95d3b,current_against_configuration,netherlands,Netherlands,direct_area_match,un_comtrade_partner_areas_reference,False
1968,X,S1,620,579.0,,TOTAL,9836909.0,True,True,0,False,19,"0,24,40,58,132,208,246,251,280,352,372,380,446,508,528,579,624,626,678,752,757,826",3e19e2fd1467e3d2c9f3cd8894aa60ce9fa3f88335ad2ad1f594a389b63c9be0,9c87944f318ed502502d41ffb5a535f40a311d791ce77d340fca6e73263a49b1,6d18ab294940328d994a5a2c139336f49ae43a2f873b94d4f46fe2b628d95d3b,current_against_configuration,norway,"Norway, Svalbard and Jan Mayen",customs_area_match,un_comtrade_customs_area_help,False
1968,X,S1,620,624.0,,TOTAL,17850462.0,True,True,0,False,19,"0,24,40,58,132,208,246,251,280,352,372,380,446,508,528,579,624,626,678,752,757,826",3e19e2fd1467e3d2c9f3cd8894aa60ce9fa3f88335ad2ad1f594a389b63c9be0,9c87944f318ed502502d41ffb5a535f40a311d791ce77d340fca6e73263a49b1,6d18ab294940328d994a5a2c139336f49ae43a2f873b94d4f46fe2b628d95d3b,current_against_configuration,guinea_bissau,Guinea-Bissau,direct_area_match,un_comtrade_partner_areas_reference,False
1968,X,S1,620,626.0,,TOTAL,1889028.0,True,True,0,False,19,"0,24,40,58,132,208,246,251,280,352,372,380,446,508,528,579,624,626,678,752,757,826",3e19e2fd1467e3d2c9f3cd8894aa60ce9fa3f88335ad2ad1f594a389b63c9be0,9c87944f318ed502502d41ffb5a535f40a311d791ce77d340fca6e73263a49b1,6d18ab294940328d994a5a2c139336f49ae43a2f873b94d4f46fe2b628d95d3b,current_against_configuration,timor_leste,Timor-Leste,direct_area_match,un_comtrade_partner_areas_reference,False
1968,X,S1,620,752.0,,TOTAL,39586904.0,True,True,0,False,19,"0,24,40,58,132,208,246,251,280,352,372,380,446,508,528,579,624,626,678,752,757,826",3e19e2fd1467e3d2c9f3cd8894aa60ce9fa3f88335ad2ad1f594a389b63c9be0,9c87944f318ed502502d41ffb5a535f40a311d791ce77d340fca6e73263a49b1,6d18ab294940328d994a5a2c139336f49ae43a2f873b94d4f46fe2b628d95d3b,current_against_configuration,sweden,Sweden,direct_area_match,un_comtrade_partner_areas_reference,False
1968,X,S1,620,757.0,,TOTAL,13827439.0,True,True,0,False,19,"0,24,40,58,132,208,246,251,280,352,372,380,446,508,528,579,624,626,678,752,757,826",3e19e2fd1467e3d2c9f3cd8894aa60ce9fa3f88335ad2ad1f594a389b63c9be0,9c87944f318ed502502d41ffb5a535f40a311d791ce77d340fca6e73263a49b1,6d18ab294940328d994a5a2c139336f49ae43a2f873b94d4f46fe2b628d95d3b,current_against_configuration,switzerland_liechtenstein,Switzerland and Liechtenstein,customs_area_match,un_comtrade_customs_area_help,False
1968,X,S1,620,826.0,,TOTAL,160133520.0,True,True,0,False,19,"0,24,40,58,132,208,246,251,280,352,372,380,446,508,528,579,624,626,678,752,757,826",3e19e2fd1467e3d2c9f3cd8894aa60ce9fa3f88335ad2ad1f594a389b63c9be0,9c87944f318ed502502d41ffb5a535f40a311d791ce77d340fca6e73263a49b1,6d18ab294940328d994a5a2c139336f49ae43a2f873b94d4f46fe2b628d95d3b,current_against_configuration,united_kingdom,United Kingdom,direct_area_match,un_comtrade_partner_areas_reference,False
1968,X,S2,620,,,TOTAL,,,,,False,0,"0,24,40,58,132,208,246,251,280,352,372,380,446,508,528,579,624,626,678,752,757,826",3e19e2fd1467e3d2c9f3cd8894aa60ce9fa3f88335ad2ad1f594a389b63c9be0,9c87944f318ed502502d41ffb5a535f40a311d791ce77d340fca6e73263a49b1,6d18ab294940328d994a5a2c139336f49ae43a2f873b94d4f46fe2b628d95d3b,current_against_configuration,,,,,False
1969,M,S1,620,0.0,,TOTAL,1297515392.0,True,True,0,True,19,"0,24,40,58,132,208,246,251,280,352,372,380,446,508,528,579,624,626,678,752,757,826",3e19e2fd1467e3d2c9f3cd8894aa60ce9fa3f88335ad2ad1f594a389b63c9be0,9c87944f318ed502502d41ffb5a535f40a311d791ce77d340fca6e73263a49b1,6d18ab294940328d994a5a2c139336f49ae43a2f873b94d4f46fe2b628d95d3b,current_against_configuration,world,World,comtrade_total,un_comtrade_partner_areas_reference,False
1969,M,S1,620,24.0,,TOTAL,122415456.0,True,True,0,False,19,"0,24,40,58,132,208,246,251,280,352,372,380,446,508,528,579,624,626,678,752,757,826",3e19e2fd1467e3d2c9f3cd8894aa60ce9fa3f88335ad2ad1f594a389b63c9be0,9c87944f318ed502502d41ffb5a535f40a311d791ce77d340fca6e73263a49b1,6d18ab294940328d994a5a2c139336f49ae43a2f873b94d4f46fe2b628d95d3b,current_against_configuration,angola,Angola,direct_area_match,un_comtrade_partner_areas_reference,False
1969,M,S1,620,40.0,,TOTAL,20988404.0,True,True,0,False,19,"0,24,40,58,132,208,246,251,280,352,372,380,446,508,528,579,624,626,678,752,757,826",3e19e2fd1467e3d2c9f3cd8894aa60ce9fa3f88335ad2ad1f594a389b63c9be0,9c87944f318ed502502d41ffb5a535f40a311d791ce77d340fca6e73263a49b1,6d18ab294940328d994a5a2c139336f49ae43a2f873b94d4f46fe2b628d95d3b,current_against_configuration,austria,Austria,direct_area_match,un_comtrade_partner_areas_reference,False
1969,M,S1,620,58.0,,TOTAL,38359360.0,True,True,0,False,19,"0,24,40,58,132,208,246,251,280,352,372,380,446,508,528,579,624,626,678,752,757,826",3e19e2fd1467e3d2c9f3cd8894aa60ce9fa3f88335ad2ad1f594a389b63c9be0,9c87944f318ed502502d41ffb5a535f40a311d791ce77d340fca6e73263a49b1,6d18ab294940328d994a5a2c139336f49ae43a2f873b94d4f46fe2b628d95d3b,current_against_configuration,belgium_luxembourg,Belgium-Luxembourg (...1998),historical_trade_area_match,un_comtrade_partner_areas_reference,False
1969,M,S1,620,208.0,,TOTAL,15114832.0,True,True,0,False,19,"0,24,40,58,132,208,246,251,280,352,372,380,446,508,528,579,624,626,678,752,757,826",3e19e2fd1467e3d2c9f3cd8894aa60ce9fa3f88335ad2ad1f594a389b63c9be0,9c87944f318ed502502d41ffb5a535f40a311d791ce77d340fca6e73263a49b1,6d18ab294940328d994a5a2c139336f49ae43a2f873b94d4f46fe2b628d95d3b,current_against_configuration,denmark,Denmark,direct_area_match,un_comtrade_partner_areas_reference,False
1969,M,S1,620,246.0,,TOTAL,5348362.0,True,True,0,False,19,"0,24,40,58,132,208,246,251,280,352,372,380,446,508,528,579,624,626,678,752,757,826",3e19e2fd1467e3d2c9f3cd8894aa60ce9fa3f88335ad2ad1f594a389b63c9be0,9c87944f318ed502502d41ffb5a535f40a311d791ce77d340fca6e73263a49b1,6d18ab294940328d994a5a2c139336f49ae43a2f873b94d4f46fe2b628d95d3b,current_against_configuration,finland,Finland,direct_area_match,un_comtrade_partner_areas_reference,False
1969,M,S1,620,251.0,,TOTAL,93078800.0,True,True,0,False,19,"0,24,40,58,132,208,246,251,280,352,372,380,446,508,528,579,624,626,678,752,757,826",3e19e2fd1467e3d2c9f3cd8894aa60ce9fa3f88335ad2ad1f594a389b63c9be0,9c87944f318ed502502d41ffb5a535f40a311d791ce77d340fca6e73263a49b1,6d18ab294940328d994a5a2c139336f49ae43a2f873b94d4f46fe2b628d95d3b,current_against_configuration,france,France customs area,customs_area_match,un_comtrade_customs_area_help,False
1969,M,S1,620,280.0,,TOTAL,204976848.0,True,True,0,False,19,"0,24,40,58,132,208,246,251,280,352,372,380,446,508,528,579,624,626,678,752,757,826",3e19e2fd1467e3d2c9f3cd8894aa60ce9fa3f88335ad2ad1f594a389b63c9be0,9c87944f318ed502502d41ffb5a535f40a311d791ce77d340fca6e73263a49b1,6d18ab294940328d994a5a2c139336f49ae43a2f873b94d4f46fe2b628d95d3b,current_against_configuration,west_germany,Former Federal Republic of Germany,historical_trade_area_match,un_comtrade_partner_areas_reference,False
1969,M,S1,620,352.0,,TOTAL,5577130.0,True,True,0,False,19,"0,24,40,58,132,208,246,251,280,352,372,380,446,508,528,579,624,626,678,752,757,826",3e19e2fd1467e3d2c9f3cd8894aa60ce9fa3f88335ad2ad1f594a389b63c9be0,9c87944f318ed502502d41ffb5a535f40a311d791ce77d340fca6e73263a49b1,6d18ab294940328d994a5a2c139336f49ae43a2f873b94d4f46fe2b628d95d3b,current_against_configuration,iceland,Iceland,direct_area_match,un_comtrade_partner_areas_reference,False
1969,M,S1,620,372.0,,TOTAL,1080925.0,True,True,0,False,19,"0,24,40,58,132,208,246,251,280,352,372,380,446,508,528,579,624,626,678,752,757,826",3e19e2fd1467e3d2c9f3cd8894aa60ce9fa3f88335ad2ad1f594a389b63c9be0,9c87944f318ed502502d41ffb5a535f40a311d791ce77d340fca6e73263a49b1,6d18ab294940328d994a5a2c139336f49ae43a2f873b94d4f46fe2b628d95d3b,current_against_configuration,ireland,Ireland,direct_area_match,un_comtrade_partner_areas_reference,False
1969,M,S1,620,380.0,,TOTAL,73994592.0,True,True,0,False,19,"0,24,40,58,132,208,246,251,280,352,372,380,446,508,528,579,624,626,678,752,757,826",3e19e2fd1467e3d2c9f3cd8894aa60ce9fa3f88335ad2ad1f594a389b63c9be0,9c87944f318ed502502d41ffb5a535f40a311d791ce77d340fca6e73263a49b1,6d18ab294940328d994a5a2c139336f49ae43a2f873b94d4f46fe2b628d95d3b,current_against_configuration,italy,Italy,direct_area_match,un_comtrade_customs_area_help,False
1969,M,S1,620,508.0,,TOTAL,61131176.0,True,True,0,False,19,"0,24,40,58,132,208,246,251,280,352,372,380,446,508,528,579,624,626,678,752,757,826",3e19e2fd1467e3d2c9f3cd8894aa60ce9fa3f88335ad2ad1f594a389b63c9be0,9c87944f318ed502502d41ffb5a535f40a311d791ce77d340fca6e73263a49b1,6d18ab294940328d994a5a2c139336f49ae43a2f873b94d4f46fe2b628d95d3b,current_against_configuration,mozambique,Mozambique,direct_area_match,un_comtrade_partner_areas_reference,False
1969,M,S1,620,528.0,,TOTAL,35379212.0,True,True,0,False,19,"0,24,40,58,132,208,246,251,280,352,372,380,446,508,528,579,624,626,678,752,757,826",3e19e2fd1467e3d2c9f3cd8894aa60ce9fa3f88335ad2ad1f594a389b63c9be0,9c87944f318ed502502d41ffb5a535f40a311d791ce77d340fca6e73263a49b1,6d18ab294940328d994a5a2c139336f49ae43a2f873b94d4f46fe2b628d95d3b,current_against_configuration,netherlands,Netherlands,direct_area_match,un_comtrade_partner_areas_reference,False
1969,M,S1,620,579.0,,TOTAL,9860345.0,True,True,0,False,19,"0,24,40,58,132,208,246,251,280,352,372,380,446,508,528,579,624,626,678,752,757,826",3e19e2fd1467e3d2c9f3cd8894aa60ce9fa3f88335ad2ad1f594a389b63c9be0,9c87944f318ed502502d41ffb5a535f40a311d791ce77d340fca6e73263a49b1,6d18ab294940328d994a5a2c139336f49ae43a2f873b94d4f46fe2b628d95d3b,current_against_configuration,norway,"Norway, Svalbard and Jan Mayen",customs_area_match,un_comtrade_customs_area_help,False
1969,M,S1,620,624.0,,TOTAL,7851392.0,True,True,0,False,19,"0,24,40,58,132,208,246,251,280,352,372,380,446,508,528,579,624,626,678,752,757,826",3e19e2fd1467e3d2c9f3cd8894aa60ce9fa3f88335ad2ad1f594a389b63c9be0,9c87944f318ed502502d41ffb5a535f40a311d791ce77d340fca6e73263a49b1,6d18ab294940328d994a5a2c139336f49ae43a2f873b94d4f46fe2b628d95d3b,current_against_configuration,guinea_bissau,Guinea-Bissau,direct_area_match,un_comtrade_partner_areas_reference,False
1969,M,S1,620,626.0,,TOTAL,3576344.0,True,True,0,False,19,"0,24,40,58,132,208,246,251,280,352,372,380,446,508,528,579,624,626,678,752,757,826",3e19e2fd1467e3d2c9f3cd8894aa60ce9fa3f88335ad2ad1f594a389b63c9be0,9c87944f318ed502502d41ffb5a535f40a311d791ce77d340fca6e73263a49b1,6d18ab294940328d994a5a2c139336f49ae43a2f873b94d4f46fe2b628d95d3b,current_against_configuration,timor_leste,Timor-Leste,direct_area_match,un_comtrade_partner_areas_reference,False
1969,M,S1,620,752.0,,TOTAL,32949870.0,True,True,0,False,19,"0,24,40,58,132,208,246,251,280,352,372,380,446,508,528,579,624,626,678,752,757,826",3e19e2fd1467e3d2c9f3cd8894aa60ce9fa3f88335ad2ad1f594a389b63c9be0,9c87944f318ed502502d41ffb5a535f40a311d791ce77d340fca6e73263a49b1,6d18ab294940328d994a5a2c139336f49ae43a2f873b94d4f46fe2b628d95d3b,current_against_configuration,sweden,Sweden,direct_area_match,un_comtrade_partner_areas_reference,False
1969,M,S1,620,757.0,,TOTAL,47999104.0,True,True,0,False,19,"0,24,40,58,132,208,246,251,280,352,372,380,446,508,528,579,624,626,678,752,757,826",3e19e2fd1467e3d2c9f3cd8894aa60ce9fa3f88335ad2ad1f594a389b63c9be0,9c87944f318ed502502d41ffb5a535f40a311d791ce77d340fca6e73263a49b1,6d18ab294940328d994a5a2c139336f49ae43a2f873b94d4f46fe2b628d95d3b,current_against_configuration,switzerland_liechtenstein,Switzerland and Liechtenstein,customs_area_match,un_comtrade_customs_area_help,False
1969,M,S1,620,826.0,,TOTAL,179725200.0,True,True,0,False,19,"0,24,40,58,132,208,246,251,280,352,372,380,446,508,528,579,624,626,678,752,757,826",3e19e2fd1467e3d2c9f3cd8894aa60ce9fa3f88335ad2ad1f594a389b63c9be0,9c87944f318ed502502d41ffb5a535f40a311d791ce77d340fca6e73263a49b1,6d18ab294940328d994a5a2c139336f49ae43a2f873b94d4f46fe2b628d95d3b,current_against_configuration,united_kingdom,United Kingdom,direct_area_match,un_comtrade_partner_areas_reference,False
1969,M,S2,620,,,TOTAL,,,,,False,0,"0,24,40,58,132,208,246,251,280,352,372,380,446,508,528,579,624,626,678,752,757,826",3e19e2fd1467e3d2c9f3cd8894aa60ce9fa3f88335ad2ad1f594a389b63c9be0,9c87944f318ed502502d41ffb5a535f40a311d791ce77d340fca6e73263a49b1,6d18ab294940328d994a5a2c139336f49ae43a2f873b94d4f46fe2b628d95d3b,current_against_configuration,,,,,False
1969,X,S1,620,0.0,,TOTAL,852978752.0,True,True,0,True,19,"0,24,40,58,132,208,246,251,280,352,372,380,446,508,528,579,624,626,678,752,757,826",3e19e2fd1467e3d2c9f3cd8894aa60ce9fa3f88335ad2ad1f594a389b63c9be0,9c87944f318ed502502d41ffb5a535f40a311d791ce77d340fca6e73263a49b1,6d18ab294940328d994a5a2c139336f49ae43a2f873b94d4f46fe2b628d95d3b,current_against_configuration,world,World,comtrade_total,un_comtrade_partner_areas_reference,False
1969,X,S1,620,24.0,,TOTAL,110827344.0,True,True,0,False,19,"0,24,40,58,132,208,246,251,280,352,372,380,446,508,528,579,624,626,678,752,757,826",3e19e2fd1467e3d2c9f3cd8894aa60ce9fa3f88335ad2ad1f594a389b63c9be0,9c87944f318ed502502d41ffb5a535f40a311d791ce77d340fca6e73263a49b1,6d18ab294940328d994a5a2c139336f49ae43a2f873b94d4f46fe2b628d95d3b,current_against_configuration,angola,Angola,direct_area_match,un_comtrade_partner_areas_reference,False
1969,X,S1,620,40.0,,TOTAL,11933681.0,True,True,0,False,19,"0,24,40,58,132,208,246,251,280,352,372,380,446,508,528,579,624,626,678,752,757,826",3e19e2fd1467e3d2c9f3cd8894aa60ce9fa3f88335ad2ad1f594a389b63c9be0,9c87944f318ed502502d41ffb5a535f40a311d791ce77d340fca6e73263a49b1,6d18ab294940328d994a5a2c139336f49ae43a2f873b94d4f46fe2b628d95d3b,current_against_configuration,austria,Austria,direct_area_match,un_comtrade_partner_areas_reference,False
1969,X,S1,620,58.0,,TOTAL,14801210.0,True,True,0,False,19,"0,24,40,58,132,208,246,251,280,352,372,380,446,508,528,579,624,626,678,752,757,826",3e19e2fd1467e3d2c9f3cd8894aa60ce9fa3f88335ad2ad1f594a389b63c9be0,9c87944f318ed502502d41ffb5a535f40a311d791ce77d340fca6e73263a49b1,6d18ab294940328d994a5a2c139336f49ae43a2f873b94d4f46fe2b628d95d3b,current_against_configuration,belgium_luxembourg,Belgium-Luxembourg (...1998),historical_trade_area_match,un_comtrade_partner_areas_reference,False
1969,X,S1,620,208.0,,TOTAL,24019720.0,True,True,0,False,19,"0,24,40,58,132,208,246,251,280,352,372,380,446,508,528,579,624,626,678,752,757,826",3e19e2fd1467e3d2c9f3cd8894aa60ce9fa3f88335ad2ad1f594a389b63c9be0,9c87944f318ed502502d41ffb5a535f40a311d791ce77d340fca6e73263a49b1,6d18ab294940328d994a5a2c139336f49ae43a2f873b94d4f46fe2b628d95d3b,current_against_configuration,denmark,Denmark,direct_area_match,un_comtrade_partner_areas_reference,False
1969,X,S1,620,246.0,,TOTAL,12011265.0,True,True,0,False,19,"0,24,40,58,132,208,246,251,280,352,372,380,446,508,528,579,624,626,678,752,757,826",3e19e2fd1467e3d2c9f3cd8894aa60ce9fa3f88335ad2ad1f594a389b63c9be0,9c87944f318ed502502d41ffb5a535f40a311d791ce77d340fca6e73263a49b1,6d18ab294940328d994a5a2c139336f49ae43a2f873b94d4f46fe2b628d95d3b,current_against_configuration,finland,Finland,direct_area_match,un_comtrade_partner_areas_reference,False
1969,X,S1,620,251.0,,TOTAL,44456176.0,True,True,0,False,19,"0,24,40,58,132,208,246,251,280,352,372,380,446,508,528,579,624,626,678,752,757,826",3e19e2fd1467e3d2c9f3cd8894aa60ce9fa3f88335ad2ad1f594a389b63c9be0,9c87944f318ed502502d41ffb5a535f40a311d791ce77d340fca6e73263a49b1,6d18ab294940328d994a5a2c139336f49ae43a2f873b94d4f46fe2b628d95d3b,current_against_configuration,france,France customs area,customs_area_match,un_comtrade_customs_area_help,False
1969,X,S1,620,280.0,,TOTAL,54595960.0,True,True,0,False,19,"0,24,40,58,132,208,246,251,280,352,372,380,446,508,528,579,624,626,678,752,757,826",3e19e2fd1467e3d2c9f3cd8894aa60ce9fa3f88335ad2ad1f594a389b63c9be0,9c87944f318ed502502d41ffb5a535f40a311d791ce77d340fca6e73263a49b1,6d18ab294940328d994a5a2c139336f49ae43a2f873b94d4f46fe2b628d95d3b,current_against_configuration,west_germany,Former Federal Republic of Germany,historical_trade_area_match,un_comtrade_partner_areas_reference,False
1969,X,S1,620,352.0,,TOTAL,412875.0,True,True,0,False,19,"0,24,40,58,132,208,246,251,280,352,372,380,446,508,528,579,624,626,678,752,757,826",3e19e2fd1467e3d2c9f3cd8894aa60ce9fa3f88335ad2ad1f594a389b63c9be0,9c87944f318ed502502d41ffb5a535f40a311d791ce77d340fca6e73263a49b1,6d18ab294940328d994a5a2c139336f49ae43a2f873b94d4f46fe2b628d95d3b,current_against_configuration,iceland,Iceland,direct_area_match,un_comtrade_partner_areas_reference,False
1969,X,S1,620,372.0,,TOTAL,2057018.0,True,True,0,False,19,"0,24,40,58,132,208,246,251,280,352,372,380,446,508,528,579,624,626,678,752,757,826",3e19e2fd1467e3d2c9f3cd8894aa60ce9fa3f88335ad2ad1f594a389b63c9be0,9c87944f318ed502502d41ffb5a535f40a311d791ce77d340fca6e73263a49b1,6d18ab294940328d994a5a2c139336f49ae43a2f873b94d4f46fe2b628d95d3b,current_against_configuration,ireland,Ireland,direct_area_match,un_comtrade_partner_areas_reference,False
1969,X,S1,620,380.0,,TOTAL,22107822.0,True,True,0,False,19,"0,24,40,58,132,208,246,251,280,352,372,380,446,508,528,579,624,626,678,752,757,826",3e19e2fd1467e3d2c9f3cd8894aa60ce9fa3f88335ad2ad1f594a389b63c9be0,9c87944f318ed502502d41ffb5a535f40a311d791ce77d340fca6e73263a49b1,6d18ab294940328d994a5a2c139336f49ae43a2f873b94d4f46fe2b628d95d3b,current_against_configuration,italy,Italy,direct_area_match,un_comtrade_customs_area_help,False
1969,X,S1,620,508.0,,TOTAL,76215416.0,True,True,0,False,19,"0,24,40,58,132,208,246,251,280,352,372,380,446,508,528,579,624,626,678,752,757,826",3e19e2fd1467e3d2c9f3cd8894aa60ce9fa3f88335ad2ad1f594a389b63c9be0,9c87944f318ed502502d41ffb5a535f40a311d791ce77d340fca6e73263a49b1,6d18ab294940328d994a5a2c139336f49ae43a2f873b94d4f46fe2b628d95d3b,current_against_configuration,mozambique,Mozambique,direct_area_match,un_comtrade_partner_areas_reference,False
1969,X,S1,620,528.0,,TOTAL,17324556.0,True,True,0,False,19,"0,24,40,58,132,208,246,251,280,352,372,380,446,508,528,579,624,626,678,752,757,826",3e19e2fd1467e3d2c9f3cd8894aa60ce9fa3f88335ad2ad1f594a389b63c9be0,9c87944f318ed502502d41ffb5a535f40a311d791ce77d340fca6e73263a49b1,6d18ab294940328d994a5a2c139336f49ae43a2f873b94d4f46fe2b628d95d3b,current_against_configuration,netherlands,Netherlands,direct_area_match,un_comtrade_partner_areas_reference,False
1969,X,S1,620,579.0,,TOTAL,11661597.0,True,True,0,False,19,"0,24,40,58,132,208,246,251,280,352,372,380,446,508,528,579,624,626,678,752,757,826",3e19e2fd1467e3d2c9f3cd8894aa60ce9fa3f88335ad2ad1f594a389b63c9be0,9c87944f318ed502502d41ffb5a535f40a311d791ce77d340fca6e73263a49b1,6d18ab294940328d994a5a2c139336f49ae43a2f873b94d4f46fe2b628d95d3b,current_against_configuration,norway,"Norway, Svalbard and Jan Mayen",customs_area_match,un_comtrade_customs_area_help,False
1969,X,S1,620,624.0,,TOTAL,22452286.0,True,True,0,False,19,"0,24,40,58,132,208,246,251,280,352,372,380,446,508,528,579,624,626,678,752,757,826",3e19e2fd1467e3d2c9f3cd8894aa60ce9fa3f88335ad2ad1f594a389b63c9be0,9c87944f318ed502502d41ffb5a535f40a311d791ce77d340fca6e73263a49b1,6d18ab294940328d994a5a2c139336f49ae43a2f873b94d4f46fe2b628d95d3b,current_against_configuration,guinea_bissau,Guinea-Bissau,direct_area_match,un_comtrade_partner_areas_reference,False
1969,X,S1,620,626.0,,TOTAL,1861279.0,True,True,0,False,19,"0,24,40,58,132,208,246,251,280,352,372,380,446,508,528,579,624,626,678,752,757,826",3e19e2fd1467e3d2c9f3cd8894aa60ce9fa3f88335ad2ad1f594a389b63c9be0,9c87944f318ed502502d41ffb5a535f40a311d791ce77d340fca6e73263a49b1,6d18ab294940328d994a5a2c139336f49ae43a2f873b94d4f46fe2b628d95d3b,current_against_configuration,timor_leste,Timor-Leste,direct_area_match,un_comtrade_partner_areas_reference,False
1969,X,S1,620,752.0,,TOTAL,48754464.0,True,True,0,False,19,"0,24,40,58,132,208,246,251,280,352,372,380,446,508,528,579,624,626,678,752,757,826",3e19e2fd1467e3d2c9f3cd8894aa60ce9fa3f88335ad2ad1f594a389b63c9be0,9c87944f318ed502502d41ffb5a535f40a311d791ce77d340fca6e73263a49b1,6d18ab294940328d994a5a2c139336f49ae43a2f873b94d4f46fe2b628d95d3b,current_against_configuration,sweden,Sweden,direct_area_match,un_comtrade_partner_areas_reference,False
1969,X,S1,620,757.0,,TOTAL,18559232.0,True,True,0,False,19,"0,24,40,58,132,208,246,251,280,352,372,380,446,508,528,579,624,626,678,752,757,826",3e19e2fd1467e3d2c9f3cd8894aa60ce9fa3f88335ad2ad1f594a389b63c9be0,9c87944f318ed502502d41ffb5a535f40a311d791ce77d340fca6e73263a49b1,6d18ab294940328d994a5a2c139336f49ae43a2f873b94d4f46fe2b628d95d3b,current_against_configuration,switzerland_liechtenstein,Switzerland and Liechtenstein,customs_area_match,un_comtrade_customs_area_help,False
1969,X,S1,620,826.0,,TOTAL,179386032.0,True,True,0,False,19,"0,24,40,58,132,208,246,251,280,352,372,380,446,508,528,579,624,626,678,752,757,826",3e19e2fd1467e3d2c9f3cd8894aa60ce9fa3f88335ad2ad1f594a389b63c9be0,9c87944f318ed502502d41ffb5a535f40a311d791ce77d340fca6e73263a49b1,6d18ab294940328d994a5a2c139336f49ae43a2f873b94d4f46fe2b628d95d3b,current_against_configuration,united_kingdom,United Kingdom,direct_area_match,un_comtrade_partner_areas_reference,False
1969,X,S2,620,,,TOTAL,,,,,False,0,"0,24,40,58,132,208,246,251,280,352,372,380,446,508,528,579,624,626,678,752,757,826",3e19e2fd1467e3d2c9f3cd8894aa60ce9fa3f88335ad2ad1f594a389b63c9be0,9c87944f318ed502502d41ffb5a535f40a311d791ce77d340fca6e73263a49b1,6d18ab294940328d994a5a2c139336f49ae43a2f873b94d4f46fe2b628d95d3b,current_against_configuration,,,,,False
1970,M,S1,620,0.0,,TOTAL,1589826688.0,True,True,0,True,22,"0,24,40,58,132,208,246,251,280,352,372,380,446,508,528,579,624,626,678,752,757,826",3e19e2fd1467e3d2c9f3cd8894aa60ce9fa3f88335ad2ad1f594a389b63c9be0,9c87944f318ed502502d41ffb5a535f40a311d791ce77d340fca6e73263a49b1,6d18ab294940328d994a5a2c139336f49ae43a2f873b94d4f46fe2b628d95d3b,current_against_configuration,world,World,comtrade_total,un_comtrade_partner_areas_reference,False
1970,M,S1,620,24.0,,TOTAL,153757360.0,True,True,0,False,22,"0,24,40,58,132,208,246,251,280,352,372,380,446,508,528,579,624,626,678,752,757,826",3e19e2fd1467e3d2c9f3cd8894aa60ce9fa3f88335ad2ad1f594a389b63c9be0,9c87944f318ed502502d41ffb5a535f40a311d791ce77d340fca6e73263a49b1,6d18ab294940328d994a5a2c139336f49ae43a2f873b94d4f46fe2b628d95d3b,current_against_configuration,angola,Angola,direct_area_match,un_comtrade_partner_areas_reference,False
1970,M,S1,620,40.0,,TOTAL,24847832.0,True,True,0,False,22,"0,24,40,58,132,208,246,251,280,352,372,380,446,508,528,579,624,626,678,752,757,826",3e19e2fd1467e3d2c9f3cd8894aa60ce9fa3f88335ad2ad1f594a389b63c9be0,9c87944f318ed502502d41ffb5a535f40a311d791ce77d340fca6e73263a49b1,6d18ab294940328d994a5a2c139336f49ae43a2f873b94d4f46fe2b628d95d3b,current_against_configuration,austria,Austria,direct_area_match,un_comtrade_partner_areas_reference,False
1970,M,S1,620,58.0,,TOTAL,43718080.0,True,True,0,False,22,"0,24,40,58,132,208,246,251,280,352,372,380,446,508,528,579,624,626,678,752,757,826",3e19e2fd1467e3d2c9f3cd8894aa60ce9fa3f88335ad2ad1f594a389b63c9be0,9c87944f318ed502502d41ffb5a535f40a311d791ce77d340fca6e73263a49b1,6d18ab294940328d994a5a2c139336f49ae43a2f873b94d4f46fe2b628d95d3b,current_against_configuration,belgium_luxembourg,Belgium-Luxembourg (...1998),historical_trade_area_match,un_comtrade_partner_areas_reference,False
1970,M,S1,620,132.0,,TOTAL,1236192.0,True,True,0,False,22,"0,24,40,58,132,208,246,251,280,352,372,380,446,508,528,579,624,626,678,752,757,826",3e19e2fd1467e3d2c9f3cd8894aa60ce9fa3f88335ad2ad1f594a389b63c9be0,9c87944f318ed502502d41ffb5a535f40a311d791ce77d340fca6e73263a49b1,6d18ab294940328d994a5a2c139336f49ae43a2f873b94d4f46fe2b628d95d3b,current_against_configuration,cabo_verde,Cabo Verde,direct_area_match,un_comtrade_partner_areas_reference,False
1970,M,S1,620,208.0,,TOTAL,19947496.0,True,True,0,False,22,"0,24,40,58,132,208,246,251,280,352,372,380,446,508,528,579,624,626,678,752,757,826",3e19e2fd1467e3d2c9f3cd8894aa60ce9fa3f88335ad2ad1f594a389b63c9be0,9c87944f318ed502502d41ffb5a535f40a311d791ce77d340fca6e73263a49b1,6d18ab294940328d994a5a2c139336f49ae43a2f873b94d4f46fe2b628d95d3b,current_against_configuration,denmark,Denmark,direct_area_match,un_comtrade_partner_areas_reference,False
1970,M,S1,620,246.0,,TOTAL,10391601.0,True,True,0,False,22,"0,24,40,58,132,208,246,251,280,352,372,380,446,508,528,579,624,626,678,752,757,826",3e19e2fd1467e3d2c9f3cd8894aa60ce9fa3f88335ad2ad1f594a389b63c9be0,9c87944f318ed502502d41ffb5a535f40a311d791ce77d340fca6e73263a49b1,6d18ab294940328d994a5a2c139336f49ae43a2f873b94d4f46fe2b628d95d3b,current_against_configuration,finland,Finland,direct_area_match,un_comtrade_partner_areas_reference,False
1970,M,S1,620,251.0,,TOTAL,110776104.0,True,True,0,False,22,"0,24,40,58,132,208,246,251,280,352,372,380,446,508,528,579,624,626,678,752,757,826",3e19e2fd1467e3d2c9f3cd8894aa60ce9fa3f88335ad2ad1f594a389b63c9be0,9c87944f318ed502502d41ffb5a535f40a311d791ce77d340fca6e73263a49b1,6d18ab294940328d994a5a2c139336f49ae43a2f873b94d4f46fe2b628d95d3b,current_against_configuration,france,France customs area,customs_area_match,un_comtrade_customs_area_help,False
1970,M,S1,620,280.0,,TOTAL,245925344.0,True,True,0,False,22,"0,24,40,58,132,208,246,251,280,352,372,380,446,508,528,579,624,626,678,752,757,826",3e19e2fd1467e3d2c9f3cd8894aa60ce9fa3f88335ad2ad1f594a389b63c9be0,9c87944f318ed502502d41ffb5a535f40a311d791ce77d340fca6e73263a49b1,6d18ab294940328d994a5a2c139336f49ae43a2f873b94d4f46fe2b628d95d3b,current_against_configuration,west_germany,Former Federal Republic of Germany,historical_trade_area_match,un_comtrade_partner_areas_reference,False
1970,M,S1,620,352.0,,TOTAL,6206888.0,True,True,0,False,22,"0,24,40,58,132,208,246,251,280,352,372,380,446,508,528,579,624,626,678,752,757,826",3e19e2fd1467e3d2c9f3cd8894aa60ce9fa3f88335ad2ad1f594a389b63c9be0,9c87944f318ed502502d41ffb5a535f40a311d791ce77d340fca6e73263a49b1,6d18ab294940328d994a5a2c139336f49ae43a2f873b94d4f46fe2b628d95d3b,current_against_configuration,iceland,Iceland,direct_area_match,un_comtrade_partner_areas_reference,False
1970,M,S1,620,372.0,,TOTAL,768308.0,True,True,0,False,22,"0,24,40,58,132,208,246,251,280,352,372,380,446,508,528,579,624,626,678,752,757,826",3e19e2fd1467e3d2c9f3cd8894aa60ce9fa3f88335ad2ad1f594a389b63c9be0,9c87944f318ed502502d41ffb5a535f40a311d791ce77d340fca6e73263a49b1,6d18ab294940328d994a5a2c139336f49ae43a2f873b94d4f46fe2b628d95d3b,current_against_configuration,ireland,Ireland,direct_area_match,un_comtrade_partner_areas_reference,False
1970,M,S1,620,380.0,,TOTAL,84741968.0,True,True,0,False,22,"0,24,40,58,132,208,246,251,280,352,372,380,446,508,528,579,624,626,678,752,757,826",3e19e2fd1467e3d2c9f3cd8894aa60ce9fa3f88335ad2ad1f594a389b63c9be0,9c87944f318ed502502d41ffb5a535f40a311d791ce77d340fca6e73263a49b1,6d18ab294940328d994a5a2c139336f49ae43a2f873b94d4f46fe2b628d95d3b,current_against_configuration,italy,Italy,direct_area_match,un_comtrade_customs_area_help,False
1970,M,S1,620,446.0,,TOTAL,5432859.0,True,True,0,False,22,"0,24,40,58,132,208,246,251,280,352,372,380,446,508,528,579,624,626,678,752,757,826",3e19e2fd1467e3d2c9f3cd8894aa60ce9fa3f88335ad2ad1f594a389b63c9be0,9c87944f318ed502502d41ffb5a535f40a311d791ce77d340fca6e73263a49b1,6d18ab294940328d994a5a2c139336f49ae43a2f873b94d4f46fe2b628d95d3b,current_against_configuration,macao,Macao,direct_area_match,un_comtrade_partner_areas_reference,False
1970,M,S1,620,508.0,,TOTAL,66527660.0,True,True,0,False,22,"0,24,40,58,132,208,246,251,280,352,372,380,446,508,528,579,624,626,678,752,757,826",3e19e2fd1467e3d2c9f3cd8894aa60ce9fa3f88335ad2ad1f594a389b63c9be0,9c87944f318ed502502d41ffb5a535f40a311d791ce77d340fca6e73263a49b1,6d18ab294940328d994a5a2c139336f49ae43a2f873b94d4f46fe2b628d95d3b,current_against_configuration,mozambique,Mozambique,direct_area_match,un_comtrade_partner_areas_reference,False
1970,M,S1,620,528.0,,TOTAL,39658152.0,True,True,0,False,22,"0,24,40,58,132,208,246,251,280,352,372,380,446,508,528,579,624,626,678,752,757,826",3e19e2fd1467e3d2c9f3cd8894aa60ce9fa3f88335ad2ad1f594a389b63c9be0,9c87944f318ed502502d41ffb5a535f40a311d791ce77d340fca6e73263a49b1,6d18ab294940328d994a5a2c139336f49ae43a2f873b94d4f46fe2b628d95d3b,current_against_configuration,netherlands,Netherlands,direct_area_match,un_comtrade_partner_areas_reference,False
1970,M,S1,620,579.0,,TOTAL,9619143.0,True,True,0,False,22,"0,24,40,58,132,208,246,251,280,352,372,380,446,508,528,579,624,626,678,752,757,826",3e19e2fd1467e3d2c9f3cd8894aa60ce9fa3f88335ad2ad1f594a389b63c9be0,9c87944f318ed502502d41ffb5a535f40a311d791ce77d340fca6e73263a49b1,6d18ab294940328d994a5a2c139336f49ae43a2f873b94d4f46fe2b628d95d3b,current_against_configuration,norway,"Norway, Svalbard and Jan Mayen",customs_area_match,un_comtrade_customs_area_help,False
1970,M,S1,620,624.0,,TOTAL,4021021.0,True,True,0,False,22,"0,24,40,58,132,208,246,251,280,352,372,380,446,508,528,579,624,626,678,752,757,826",3e19e2fd1467e3d2c9f3cd8894aa60ce9fa3f88335ad2ad1f594a389b63c9be0,9c87944f318ed502502d41ffb5a535f40a311d791ce77d340fca6e73263a49b1,6d18ab294940328d994a5a2c139336f49ae43a2f873b94d4f46fe2b628d95d3b,current_against_configuration,guinea_bissau,Guinea-Bissau,direct_area_match,un_comtrade_partner_areas_reference,False
1970,M,S1,620,626.0,,TOTAL,345002.0,True,True,0,False,22,"0,24,40,58,132,208,246,251,280,352,372,380,446,508,528,579,624,626,678,752,757,826",3e19e2fd1467e3d2c9f3cd8894aa60ce9fa3f88335ad2ad1f594a389b63c9be0,9c87944f318ed502502d41ffb5a535f40a311d791ce77d340fca6e73263a49b1,6d18ab294940328d994a5a2c139336f49ae43a2f873b94d4f46fe2b628d95d3b,current_against_configuration,timor_leste,Timor-Leste,direct_area_match,un_comtrade_partner_areas_reference,False
1970,M,S1,620,678.0,,TOTAL,2346981.0,True,True,0,False,22,"0,24,40,58,132,208,246,251,280,352,372,380,446,508,528,579,624,626,678,752,757,826",3e19e2fd1467e3d2c9f3cd8894aa60ce9fa3f88335ad2ad1f594a389b63c9be0,9c87944f318ed502502d41ffb5a535f40a311d791ce77d340fca6e73263a49b1,6d18ab294940328d994a5a2c139336f49ae43a2f873b94d4f46fe2b628d95d3b,current_against_configuration,sao_tome_principe,Sao Tome and Principe,direct_area_match,un_comtrade_partner_areas_reference,False
1970,M,S1,620,752.0,,TOTAL,41790524.0,True,True,0,False,22,"0,24,40,58,132,208,246,251,280,352,372,380,446,508,528,579,624,626,678,752,757,826",3e19e2fd1467e3d2c9f3cd8894aa60ce9fa3f88335ad2ad1f594a389b63c9be0,9c87944f318ed502502d41ffb5a535f40a311d791ce77d340fca6e73263a49b1,6d18ab294940328d994a5a2c139336f49ae43a2f873b94d4f46fe2b628d95d3b,current_against_configuration,sweden,Sweden,direct_area_match,un_comtrade_partner_areas_reference,False
1970,M,S1,620,757.0,,TOTAL,55032956.0,True,True,0,False,22,"0,24,40,58,132,208,246,251,280,352,372,380,446,508,528,579,624,626,678,752,757,826",3e19e2fd1467e3d2c9f3cd8894aa60ce9fa3f88335ad2ad1f594a389b63c9be0,9c87944f318ed502502d41ffb5a535f40a311d791ce77d340fca6e73263a49b1,6d18ab294940328d994a5a2c139336f49ae43a2f873b94d4f46fe2b628d95d3b,current_against_configuration,switzerland_liechtenstein,Switzerland and Liechtenstein,customs_area_match,un_comtrade_customs_area_help,False
1970,M,S1,620,826.0,,TOTAL,221831904.0,True,True,0,False,22,"0,24,40,58,132,208,246,251,280,352,372,380,446,508,528,579,624,626,678,752,757,826",3e19e2fd1467e3d2c9f3cd8894aa60ce9fa3f88335ad2ad1f594a389b63c9be0,9c87944f318ed502502d41ffb5a535f40a311d791ce77d340fca6e73263a49b1,6d18ab294940328d994a5a2c139336f49ae43a2f873b94d4f46fe2b628d95d3b,current_against_configuration,united_kingdom,United Kingdom,direct_area_match,un_comtrade_partner_areas_reference,False
1970,M,S2,620,,,TOTAL,,,,,False,0,"0,24,40,58,132,208,246,251,280,352,372,380,446,508,528,579,624,626,678,752,757,826",3e19e2fd1467e3d2c9f3cd8894aa60ce9fa3f88335ad2ad1f594a389b63c9be0,9c87944f318ed502502d41ffb5a535f40a311d791ce77d340fca6e73263a49b1,6d18ab294940328d994a5a2c139336f49ae43a2f873b94d4f46fe2b628d95d3b,current_against_configuration,,,,,False
1970,X,S1,620,0.0,,TOTAL,949225152.0,True,True,0,True,22,"0,24,40,58,132,208,246,251,280,352,372,380,446,508,528,579,624,626,678,752,757,826",3e19e2fd1467e3d2c9f3cd8894aa60ce9fa3f88335ad2ad1f594a389b63c9be0,9c87944f318ed502502d41ffb5a535f40a311d791ce77d340fca6e73263a49b1,6d18ab294940328d994a5a2c139336f49ae43a2f873b94d4f46fe2b628d95d3b,current_against_configuration,world,World,comtrade_total,un_comtrade_partner_areas_reference,False
1970,X,S1,620,24.0,,TOTAL,118858328.0,True,True,0,False,22,"0,24,40,58,132,208,246,251,280,352,372,380,446,508,528,579,624,626,678,752,757,826",3e19e2fd1467e3d2c9f3cd8894aa60ce9fa3f88335ad2ad1f594a389b63c9be0,9c87944f318ed502502d41ffb5a535f40a311d791ce77d340fca6e73263a49b1,6d18ab294940328d994a5a2c139336f49ae43a2f873b94d4f46fe2b628d95d3b,current_against_configuration,angola,Angola,direct_area_match,un_comtrade_partner_areas_reference,False
1970,X,S1,620,40.0,,TOTAL,13555946.0,True,True,0,False,22,"0,24,40,58,132,208,246,251,280,352,372,380,446,508,528,579,624,626,678,752,757,826",3e19e2fd1467e3d2c9f3cd8894aa60ce9fa3f88335ad2ad1f594a389b63c9be0,9c87944f318ed502502d41ffb5a535f40a311d791ce77d340fca6e73263a49b1,6d18ab294940328d994a5a2c139336f49ae43a2f873b94d4f46fe2b628d95d3b,current_against_configuration,austria,Austria,direct_area_match,un_comtrade_partner_areas_reference,False
1970,X,S1,620,58.0,,TOTAL,15252603.0,True,True,0,False,22,"0,24,40,58,132,208,246,251,280,352,372,380,446,508,528,579,624,626,678,752,757,826",3e19e2fd1467e3d2c9f3cd8894aa60ce9fa3f88335ad2ad1f594a389b63c9be0,9c87944f318ed502502d41ffb5a535f40a311d791ce77d340fca6e73263a49b1,6d18ab294940328d994a5a2c139336f49ae43a2f873b94d4f46fe2b628d95d3b,current_against_configuration,belgium_luxembourg,Belgium-Luxembourg (...1998),historical_trade_area_match,un_comtrade_partner_areas_reference,False
1970,X,S1,620,132.0,,TOTAL,7129347.0,True,True,0,False,22,"0,24,40,58,132,208,246,251,280,352,372,380,446,508,528,579,624,626,678,752,757,826",3e19e2fd1467e3d2c9f3cd8894aa60ce9fa3f88335ad2ad1f594a389b63c9be0,9c87944f318ed502502d41ffb5a535f40a311d791ce77d340fca6e73263a49b1,6d18ab294940328d994a5a2c139336f49ae43a2f873b94d4f46fe2b628d95d3b,current_against_configuration,cabo_verde,Cabo Verde,direct_area_match,un_comtrade_partner_areas_reference,False
1970,X,S1,620,208.0,,TOTAL,26111720.0,True,True,0,False,22,"0,24,40,58,132,208,246,251,280,352,372,380,446,508,528,579,624,626,678,752,757,826",3e19e2fd1467e3d2c9f3cd8894aa60ce9fa3f88335ad2ad1f594a389b63c9be0,9c87944f318ed502502d41ffb5a535f40a311d791ce77d340fca6e73263a49b1,6d18ab294940328d994a5a2c139336f49ae43a2f873b94d4f46fe2b628d95d3b,current_against_configuration,denmark,Denmark,direct_area_match,un_comtrade_partner_areas_reference,False
1970,X,S1,620,246.0,,TOTAL,18317058.0,True,True,0,False,22,"0,24,40,58,132,208,246,251,280,352,372,380,446,508,528,579,624,626,678,752,757,826",3e19e2fd1467e3d2c9f3cd8894aa60ce9fa3f88335ad2ad1f594a389b63c9be0,9c87944f318ed502502d41ffb5a535f40a311d791ce77d340fca6e73263a49b1,6d18ab294940328d994a5a2c139336f49ae43a2f873b94d4f46fe2b628d95d3b,current_against_configuration,finland,Finland,direct_area_match,un_comtrade_partner_areas_reference,False
1970,X,S1,620,251.0,,TOTAL,43301192.0,True,True,0,False,22,"0,24,40,58,132,208,246,251,280,352,372,380,446,508,528,579,624,626,678,752,757,826",3e19e2fd1467e3d2c9f3cd8894aa60ce9fa3f88335ad2ad1f594a389b63c9be0,9c87944f318ed502502d41ffb5a535f40a311d791ce77d340fca6e73263a49b1,6d18ab294940328d994a5a2c139336f49ae43a2f873b94d4f46fe2b628d95d3b,current_against_configuration,france,France customs area,customs_area_match,un_comtrade_customs_area_help,False
1970,X,S1,620,280.0,,TOTAL,59892948.0,True,True,0,False,22,"0,24,40,58,132,208,246,251,280,352,372,380,446,508,528,579,624,626,678,752,757,826",3e19e2fd1467e3d2c9f3cd8894aa60ce9fa3f88335ad2ad1f594a389b63c9be0,9c87944f318ed502502d41ffb5a535f40a311d791ce77d340fca6e73263a49b1,6d18ab294940328d994a5a2c139336f49ae43a2f873b94d4f46fe2b628d95d3b,current_against_configuration,west_germany,Former Federal Republic of Germany,historical_trade_area_match,un_comtrade_partner_areas_reference,False
1970,X,S1,620,352.0,,TOTAL,496663.0,True,True,0,False,22,"0,24,40,58,132,208,246,251,280,352,372,380,446,508,528,579,624,626,678,752,757,826",3e19e2fd1467e3d2c9f3cd8894aa60ce9fa3f88335ad2ad1f594a389b63c9be0,9c87944f318ed502502d41ffb5a535f40a311d791ce77d340fca6e73263a49b1,6d18ab294940328d994a5a2c139336f49ae43a2f873b94d4f46fe2b628d95d3b,current_against_configuration,iceland,Iceland,direct_area_match,un_comtrade_partner_areas_reference,False
1970,X,S1,620,372.0,,TOTAL,3734934.0,True,True,0,False,22,"0,24,40,58,132,208,246,251,280,352,372,380,446,508,528,579,624,626,678,752,757,826",3e19e2fd1467e3d2c9f3cd8894aa60ce9fa3f88335ad2ad1f594a389b63c9be0,9c87944f318ed502502d41ffb5a535f40a311d791ce77d340fca6e73263a49b1,6d18ab294940328d994a5a2c139336f49ae43a2f873b94d4f46fe2b628d95d3b,current_against_configuration,ireland,Ireland,direct_area_match,un_comtrade_partner_areas_reference,False
1970,X,S1,620,380.0,,TOTAL,28988100.0,True,True,0,False,22,"0,24,40,58,132,208,246,251,280,352,372,380,446,508,528,579,624,626,678,752,757,826",3e19e2fd1467e3d2c9f3cd8894aa60ce9fa3f88335ad2ad1f594a389b63c9be0,9c87944f318ed502502d41ffb5a535f40a311d791ce77d340fca6e73263a49b1,6d18ab294940328d994a5a2c139336f49ae43a2f873b94d4f46fe2b628d95d3b,current_against_configuration,italy,Italy,direct_area_match,un_comtrade_customs_area_help,False
1970,X,S1,620,446.0,,TOTAL,582923.0,True,True,0,False,22,"0,24,40,58,132,208,246,251,280,352,372,380,446,508,528,579,624,626,678,752,757,826",3e19e2fd1467e3d2c9f3cd8894aa60ce9fa3f88335ad2ad1f594a389b63c9be0,9c87944f318ed502502d41ffb5a535f40a311d791ce77d340fca6e73263a49b1,6d18ab294940328d994a5a2c139336f49ae43a2f873b94d4f46fe2b628d95d3b,current_against_configuration,macao,Macao,direct_area_match,un_comtrade_partner_areas_reference,False
1970,X,S1,620,508.0,,TOTAL,85951576.0,True,True,0,False,22,"0,24,40,58,132,208,246,251,280,352,372,380,446,508,528,579,624,626,678,752,757,826",3e19e2fd1467e3d2c9f3cd8894aa60ce9fa3f88335ad2ad1f594a389b63c9be0,9c87944f318ed502502d41ffb5a535f40a311d791ce77d340fca6e73263a49b1,6d18ab294940328d994a5a2c139336f49ae43a2f873b94d4f46fe2b628d95d3b,current_against_configuration,mozambique,Mozambique,direct_area_match,un_comtrade_partner_areas_reference,False
1970,X,S1,620,528.0,,TOTAL,26356036.0,True,True,0,False,22,"0,24,40,58,132,208,246,251,280,352,372,380,446,508,528,579,624,626,678,752,757,826",3e19e2fd1467e3d2c9f3cd8894aa60ce9fa3f88335ad2ad1f594a389b63c9be0,9c87944f318ed502502d41ffb5a535f40a311d791ce77d340fca6e73263a49b1,6d18ab294940328d994a5a2c139336f49ae43a2f873b94d4f46fe2b628d95d3b,current_against_configuration,netherlands,Netherlands,direct_area_match,un_comtrade_partner_areas_reference,False
1970,X,S1,620,579.0,,TOTAL,13573581.0,True,True,0,False,22,"0,24,40,58,132,208,246,251,280,352,372,380,446,508,528,579,624,626,678,752,757,826",3e19e2fd1467e3d2c9f3cd8894aa60ce9fa3f88335ad2ad1f594a389b63c9be0,9c87944f318ed502502d41ffb5a535f40a311d791ce77d340fca6e73263a49b1,6d18ab294940328d994a5a2c139336f49ae43a2f873b94d4f46fe2b628d95d3b,current_against_configuration,norway,"Norway, Svalbard and Jan Mayen",customs_area_match,un_comtrade_customs_area_help,False
1970,X,S1,620,624.0,,TOTAL,14905305.0,True,True,0,False,22,"0,24,40,58,132,208,246,251,280,352,372,380,446,508,528,579,624,626,678,752,757,826",3e19e2fd1467e3d2c9f3cd8894aa60ce9fa3f88335ad2ad1f594a389b63c9be0,9c87944f318ed502502d41ffb5a535f40a311d791ce77d340fca6e73263a49b1,6d18ab294940328d994a5a2c139336f49ae43a2f873b94d4f46fe2b628d95d3b,current_against_configuration,guinea_bissau,Guinea-Bissau,direct_area_match,un_comtrade_partner_areas_reference,False
1970,X,S1,620,626.0,,TOTAL,1595547.0,True,True,0,False,22,"0,24,40,58,132,208,246,251,280,352,372,380,446,508,528,579,624,626,678,752,757,826",3e19e2fd1467e3d2c9f3cd8894aa60ce9fa3f88335ad2ad1f594a389b63c9be0,9c87944f318ed502502d41ffb5a535f40a311d791ce77d340fca6e73263a49b1,6d18ab294940328d994a5a2c139336f49ae43a2f873b94d4f46fe2b628d95d3b,current_against_configuration,timor_leste,Timor-Leste,direct_area_match,un_comtrade_partner_areas_reference,False
1970,X,S1,620,678.0,,TOTAL,3435795.0,True,True,0,False,22,"0,24,40,58,132,208,246,251,280,352,372,380,446,508,528,579,624,626,678,752,757,826",3e19e2fd1467e3d2c9f3cd8894aa60ce9fa3f88335ad2ad1f594a389b63c9be0,9c87944f318ed502502d41ffb5a535f40a311d791ce77d340fca6e73263a49b1,6d18ab294940328d994a5a2c139336f49ae43a2f873b94d4f46fe2b628d95d3b,current_against_configuration,sao_tome_principe,Sao Tome and Principe,direct_area_match,un_comtrade_partner_areas_reference,False
1970,X,S1,620,752.0,,TOTAL,50429996.0,True,True,0,False,22,"0,24,40,58,132,208,246,251,280,352,372,380,446,508,528,579,624,626,678,752,757,826",3e19e2fd1467e3d2c9f3cd8894aa60ce9fa3f88335ad2ad1f594a389b63c9be0,9c87944f318ed502502d41ffb5a535f40a311d791ce77d340fca6e73263a49b1,6d18ab294940328d994a5a2c139336f49ae43a2f873b94d4f46fe2b628d95d3b,current_against_configuration,sweden,Sweden,direct_area_match,un_comtrade_partner_areas_reference,False
1970,X,S1,620,757.0,,TOTAL,20083452.0,True,True,0,False,22,"0,24,40,58,132,208,246,251,280,352,372,380,446,508,528,579,624,626,678,752,757,826",3e19e2fd1467e3d2c9f3cd8894aa60ce9fa3f88335ad2ad1f594a389b63c9be0,9c87944f318ed502502d41ffb5a535f40a311d791ce77d340fca6e73263a49b1,6d18ab294940328d994a5a2c139336f49ae43a2f873b94d4f46fe2b628d95d3b,current_against_configuration,switzerland_liechtenstein,Switzerland and Liechtenstein,customs_area_match,un_comtrade_customs_area_help,False
1970,X,S1,620,826.0,,TOTAL,193730960.0,True,True,0,False,22,"0,24,40,58,132,208,246,251,280,352,372,380,446,508,528,579,624,626,678,752,757,826",3e19e2fd1467e3d2c9f3cd8894aa60ce9fa3f88335ad2ad1f594a389b63c9be0,9c87944f318ed502502d41ffb5a535f40a311d791ce77d340fca6e73263a49b1,6d18ab294940328d994a5a2c139336f49ae43a2f873b94d4f46fe2b628d95d3b,current_against_configuration,united_kingdom,United Kingdom,direct_area_match,un_comtrade_partner_areas_reference,False
1970,X,S2,620,,,TOTAL,,,,,False,0,"0,24,40,58,132,208,246,251,280,352,372,380,446,508,528,579,624,626,678,752,757,826",3e19e2fd1467e3d2c9f3cd8894aa60ce9fa3f88335ad2ad1f594a389b63c9be0,9c87944f318ed502502d41ffb5a535f40a311d791ce77d340fca6e73263a49b1,6d18ab294940328d994a5a2c139336f49ae43a2f873b94d4f46fe2b628d95d3b,current_against_configuration,,,,,False
1971,M,S1,620,0.0,,TOTAL,1823831680.0,True,True,0,True,22,"0,24,40,58,132,208,246,251,280,352,372,380,446,508,528,579,624,626,678,752,757,826",3e19e2fd1467e3d2c9f3cd8894aa60ce9fa3f88335ad2ad1f594a389b63c9be0,9c87944f318ed502502d41ffb5a535f40a311d791ce77d340fca6e73263a49b1,6d18ab294940328d994a5a2c139336f49ae43a2f873b94d4f46fe2b628d95d3b,current_against_configuration,world,World,comtrade_total,un_comtrade_partner_areas_reference,False
1971,M,S1,620,24.0,,TOTAL,165534096.0,True,True,0,False,22,"0,24,40,58,132,208,246,251,280,352,372,380,446,508,528,579,624,626,678,752,757,826",3e19e2fd1467e3d2c9f3cd8894aa60ce9fa3f88335ad2ad1f594a389b63c9be0,9c87944f318ed502502d41ffb5a535f40a311d791ce77d340fca6e73263a49b1,6d18ab294940328d994a5a2c139336f49ae43a2f873b94d4f46fe2b628d95d3b,current_against_configuration,angola,Angola,direct_area_match,un_comtrade_partner_areas_reference,False
1971,M,S1,620,40.0,,TOTAL,25955868.0,True,True,0,False,22,"0,24,40,58,132,208,246,251,280,352,372,380,446,508,528,579,624,626,678,752,757,826",3e19e2fd1467e3d2c9f3cd8894aa60ce9fa3f88335ad2ad1f594a389b63c9be0,9c87944f318ed502502d41ffb5a535f40a311d791ce77d340fca6e73263a49b1,6d18ab294940328d994a5a2c139336f49ae43a2f873b94d4f46fe2b628d95d3b,current_against_configuration,austria,Austria,direct_area_match,un_comtrade_partner_areas_reference,False
1971,M,S1,620,58.0,,TOTAL,50886244.0,True,True,0,False,22,"0,24,40,58,132,208,246,251,280,352,372,380,446,508,528,579,624,626,678,752,757,826",3e19e2fd1467e3d2c9f3cd8894aa60ce9fa3f88335ad2ad1f594a389b63c9be0,9c87944f318ed502502d41ffb5a535f40a311d791ce77d340fca6e73263a49b1,6d18ab294940328d994a5a2c139336f49ae43a2f873b94d4f46fe2b628d95d3b,current_against_configuration,belgium_luxembourg,Belgium-Luxembourg (...1998),historical_trade_area_match,un_comtrade_partner_areas_reference,False
1971,M,S1,620,132.0,,TOTAL,1338328.0,True,True,0,False,22,"0,24,40,58,132,208,246,251,280,352,372,380,446,508,528,579,624,626,678,752,757,826",3e19e2fd1467e3d2c9f3cd8894aa60ce9fa3f88335ad2ad1f594a389b63c9be0,9c87944f318ed502502d41ffb5a535f40a311d791ce77d340fca6e73263a49b1,6d18ab294940328d994a5a2c139336f49ae43a2f873b94d4f46fe2b628d95d3b,current_against_configuration,cabo_verde,Cabo Verde,direct_area_match,un_comtrade_partner_areas_reference,False
1971,M,S1,620,208.0,,TOTAL,19473324.0,True,True,0,False,22,"0,24,40,58,132,208,246,251,280,352,372,380,446,508,528,579,624,626,678,752,757,826",3e19e2fd1467e3d2c9f3cd8894aa60ce9fa3f88335ad2ad1f594a389b63c9be0,9c87944f318ed502502d41ffb5a535f40a311d791ce77d340fca6e73263a49b1,6d18ab294940328d994a5a2c139336f49ae43a2f873b94d4f46fe2b628d95d3b,current_against_configuration,denmark,Denmark,direct_area_match,un_comtrade_partner_areas_reference,False
1971,M,S1,620,246.0,,TOTAL,6142035.0,True,True,0,False,22,"0,24,40,58,132,208,246,251,280,352,372,380,446,508,528,579,624,626,678,752,757,826",3e19e2fd1467e3d2c9f3cd8894aa60ce9fa3f88335ad2ad1f594a389b63c9be0,9c87944f318ed502502d41ffb5a535f40a311d791ce77d340fca6e73263a49b1,6d18ab294940328d994a5a2c139336f49ae43a2f873b94d4f46fe2b628d95d3b,current_against_configuration,finland,Finland,direct_area_match,un_comtrade_partner_areas_reference,False
1971,M,S1,620,251.0,,TOTAL,120770848.0,True,True,0,False,22,"0,24,40,58,132,208,246,251,280,352,372,380,446,508,528,579,624,626,678,752,757,826",3e19e2fd1467e3d2c9f3cd8894aa60ce9fa3f88335ad2ad1f594a389b63c9be0,9c87944f318ed502502d41ffb5a535f40a311d791ce77d340fca6e73263a49b1,6d18ab294940328d994a5a2c139336f49ae43a2f873b94d4f46fe2b628d95d3b,current_against_configuration,france,France customs area,customs_area_match,un_comtrade_customs_area_help,False
1971,M,S1,620,280.0,,TOTAL,285390112.0,True,True,0,False,22,"0,24,40,58,132,208,246,251,280,352,372,380,446,508,528,579,624,626,678,752,757,826",3e19e2fd1467e3d2c9f3cd8894aa60ce9fa3f88335ad2ad1f594a389b63c9be0,9c87944f318ed502502d41ffb5a535f40a311d791ce77d340fca6e73263a49b1,6d18ab294940328d994a5a2c139336f49ae43a2f873b94d4f46fe2b628d95d3b,current_against_configuration,west_germany,Former Federal Republic of Germany,historical_trade_area_match,un_comtrade_partner_areas_reference,False
1971,M,S1,620,352.0,,TOTAL,7560601.0,True,True,0,False,22,"0,24,40,58,132,208,246,251,280,352,372,380,446,508,528,579,624,626,678,752,757,826",3e19e2fd1467e3d2c9f3cd8894aa60ce9fa3f88335ad2ad1f594a389b63c9be0,9c87944f318ed502502d41ffb5a535f40a311d791ce77d340fca6e73263a49b1,6d18ab294940328d994a5a2c139336f49ae43a2f873b94d4f46fe2b628d95d3b,current_against_configuration,iceland,Iceland,direct_area_match,un_comtrade_partner_areas_reference,False
1971,M,S1,620,372.0,,TOTAL,1034891.0,True,True,0,False,22,"0,24,40,58,132,208,246,251,280,352,372,380,446,508,528,579,624,626,678,752,757,826",3e19e2fd1467e3d2c9f3cd8894aa60ce9fa3f88335ad2ad1f594a389b63c9be0,9c87944f318ed502502d41ffb5a535f40a311d791ce77d340fca6e73263a49b1,6d18ab294940328d994a5a2c139336f49ae43a2f873b94d4f46fe2b628d95d3b,current_against_configuration,ireland,Ireland,direct_area_match,un_comtrade_partner_areas_reference,False
1971,M,S1,620,380.0,,TOTAL,94973216.0,True,True,0,False,22,"0,24,40,58,132,208,246,251,280,352,372,380,446,508,528,579,624,626,678,752,757,826",3e19e2fd1467e3d2c9f3cd8894aa60ce9fa3f88335ad2ad1f594a389b63c9be0,9c87944f318ed502502d41ffb5a535f40a311d791ce77d340fca6e73263a49b1,6d18ab294940328d994a5a2c139336f49ae43a2f873b94d4f46fe2b628d95d3b,current_against_configuration,italy,Italy,direct_area_match,un_comtrade_customs_area_help,False
1971,M,S1,620,446.0,,TOTAL,6537057.0,True,True,0,False,22,"0,24,40,58,132,208,246,251,280,352,372,380,446,508,528,579,624,626,678,752,757,826",3e19e2fd1467e3d2c9f3cd8894aa60ce9fa3f88335ad2ad1f594a389b63c9be0,9c87944f318ed502502d41ffb5a535f40a311d791ce77d340fca6e73263a49b1,6d18ab294940328d994a5a2c139336f49ae43a2f873b94d4f46fe2b628d95d3b,current_against_configuration,macao,Macao,direct_area_match,un_comtrade_partner_areas_reference,False
1971,M,S1,620,508.0,,TOTAL,62339608.0,True,True,0,False,22,"0,24,40,58,132,208,246,251,280,352,372,380,446,508,528,579,624,626,678,752,757,826",3e19e2fd1467e3d2c9f3cd8894aa60ce9fa3f88335ad2ad1f594a389b63c9be0,9c87944f318ed502502d41ffb5a535f40a311d791ce77d340fca6e73263a49b1,6d18ab294940328d994a5a2c139336f49ae43a2f873b94d4f46fe2b628d95d3b,current_against_configuration,mozambique,Mozambique,direct_area_match,un_comtrade_partner_areas_reference,False
1971,M,S1,620,528.0,,TOTAL,45389824.0,True,True,0,False,22,"0,24,40,58,132,208,246,251,280,352,372,380,446,508,528,579,624,626,678,752,757,826",3e19e2fd1467e3d2c9f3cd8894aa60ce9fa3f88335ad2ad1f594a389b63c9be0,9c87944f318ed502502d41ffb5a535f40a311d791ce77d340fca6e73263a49b1,6d18ab294940328d994a5a2c139336f49ae43a2f873b94d4f46fe2b628d95d3b,current_against_configuration,netherlands,Netherlands,direct_area_match,un_comtrade_partner_areas_reference,False
1971,M,S1,620,579.0,,TOTAL,20995688.0,True,True,0,False,22,"0,24,40,58,132,208,246,251,280,352,372,380,446,508,528,579,624,626,678,752,757,826",3e19e2fd1467e3d2c9f3cd8894aa60ce9fa3f88335ad2ad1f594a389b63c9be0,9c87944f318ed502502d41ffb5a535f40a311d791ce77d340fca6e73263a49b1,6d18ab294940328d994a5a2c139336f49ae43a2f873b94d4f46fe2b628d95d3b,current_against_configuration,norway,"Norway, Svalbard and Jan Mayen",customs_area_match,un_comtrade_customs_area_help,False
1971,M,S1,620,624.0,,TOTAL,2523578.0,True,True,0,False,22,"0,24,40,58,132,208,246,251,280,352,372,380,446,508,528,579,624,626,678,752,757,826",3e19e2fd1467e3d2c9f3cd8894aa60ce9fa3f88335ad2ad1f594a389b63c9be0,9c87944f318ed502502d41ffb5a535f40a311d791ce77d340fca6e73263a49b1,6d18ab294940328d994a5a2c139336f49ae43a2f873b94d4f46fe2b628d95d3b,current_against_configuration,guinea_bissau,Guinea-Bissau,direct_area_match,un_comtrade_partner_areas_reference,False
1971,M,S1,620,626.0,,TOTAL,442643.0,True,True,0,False,22,"0,24,40,58,132,208,246,251,280,352,372,380,446,508,528,579,624,626,678,752,757,826",3e19e2fd1467e3d2c9f3cd8894aa60ce9fa3f88335ad2ad1f594a389b63c9be0,9c87944f318ed502502d41ffb5a535f40a311d791ce77d340fca6e73263a49b1,6d18ab294940328d994a5a2c139336f49ae43a2f873b94d4f46fe2b628d95d3b,current_against_configuration,timor_leste,Timor-Leste,direct_area_match,un_comtrade_partner_areas_reference,False
1971,M,S1,620,678.0,,TOTAL,2780703.0,True,True,0,False,22,"0,24,40,58,132,208,246,251,280,352,372,380,446,508,528,579,624,626,678,752,757,826",3e19e2fd1467e3d2c9f3cd8894aa60ce9fa3f88335ad2ad1f594a389b63c9be0,9c87944f318ed502502d41ffb5a535f40a311d791ce77d340fca6e73263a49b1,6d18ab294940328d994a5a2c139336f49ae43a2f873b94d4f46fe2b628d95d3b,current_against_configuration,sao_tome_principe,Sao Tome and Principe,direct_area_match,un_comtrade_partner_areas_reference,False
1971,M,S1,620,752.0,,TOTAL,48698768.0,True,True,0,False,22,"0,24,40,58,132,208,246,251,280,352,372,380,446,508,528,579,624,626,678,752,757,826",3e19e2fd1467e3d2c9f3cd8894aa60ce9fa3f88335ad2ad1f594a389b63c9be0,9c87944f318ed502502d41ffb5a535f40a311d791ce77d340fca6e73263a49b1,6d18ab294940328d994a5a2c139336f49ae43a2f873b94d4f46fe2b628d95d3b,current_against_configuration,sweden,Sweden,direct_area_match,un_comtrade_partner_areas_reference,False
1971,M,S1,620,757.0,,TOTAL,76225688.0,True,True,0,False,22,"0,24,40,58,132,208,246,251,280,352,372,380,446,508,528,579,624,626,678,752,757,826",3e19e2fd1467e3d2c9f3cd8894aa60ce9fa3f88335ad2ad1f594a389b63c9be0,9c87944f318ed502502d41ffb5a535f40a311d791ce77d340fca6e73263a49b1,6d18ab294940328d994a5a2c139336f49ae43a2f873b94d4f46fe2b628d95d3b,current_against_configuration,switzerland_liechtenstein,Switzerland and Liechtenstein,customs_area_match,un_comtrade_customs_area_help,False
1971,M,S1,620,826.0,,TOTAL,248797888.0,True,True,0,False,22,"0,24,40,58,132,208,246,251,280,352,372,380,446,508,528,579,624,626,678,752,757,826",3e19e2fd1467e3d2c9f3cd8894aa60ce9fa3f88335ad2ad1f594a389b63c9be0,9c87944f318ed502502d41ffb5a535f40a311d791ce77d340fca6e73263a49b1,6d18ab294940328d994a5a2c139336f49ae43a2f873b94d4f46fe2b628d95d3b,current_against_configuration,united_kingdom,United Kingdom,direct_area_match,un_comtrade_partner_areas_reference,False
1971,M,S2,620,,,TOTAL,,,,,False,0,"0,24,40,58,132,208,246,251,280,352,372,380,446,508,528,579,624,626,678,752,757,826",3e19e2fd1467e3d2c9f3cd8894aa60ce9fa3f88335ad2ad1f594a389b63c9be0,9c87944f318ed502502d41ffb5a535f40a311d791ce77d340fca6e73263a49b1,6d18ab294940328d994a5a2c139336f49ae43a2f873b94d4f46fe2b628d95d3b,current_against_configuration,,,,,False
1971,X,S1,620,0.0,,TOTAL,1052598592.0,True,True,0,True,22,"0,24,40,58,132,208,246,251,280,352,372,380,446,508,528,579,624,626,678,752,757,826",3e19e2fd1467e3d2c9f3cd8894aa60ce9fa3f88335ad2ad1f594a389b63c9be0,9c87944f318ed502502d41ffb5a535f40a311d791ce77d340fca6e73263a49b1,6d18ab294940328d994a5a2c139336f49ae43a2f873b94d4f46fe2b628d95d3b,current_against_configuration,world,World,comtrade_total,un_comtrade_partner_areas_reference,False
1971,X,S1,620,24.0,,TOTAL,118945216.0,True,True,0,False,22,"0,24,40,58,132,208,246,251,280,352,372,380,446,508,528,579,624,626,678,752,757,826",3e19e2fd1467e3d2c9f3cd8894aa60ce9fa3f88335ad2ad1f594a389b63c9be0,9c87944f318ed502502d41ffb5a535f40a311d791ce77d340fca6e73263a49b1,6d18ab294940328d994a5a2c139336f49ae43a2f873b94d4f46fe2b628d95d3b,current_against_configuration,angola,Angola,direct_area_match,un_comtrade_partner_areas_reference,False
1971,X,S1,620,40.0,,TOTAL,15046259.0,True,True,0,False,22,"0,24,40,58,132,208,246,251,280,352,372,380,446,508,528,579,624,626,678,752,757,826",3e19e2fd1467e3d2c9f3cd8894aa60ce9fa3f88335ad2ad1f594a389b63c9be0,9c87944f318ed502502d41ffb5a535f40a311d791ce77d340fca6e73263a49b1,6d18ab294940328d994a5a2c139336f49ae43a2f873b94d4f46fe2b628d95d3b,current_against_configuration,austria,Austria,direct_area_match,un_comtrade_partner_areas_reference,False
1971,X,S1,620,58.0,,TOTAL,29387652.0,True,True,0,False,22,"0,24,40,58,132,208,246,251,280,352,372,380,446,508,528,579,624,626,678,752,757,826",3e19e2fd1467e3d2c9f3cd8894aa60ce9fa3f88335ad2ad1f594a389b63c9be0,9c87944f318ed502502d41ffb5a535f40a311d791ce77d340fca6e73263a49b1,6d18ab294940328d994a5a2c139336f49ae43a2f873b94d4f46fe2b628d95d3b,current_against_configuration,belgium_luxembourg,Belgium-Luxembourg (...1998),historical_trade_area_match,un_comtrade_partner_areas_reference,False
1971,X,S1,620,132.0,,TOTAL,8554795.0,True,True,0,False,22,"0,24,40,58,132,208,246,251,280,352,372,380,446,508,528,579,624,626,678,752,757,826",3e19e2fd1467e3d2c9f3cd8894aa60ce9fa3f88335ad2ad1f594a389b63c9be0,9c87944f318ed502502d41ffb5a535f40a311d791ce77d340fca6e73263a49b1,6d18ab294940328d994a5a2c139336f49ae43a2f873b94d4f46fe2b628d95d3b,current_against_configuration,cabo_verde,Cabo Verde,direct_area_match,un_comtrade_partner_areas_reference,False
1971,X,S1,620,208.0,,TOTAL,26619978.0,True,True,0,False,22,"0,24,40,58,132,208,246,251,280,352,372,380,446,508,528,579,624,626,678,752,757,826",3e19e2fd1467e3d2c9f3cd8894aa60ce9fa3f88335ad2ad1f594a389b63c9be0,9c87944f318ed502502d41ffb5a535f40a311d791ce77d340fca6e73263a49b1,6d18ab294940328d994a5a2c139336f49ae43a2f873b94d4f46fe2b628d95d3b,current_against_configuration,denmark,Denmark,direct_area_match,un_comtrade_partner_areas_reference,False
1971,X,S1,620,246.0,,TOTAL,14956655.0,True,True,0,False,22,"0,24,40,58,132,208,246,251,280,352,372,380,446,508,528,579,624,626,678,752,757,826",3e19e2fd1467e3d2c9f3cd8894aa60ce9fa3f88335ad2ad1f594a389b63c9be0,9c87944f318ed502502d41ffb5a535f40a311d791ce77d340fca6e73263a49b1,6d18ab294940328d994a5a2c139336f49ae43a2f873b94d4f46fe2b628d95d3b,current_against_configuration,finland,Finland,direct_area_match,un_comtrade_partner_areas_reference,False
1971,X,S1,620,251.0,,TOTAL,47206816.0,True,True,0,False,22,"0,24,40,58,132,208,246,251,280,352,372,380,446,508,528,579,624,626,678,752,757,826",3e19e2fd1467e3d2c9f3cd8894aa60ce9fa3f88335ad2ad1f594a389b63c9be0,9c87944f318ed502502d41ffb5a535f40a311d791ce77d340fca6e73263a49b1,6d18ab294940328d994a5a2c139336f49ae43a2f873b94d4f46fe2b628d95d3b,current_against_configuration,france,France customs area,customs_area_match,un_comtrade_customs_area_help,False
1971,X,S1,620,280.0,,TOTAL,65668240.0,True,True,0,False,22,"0,24,40,58,132,208,246,251,280,352,372,380,446,508,528,579,624,626,678,752,757,826",3e19e2fd1467e3d2c9f3cd8894aa60ce9fa3f88335ad2ad1f594a389b63c9be0,9c87944f318ed502502d41ffb5a535f40a311d791ce77d340fca6e73263a49b1,6d18ab294940328d994a5a2c139336f49ae43a2f873b94d4f46fe2b628d95d3b,current_against_configuration,west_germany,Former Federal Republic of Germany,historical_trade_area_match,un_comtrade_partner_areas_reference,False
1971,X,S1,620,352.0,,TOTAL,982733.0,True,True,0,False,22,"0,24,40,58,132,208,246,251,280,352,372,380,446,508,528,579,624,626,678,752,757,826",3e19e2fd1467e3d2c9f3cd8894aa60ce9fa3f88335ad2ad1f594a389b63c9be0,9c87944f318ed502502d41ffb5a535f40a311d791ce77d340fca6e73263a49b1,6d18ab294940328d994a5a2c139336f49ae43a2f873b94d4f46fe2b628d95d3b,current_against_configuration,iceland,Iceland,direct_area_match,un_comtrade_partner_areas_reference,False
1971,X,S1,620,372.0,,TOTAL,4288703.0,True,True,0,False,22,"0,24,40,58,132,208,246,251,280,352,372,380,446,508,528,579,624,626,678,752,757,826",3e19e2fd1467e3d2c9f3cd8894aa60ce9fa3f88335ad2ad1f594a389b63c9be0,9c87944f318ed502502d41ffb5a535f40a311d791ce77d340fca6e73263a49b1,6d18ab294940328d994a5a2c139336f49ae43a2f873b94d4f46fe2b628d95d3b,current_against_configuration,ireland,Ireland,direct_area_match,un_comtrade_partner_areas_reference,False
1971,X,S1,620,380.0,,TOTAL,27741140.0,True,True,0,False,22,"0,24,40,58,132,208,246,251,280,352,372,380,446,508,528,579,624,626,678,752,757,826",3e19e2fd1467e3d2c9f3cd8894aa60ce9fa3f88335ad2ad1f594a389b63c9be0,9c87944f318ed502502d41ffb5a535f40a311d791ce77d340fca6e73263a49b1,6d18ab294940328d994a5a2c139336f49ae43a2f873b94d4f46fe2b628d95d3b,current_against_configuration,italy,Italy,direct_area_match,un_comtrade_customs_area_help,False
1971,X,S1,620,446.0,,TOTAL,733689.0,True,True,0,False,22,"0,24,40,58,132,208,246,251,280,352,372,380,446,508,528,579,624,626,678,752,757,826",3e19e2fd1467e3d2c9f3cd8894aa60ce9fa3f88335ad2ad1f594a389b63c9be0,9c87944f318ed502502d41ffb5a535f40a311d791ce77d340fca6e73263a49b1,6d18ab294940328d994a5a2c139336f49ae43a2f873b94d4f46fe2b628d95d3b,current_against_configuration,macao,Macao,direct_area_match,un_comtrade_partner_areas_reference,False
1971,X,S1,620,508.0,,TOTAL,77678624.0,True,True,0,False,22,"0,24,40,58,132,208,246,251,280,352,372,380,446,508,528,579,624,626,678,752,757,826",3e19e2fd1467e3d2c9f3cd8894aa60ce9fa3f88335ad2ad1f594a389b63c9be0,9c87944f318ed502502d41ffb5a535f40a311d791ce77d340fca6e73263a49b1,6d18ab294940328d994a5a2c139336f49ae43a2f873b94d4f46fe2b628d95d3b,current_against_configuration,mozambique,Mozambique,direct_area_match,un_comtrade_partner_areas_reference,False
1971,X,S1,620,528.0,,TOTAL,29755548.0,True,True,0,False,22,"0,24,40,58,132,208,246,251,280,352,372,380,446,508,528,579,624,626,678,752,757,826",3e19e2fd1467e3d2c9f3cd8894aa60ce9fa3f88335ad2ad1f594a389b63c9be0,9c87944f318ed502502d41ffb5a535f40a311d791ce77d340fca6e73263a49b1,6d18ab294940328d994a5a2c139336f49ae43a2f873b94d4f46fe2b628d95d3b,current_against_configuration,netherlands,Netherlands,direct_area_match,un_comtrade_partner_areas_reference,False
1971,X,S1,620,579.0,,TOTAL,14031313.0,True,True,0,False,22,"0,24,40,58,132,208,246,251,280,352,372,380,446,508,528,579,624,626,678,752,757,826",3e19e2fd1467e3d2c9f3cd8894aa60ce9fa3f88335ad2ad1f594a389b63c9be0,9c87944f318ed502502d41ffb5a535f40a311d791ce77d340fca6e73263a49b1,6d18ab294940328d994a5a2c139336f49ae43a2f873b94d4f46fe2b628d95d3b,current_against_configuration,norway,"Norway, Svalbard and Jan Mayen",customs_area_match,un_comtrade_customs_area_help,False
1971,X,S1,620,624.0,,TOTAL,15236684.0,True,True,0,False,22,"0,24,40,58,132,208,246,251,280,352,372,380,446,508,528,579,624,626,678,752,757,826",3e19e2fd1467e3d2c9f3cd8894aa60ce9fa3f88335ad2ad1f594a389b63c9be0,9c87944f318ed502502d41ffb5a535f40a311d791ce77d340fca6e73263a49b1,6d18ab294940328d994a5a2c139336f49ae43a2f873b94d4f46fe2b628d95d3b,current_against_configuration,guinea_bissau,Guinea-Bissau,direct_area_match,un_comtrade_partner_areas_reference,False
1971,X,S1,620,626.0,,TOTAL,1095878.0,True,True,0,False,22,"0,24,40,58,132,208,246,251,280,352,372,380,446,508,528,579,624,626,678,752,757,826",3e19e2fd1467e3d2c9f3cd8894aa60ce9fa3f88335ad2ad1f594a389b63c9be0,9c87944f318ed502502d41ffb5a535f40a311d791ce77d340fca6e73263a49b1,6d18ab294940328d994a5a2c139336f49ae43a2f873b94d4f46fe2b628d95d3b,current_against_configuration,timor_leste,Timor-Leste,direct_area_match,un_comtrade_partner_areas_reference,False
1971,X,S1,620,678.0,,TOTAL,3202047.0,True,True,0,False,22,"0,24,40,58,132,208,246,251,280,352,372,380,446,508,528,579,624,626,678,752,757,826",3e19e2fd1467e3d2c9f3cd8894aa60ce9fa3f88335ad2ad1f594a389b63c9be0,9c87944f318ed502502d41ffb5a535f40a311d791ce77d340fca6e73263a49b1,6d18ab294940328d994a5a2c139336f49ae43a2f873b94d4f46fe2b628d95d3b,current_against_configuration,sao_tome_principe,Sao Tome and Principe,direct_area_match,un_comtrade_partner_areas_reference,False
1971,X,S1,620,752.0,,TOTAL,58059820.0,True,True,0,False,22,"0,24,40,58,132,208,246,251,280,352,372,380,446,508,528,579,624,626,678,752,757,826",3e19e2fd1467e3d2c9f3cd8894aa60ce9fa3f88335ad2ad1f594a389b63c9be0,9c87944f318ed502502d41ffb5a535f40a311d791ce77d340fca6e73263a49b1,6d18ab294940328d994a5a2c139336f49ae43a2f873b94d4f46fe2b628d95d3b,current_against_configuration,sweden,Sweden,direct_area_match,un_comtrade_partner_areas_reference,False
1971,X,S1,620,757.0,,TOTAL,26988660.0,True,True,0,False,22,"0,24,40,58,132,208,246,251,280,352,372,380,446,508,528,579,624,626,678,752,757,826",3e19e2fd1467e3d2c9f3cd8894aa60ce9fa3f88335ad2ad1f594a389b63c9be0,9c87944f318ed502502d41ffb5a535f40a311d791ce77d340fca6e73263a49b1,6d18ab294940328d994a5a2c139336f49ae43a2f873b94d4f46fe2b628d95d3b,current_against_configuration,switzerland_liechtenstein,Switzerland and Liechtenstein,customs_area_match,un_comtrade_customs_area_help,False
1971,X,S1,620,826.0,,TOTAL,234795168.0,True,True,0,False,22,"0,24,40,58,132,208,246,251,280,352,372,380,446,508,528,579,624,626,678,752,757,826",3e19e2fd1467e3d2c9f3cd8894aa60ce9fa3f88335ad2ad1f594a389b63c9be0,9c87944f318ed502502d41ffb5a535f40a311d791ce77d340fca6e73263a49b1,6d18ab294940328d994a5a2c139336f49ae43a2f873b94d4f46fe2b628d95d3b,current_against_configuration,united_kingdom,United Kingdom,direct_area_match,un_comtrade_partner_areas_reference,False
1971,X,S2,620,,,TOTAL,,,,,False,0,"0,24,40,58,132,208,246,251,280,352,372,380,446,508,528,579,624,626,678,752,757,826",3e19e2fd1467e3d2c9f3cd8894aa60ce9fa3f88335ad2ad1f594a389b63c9be0,9c87944f318ed502502d41ffb5a535f40a311d791ce77d340fca6e73263a49b1,6d18ab294940328d994a5a2c139336f49ae43a2f873b94d4f46fe2b628d95d3b,current_against_configuration,,,,,False
1972,M,S1,620,0.0,,TOTAL,2227166208.0,True,True,0,True,22,"0,24,40,58,132,208,246,251,280,352,372,380,446,508,528,579,624,626,678,752,757,826",3e19e2fd1467e3d2c9f3cd8894aa60ce9fa3f88335ad2ad1f594a389b63c9be0,9c87944f318ed502502d41ffb5a535f40a311d791ce77d340fca6e73263a49b1,6d18ab294940328d994a5a2c139336f49ae43a2f873b94d4f46fe2b628d95d3b,current_against_configuration,world,World,comtrade_total,un_comtrade_partner_areas_reference,False
1972,M,S1,620,24.0,,TOTAL,174347040.0,True,True,0,False,22,"0,24,40,58,132,208,246,251,280,352,372,380,446,508,528,579,624,626,678,752,757,826",3e19e2fd1467e3d2c9f3cd8894aa60ce9fa3f88335ad2ad1f594a389b63c9be0,9c87944f318ed502502d41ffb5a535f40a311d791ce77d340fca6e73263a49b1,6d18ab294940328d994a5a2c139336f49ae43a2f873b94d4f46fe2b628d95d3b,current_against_configuration,angola,Angola,direct_area_match,un_comtrade_partner_areas_reference,False
1972,M,S1,620,40.0,,TOTAL,30176960.0,True,True,0,False,22,"0,24,40,58,132,208,246,251,280,352,372,380,446,508,528,579,624,626,678,752,757,826",3e19e2fd1467e3d2c9f3cd8894aa60ce9fa3f88335ad2ad1f594a389b63c9be0,9c87944f318ed502502d41ffb5a535f40a311d791ce77d340fca6e73263a49b1,6d18ab294940328d994a5a2c139336f49ae43a2f873b94d4f46fe2b628d95d3b,current_against_configuration,austria,Austria,direct_area_match,un_comtrade_partner_areas_reference,False
1972,M,S1,620,58.0,,TOTAL,53705812.0,True,True,0,False,22,"0,24,40,58,132,208,246,251,280,352,372,380,446,508,528,579,624,626,678,752,757,826",3e19e2fd1467e3d2c9f3cd8894aa60ce9fa3f88335ad2ad1f594a389b63c9be0,9c87944f318ed502502d41ffb5a535f40a311d791ce77d340fca6e73263a49b1,6d18ab294940328d994a5a2c139336f49ae43a2f873b94d4f46fe2b628d95d3b,current_against_configuration,belgium_luxembourg,Belgium-Luxembourg (...1998),historical_trade_area_match,un_comtrade_partner_areas_reference,False
1972,M,S1,620,132.0,,TOTAL,1675466.0,True,True,0,False,22,"0,24,40,58,132,208,246,251,280,352,372,380,446,508,528,579,624,626,678,752,757,826",3e19e2fd1467e3d2c9f3cd8894aa60ce9fa3f88335ad2ad1f594a389b63c9be0,9c87944f318ed502502d41ffb5a535f40a311d791ce77d340fca6e73263a49b1,6d18ab294940328d994a5a2c139336f49ae43a2f873b94d4f46fe2b628d95d3b,current_against_configuration,cabo_verde,Cabo Verde,direct_area_match,un_comtrade_partner_areas_reference,False
1972,M,S1,620,208.0,,TOTAL,26407492.0,True,True,0,False,22,"0,24,40,58,132,208,246,251,280,352,372,380,446,508,528,579,624,626,678,752,757,826",3e19e2fd1467e3d2c9f3cd8894aa60ce9fa3f88335ad2ad1f594a389b63c9be0,9c87944f318ed502502d41ffb5a535f40a311d791ce77d340fca6e73263a49b1,6d18ab294940328d994a5a2c139336f49ae43a2f873b94d4f46fe2b628d95d3b,current_against_configuration,denmark,Denmark,direct_area_match,un_comtrade_partner_areas_reference,False
1972,M,S1,620,246.0,,TOTAL,8145314.0,True,True,0,False,22,"0,24,40,58,132,208,246,251,280,352,372,380,446,508,528,579,624,626,678,752,757,826",3e19e2fd1467e3d2c9f3cd8894aa60ce9fa3f88335ad2ad1f594a389b63c9be0,9c87944f318ed502502d41ffb5a535f40a311d791ce77d340fca6e73263a49b1,6d18ab294940328d994a5a2c139336f49ae43a2f873b94d4f46fe2b628d95d3b,current_against_configuration,finland,Finland,direct_area_match,un_comtrade_partner_areas_reference,False
1972,M,S1,620,251.0,,TOTAL,141182000.0,True,True,0,False,22,"0,24,40,58,132,208,246,251,280,352,372,380,446,508,528,579,624,626,678,752,757,826",3e19e2fd1467e3d2c9f3cd8894aa60ce9fa3f88335ad2ad1f594a389b63c9be0,9c87944f318ed502502d41ffb5a535f40a311d791ce77d340fca6e73263a49b1,6d18ab294940328d994a5a2c139336f49ae43a2f873b94d4f46fe2b628d95d3b,current_against_configuration,france,France customs area,customs_area_match,un_comtrade_customs_area_help,False
1972,M,S1,620,280.0,,TOTAL,329619968.0,True,True,0,False,22,"0,24,40,58,132,208,246,251,280,352,372,380,446,508,528,579,624,626,678,752,757,826",3e19e2fd1467e3d2c9f3cd8894aa60ce9fa3f88335ad2ad1f594a389b63c9be0,9c87944f318ed502502d41ffb5a535f40a311d791ce77d340fca6e73263a49b1,6d18ab294940328d994a5a2c139336f49ae43a2f873b94d4f46fe2b628d95d3b,current_against_configuration,west_germany,Former Federal Republic of Germany,historical_trade_area_match,un_comtrade_partner_areas_reference,False
1972,M,S1,620,352.0,,TOTAL,10658787.0,True,True,0,False,22,"0,24,40,58,132,208,246,251,280,352,372,380,446,508,528,579,624,626,678,752,757,826",3e19e2fd1467e3d2c9f3cd8894aa60ce9fa3f88335ad2ad1f594a389b63c9be0,9c87944f318ed502502d41ffb5a535f40a311d791ce77d340fca6e73263a49b1,6d18ab294940328d994a5a2c139336f49ae43a2f873b94d4f46fe2b628d95d3b,current_against_configuration,iceland,Iceland,direct_area_match,un_comtrade_partner_areas_reference,False
1972,M,S1,620,372.0,,TOTAL,1975258.0,True,True,0,False,22,"0,24,40,58,132,208,246,251,280,352,372,380,446,508,528,579,624,626,678,752,757,826",3e19e2fd1467e3d2c9f3cd8894aa60ce9fa3f88335ad2ad1f594a389b63c9be0,9c87944f318ed502502d41ffb5a535f40a311d791ce77d340fca6e73263a49b1,6d18ab294940328d994a5a2c139336f49ae43a2f873b94d4f46fe2b628d95d3b,current_against_configuration,ireland,Ireland,direct_area_match,un_comtrade_partner_areas_reference,False
1972,M,S1,620,380.0,,TOTAL,120999264.0,True,True,0,False,22,"0,24,40,58,132,208,246,251,280,352,372,380,446,508,528,579,624,626,678,752,757,826",3e19e2fd1467e3d2c9f3cd8894aa60ce9fa3f88335ad2ad1f594a389b63c9be0,9c87944f318ed502502d41ffb5a535f40a311d791ce77d340fca6e73263a49b1,6d18ab294940328d994a5a2c139336f49ae43a2f873b94d4f46fe2b628d95d3b,current_against_configuration,italy,Italy,direct_area_match,un_comtrade_customs_area_help,False
1972,M,S1,620,446.0,,TOTAL,6875825.0,True,True,0,False,22,"0,24,40,58,132,208,246,251,280,352,372,380,446,508,528,579,624,626,678,752,757,826",3e19e2fd1467e3d2c9f3cd8894aa60ce9fa3f88335ad2ad1f594a389b63c9be0,9c87944f318ed502502d41ffb5a535f40a311d791ce77d340fca6e73263a49b1,6d18ab294940328d994a5a2c139336f49ae43a2f873b94d4f46fe2b628d95d3b,current_against_configuration,macao,Macao,direct_area_match,un_comtrade_partner_areas_reference,False
1972,M,S1,620,508.0,,TOTAL,70117328.0,True,True,0,False,22,"0,24,40,58,132,208,246,251,280,352,372,380,446,508,528,579,624,626,678,752,757,826",3e19e2fd1467e3d2c9f3cd8894aa60ce9fa3f88335ad2ad1f594a389b63c9be0,9c87944f318ed502502d41ffb5a535f40a311d791ce77d340fca6e73263a49b1,6d18ab294940328d994a5a2c139336f49ae43a2f873b94d4f46fe2b628d95d3b,current_against_configuration,mozambique,Mozambique,direct_area_match,un_comtrade_partner_areas_reference,False
1972,M,S1,620,528.0,,TOTAL,55539136.0,True,True,0,False,22,"0,24,40,58,132,208,246,251,280,352,372,380,446,508,528,579,624,626,678,752,757,826",3e19e2fd1467e3d2c9f3cd8894aa60ce9fa3f88335ad2ad1f594a389b63c9be0,9c87944f318ed502502d41ffb5a535f40a311d791ce77d340fca6e73263a49b1,6d18ab294940328d994a5a2c139336f49ae43a2f873b94d4f46fe2b628d95d3b,current_against_configuration,netherlands,Netherlands,direct_area_match,un_comtrade_partner_areas_reference,False
1972,M,S1,620,579.0,,TOTAL,25478600.0,True,True,0,False,22,"0,24,40,58,132,208,246,251,280,352,372,380,446,508,528,579,624,626,678,752,757,826",3e19e2fd1467e3d2c9f3cd8894aa60ce9fa3f88335ad2ad1f594a389b63c9be0,9c87944f318ed502502d41ffb5a535f40a311d791ce77d340fca6e73263a49b1,6d18ab294940328d994a5a2c139336f49ae43a2f873b94d4f46fe2b628d95d3b,current_against_configuration,norway,"Norway, Svalbard and Jan Mayen",customs_area_match,un_comtrade_customs_area_help,False
1972,M,S1,620,624.0,,TOTAL,2836344.0,True,True,0,False,22,"0,24,40,58,132,208,246,251,280,352,372,380,446,508,528,579,624,626,678,752,757,826",3e19e2fd1467e3d2c9f3cd8894aa60ce9fa3f88335ad2ad1f594a389b63c9be0,9c87944f318ed502502d41ffb5a535f40a311d791ce77d340fca6e73263a49b1,6d18ab294940328d994a5a2c139336f49ae43a2f873b94d4f46fe2b628d95d3b,current_against_configuration,guinea_bissau,Guinea-Bissau,direct_area_match,un_comtrade_partner_areas_reference,False
1972,M,S1,620,626.0,,TOTAL,457450.0,True,True,0,False,22,"0,24,40,58,132,208,246,251,280,352,372,380,446,508,528,579,624,626,678,752,757,826",3e19e2fd1467e3d2c9f3cd8894aa60ce9fa3f88335ad2ad1f594a389b63c9be0,9c87944f318ed502502d41ffb5a535f40a311d791ce77d340fca6e73263a49b1,6d18ab294940328d994a5a2c139336f49ae43a2f873b94d4f46fe2b628d95d3b,current_against_configuration,timor_leste,Timor-Leste,direct_area_match,un_comtrade_partner_areas_reference,False
1972,M,S1,620,678.0,,TOTAL,2450390.0,True,True,0,False,22,"0,24,40,58,132,208,246,251,280,352,372,380,446,508,528,579,624,626,678,752,757,826",3e19e2fd1467e3d2c9f3cd8894aa60ce9fa3f88335ad2ad1f594a389b63c9be0,9c87944f318ed502502d41ffb5a535f40a311d791ce77d340fca6e73263a49b1,6d18ab294940328d994a5a2c139336f49ae43a2f873b94d4f46fe2b628d95d3b,current_against_configuration,sao_tome_principe,Sao Tome and Principe,direct_area_match,un_comtrade_partner_areas_reference,False
1972,M,S1,620,752.0,,TOTAL,66656044.0,True,True,0,False,22,"0,24,40,58,132,208,246,251,280,352,372,380,446,508,528,579,624,626,678,752,757,826",3e19e2fd1467e3d2c9f3cd8894aa60ce9fa3f88335ad2ad1f594a389b63c9be0,9c87944f318ed502502d41ffb5a535f40a311d791ce77d340fca6e73263a49b1,6d18ab294940328d994a5a2c139336f49ae43a2f873b94d4f46fe2b628d95d3b,current_against_configuration,sweden,Sweden,direct_area_match,un_comtrade_partner_areas_reference,False
1972,M,S1,620,757.0,,TOTAL,85619512.0,True,True,0,False,22,"0,24,40,58,132,208,246,251,280,352,372,380,446,508,528,579,624,626,678,752,757,826",3e19e2fd1467e3d2c9f3cd8894aa60ce9fa3f88335ad2ad1f594a389b63c9be0,9c87944f318ed502502d41ffb5a535f40a311d791ce77d340fca6e73263a49b1,6d18ab294940328d994a5a2c139336f49ae43a2f873b94d4f46fe2b628d95d3b,current_against_configuration,switzerland_liechtenstein,Switzerland and Liechtenstein,customs_area_match,un_comtrade_customs_area_help,False
1972,M,S1,620,826.0,,TOTAL,289303168.0,True,True,0,False,22,"0,24,40,58,132,208,246,251,280,352,372,380,446,508,528,579,624,626,678,752,757,826",3e19e2fd1467e3d2c9f3cd8894aa60ce9fa3f88335ad2ad1f594a389b63c9be0,9c87944f318ed502502d41ffb5a535f40a311d791ce77d340fca6e73263a49b1,6d18ab294940328d994a5a2c139336f49ae43a2f873b94d4f46fe2b628d95d3b,current_against_configuration,united_kingdom,United Kingdom,direct_area_match,un_comtrade_partner_areas_reference,False
1972,M,S2,620,,,TOTAL,,,,,False,0,"0,24,40,58,132,208,246,251,280,352,372,380,446,508,528,579,624,626,678,752,757,826",3e19e2fd1467e3d2c9f3cd8894aa60ce9fa3f88335ad2ad1f594a389b63c9be0,9c87944f318ed502502d41ffb5a535f40a311d791ce77d340fca6e73263a49b1,6d18ab294940328d994a5a2c139336f49ae43a2f873b94d4f46fe2b628d95d3b,current_against_configuration,,,,,False
1972,X,S1,620,0.0,,TOTAL,1293765376.0,True,True,0,True,22,"0,24,40,58,132,208,246,251,280,352,372,380,446,508,528,579,624,626,678,752,757,826",3e19e2fd1467e3d2c9f3cd8894aa60ce9fa3f88335ad2ad1f594a389b63c9be0,9c87944f318ed502502d41ffb5a535f40a311d791ce77d340fca6e73263a49b1,6d18ab294940328d994a5a2c139336f49ae43a2f873b94d4f46fe2b628d95d3b,current_against_configuration,world,World,comtrade_total,un_comtrade_partner_areas_reference,False
1972,X,S1,620,24.0,,TOTAL,83844736.0,True,True,0,False,22,"0,24,40,58,132,208,246,251,280,352,372,380,446,508,528,579,624,626,678,752,757,826",3e19e2fd1467e3d2c9f3cd8894aa60ce9fa3f88335ad2ad1f594a389b63c9be0,9c87944f318ed502502d41ffb5a535f40a311d791ce77d340fca6e73263a49b1,6d18ab294940328d994a5a2c139336f49ae43a2f873b94d4f46fe2b628d95d3b,current_against_configuration,angola,Angola,direct_area_match,un_comtrade_partner_areas_reference,False
1972,X,S1,620,40.0,,TOTAL,20943420.0,True,True,0,False,22,"0,24,40,58,132,208,246,251,280,352,372,380,446,508,528,579,624,626,678,752,757,826",3e19e2fd1467e3d2c9f3cd8894aa60ce9fa3f88335ad2ad1f594a389b63c9be0,9c87944f318ed502502d41ffb5a535f40a311d791ce77d340fca6e73263a49b1,6d18ab294940328d994a5a2c139336f49ae43a2f873b94d4f46fe2b628d95d3b,current_against_configuration,austria,Austria,direct_area_match,un_comtrade_partner_areas_reference,False
1972,X,S1,620,58.0,,TOTAL,33019242.0,True,True,0,False,22,"0,24,40,58,132,208,246,251,280,352,372,380,446,508,528,579,624,626,678,752,757,826",3e19e2fd1467e3d2c9f3cd8894aa60ce9fa3f88335ad2ad1f594a389b63c9be0,9c87944f318ed502502d41ffb5a535f40a311d791ce77d340fca6e73263a49b1,6d18ab294940328d994a5a2c139336f49ae43a2f873b94d4f46fe2b628d95d3b,current_against_configuration,belgium_luxembourg,Belgium-Luxembourg (...1998),historical_trade_area_match,un_comtrade_partner_areas_reference,False
1972,X,S1,620,132.0,,TOTAL,11116922.0,True,True,0,False,22,"0,24,40,58,132,208,246,251,280,352,372,380,446,508,528,579,624,626,678,752,757,826",3e19e2fd1467e3d2c9f3cd8894aa60ce9fa3f88335ad2ad1f594a389b63c9be0,9c87944f318ed502502d41ffb5a535f40a311d791ce77d340fca6e73263a49b1,6d18ab294940328d994a5a2c139336f49ae43a2f873b94d4f46fe2b628d95d3b,current_against_configuration,cabo_verde,Cabo Verde,direct_area_match,un_comtrade_partner_areas_reference,False
1972,X,S1,620,208.0,,TOTAL,40051816.0,True,True,0,False,22,"0,24,40,58,132,208,246,251,280,352,372,380,446,508,528,579,624,626,678,752,757,826",3e19e2fd1467e3d2c9f3cd8894aa60ce9fa3f88335ad2ad1f594a389b63c9be0,9c87944f318ed502502d41ffb5a535f40a311d791ce77d340fca6e73263a49b1,6d18ab294940328d994a5a2c139336f49ae43a2f873b94d4f46fe2b628d95d3b,current_against_configuration,denmark,Denmark,direct_area_match,un_comtrade_partner_areas_reference,False
1972,X,S1,620,246.0,,TOTAL,24898896.0,True,True,0,False,22,"0,24,40,58,132,208,246,251,280,352,372,380,446,508,528,579,624,626,678,752,757,826",3e19e2fd1467e3d2c9f3cd8894aa60ce9fa3f88335ad2ad1f594a389b63c9be0,9c87944f318ed502502d41ffb5a535f40a311d791ce77d340fca6e73263a49b1,6d18ab294940328d994a5a2c139336f49ae43a2f873b94d4f46fe2b628d95d3b,current_against_configuration,finland,Finland,direct_area_match,un_comtrade_partner_areas_reference,False
1972,X,S1,620,251.0,,TOTAL,66945636.0,True,True,0,False,22,"0,24,40,58,132,208,246,251,280,352,372,380,446,508,528,579,624,626,678,752,757,826",3e19e2fd1467e3d2c9f3cd8894aa60ce9fa3f88335ad2ad1f594a389b63c9be0,9c87944f318ed502502d41ffb5a535f40a311d791ce77d340fca6e73263a49b1,6d18ab294940328d994a5a2c139336f49ae43a2f873b94d4f46fe2b628d95d3b,current_against_configuration,france,France customs area,customs_area_match,un_comtrade_customs_area_help,False
1972,X,S1,620,280.0,,TOTAL,93552360.0,True,True,0,False,22,"0,24,40,58,132,208,246,251,280,352,372,380,446,508,528,579,624,626,678,752,757,826",3e19e2fd1467e3d2c9f3cd8894aa60ce9fa3f88335ad2ad1f594a389b63c9be0,9c87944f318ed502502d41ffb5a535f40a311d791ce77d340fca6e73263a49b1,6d18ab294940328d994a5a2c139336f49ae43a2f873b94d4f46fe2b628d95d3b,current_against_configuration,west_germany,Former Federal Republic of Germany,historical_trade_area_match,un_comtrade_partner_areas_reference,False
1972,X,S1,620,352.0,,TOTAL,1069057.0,True,True,0,False,22,"0,24,40,58,132,208,246,251,280,352,372,380,446,508,528,579,624,626,678,752,757,826",3e19e2fd1467e3d2c9f3cd8894aa60ce9fa3f88335ad2ad1f594a389b63c9be0,9c87944f318ed502502d41ffb5a535f40a311d791ce77d340fca6e73263a49b1,6d18ab294940328d994a5a2c139336f49ae43a2f873b94d4f46fe2b628d95d3b,current_against_configuration,iceland,Iceland,direct_area_match,un_comtrade_partner_areas_reference,False
1972,X,S1,620,372.0,,TOTAL,6538186.0,True,True,0,False,22,"0,24,40,58,132,208,246,251,280,352,372,380,446,508,528,579,624,626,678,752,757,826",3e19e2fd1467e3d2c9f3cd8894aa60ce9fa3f88335ad2ad1f594a389b63c9be0,9c87944f318ed502502d41ffb5a535f40a311d791ce77d340fca6e73263a49b1,6d18ab294940328d994a5a2c139336f49ae43a2f873b94d4f46fe2b628d95d3b,current_against_configuration,ireland,Ireland,direct_area_match,un_comtrade_partner_areas_reference,False
1972,X,S1,620,380.0,,TOTAL,40416660.0,True,True,0,False,22,"0,24,40,58,132,208,246,251,280,352,372,380,446,508,528,579,624,626,678,752,757,826",3e19e2fd1467e3d2c9f3cd8894aa60ce9fa3f88335ad2ad1f594a389b63c9be0,9c87944f318ed502502d41ffb5a535f40a311d791ce77d340fca6e73263a49b1,6d18ab294940328d994a5a2c139336f49ae43a2f873b94d4f46fe2b628d95d3b,current_against_configuration,italy,Italy,direct_area_match,un_comtrade_customs_area_help,False
1972,X,S1,620,446.0,,TOTAL,826660.0,True,True,0,False,22,"0,24,40,58,132,208,246,251,280,352,372,380,446,508,528,579,624,626,678,752,757,826",3e19e2fd1467e3d2c9f3cd8894aa60ce9fa3f88335ad2ad1f594a389b63c9be0,9c87944f318ed502502d41ffb5a535f40a311d791ce77d340fca6e73263a49b1,6d18ab294940328d994a5a2c139336f49ae43a2f873b94d4f46fe2b628d95d3b,current_against_configuration,macao,Macao,direct_area_match,un_comtrade_partner_areas_reference,False
1972,X,S1,620,508.0,,TOTAL,69911424.0,True,True,0,False,22,"0,24,40,58,132,208,246,251,280,352,372,380,446,508,528,579,624,626,678,752,757,826",3e19e2fd1467e3d2c9f3cd8894aa60ce9fa3f88335ad2ad1f594a389b63c9be0,9c87944f318ed502502d41ffb5a535f40a311d791ce77d340fca6e73263a49b1,6d18ab294940328d994a5a2c139336f49ae43a2f873b94d4f46fe2b628d95d3b,current_against_configuration,mozambique,Mozambique,direct_area_match,un_comtrade_partner_areas_reference,False
1972,X,S1,620,528.0,,TOTAL,31312668.0,True,True,0,False,22,"0,24,40,58,132,208,246,251,280,352,372,380,446,508,528,579,624,626,678,752,757,826",3e19e2fd1467e3d2c9f3cd8894aa60ce9fa3f88335ad2ad1f594a389b63c9be0,9c87944f318ed502502d41ffb5a535f40a311d791ce77d340fca6e73263a49b1,6d18ab294940328d994a5a2c139336f49ae43a2f873b94d4f46fe2b628d95d3b,current_against_configuration,netherlands,Netherlands,direct_area_match,un_comtrade_partner_areas_reference,False
1972,X,S1,620,579.0,,TOTAL,22928328.0,True,True,0,False,22,"0,24,40,58,132,208,246,251,280,352,372,380,446,508,528,579,624,626,678,752,757,826",3e19e2fd1467e3d2c9f3cd8894aa60ce9fa3f88335ad2ad1f594a389b63c9be0,9c87944f318ed502502d41ffb5a535f40a311d791ce77d340fca6e73263a49b1,6d18ab294940328d994a5a2c139336f49ae43a2f873b94d4f46fe2b628d95d3b,current_against_configuration,norway,"Norway, Svalbard and Jan Mayen",customs_area_match,un_comtrade_customs_area_help,False
1972,X,S1,620,624.0,,TOTAL,19105520.0,True,True,0,False,22,"0,24,40,58,132,208,246,251,280,352,372,380,446,508,528,579,624,626,678,752,757,826",3e19e2fd1467e3d2c9f3cd8894aa60ce9fa3f88335ad2ad1f594a389b63c9be0,9c87944f318ed502502d41ffb5a535f40a311d791ce77d340fca6e73263a49b1,6d18ab294940328d994a5a2c139336f49ae43a2f873b94d4f46fe2b628d95d3b,current_against_configuration,guinea_bissau,Guinea-Bissau,direct_area_match,un_comtrade_partner_areas_reference,False
1972,X,S1,620,626.0,,TOTAL,1274468.0,True,True,0,False,22,"0,24,40,58,132,208,246,251,280,352,372,380,446,508,528,579,624,626,678,752,757,826",3e19e2fd1467e3d2c9f3cd8894aa60ce9fa3f88335ad2ad1f594a389b63c9be0,9c87944f318ed502502d41ffb5a535f40a311d791ce77d340fca6e73263a49b1,6d18ab294940328d994a5a2c139336f49ae43a2f873b94d4f46fe2b628d95d3b,current_against_configuration,timor_leste,Timor-Leste,direct_area_match,un_comtrade_partner_areas_reference,False
1972,X,S1,620,678.0,,TOTAL,3292939.0,True,True,0,False,22,"0,24,40,58,132,208,246,251,280,352,372,380,446,508,528,579,624,626,678,752,757,826",3e19e2fd1467e3d2c9f3cd8894aa60ce9fa3f88335ad2ad1f594a389b63c9be0,9c87944f318ed502502d41ffb5a535f40a311d791ce77d340fca6e73263a49b1,6d18ab294940328d994a5a2c139336f49ae43a2f873b94d4f46fe2b628d95d3b,current_against_configuration,sao_tome_principe,Sao Tome and Principe,direct_area_match,un_comtrade_partner_areas_reference,False
1972,X,S1,620,752.0,,TOTAL,83474072.0,True,True,0,False,22,"0,24,40,58,132,208,246,251,280,352,372,380,446,508,528,579,624,626,678,752,757,826",3e19e2fd1467e3d2c9f3cd8894aa60ce9fa3f88335ad2ad1f594a389b63c9be0,9c87944f318ed502502d41ffb5a535f40a311d791ce77d340fca6e73263a49b1,6d18ab294940328d994a5a2c139336f49ae43a2f873b94d4f46fe2b628d95d3b,current_against_configuration,sweden,Sweden,direct_area_match,un_comtrade_partner_areas_reference,False
1972,X,S1,620,757.0,,TOTAL,39652520.0,True,True,0,False,22,"0,24,40,58,132,208,246,251,280,352,372,380,446,508,528,579,624,626,678,752,757,826",3e19e2fd1467e3d2c9f3cd8894aa60ce9fa3f88335ad2ad1f594a389b63c9be0,9c87944f318ed502502d41ffb5a535f40a311d791ce77d340fca6e73263a49b1,6d18ab294940328d994a5a2c139336f49ae43a2f873b94d4f46fe2b628d95d3b,current_against_configuration,switzerland_liechtenstein,Switzerland and Liechtenstein,customs_area_match,un_comtrade_customs_area_help,False
1972,X,S1,620,826.0,,TOTAL,295309056.0,True,True,0,False,22,"0,24,40,58,132,208,246,251,280,352,372,380,446,508,528,579,624,626,678,752,757,826",3e19e2fd1467e3d2c9f3cd8894aa60ce9fa3f88335ad2ad1f594a389b63c9be0,9c87944f318ed502502d41ffb5a535f40a311d791ce77d340fca6e73263a49b1,6d18ab294940328d994a5a2c139336f49ae43a2f873b94d4f46fe2b628d95d3b,current_against_configuration,united_kingdom,United Kingdom,direct_area_match,un_comtrade_partner_areas_reference,False
1972,X,S2,620,,,TOTAL,,,,,False,0,"0,24,40,58,132,208,246,251,280,352,372,380,446,508,528,579,624,626,678,752,757,826",3e19e2fd1467e3d2c9f3cd8894aa60ce9fa3f88335ad2ad1f594a389b63c9be0,9c87944f318ed502502d41ffb5a535f40a311d791ce77d340fca6e73263a49b1,6d18ab294940328d994a5a2c139336f49ae43a2f873b94d4f46fe2b628d95d3b,current_against_configuration,,,,,False
1973,M,S1,620,0.0,,TOTAL,3072798464.0,True,True,0,True,22,"0,24,40,58,132,208,246,251,280,352,372,380,446,508,528,579,624,626,678,752,757,826",3e19e2fd1467e3d2c9f3cd8894aa60ce9fa3f88335ad2ad1f594a389b63c9be0,9c87944f318ed502502d41ffb5a535f40a311d791ce77d340fca6e73263a49b1,6d18ab294940328d994a5a2c139336f49ae43a2f873b94d4f46fe2b628d95d3b,current_against_configuration,world,World,comtrade_total,un_comtrade_partner_areas_reference,False
1973,M,S1,620,24.0,,TOTAL,195532528.0,True,True,0,False,22,"0,24,40,58,132,208,246,251,280,352,372,380,446,508,528,579,624,626,678,752,757,826",3e19e2fd1467e3d2c9f3cd8894aa60ce9fa3f88335ad2ad1f594a389b63c9be0,9c87944f318ed502502d41ffb5a535f40a311d791ce77d340fca6e73263a49b1,6d18ab294940328d994a5a2c139336f49ae43a2f873b94d4f46fe2b628d95d3b,current_against_configuration,angola,Angola,direct_area_match,un_comtrade_partner_areas_reference,False
1973,M,S1,620,40.0,,TOTAL,41554636.0,True,True,0,False,22,"0,24,40,58,132,208,246,251,280,352,372,380,446,508,528,579,624,626,678,752,757,826",3e19e2fd1467e3d2c9f3cd8894aa60ce9fa3f88335ad2ad1f594a389b63c9be0,9c87944f318ed502502d41ffb5a535f40a311d791ce77d340fca6e73263a49b1,6d18ab294940328d994a5a2c139336f49ae43a2f873b94d4f46fe2b628d95d3b,current_against_configuration,austria,Austria,direct_area_match,un_comtrade_partner_areas_reference,False
1973,M,S1,620,58.0,,TOTAL,88565816.0,True,True,0,False,22,"0,24,40,58,132,208,246,251,280,352,372,380,446,508,528,579,624,626,678,752,757,826",3e19e2fd1467e3d2c9f3cd8894aa60ce9fa3f88335ad2ad1f594a389b63c9be0,9c87944f318ed502502d41ffb5a535f40a311d791ce77d340fca6e73263a49b1,6d18ab294940328d994a5a2c139336f49ae43a2f873b94d4f46fe2b628d95d3b,current_against_configuration,belgium_luxembourg,Belgium-Luxembourg (...1998),historical_trade_area_match,un_comtrade_partner_areas_reference,False
1973,M,S1,620,132.0,,TOTAL,1480095.0,True,True,0,False,22,"0,24,40,58,132,208,246,251,280,352,372,380,446,508,528,579,624,626,678,752,757,826",3e19e2fd1467e3d2c9f3cd8894aa60ce9fa3f88335ad2ad1f594a389b63c9be0,9c87944f318ed502502d41ffb5a535f40a311d791ce77d340fca6e73263a49b1,6d18ab294940328d994a5a2c139336f49ae43a2f873b94d4f46fe2b628d95d3b,current_against_configuration,cabo_verde,Cabo Verde,direct_area_match,un_comtrade_partner_areas_reference,False
1973,M,S1,620,208.0,,TOTAL,25314816.0,True,True,0,False,22,"0,24,40,58,132,208,246,251,280,352,372,380,446,508,528,579,624,626,678,752,757,826",3e19e2fd1467e3d2c9f3cd8894aa60ce9fa3f88335ad2ad1f594a389b63c9be0,9c87944f318ed502502d41ffb5a535f40a311d791ce77d340fca6e73263a49b1,6d18ab294940328d994a5a2c139336f49ae43a2f873b94d4f46fe2b628d95d3b,current_against_configuration,denmark,Denmark,direct_area_match,un_comtrade_partner_areas_reference,False
1973,M,S1,620,246.0,,TOTAL,14560342.0,True,True,0,False,22,"0,24,40,58,132,208,246,251,280,352,372,380,446,508,528,579,624,626,678,752,757,826",3e19e2fd1467e3d2c9f3cd8894aa60ce9fa3f88335ad2ad1f594a389b63c9be0,9c87944f318ed502502d41ffb5a535f40a311d791ce77d340fca6e73263a49b1,6d18ab294940328d994a5a2c139336f49ae43a2f873b94d4f46fe2b628d95d3b,current_against_configuration,finland,Finland,direct_area_match,un_comtrade_partner_areas_reference,False
1973,M,S1,620,251.0,,TOTAL,213292608.0,True,True,0,False,22,"0,24,40,58,132,208,246,251,280,352,372,380,446,508,528,579,624,626,678,752,757,826",3e19e2fd1467e3d2c9f3cd8894aa60ce9fa3f88335ad2ad1f594a389b63c9be0,9c87944f318ed502502d41ffb5a535f40a311d791ce77d340fca6e73263a49b1,6d18ab294940328d994a5a2c139336f49ae43a2f873b94d4f46fe2b628d95d3b,current_against_configuration,france,France customs area,customs_area_match,un_comtrade_customs_area_help,False
1973,M,S1,620,280.0,,TOTAL,443411680.0,True,True,0,False,22,"0,24,40,58,132,208,246,251,280,352,372,380,446,508,528,579,624,626,678,752,757,826",3e19e2fd1467e3d2c9f3cd8894aa60ce9fa3f88335ad2ad1f594a389b63c9be0,9c87944f318ed502502d41ffb5a535f40a311d791ce77d340fca6e73263a49b1,6d18ab294940328d994a5a2c139336f49ae43a2f873b94d4f46fe2b628d95d3b,current_against_configuration,west_germany,Former Federal Republic of Germany,historical_trade_area_match,un_comtrade_partner_areas_reference,False
1973,M,S1,620,352.0,,TOTAL,13124944.0,True,True,0,False,22,"0,24,40,58,132,208,246,251,280,352,372,380,446,508,528,579,624,626,678,752,757,826",3e19e2fd1467e3d2c9f3cd8894aa60ce9fa3f88335ad2ad1f594a389b63c9be0,9c87944f318ed502502d41ffb5a535f40a311d791ce77d340fca6e73263a49b1,6d18ab294940328d994a5a2c139336f49ae43a2f873b94d4f46fe2b628d95d3b,current_against_configuration,iceland,Iceland,direct_area_match,un_comtrade_partner_areas_reference,False
1973,M,S1,620,372.0,,TOTAL,1773991.0,True,True,0,False,22,"0,24,40,58,132,208,246,251,280,352,372,380,446,508,528,579,624,626,678,752,757,826",3e19e2fd1467e3d2c9f3cd8894aa60ce9fa3f88335ad2ad1f594a389b63c9be0,9c87944f318ed502502d41ffb5a535f40a311d791ce77d340fca6e73263a49b1,6d18ab294940328d994a5a2c139336f49ae43a2f873b94d4f46fe2b628d95d3b,current_against_configuration,ireland,Ireland,direct_area_match,un_comtrade_partner_areas_reference,False
1973,M,S1,620,380.0,,TOTAL,160106064.0,True,True,0,False,22,"0,24,40,58,132,208,246,251,280,352,372,380,446,508,528,579,624,626,678,752,757,826",3e19e2fd1467e3d2c9f3cd8894aa60ce9fa3f88335ad2ad1f594a389b63c9be0,9c87944f318ed502502d41ffb5a535f40a311d791ce77d340fca6e73263a49b1,6d18ab294940328d994a5a2c139336f49ae43a2f873b94d4f46fe2b628d95d3b,current_against_configuration,italy,Italy,direct_area_match,un_comtrade_customs_area_help,False
1973,M,S1,620,446.0,,TOTAL,12220345.0,True,True,0,False,22,"0,24,40,58,132,208,246,251,280,352,372,380,446,508,528,579,624,626,678,752,757,826",3e19e2fd1467e3d2c9f3cd8894aa60ce9fa3f88335ad2ad1f594a389b63c9be0,9c87944f318ed502502d41ffb5a535f40a311d791ce77d340fca6e73263a49b1,6d18ab294940328d994a5a2c139336f49ae43a2f873b94d4f46fe2b628d95d3b,current_against_configuration,macao,Macao,direct_area_match,un_comtrade_partner_areas_reference,False
1973,M,S1,620,508.0,,TOTAL,91323504.0,True,True,0,False,22,"0,24,40,58,132,208,246,251,280,352,372,380,446,508,528,579,624,626,678,752,757,826",3e19e2fd1467e3d2c9f3cd8894aa60ce9fa3f88335ad2ad1f594a389b63c9be0,9c87944f318ed502502d41ffb5a535f40a311d791ce77d340fca6e73263a49b1,6d18ab294940328d994a5a2c139336f49ae43a2f873b94d4f46fe2b628d95d3b,current_against_configuration,mozambique,Mozambique,direct_area_match,un_comtrade_partner_areas_reference,False
1973,M,S1,620,528.0,,TOTAL,97416976.0,True,True,0,False,22,"0,24,40,58,132,208,246,251,280,352,372,380,446,508,528,579,624,626,678,752,757,826",3e19e2fd1467e3d2c9f3cd8894aa60ce9fa3f88335ad2ad1f594a389b63c9be0,9c87944f318ed502502d41ffb5a535f40a311d791ce77d340fca6e73263a49b1,6d18ab294940328d994a5a2c139336f49ae43a2f873b94d4f46fe2b628d95d3b,current_against_configuration,netherlands,Netherlands,direct_area_match,un_comtrade_partner_areas_reference,False
1973,M,S1,620,579.0,,TOTAL,19309284.0,True,True,0,False,22,"0,24,40,58,132,208,246,251,280,352,372,380,446,508,528,579,624,626,678,752,757,826",3e19e2fd1467e3d2c9f3cd8894aa60ce9fa3f88335ad2ad1f594a389b63c9be0,9c87944f318ed502502d41ffb5a535f40a311d791ce77d340fca6e73263a49b1,6d18ab294940328d994a5a2c139336f49ae43a2f873b94d4f46fe2b628d95d3b,current_against_configuration,norway,"Norway, Svalbard and Jan Mayen",customs_area_match,un_comtrade_customs_area_help,False
1973,M,S1,620,624.0,,TOTAL,4076596.0,True,True,0,False,22,"0,24,40,58,132,208,246,251,280,352,372,380,446,508,528,579,624,626,678,752,757,826",3e19e2fd1467e3d2c9f3cd8894aa60ce9fa3f88335ad2ad1f594a389b63c9be0,9c87944f318ed502502d41ffb5a535f40a311d791ce77d340fca6e73263a49b1,6d18ab294940328d994a5a2c139336f49ae43a2f873b94d4f46fe2b628d95d3b,current_against_configuration,guinea_bissau,Guinea-Bissau,direct_area_match,un_comtrade_partner_areas_reference,False
1973,M,S1,620,626.0,,TOTAL,762791.0,True,True,0,False,22,"0,24,40,58,132,208,246,251,280,352,372,380,446,508,528,579,624,626,678,752,757,826",3e19e2fd1467e3d2c9f3cd8894aa60ce9fa3f88335ad2ad1f594a389b63c9be0,9c87944f318ed502502d41ffb5a535f40a311d791ce77d340fca6e73263a49b1,6d18ab294940328d994a5a2c139336f49ae43a2f873b94d4f46fe2b628d95d3b,current_against_configuration,timor_leste,Timor-Leste,direct_area_match,un_comtrade_partner_areas_reference,False
1973,M,S1,620,678.0,,TOTAL,4247135.0,True,True,0,False,22,"0,24,40,58,132,208,246,251,280,352,372,380,446,508,528,579,624,626,678,752,757,826",3e19e2fd1467e3d2c9f3cd8894aa60ce9fa3f88335ad2ad1f594a389b63c9be0,9c87944f318ed502502d41ffb5a535f40a311d791ce77d340fca6e73263a49b1,6d18ab294940328d994a5a2c139336f49ae43a2f873b94d4f46fe2b628d95d3b,current_against_configuration,sao_tome_principe,Sao Tome and Principe,direct_area_match,un_comtrade_partner_areas_reference,False
1973,M,S1,620,752.0,,TOTAL,139017952.0,True,True,0,False,22,"0,24,40,58,132,208,246,251,280,352,372,380,446,508,528,579,624,626,678,752,757,826",3e19e2fd1467e3d2c9f3cd8894aa60ce9fa3f88335ad2ad1f594a389b63c9be0,9c87944f318ed502502d41ffb5a535f40a311d791ce77d340fca6e73263a49b1,6d18ab294940328d994a5a2c139336f49ae43a2f873b94d4f46fe2b628d95d3b,current_against_configuration,sweden,Sweden,direct_area_match,un_comtrade_partner_areas_reference,False
1973,M,S1,620,757.0,,TOTAL,128484576.0,True,True,0,False,22,"0,24,40,58,132,208,246,251,280,352,372,380,446,508,528,579,624,626,678,752,757,826",3e19e2fd1467e3d2c9f3cd8894aa60ce9fa3f88335ad2ad1f594a389b63c9be0,9c87944f318ed502502d41ffb5a535f40a311d791ce77d340fca6e73263a49b1,6d18ab294940328d994a5a2c139336f49ae43a2f873b94d4f46fe2b628d95d3b,current_against_configuration,switzerland_liechtenstein,Switzerland and Liechtenstein,customs_area_match,un_comtrade_customs_area_help,False
1973,M,S1,620,826.0,,TOTAL,349701408.0,True,True,0,False,22,"0,24,40,58,132,208,246,251,280,352,372,380,446,508,528,579,624,626,678,752,757,826",3e19e2fd1467e3d2c9f3cd8894aa60ce9fa3f88335ad2ad1f594a389b63c9be0,9c87944f318ed502502d41ffb5a535f40a311d791ce77d340fca6e73263a49b1,6d18ab294940328d994a5a2c139336f49ae43a2f873b94d4f46fe2b628d95d3b,current_against_configuration,united_kingdom,United Kingdom,direct_area_match,un_comtrade_partner_areas_reference,False
1973,M,S2,620,,,TOTAL,,,,,False,0,"0,24,40,58,132,208,246,251,280,352,372,380,446,508,528,579,624,626,678,752,757,826",3e19e2fd1467e3d2c9f3cd8894aa60ce9fa3f88335ad2ad1f594a389b63c9be0,9c87944f318ed502502d41ffb5a535f40a311d791ce77d340fca6e73263a49b1,6d18ab294940328d994a5a2c139336f49ae43a2f873b94d4f46fe2b628d95d3b,current_against_configuration,,,,,False
1973,X,S1,620,0.0,,TOTAL,1861681536.0,True,True,0,True,22,"0,24,40,58,132,208,246,251,280,352,372,380,446,508,528,579,624,626,678,752,757,826",3e19e2fd1467e3d2c9f3cd8894aa60ce9fa3f88335ad2ad1f594a389b63c9be0,9c87944f318ed502502d41ffb5a535f40a311d791ce77d340fca6e73263a49b1,6d18ab294940328d994a5a2c139336f49ae43a2f873b94d4f46fe2b628d95d3b,current_against_configuration,world,World,comtrade_total,un_comtrade_partner_areas_reference,False
1973,X,S1,620,24.0,,TOTAL,134038816.0,True,True,0,False,22,"0,24,40,58,132,208,246,251,280,352,372,380,446,508,528,579,624,626,678,752,757,826",3e19e2fd1467e3d2c9f3cd8894aa60ce9fa3f88335ad2ad1f594a389b63c9be0,9c87944f318ed502502d41ffb5a535f40a311d791ce77d340fca6e73263a49b1,6d18ab294940328d994a5a2c139336f49ae43a2f873b94d4f46fe2b628d95d3b,current_against_configuration,angola,Angola,direct_area_match,un_comtrade_partner_areas_reference,False
1973,X,S1,620,40.0,,TOTAL,30471676.0,True,True,0,False,22,"0,24,40,58,132,208,246,251,280,352,372,380,446,508,528,579,624,626,678,752,757,826",3e19e2fd1467e3d2c9f3cd8894aa60ce9fa3f88335ad2ad1f594a389b63c9be0,9c87944f318ed502502d41ffb5a535f40a311d791ce77d340fca6e73263a49b1,6d18ab294940328d994a5a2c139336f49ae43a2f873b94d4f46fe2b628d95d3b,current_against_configuration,austria,Austria,direct_area_match,un_comtrade_partner_areas_reference,False
1973,X,S1,620,58.0,,TOTAL,52452960.0,True,True,0,False,22,"0,24,40,58,132,208,246,251,280,352,372,380,446,508,528,579,624,626,678,752,757,826",3e19e2fd1467e3d2c9f3cd8894aa60ce9fa3f88335ad2ad1f594a389b63c9be0,9c87944f318ed502502d41ffb5a535f40a311d791ce77d340fca6e73263a49b1,6d18ab294940328d994a5a2c139336f49ae43a2f873b94d4f46fe2b628d95d3b,current_against_configuration,belgium_luxembourg,Belgium-Luxembourg (...1998),historical_trade_area_match,un_comtrade_partner_areas_reference,False
1973,X,S1,620,132.0,,TOTAL,15462643.0,True,True,0,False,22,"0,24,40,58,132,208,246,251,280,352,372,380,446,508,528,579,624,626,678,752,757,826",3e19e2fd1467e3d2c9f3cd8894aa60ce9fa3f88335ad2ad1f594a389b63c9be0,9c87944f318ed502502d41ffb5a535f40a311d791ce77d340fca6e73263a49b1,6d18ab294940328d994a5a2c139336f49ae43a2f873b94d4f46fe2b628d95d3b,current_against_configuration,cabo_verde,Cabo Verde,direct_area_match,un_comtrade_partner_areas_reference,False
1973,X,S1,620,208.0,,TOTAL,58720416.0,True,True,0,False,22,"0,24,40,58,132,208,246,251,280,352,372,380,446,508,528,579,624,626,678,752,757,826",3e19e2fd1467e3d2c9f3cd8894aa60ce9fa3f88335ad2ad1f594a389b63c9be0,9c87944f318ed502502d41ffb5a535f40a311d791ce77d340fca6e73263a49b1,6d18ab294940328d994a5a2c139336f49ae43a2f873b94d4f46fe2b628d95d3b,current_against_configuration,denmark,Denmark,direct_area_match,un_comtrade_partner_areas_reference,False
1973,X,S1,620,246.0,,TOTAL,34246432.0,True,True,0,False,22,"0,24,40,58,132,208,246,251,280,352,372,380,446,508,528,579,624,626,678,752,757,826",3e19e2fd1467e3d2c9f3cd8894aa60ce9fa3f88335ad2ad1f594a389b63c9be0,9c87944f318ed502502d41ffb5a535f40a311d791ce77d340fca6e73263a49b1,6d18ab294940328d994a5a2c139336f49ae43a2f873b94d4f46fe2b628d95d3b,current_against_configuration,finland,Finland,direct_area_match,un_comtrade_partner_areas_reference,False
1973,X,S1,620,251.0,,TOTAL,95996560.0,True,True,0,False,22,"0,24,40,58,132,208,246,251,280,352,372,380,446,508,528,579,624,626,678,752,757,826",3e19e2fd1467e3d2c9f3cd8894aa60ce9fa3f88335ad2ad1f594a389b63c9be0,9c87944f318ed502502d41ffb5a535f40a311d791ce77d340fca6e73263a49b1,6d18ab294940328d994a5a2c139336f49ae43a2f873b94d4f46fe2b628d95d3b,current_against_configuration,france,France customs area,customs_area_match,un_comtrade_customs_area_help,False
1973,X,S1,620,280.0,,TOTAL,139977488.0,True,True,0,False,22,"0,24,40,58,132,208,246,251,280,352,372,380,446,508,528,579,624,626,678,752,757,826",3e19e2fd1467e3d2c9f3cd8894aa60ce9fa3f88335ad2ad1f594a389b63c9be0,9c87944f318ed502502d41ffb5a535f40a311d791ce77d340fca6e73263a49b1,6d18ab294940328d994a5a2c139336f49ae43a2f873b94d4f46fe2b628d95d3b,current_against_configuration,west_germany,Former Federal Republic of Germany,historical_trade_area_match,un_comtrade_partner_areas_reference,False
1973,X,S1,620,352.0,,TOTAL,1186588.0,True,True,0,False,22,"0,24,40,58,132,208,246,251,280,352,372,380,446,508,528,579,624,626,678,752,757,826",3e19e2fd1467e3d2c9f3cd8894aa60ce9fa3f88335ad2ad1f594a389b63c9be0,9c87944f318ed502502d41ffb5a535f40a311d791ce77d340fca6e73263a49b1,6d18ab294940328d994a5a2c139336f49ae43a2f873b94d4f46fe2b628d95d3b,current_against_configuration,iceland,Iceland,direct_area_match,un_comtrade_partner_areas_reference,False
1973,X,S1,620,372.0,,TOTAL,8103755.0,True,True,0,False,22,"0,24,40,58,132,208,246,251,280,352,372,380,446,508,528,579,624,626,678,752,757,826",3e19e2fd1467e3d2c9f3cd8894aa60ce9fa3f88335ad2ad1f594a389b63c9be0,9c87944f318ed502502d41ffb5a535f40a311d791ce77d340fca6e73263a49b1,6d18ab294940328d994a5a2c139336f49ae43a2f873b94d4f46fe2b628d95d3b,current_against_configuration,ireland,Ireland,direct_area_match,un_comtrade_partner_areas_reference,False
1973,X,S1,620,380.0,,TOTAL,59171080.0,True,True,0,False,22,"0,24,40,58,132,208,246,251,280,352,372,380,446,508,528,579,624,626,678,752,757,826",3e19e2fd1467e3d2c9f3cd8894aa60ce9fa3f88335ad2ad1f594a389b63c9be0,9c87944f318ed502502d41ffb5a535f40a311d791ce77d340fca6e73263a49b1,6d18ab294940328d994a5a2c139336f49ae43a2f873b94d4f46fe2b628d95d3b,current_against_configuration,italy,Italy,direct_area_match,un_comtrade_customs_area_help,False
1973,X,S1,620,446.0,,TOTAL,1537220.0,True,True,0,False,22,"0,24,40,58,132,208,246,251,280,352,372,380,446,508,528,579,624,626,678,752,757,826",3e19e2fd1467e3d2c9f3cd8894aa60ce9fa3f88335ad2ad1f594a389b63c9be0,9c87944f318ed502502d41ffb5a535f40a311d791ce77d340fca6e73263a49b1,6d18ab294940328d994a5a2c139336f49ae43a2f873b94d4f46fe2b628d95d3b,current_against_configuration,macao,Macao,direct_area_match,un_comtrade_partner_areas_reference,False
1973,X,S1,620,508.0,,TOTAL,92569696.0,True,True,0,False,22,"0,24,40,58,132,208,246,251,280,352,372,380,446,508,528,579,624,626,678,752,757,826",3e19e2fd1467e3d2c9f3cd8894aa60ce9fa3f88335ad2ad1f594a389b63c9be0,9c87944f318ed502502d41ffb5a535f40a311d791ce77d340fca6e73263a49b1,6d18ab294940328d994a5a2c139336f49ae43a2f873b94d4f46fe2b628d95d3b,current_against_configuration,mozambique,Mozambique,direct_area_match,un_comtrade_partner_areas_reference,False
1973,X,S1,620,528.0,,TOTAL,48245940.0,True,True,0,False,22,"0,24,40,58,132,208,246,251,280,352,372,380,446,508,528,579,624,626,678,752,757,826",3e19e2fd1467e3d2c9f3cd8894aa60ce9fa3f88335ad2ad1f594a389b63c9be0,9c87944f318ed502502d41ffb5a535f40a311d791ce77d340fca6e73263a49b1,6d18ab294940328d994a5a2c139336f49ae43a2f873b94d4f46fe2b628d95d3b,current_against_configuration,netherlands,Netherlands,direct_area_match,un_comtrade_partner_areas_reference,False
1973,X,S1,620,579.0,,TOTAL,32084672.0,True,True,0,False,22,"0,24,40,58,132,208,246,251,280,352,372,380,446,508,528,579,624,626,678,752,757,826",3e19e2fd1467e3d2c9f3cd8894aa60ce9fa3f88335ad2ad1f594a389b63c9be0,9c87944f318ed502502d41ffb5a535f40a311d791ce77d340fca6e73263a49b1,6d18ab294940328d994a5a2c139336f49ae43a2f873b94d4f46fe2b628d95d3b,current_against_configuration,norway,"Norway, Svalbard and Jan Mayen",customs_area_match,un_comtrade_customs_area_help,False
1973,X,S1,620,624.0,,TOTAL,25697180.0,True,True,0,False,22,"0,24,40,58,132,208,246,251,280,352,372,380,446,508,528,579,624,626,678,752,757,826",3e19e2fd1467e3d2c9f3cd8894aa60ce9fa3f88335ad2ad1f594a389b63c9be0,9c87944f318ed502502d41ffb5a535f40a311d791ce77d340fca6e73263a49b1,6d18ab294940328d994a5a2c139336f49ae43a2f873b94d4f46fe2b628d95d3b,current_against_configuration,guinea_bissau,Guinea-Bissau,direct_area_match,un_comtrade_partner_areas_reference,False
1973,X,S1,620,626.0,,TOTAL,2468355.0,True,True,0,False,22,"0,24,40,58,132,208,246,251,280,352,372,380,446,508,528,579,624,626,678,752,757,826",3e19e2fd1467e3d2c9f3cd8894aa60ce9fa3f88335ad2ad1f594a389b63c9be0,9c87944f318ed502502d41ffb5a535f40a311d791ce77d340fca6e73263a49b1,6d18ab294940328d994a5a2c139336f49ae43a2f873b94d4f46fe2b628d95d3b,current_against_configuration,timor_leste,Timor-Leste,direct_area_match,un_comtrade_partner_areas_reference,False
1973,X,S1,620,678.0,,TOTAL,4590659.0,True,True,0,False,22,"0,24,40,58,132,208,246,251,280,352,372,380,446,508,528,579,624,626,678,752,757,826",3e19e2fd1467e3d2c9f3cd8894aa60ce9fa3f88335ad2ad1f594a389b63c9be0,9c87944f318ed502502d41ffb5a535f40a311d791ce77d340fca6e73263a49b1,6d18ab294940328d994a5a2c139336f49ae43a2f873b94d4f46fe2b628d95d3b,current_against_configuration,sao_tome_principe,Sao Tome and Principe,direct_area_match,un_comtrade_partner_areas_reference,False
1973,X,S1,620,752.0,,TOTAL,104841056.0,True,True,0,False,22,"0,24,40,58,132,208,246,251,280,352,372,380,446,508,528,579,624,626,678,752,757,826",3e19e2fd1467e3d2c9f3cd8894aa60ce9fa3f88335ad2ad1f594a389b63c9be0,9c87944f318ed502502d41ffb5a535f40a311d791ce77d340fca6e73263a49b1,6d18ab294940328d994a5a2c139336f49ae43a2f873b94d4f46fe2b628d95d3b,current_against_configuration,sweden,Sweden,direct_area_match,un_comtrade_partner_areas_reference,False
1973,X,S1,620,757.0,,TOTAL,54298376.0,True,True,0,False,22,"0,24,40,58,132,208,246,251,280,352,372,380,446,508,528,579,624,626,678,752,757,826",3e19e2fd1467e3d2c9f3cd8894aa60ce9fa3f88335ad2ad1f594a389b63c9be0,9c87944f318ed502502d41ffb5a535f40a311d791ce77d340fca6e73263a49b1,6d18ab294940328d994a5a2c139336f49ae43a2f873b94d4f46fe2b628d95d3b,current_against_configuration,switzerland_liechtenstein,Switzerland and Liechtenstein,customs_area_match,un_comtrade_customs_area_help,False
1973,X,S1,620,826.0,,TOTAL,442455744.0,True,True,0,False,22,"0,24,40,58,132,208,246,251,280,352,372,380,446,508,528,579,624,626,678,752,757,826",3e19e2fd1467e3d2c9f3cd8894aa60ce9fa3f88335ad2ad1f594a389b63c9be0,9c87944f318ed502502d41ffb5a535f40a311d791ce77d340fca6e73263a49b1,6d18ab294940328d994a5a2c139336f49ae43a2f873b94d4f46fe2b628d95d3b,current_against_configuration,united_kingdom,United Kingdom,direct_area_match,un_comtrade_partner_areas_reference,False
1973,X,S2,620,,,TOTAL,,,,,False,0,"0,24,40,58,132,208,246,251,280,352,372,380,446,508,528,579,624,626,678,752,757,826",3e19e2fd1467e3d2c9f3cd8894aa60ce9fa3f88335ad2ad1f594a389b63c9be0,9c87944f318ed502502d41ffb5a535f40a311d791ce77d340fca6e73263a49b1,6d18ab294940328d994a5a2c139336f49ae43a2f873b94d4f46fe2b628d95d3b,current_against_configuration,,,,,False
